[real] log: /media/frankagvl/U393/Dex_Diffuse/reports/new_old_holding_20260917_seed50/new_holding_seed50.txt (keeping all runs; no retention limit)
[real] structured debug: /media/frankagvl/U393/Dex_Diffuse/reports/new_old_holding_20260917_seed50/new_holding_seed50.jsonl
[real] started: 2026-09-17T16:29:35+08:00
[experiment] 空手无灯泡 新holding 对照实验（统一周期末采样，先固定obs，再同步发送hold；不额外读取qpos）; 配对轮次=1/1; HOLD_DURING_INFERENCE=1; SEED=50; 每轮600动作/300chunk; chunk=2; 30Hz; 每轮ROTATE复位; TensorRT FP32; FUSED_DDIM=1; DDIM=4步; 不插值; 沿用软件限幅关闭配置; 完整TXT+JSONL记录; 比较纯策略跨chunk/内部跳变及含hold实际指令跳变; 每种条件单轮统计; 排除初始化/首个策略动作/退出hold
WARNING:torch_tensorrt.dynamo.conversion.aten_ops_converters:Unable to import quantization op. Please install modelopt library (https://github.com/NVIDIA/TensorRT-Model-Optimizer?tab=readme-ov-file#installation) to add support for compiling quantized models
[real] python: /home/frankagvl/anaconda3/envs/dexIL/bin/python
[real] checkpoint: /media/frankagvl/U393/Dex_Diffuse/runs/obs_4-66.ckpt
[real] policy: obs=66 action=22 sampler=ddim inference_steps=4 chunk=2
[real] acceleration: tensorrt=1 precision=fp32 fused_ddim=1
[real] startup: robot_init.py (SharpA only) -> wait for Enter (if enabled) -> load model -> infer
[init] SharpA init_pose=ROTATE
[debug] structured record: /media/frankagvl/U393/Dex_Diffuse/reports/new_old_holding_20260917_seed50/new_holding_seed50.jsonl
[hand] connecting to tcp://localhost:5570
[preflight] SharpA state OK: [1.1933000087738037, -0.27720001339912415, 0.43290001153945923, -0.31439998745918274, 0.8356999754905701, 0.7717999815940857, -0.06260000169277191, 0.4065999984741211, 1.0266000032424927, 0.2029999941587448, 0.1696999967098236, 0.49380001425743103, 1.188099980354309, 0.23819999396800995, 0.2305999994277954, 0.6514000296592712, 1.2480000257492065, 0.25279998779296875, 1.0231000185012817, 0.2037999927997589, 0.1881999969482422, 0.7839999794960022]
[init] moving SharpA to HAND_READY_JOINTS: 50 steps / 2s
[init] SharpA max error=0.0181 rad
[init] SharpA HAND_READY_JOINTS reached
[init] requested robot initialization completed
[real] LIVE: wait_for_enter=0; Ctrl-C holds measured hand qpos
[real] schedule: infer -> execute 2 targets at 30 Hz -> infer
[real] hold during inference: 1 (live only)
WARNING:torch_tensorrt.dynamo.conversion.aten_ops_converters:Unable to import quantization op. Please install modelopt library (https://github.com/NVIDIA/TensorRT-Model-Optimizer?tab=readme-ov-file#installation) to add support for compiling quantized models
[debug] structured record: /media/frankagvl/U393/Dex_Diffuse/reports/new_old_holding_20260917_seed50/new_holding_seed50.jsonl
[hand] connecting to tcp://localhost:5570
[hand] SharpA server ready
[initial-pose] motion disabled; using measured qpos
[policy] loading /media/frankagvl/U393/Dex_Diffuse/runs/obs_4-66.ckpt
[policy] loaded EMA model; step=54316 epoch=74; spec={'obs_dim': 66, 'action_dim': 22, 'n_obs_steps': 4, 'n_pred_action_steps': 9, 'n_action_steps': 5, 'horizon': 12}; sampler=ddim inference_steps=4
[policy] preparing TensorRT FP32 UNet (load validated cache or compile)...
[TensorRT] loaded cached engine: /media/frankagvl/U393/Dex_Diffuse/runs/obs_4-66.unet.fp32.trt.pt
[policy] TensorRT UNet ready in 0.9s
WARNING: [Torch-TensorRT] - Using default stream in enqueueV3() may lead to performance issues due to additional calls to cudaStreamSynchronize() by TensorRT to ensure correct synchronization. Please use non-default stream instead.
[latency] hand_policy inference_ms=45.272
[policy] synthetic inference passed in 0.045s
[initial-state] measured policy-order qpos(rad)=[ 0.439504, -0.055555,  0.833692,  0.050516,  0.437238, -0.064464,  0.672925,  0.109903,  0.033064,  0.78873 , -0.015836,  0.835147,  0.020906,  0.336497,  0.096744,  0.960185,  0.354169,  1.032813, -0.108745,  0.368147, -0.313071,  0.010893]
[mode] LIVE; 66-D obs -> 22-D absolute SharpA targets; serial 2-step chunks at 30 Hz
[limits] joint_limits=False step_clamp=False max_tracking_error=0
[schedule] freeze obs from shared qpos sample -> hold sampled qpos -> infer -> execute chunk with per-step state reads -> repeat
[cmd 000001 kind=inference_hold chunk=0000 chunk_step=-] delta_max_rad=nan delta_max_deg=nan reference=unknown
[latency] hand_policy inference_ms=8.381
[chunk 0000] inference=0.008s predicted=(2, 22)
[cmd 000002 kind=policy chunk=0000 chunk_step=0] delta_max_rad=0.067354 delta_max_deg=3.8591 joint=right_ring_DIP joint_index=16 from_rad=0.354169 to_rad=0.421522
[action 000001 chunk_step=0] raw=[-0.3395,1.0537] sent=[-0.3395,1.0537] limit_clips=0 step_clips=0 tracking_max=nan
[cmd 000003 kind=policy chunk=0000 chunk_step=1] delta_max_rad=0.081228 delta_max_deg=4.6540 joint=right_pinky_DIP joint_index=12 from_rad=0.068492 to_rad=0.149720
[action 000002 chunk_step=1] raw=[-0.3401,1.0633] sent=[-0.3401,1.0633] limit_clips=0 step_clips=0 tracking_max=nan
[cmd 000004 kind=inference_hold chunk=0001 chunk_step=-] delta_max_rad=0.051545 delta_max_deg=2.9533 joint=right_pinky_DIP joint_index=12 from_rad=0.149720 to_rad=0.098175
[latency] hand_policy inference_ms=9.977
[chunk 0001] inference=0.010s predicted=(2, 22)
[cmd 000005 kind=policy chunk=0001 chunk_step=0] delta_max_rad=0.112145 delta_max_deg=6.4254 joint=right_pinky_DIP joint_index=12 from_rad=0.098175 to_rad=0.210320
[action 000003 chunk_step=0] raw=[-0.3407,1.0717] sent=[-0.3407,1.0717] limit_clips=0 step_clips=0 tracking_max=nan
[cmd 000006 kind=policy chunk=0001 chunk_step=1] delta_max_rad=0.107103 delta_max_deg=6.1366 joint=right_middle_DIP joint_index=7 from_rad=0.285549 to_rad=0.392653
[action 000004 chunk_step=1] raw=[-0.3434,1.0926] sent=[-0.3434,1.0926] limit_clips=0 step_clips=0 tracking_max=nan
[cmd 000007 kind=inference_hold chunk=0002 chunk_step=-] delta_max_rad=0.076769 delta_max_deg=4.3985 joint=right_middle_DIP joint_index=7 from_rad=0.392653 to_rad=0.315884
[latency] hand_policy inference_ms=9.064
[chunk 0002] inference=0.009s predicted=(2, 22)
[cmd 000008 kind=policy chunk=0002 chunk_step=0] delta_max_rad=0.132637 delta_max_deg=7.5995 joint=right_middle_DIP joint_index=7 from_rad=0.315884 to_rad=0.448521
[action 000005 chunk_step=0] raw=[-0.3491,1.1057] sent=[-0.3491,1.1057] limit_clips=0 step_clips=0 tracking_max=nan
[cmd 000009 kind=policy chunk=0002 chunk_step=1] delta_max_rad=0.115590 delta_max_deg=6.6228 joint=right_index_DIP joint_index=3 from_rad=0.274741 to_rad=0.390331
[action 000006 chunk_step=1] raw=[-0.3487,1.1089] sent=[-0.3487,1.1089] limit_clips=0 step_clips=0 tracking_max=nan
[cmd 000010 kind=inference_hold chunk=0003 chunk_step=-] delta_max_rad=0.088871 delta_max_deg=5.0919 joint=right_index_DIP joint_index=3 from_rad=0.390331 to_rad=0.301460
[latency] hand_policy inference_ms=8.385
[chunk 0003] inference=0.008s predicted=(2, 22)
[cmd 000011 kind=policy chunk=0003 chunk_step=0] delta_max_rad=0.175086 delta_max_deg=10.0317 joint=right_index_DIP joint_index=3 from_rad=0.301460 to_rad=0.476546
[action 000007 chunk_step=0] raw=[-0.3491,1.1048] sent=[-0.3491,1.1048] limit_clips=0 step_clips=0 tracking_max=nan
[cmd 000012 kind=policy chunk=0003 chunk_step=1] delta_max_rad=0.091223 delta_max_deg=5.2267 joint=right_index_DIP joint_index=3 from_rad=0.476546 to_rad=0.567769
[action 000008 chunk_step=1] raw=[-0.3483,1.1102] sent=[-0.3483,1.1102] limit_clips=0 step_clips=0 tracking_max=nan
[cmd 000013 kind=inference_hold chunk=0004 chunk_step=-] delta_max_rad=0.073731 delta_max_deg=4.2245 joint=right_index_DIP joint_index=3 from_rad=0.567769 to_rad=0.494038
[latency] hand_policy inference_ms=9.611
[chunk 0004] inference=0.010s predicted=(2, 22)
[cmd 000014 kind=policy chunk=0004 chunk_step=0] delta_max_rad=0.160094 delta_max_deg=9.1727 joint=right_pinky_DIP joint_index=12 from_rad=0.537621 to_rad=0.697715
[action 000009 chunk_step=0] raw=[-0.3491,1.1115] sent=[-0.3491,1.1115] limit_clips=0 step_clips=0 tracking_max=nan
[cmd 000015 kind=policy chunk=0004 chunk_step=1] delta_max_rad=0.091186 delta_max_deg=5.2245 joint=right_ring_DIP joint_index=16 from_rad=0.344484 to_rad=0.435669
[action 000010 chunk_step=1] raw=[-0.3469,1.1938] sent=[-0.3469,1.1938] limit_clips=0 step_clips=0 tracking_max=nan
[cmd 000016 kind=inference_hold chunk=0005 chunk_step=-] delta_max_rad=0.071665 delta_max_deg=4.1061 joint=right_pinky_DIP joint_index=12 from_rad=0.781803 to_rad=0.710138
[latency] hand_policy inference_ms=9.904
[chunk 0005] inference=0.010s predicted=(2, 22)
[cmd 000017 kind=policy chunk=0005 chunk_step=0] delta_max_rad=0.151795 delta_max_deg=8.6972 joint=right_index_PIP joint_index=2 from_rad=0.666503 to_rad=0.514708
[action 000011 chunk_step=0] raw=[-0.3487,1.2704] sent=[-0.3487,1.2704] limit_clips=0 step_clips=0 tracking_max=nan
[cmd 000018 kind=policy chunk=0005 chunk_step=1] delta_max_rad=0.097765 delta_max_deg=5.6015 joint=right_pinky_DIP joint_index=12 from_rad=0.847584 to_rad=0.945349
[action 000012 chunk_step=1] raw=[-0.3489,1.2632] sent=[-0.3489,1.2632] limit_clips=0 step_clips=0 tracking_max=nan
[cmd 000019 kind=inference_hold chunk=0006 chunk_step=-] delta_max_rad=0.077256 delta_max_deg=4.4264 joint=right_index_PIP joint_index=2 from_rad=0.417502 to_rad=0.494758
[latency] hand_policy inference_ms=8.480
[chunk 0006] inference=0.008s predicted=(2, 22)
[cmd 000020 kind=policy chunk=0006 chunk_step=0] delta_max_rad=0.166364 delta_max_deg=9.5319 joint=right_middle_DIP joint_index=7 from_rad=0.825350 to_rad=0.991714
[action 000013 chunk_step=0] raw=[-0.3491,1.2581] sent=[-0.3491,1.2581] limit_clips=0 step_clips=0 tracking_max=nan
[cmd 000021 kind=policy chunk=0006 chunk_step=1] delta_max_rad=0.096721 delta_max_deg=5.5417 joint=right_pinky_PIP joint_index=11 from_rad=0.388171 to_rad=0.291450
[action 000014 chunk_step=1] raw=[-0.3461,1.2805] sent=[-0.3461,1.2805] limit_clips=0 step_clips=0 tracking_max=nan
[cmd 000022 kind=inference_hold chunk=0007 chunk_step=-] delta_max_rad=0.076317 delta_max_deg=4.3727 joint=right_pinky_PIP joint_index=11 from_rad=0.291450 to_rad=0.367767
[latency] hand_policy inference_ms=8.383
[chunk 0007] inference=0.008s predicted=(2, 22)
[cmd 000023 kind=policy chunk=0007 chunk_step=0] delta_max_rad=0.171497 delta_max_deg=9.8260 joint=right_pinky_PIP joint_index=11 from_rad=0.367767 to_rad=0.196271
[action 000015 chunk_step=0] raw=[-0.3491,1.3128] sent=[-0.3491,1.3128] limit_clips=0 step_clips=0 tracking_max=nan
[cmd 000024 kind=policy chunk=0007 chunk_step=1] delta_max_rad=0.111137 delta_max_deg=6.3677 joint=right_pinky_DIP joint_index=12 from_rad=1.134474 to_rad=1.245611
[action 000016 chunk_step=1] raw=[-0.3485,1.2872] sent=[-0.3485,1.2872] limit_clips=0 step_clips=0 tracking_max=nan
[cmd 000025 kind=inference_hold chunk=0008 chunk_step=-] delta_max_rad=0.073650 delta_max_deg=4.2198 joint=right_pinky_DIP joint_index=12 from_rad=1.245611 to_rad=1.171961
[latency] hand_policy inference_ms=9.956
[chunk 0008] inference=0.010s predicted=(2, 22)
[cmd 000026 kind=policy chunk=0008 chunk_step=0] delta_max_rad=0.158371 delta_max_deg=9.0740 joint=right_middle_PIP joint_index=6 from_rad=0.466526 to_rad=0.308155
[action 000017 chunk_step=0] raw=[-0.3484,1.3303] sent=[-0.3484,1.3303] limit_clips=0 step_clips=0 tracking_max=nan
[cmd 000027 kind=policy chunk=0008 chunk_step=1] delta_max_rad=0.102652 delta_max_deg=5.8815 joint=right_pinky_PIP joint_index=11 from_rad=0.222661 to_rad=0.325313
[action 000018 chunk_step=1] raw=[-0.3478,1.3829] sent=[-0.3478,1.3829] limit_clips=0 step_clips=0 tracking_max=nan
[cmd 000028 kind=inference_hold chunk=0009 chunk_step=-] delta_max_rad=0.099653 delta_max_deg=5.7097 joint=right_pinky_DIP joint_index=12 from_rad=1.382860 to_rad=1.283207
[latency] hand_policy inference_ms=8.575
[chunk 0009] inference=0.009s predicted=(2, 22)
[cmd 000029 kind=policy chunk=0009 chunk_step=0] delta_max_rad=0.178349 delta_max_deg=10.2186 joint=right_index_DIP joint_index=3 from_rad=1.143569 to_rad=1.321918
[action 000019 chunk_step=0] raw=[-0.3489,1.3963] sent=[-0.3489,1.3963] limit_clips=0 step_clips=0 tracking_max=nan
[cmd 000030 kind=policy chunk=0009 chunk_step=1] delta_max_rad=0.092859 delta_max_deg=5.3204 joint=right_middle_DIP joint_index=7 from_rad=0.949930 to_rad=0.857071
[action 000020 chunk_step=1] raw=[-0.3491,1.3963] sent=[-0.3491,1.3963] limit_clips=0 step_clips=0 tracking_max=nan
[cmd 000031 kind=inference_hold chunk=0010 chunk_step=-] delta_max_rad=0.092266 delta_max_deg=5.2865 joint=right_pinky_DIP joint_index=12 from_rad=1.396300 to_rad=1.304034
[latency] hand_policy inference_ms=8.340
[chunk 0010] inference=0.008s predicted=(2, 22)
[cmd 000032 kind=policy chunk=0010 chunk_step=0] delta_max_rad=0.112690 delta_max_deg=6.4566 joint=right_thumb_MCP_FE joint_index=19 from_rad=0.502162 to_rad=0.614852
[action 000021 chunk_step=0] raw=[-0.3482,1.3910] sent=[-0.3482,1.3910] limit_clips=0 step_clips=0 tracking_max=nan
[cmd 000033 kind=policy chunk=0010 chunk_step=1] delta_max_rad=0.110130 delta_max_deg=6.3100 joint=right_pinky_PIP joint_index=11 from_rad=0.353671 to_rad=0.243541
[action 000022 chunk_step=1] raw=[-0.3491,1.3662] sent=[-0.3491,1.3662] limit_clips=0 step_clips=0 tracking_max=nan
[cmd 000034 kind=inference_hold chunk=0011 chunk_step=-] delta_max_rad=0.061240 delta_max_deg=3.5088 joint=right_pinky_PIP joint_index=11 from_rad=0.243541 to_rad=0.304781
[latency] hand_policy inference_ms=9.980
[chunk 0011] inference=0.010s predicted=(2, 22)
[cmd 000035 kind=policy chunk=0011 chunk_step=0] delta_max_rad=0.164227 delta_max_deg=9.4095 joint=right_pinky_PIP joint_index=11 from_rad=0.304781 to_rad=0.140554
[action 000023 chunk_step=0] raw=[-0.3478,1.3407] sent=[-0.3478,1.3407] limit_clips=0 step_clips=0 tracking_max=nan
[cmd 000036 kind=policy chunk=0011 chunk_step=1] delta_max_rad=0.116892 delta_max_deg=6.6974 joint=right_thumb_MCP_FE joint_index=19 from_rad=0.772135 to_rad=0.889028
[action 000024 chunk_step=1] raw=[-0.3468,1.3093] sent=[-0.3468,1.3093] limit_clips=0 step_clips=0 tracking_max=nan
[cmd 000037 kind=inference_hold chunk=0012 chunk_step=-] delta_max_rad=0.081861 delta_max_deg=4.6903 joint=right_thumb_MCP_FE joint_index=19 from_rad=0.889028 to_rad=0.807166
[latency] hand_policy inference_ms=9.394
[chunk 0012] inference=0.009s predicted=(2, 22)
[cmd 000038 kind=policy chunk=0012 chunk_step=0] delta_max_rad=0.192148 delta_max_deg=11.0093 joint=right_thumb_MCP_FE joint_index=19 from_rad=0.807166 to_rad=0.999314
[action 000025 chunk_step=0] raw=[-0.3484,1.2527] sent=[-0.3484,1.2527] limit_clips=0 step_clips=0 tracking_max=nan
[cmd 000039 kind=policy chunk=0012 chunk_step=1] delta_max_rad=0.100703 delta_max_deg=5.7699 joint=right_ring_DIP joint_index=16 from_rad=0.661653 to_rad=0.762356
[action 000026 chunk_step=1] raw=[-0.3288,1.2212] sent=[-0.3288,1.2212] limit_clips=0 step_clips=0 tracking_max=nan
[cmd 000040 kind=inference_hold chunk=0013 chunk_step=-] delta_max_rad=0.079494 delta_max_deg=4.5546 joint=right_ring_DIP joint_index=16 from_rad=0.762356 to_rad=0.682862
[latency] hand_policy inference_ms=8.517
[chunk 0013] inference=0.009s predicted=(2, 22)
[cmd 000041 kind=policy chunk=0013 chunk_step=0] delta_max_rad=0.145403 delta_max_deg=8.3310 joint=right_pinky_CMC joint_index=8 from_rad=0.085831 to_rad=0.231234
[action 000027 chunk_step=0] raw=[-0.3133,1.2158] sent=[-0.3133,1.2158] limit_clips=0 step_clips=0 tracking_max=nan
[cmd 000042 kind=policy chunk=0013 chunk_step=1] delta_max_rad=0.107559 delta_max_deg=6.1627 joint=right_thumb_MCP_FE joint_index=19 from_rad=1.047212 to_rad=0.939653
[action 000028 chunk_step=1] raw=[-0.3434,1.3218] sent=[-0.3434,1.3218] limit_clips=0 step_clips=0 tracking_max=nan
[cmd 000043 kind=inference_hold chunk=0014 chunk_step=-] delta_max_rad=0.070443 delta_max_deg=4.0361 joint=right_index_DIP joint_index=3 from_rad=1.170647 to_rad=1.100204
[latency] hand_policy inference_ms=8.305
[chunk 0014] inference=0.008s predicted=(2, 22)
[cmd 000044 kind=policy chunk=0014 chunk_step=0] delta_max_rad=0.157842 delta_max_deg=9.0437 joint=right_index_DIP joint_index=3 from_rad=1.100204 to_rad=1.258047
[action 000029 chunk_step=0] raw=[-0.3486,1.3694] sent=[-0.3486,1.3694] limit_clips=0 step_clips=0 tracking_max=nan
[cmd 000045 kind=policy chunk=0014 chunk_step=1] delta_max_rad=0.104333 delta_max_deg=5.9778 joint=right_middle_DIP joint_index=7 from_rad=0.954526 to_rad=0.850194
[action 000030 chunk_step=1] raw=[-0.3475,1.3963] sent=[-0.3475,1.3963] limit_clips=0 step_clips=0 tracking_max=nan
[cmd 000046 kind=inference_hold chunk=0015 chunk_step=-] delta_max_rad=0.096405 delta_max_deg=5.5236 joint=right_pinky_DIP joint_index=12 from_rad=1.396300 to_rad=1.299895
[latency] hand_policy inference_ms=9.748
[chunk 0015] inference=0.010s predicted=(2, 22)
[cmd 000047 kind=policy chunk=0015 chunk_step=0] delta_max_rad=0.207679 delta_max_deg=11.8991 joint=right_index_PIP joint_index=2 from_rad=0.284560 to_rad=0.492239
[action 000031 chunk_step=0] raw=[-0.3410,1.3963] sent=[-0.3410,1.3963] limit_clips=0 step_clips=0 tracking_max=nan
[cmd 000048 kind=policy chunk=0015 chunk_step=1] delta_max_rad=0.081049 delta_max_deg=4.6438 joint=right_ring_MCP_FE joint_index=13 from_rad=0.509816 to_rad=0.590865
[action 000032 chunk_step=1] raw=[-0.3458,1.3963] sent=[-0.3458,1.3963] limit_clips=0 step_clips=0 tracking_max=nan
[cmd 000049 kind=inference_hold chunk=0016 chunk_step=-] delta_max_rad=0.098032 delta_max_deg=5.6168 joint=right_index_DIP joint_index=3 from_rad=1.396300 to_rad=1.298268
[latency] hand_policy inference_ms=9.011
[chunk 0016] inference=0.009s predicted=(2, 22)
[cmd 000050 kind=policy chunk=0016 chunk_step=0] delta_max_rad=0.128764 delta_max_deg=7.3776 joint=right_middle_PIP joint_index=6 from_rad=0.370255 to_rad=0.499019
[action 000033 chunk_step=0] raw=[-0.3491,1.3037] sent=[-0.3491,1.3037] limit_clips=0 step_clips=0 tracking_max=nan
[cmd 000051 kind=policy chunk=0016 chunk_step=1] delta_max_rad=0.106601 delta_max_deg=6.1078 joint=right_middle_DIP joint_index=7 from_rad=0.715751 to_rad=0.822352
[action 000034 chunk_step=1] raw=[-0.3491,1.2291] sent=[-0.3491,1.2291] limit_clips=0 step_clips=0 tracking_max=nan
[cmd 000052 kind=inference_hold chunk=0017 chunk_step=-] delta_max_rad=0.064716 delta_max_deg=3.7080 joint=right_pinky_CMC joint_index=8 from_rad=0.103316 to_rad=0.168032
[latency] hand_policy inference_ms=8.335
[chunk 0017] inference=0.008s predicted=(2, 22)
[cmd 000053 kind=policy chunk=0017 chunk_step=0] delta_max_rad=0.155903 delta_max_deg=8.9326 joint=right_ring_DIP joint_index=16 from_rad=0.587471 to_rad=0.743374
[action 000035 chunk_step=0] raw=[-0.3491,1.1329] sent=[-0.3491,1.1329] limit_clips=0 step_clips=0 tracking_max=nan
[cmd 000054 kind=policy chunk=0017 chunk_step=1] delta_max_rad=0.110153 delta_max_deg=6.3113 joint=right_index_DIP joint_index=3 from_rad=1.132874 to_rad=1.022721
[action 000036 chunk_step=1] raw=[-0.3380,1.0983] sent=[-0.3380,1.0983] limit_clips=0 step_clips=0 tracking_max=nan
[cmd 000055 kind=inference_hold chunk=0018 chunk_step=-] delta_max_rad=0.076433 delta_max_deg=4.3793 joint=right_index_DIP joint_index=3 from_rad=1.022721 to_rad=1.099154
[latency] hand_policy inference_ms=9.987
[chunk 0018] inference=0.010s predicted=(2, 22)
[cmd 000056 kind=policy chunk=0018 chunk_step=0] delta_max_rad=0.173763 delta_max_deg=9.9559 joint=right_index_DIP joint_index=3 from_rad=1.099154 to_rad=0.925391
[action 000037 chunk_step=0] raw=[-0.3319,1.0893] sent=[-0.3319,1.0893] limit_clips=0 step_clips=0 tracking_max=nan
[cmd 000057 kind=policy chunk=0018 chunk_step=1] delta_max_rad=0.087639 delta_max_deg=5.0213 joint=right_pinky_CMC joint_index=8 from_rad=0.099859 to_rad=0.187498
[action 000038 chunk_step=1] raw=[-0.2631,1.1558] sent=[-0.2631,1.1558] limit_clips=0 step_clips=0 tracking_max=nan
[cmd 000058 kind=inference_hold chunk=0019 chunk_step=-] delta_max_rad=0.069637 delta_max_deg=3.9899 joint=right_ring_DIP joint_index=16 from_rad=0.995274 to_rad=0.925636
[latency] hand_policy inference_ms=9.408
[chunk 0019] inference=0.009s predicted=(2, 22)
[cmd 000059 kind=policy chunk=0019 chunk_step=0] delta_max_rad=0.131854 delta_max_deg=7.5547 joint=right_pinky_CMC joint_index=8 from_rad=0.128477 to_rad=0.260331
[action 000039 chunk_step=0] raw=[-0.2889,1.0732] sent=[-0.2889,1.0732] limit_clips=0 step_clips=0 tracking_max=nan
[cmd 000060 kind=policy chunk=0019 chunk_step=1] delta_max_rad=0.100089 delta_max_deg=5.7347 joint=right_pinky_PIP joint_index=11 from_rad=0.143398 to_rad=0.243487
[action 000040 chunk_step=1] raw=[-0.3491,1.1385] sent=[-0.3491,1.1385] limit_clips=0 step_clips=0 tracking_max=nan
[cmd 000061 kind=inference_hold chunk=0020 chunk_step=-] delta_max_rad=0.062869 delta_max_deg=3.6021 joint=right_thumb_MCP_FE joint_index=19 from_rad=0.785277 to_rad=0.848145
[latency] hand_policy inference_ms=8.499
[chunk 0020] inference=0.008s predicted=(2, 22)
[cmd 000062 kind=policy chunk=0020 chunk_step=0] delta_max_rad=0.158243 delta_max_deg=9.0666 joint=right_index_PIP joint_index=2 from_rad=0.196622 to_rad=0.354865
[action 000041 chunk_step=0] raw=[-0.3491,1.2425] sent=[-0.3491,1.2425] limit_clips=0 step_clips=0 tracking_max=nan
[cmd 000063 kind=policy chunk=0020 chunk_step=1] delta_max_rad=0.101250 delta_max_deg=5.8012 joint=right_index_PIP joint_index=2 from_rad=0.354865 to_rad=0.456114
[action 000042 chunk_step=1] raw=[-0.3476,1.3337] sent=[-0.3476,1.3337] limit_clips=0 step_clips=0 tracking_max=nan
[cmd 000064 kind=inference_hold chunk=0021 chunk_step=-] delta_max_rad=0.083902 delta_max_deg=4.8072 joint=right_pinky_DIP joint_index=12 from_rad=1.333681 to_rad=1.249779
[latency] hand_policy inference_ms=8.399
[chunk 0021] inference=0.008s predicted=(2, 22)
[cmd 000065 kind=policy chunk=0021 chunk_step=0] delta_max_rad=0.225664 delta_max_deg=12.9296 joint=right_index_PIP joint_index=2 from_rad=0.378896 to_rad=0.604560
[action 000043 chunk_step=0] raw=[-0.3437,1.3748] sent=[-0.3437,1.3748] limit_clips=0 step_clips=0 tracking_max=nan
[cmd 000066 kind=policy chunk=0021 chunk_step=1] delta_max_rad=0.096876 delta_max_deg=5.5506 joint=right_ring_MCP_FE joint_index=13 from_rad=0.490255 to_rad=0.587131
[action 000044 chunk_step=1] raw=[-0.3462,1.3963] sent=[-0.3462,1.3963] limit_clips=0 step_clips=0 tracking_max=nan
[cmd 000067 kind=inference_hold chunk=0022 chunk_step=-] delta_max_rad=0.103294 delta_max_deg=5.9183 joint=right_index_DIP joint_index=3 from_rad=1.396300 to_rad=1.293006
[latency] hand_policy inference_ms=9.695
[chunk 0022] inference=0.010s predicted=(2, 22)
[cmd 000068 kind=policy chunk=0022 chunk_step=0] delta_max_rad=0.125150 delta_max_deg=7.1706 joint=right_middle_PIP joint_index=6 from_rad=0.453416 to_rad=0.578565
[action 000045 chunk_step=0] raw=[-0.3491,1.3154] sent=[-0.3491,1.3154] limit_clips=0 step_clips=0 tracking_max=nan
[cmd 000069 kind=policy chunk=0022 chunk_step=1] delta_max_rad=0.111139 delta_max_deg=6.3678 joint=right_index_DIP joint_index=3 from_rad=1.315418 to_rad=1.204279
[action 000046 chunk_step=1] raw=[-0.3491,1.2287] sent=[-0.3491,1.2287] limit_clips=0 step_clips=0 tracking_max=nan
[cmd 000070 kind=inference_hold chunk=0023 chunk_step=-] delta_max_rad=0.062261 delta_max_deg=3.5673 joint=right_pinky_CMC joint_index=8 from_rad=0.081119 to_rad=0.143381
[latency] hand_policy inference_ms=8.996
[chunk 0023] inference=0.009s predicted=(2, 22)
[cmd 000071 kind=policy chunk=0023 chunk_step=0] delta_max_rad=0.155953 delta_max_deg=8.9354 joint=right_ring_DIP joint_index=16 from_rad=0.643586 to_rad=0.799539
[action 000047 chunk_step=0] raw=[-0.3485,1.1445] sent=[-0.3485,1.1445] limit_clips=0 step_clips=0 tracking_max=nan
[cmd 000072 kind=policy chunk=0023 chunk_step=1] delta_max_rad=0.118037 delta_max_deg=6.7630 joint=right_index_DIP joint_index=3 from_rad=1.109889 to_rad=0.991852
[action 000048 chunk_step=1] raw=[-0.3491,1.1630] sent=[-0.3491,1.1630] limit_clips=0 step_clips=0 tracking_max=nan
[cmd 000073 kind=inference_hold chunk=0024 chunk_step=-] delta_max_rad=0.084730 delta_max_deg=4.8547 joint=right_index_DIP joint_index=3 from_rad=0.991852 to_rad=1.076582
[latency] hand_policy inference_ms=8.306
[chunk 0024] inference=0.008s predicted=(2, 22)
[cmd 000074 kind=policy chunk=0024 chunk_step=0] delta_max_rad=0.177717 delta_max_deg=10.1824 joint=right_pinky_PIP joint_index=11 from_rad=0.271266 to_rad=0.093550
[action 000049 chunk_step=0] raw=[-0.3491,1.1560] sent=[-0.3491,1.1560] limit_clips=0 step_clips=0 tracking_max=nan
[cmd 000075 kind=policy chunk=0024 chunk_step=1] delta_max_rad=0.088168 delta_max_deg=5.0516 joint=right_pinky_CMC joint_index=8 from_rad=0.091787 to_rad=0.179954
[action 000050 chunk_step=1] raw=[-0.3486,1.2158] sent=[-0.3486,1.2158] limit_clips=0 step_clips=0 tracking_max=nan
[cmd 000076 kind=inference_hold chunk=0025 chunk_step=-] delta_max_rad=0.069383 delta_max_deg=3.9753 joint=right_ring_DIP joint_index=16 from_rad=1.065855 to_rad=0.996472
[latency] hand_policy inference_ms=9.882
[chunk 0025] inference=0.010s predicted=(2, 22)
[cmd 000077 kind=policy chunk=0025 chunk_step=0] delta_max_rad=0.139917 delta_max_deg=8.0167 joint=right_pinky_CMC joint_index=8 from_rad=0.120469 to_rad=0.260386
[action 000051 chunk_step=0] raw=[-0.3470,1.1538] sent=[-0.3470,1.1538] limit_clips=0 step_clips=0 tracking_max=nan
[cmd 000078 kind=policy chunk=0025 chunk_step=1] delta_max_rad=0.113826 delta_max_deg=6.5217 joint=right_pinky_PIP joint_index=11 from_rad=0.069992 to_rad=0.183818
[action 000052 chunk_step=1] raw=[-0.3468,1.1164] sent=[-0.3468,1.1164] limit_clips=0 step_clips=0 tracking_max=nan
[cmd 000079 kind=inference_hold chunk=0026 chunk_step=-] delta_max_rad=0.066485 delta_max_deg=3.8093 joint=right_thumb_MCP_FE joint_index=19 from_rad=0.740947 to_rad=0.807432
[latency] hand_policy inference_ms=8.497
[chunk 0026] inference=0.008s predicted=(2, 22)
[cmd 000080 kind=policy chunk=0026 chunk_step=0] delta_max_rad=0.174223 delta_max_deg=9.9823 joint=right_thumb_MCP_FE joint_index=19 from_rad=0.807432 to_rad=0.633209
[action 000053 chunk_step=0] raw=[-0.3488,1.2088] sent=[-0.3488,1.2088] limit_clips=0 step_clips=0 tracking_max=nan
[cmd 000081 kind=policy chunk=0026 chunk_step=1] delta_max_rad=0.110610 delta_max_deg=6.3375 joint=right_thumb_IP joint_index=21 from_rad=0.192441 to_rad=0.081831
[action 000054 chunk_step=1] raw=[-0.3480,1.2890] sent=[-0.3480,1.2890] limit_clips=0 step_clips=0 tracking_max=nan
[cmd 000082 kind=inference_hold chunk=0027 chunk_step=-] delta_max_rad=0.085833 delta_max_deg=4.9179 joint=right_thumb_MCP_FE joint_index=19 from_rad=0.536410 to_rad=0.622243
[latency] hand_policy inference_ms=8.362
[chunk 0027] inference=0.008s predicted=(2, 22)
[cmd 000083 kind=policy chunk=0027 chunk_step=0] delta_max_rad=0.175501 delta_max_deg=10.0554 joint=right_pinky_PIP joint_index=11 from_rad=0.277146 to_rad=0.452646
[action 000055 chunk_step=0] raw=[-0.3474,1.3456] sent=[-0.3474,1.3456] limit_clips=0 step_clips=0 tracking_max=nan
[cmd 000084 kind=policy chunk=0027 chunk_step=1] delta_max_rad=0.077153 delta_max_deg=4.4205 joint=right_ring_MCP_FE joint_index=13 from_rad=0.519569 to_rad=0.596722
[action 000056 chunk_step=1] raw=[-0.3491,1.3714] sent=[-0.3491,1.3714] limit_clips=0 step_clips=0 tracking_max=nan
[cmd 000085 kind=inference_hold chunk=0028 chunk_step=-] delta_max_rad=0.087165 delta_max_deg=4.9942 joint=right_pinky_DIP joint_index=12 from_rad=1.371373 to_rad=1.284207
[latency] hand_policy inference_ms=10.552
[chunk 0028] inference=0.011s predicted=(2, 22)
[cmd 000086 kind=policy chunk=0028 chunk_step=0] delta_max_rad=0.105395 delta_max_deg=6.0387 joint=right_ring_PIP joint_index=15 from_rad=0.725446 to_rad=0.830842
[action 000057 chunk_step=0] raw=[-0.3479,1.3351] sent=[-0.3479,1.3351] limit_clips=0 step_clips=0 tracking_max=nan
[cmd 000087 kind=policy chunk=0028 chunk_step=1] delta_max_rad=0.096688 delta_max_deg=5.5398 joint=right_pinky_MCP_FE joint_index=9 from_rad=1.004835 to_rad=1.101523
[action 000058 chunk_step=1] raw=[-0.3490,1.2787] sent=[-0.3490,1.2787] limit_clips=0 step_clips=0 tracking_max=nan
[cmd 000088 kind=inference_hold chunk=0029 chunk_step=-] delta_max_rad=0.061541 delta_max_deg=3.5261 joint=right_index_PIP joint_index=2 from_rad=0.383258 to_rad=0.444799
[latency] hand_policy inference_ms=8.547
[chunk 0029] inference=0.009s predicted=(2, 22)
[cmd 000089 kind=policy chunk=0029 chunk_step=0] delta_max_rad=0.158635 delta_max_deg=9.0891 joint=right_index_PIP joint_index=2 from_rad=0.444799 to_rad=0.286164
[action 000059 chunk_step=0] raw=[-0.3490,1.2114] sent=[-0.3490,1.2114] limit_clips=0 step_clips=0 tracking_max=nan
[cmd 000090 kind=policy chunk=0029 chunk_step=1] delta_max_rad=0.105291 delta_max_deg=6.0327 joint=right_index_DIP joint_index=3 from_rad=1.056746 to_rad=0.951455
[action 000060 chunk_step=1] raw=[-0.3450,1.2294] sent=[-0.3450,1.2294] limit_clips=0 step_clips=0 tracking_max=nan
[cmd 000091 kind=inference_hold chunk=0030 chunk_step=-] delta_max_rad=0.076441 delta_max_deg=4.3797 joint=right_index_PIP joint_index=2 from_rad=0.183931 to_rad=0.260372
[latency] hand_policy inference_ms=8.319
[chunk 0030] inference=0.008s predicted=(2, 22)
[cmd 000092 kind=policy chunk=0030 chunk_step=0] delta_max_rad=0.166047 delta_max_deg=9.5138 joint=right_index_DIP joint_index=3 from_rad=1.025462 to_rad=0.859414
[action 000061 chunk_step=0] raw=[-0.3491,1.2381] sent=[-0.3491,1.2381] limit_clips=0 step_clips=0 tracking_max=nan
[cmd 000093 kind=policy chunk=0030 chunk_step=1] delta_max_rad=0.107819 delta_max_deg=6.1776 joint=right_thumb_IP joint_index=21 from_rad=0.304051 to_rad=0.411870
[action 000062 chunk_step=1] raw=[-0.3103,1.2610] sent=[-0.3103,1.2610] limit_clips=0 step_clips=0 tracking_max=nan
[cmd 000094 kind=inference_hold chunk=0031 chunk_step=-] delta_max_rad=0.082550 delta_max_deg=4.7297 joint=right_thumb_IP joint_index=21 from_rad=0.411870 to_rad=0.329320
[latency] hand_policy inference_ms=9.847
[chunk 0031] inference=0.010s predicted=(2, 22)
[cmd 000095 kind=policy chunk=0031 chunk_step=0] delta_max_rad=0.207588 delta_max_deg=11.8939 joint=right_thumb_IP joint_index=21 from_rad=0.329320 to_rad=0.536908
[action 000063 chunk_step=0] raw=[-0.2281,1.2913] sent=[-0.2281,1.2913] limit_clips=0 step_clips=0 tracking_max=nan
[cmd 000096 kind=policy chunk=0031 chunk_step=1] delta_max_rad=0.106638 delta_max_deg=6.1099 joint=right_thumb_MCP_AA joint_index=20 from_rad=-0.228104 to_rad=-0.121466
[action 000064 chunk_step=1] raw=[-0.1424,1.2825] sent=[-0.1424,1.2825] limit_clips=0 step_clips=0 tracking_max=nan
[cmd 000097 kind=inference_hold chunk=0032 chunk_step=-] delta_max_rad=0.081149 delta_max_deg=4.6495 joint=right_thumb_IP joint_index=21 from_rad=0.616816 to_rad=0.535667
[latency] hand_policy inference_ms=8.540
[chunk 0032] inference=0.009s predicted=(2, 22)
[cmd 000098 kind=policy chunk=0032 chunk_step=0] delta_max_rad=0.135933 delta_max_deg=7.7884 joint=right_thumb_MCP_AA joint_index=20 from_rad=-0.190019 to_rad=-0.054086
[action 000065 chunk_step=0] raw=[-0.1553,1.1990] sent=[-0.1553,1.1990] limit_clips=0 step_clips=0 tracking_max=nan
[cmd 000099 kind=policy chunk=0032 chunk_step=1] delta_max_rad=0.117531 delta_max_deg=6.7340 joint=right_thumb_MCP_FE joint_index=19 from_rad=0.848071 to_rad=0.730540
[action 000066 chunk_step=1] raw=[-0.2443,1.1038] sent=[-0.2443,1.1038] limit_clips=0 step_clips=0 tracking_max=nan
[cmd 000100 kind=inference_hold chunk=0033 chunk_step=-] delta_max_rad=0.075294 delta_max_deg=4.3140 joint=right_pinky_PIP joint_index=11 from_rad=0.239865 to_rad=0.164572
[latency] hand_policy inference_ms=8.504
[chunk 0033] inference=0.009s predicted=(2, 22)
[cmd 000101 kind=policy chunk=0033 chunk_step=0] delta_max_rad=0.163488 delta_max_deg=9.3672 joint=right_ring_PIP joint_index=15 from_rad=1.098641 to_rad=0.935153
[action 000067 chunk_step=0] raw=[-0.3204,1.0077] sent=[-0.3204,1.0077] limit_clips=0 step_clips=0 tracking_max=nan
[cmd 000102 kind=policy chunk=0033 chunk_step=1] delta_max_rad=0.097195 delta_max_deg=5.5688 joint=right_ring_PIP joint_index=15 from_rad=0.935153 to_rad=0.837958
[action 000068 chunk_step=1] raw=[-0.3419,1.0924] sent=[-0.3419,1.0924] limit_clips=0 step_clips=0 tracking_max=nan
[cmd 000103 kind=inference_hold chunk=0034 chunk_step=-] delta_max_rad=0.084754 delta_max_deg=4.8561 joint=right_ring_PIP joint_index=15 from_rad=0.837958 to_rad=0.922713
[latency] hand_policy inference_ms=9.796
[chunk 0034] inference=0.010s predicted=(2, 22)
[cmd 000104 kind=policy chunk=0034 chunk_step=0] delta_max_rad=0.179164 delta_max_deg=10.2654 joint=right_ring_DIP joint_index=16 from_rad=0.989003 to_rad=0.809839
[action 000069 chunk_step=0] raw=[-0.3491,1.1757] sent=[-0.3491,1.1757] limit_clips=0 step_clips=0 tracking_max=nan
[cmd 000105 kind=policy chunk=0034 chunk_step=1] delta_max_rad=0.108452 delta_max_deg=6.2138 joint=right_pinky_PIP joint_index=11 from_rad=0.491471 to_rad=0.599922
[action 000070 chunk_step=1] raw=[-0.3491,1.2742] sent=[-0.3491,1.2742] limit_clips=0 step_clips=0 tracking_max=nan
[cmd 000106 kind=inference_hold chunk=0035 chunk_step=-] delta_max_rad=0.084357 delta_max_deg=4.8333 joint=right_pinky_PIP joint_index=11 from_rad=0.599922 to_rad=0.515566
[latency] hand_policy inference_ms=8.591
[chunk 0035] inference=0.009s predicted=(2, 22)
[cmd 000107 kind=policy chunk=0035 chunk_step=0] delta_max_rad=0.191688 delta_max_deg=10.9829 joint=right_index_PIP joint_index=2 from_rad=0.489753 to_rad=0.681441
[action 000071 chunk_step=0] raw=[-0.3457,1.3491] sent=[-0.3457,1.3491] limit_clips=0 step_clips=0 tracking_max=nan
[cmd 000108 kind=policy chunk=0035 chunk_step=1] delta_max_rad=0.112126 delta_max_deg=6.4244 joint=right_ring_MCP_FE joint_index=13 from_rad=0.415287 to_rad=0.527413
[action 000072 chunk_step=1] raw=[-0.3491,1.3794] sent=[-0.3491,1.3794] limit_clips=0 step_clips=0 tracking_max=nan
[cmd 000109 kind=inference_hold chunk=0036 chunk_step=-] delta_max_rad=0.090603 delta_max_deg=5.1912 joint=right_index_DIP joint_index=3 from_rad=1.379439 to_rad=1.288836
[latency] hand_policy inference_ms=8.315
[chunk 0036] inference=0.008s predicted=(2, 22)
[cmd 000110 kind=policy chunk=0036 chunk_step=0] delta_max_rad=0.193180 delta_max_deg=11.0684 joint=right_pinky_DIP joint_index=12 from_rad=1.085795 to_rad=1.278975
[action 000073 chunk_step=0] raw=[-0.3491,1.3216] sent=[-0.3491,1.3216] limit_clips=0 step_clips=0 tracking_max=nan
[cmd 000111 kind=policy chunk=0036 chunk_step=1] delta_max_rad=0.118892 delta_max_deg=6.8120 joint=right_pinky_PIP joint_index=11 from_rad=0.803259 to_rad=0.684366
[action 000074 chunk_step=1] raw=[-0.3491,1.3105] sent=[-0.3491,1.3105] limit_clips=0 step_clips=0 tracking_max=nan
[cmd 000112 kind=inference_hold chunk=0037 chunk_step=-] delta_max_rad=0.059260 delta_max_deg=3.3954 joint=right_pinky_MCP_AA joint_index=10 from_rad=0.288344 to_rad=0.229084
[latency] hand_policy inference_ms=9.221
[chunk 0037] inference=0.009s predicted=(2, 22)
[cmd 000113 kind=policy chunk=0037 chunk_step=0] delta_max_rad=0.148660 delta_max_deg=8.5176 joint=right_index_PIP joint_index=2 from_rad=0.616238 to_rad=0.467579
[action 000075 chunk_step=0] raw=[-0.3483,1.2889] sent=[-0.3483,1.2889] limit_clips=0 step_clips=0 tracking_max=nan
[cmd 000114 kind=policy chunk=0037 chunk_step=1] delta_max_rad=0.102928 delta_max_deg=5.8974 joint=right_index_PIP joint_index=2 from_rad=0.467579 to_rad=0.364651
[action 000076 chunk_step=1] raw=[-0.3481,1.2498] sent=[-0.3481,1.2498] limit_clips=0 step_clips=0 tracking_max=nan
[cmd 000115 kind=inference_hold chunk=0038 chunk_step=-] delta_max_rad=0.080520 delta_max_deg=4.6135 joint=right_index_PIP joint_index=2 from_rad=0.364651 to_rad=0.445171
[latency] hand_policy inference_ms=8.511
[chunk 0038] inference=0.009s predicted=(2, 22)
[cmd 000116 kind=policy chunk=0038 chunk_step=0] delta_max_rad=0.172445 delta_max_deg=9.8803 joint=right_index_DIP joint_index=3 from_rad=1.115226 to_rad=0.942782
[action 000077 chunk_step=0] raw=[-0.3491,1.2308] sent=[-0.3491,1.2308] limit_clips=0 step_clips=0 tracking_max=nan
[cmd 000117 kind=policy chunk=0038 chunk_step=1] delta_max_rad=0.105052 delta_max_deg=6.0190 joint=right_pinky_PIP joint_index=11 from_rad=0.393027 to_rad=0.287975
[action 000078 chunk_step=1] raw=[-0.3462,1.3120] sent=[-0.3462,1.3120] limit_clips=0 step_clips=0 tracking_max=nan
[cmd 000118 kind=inference_hold chunk=0039 chunk_step=-] delta_max_rad=0.090153 delta_max_deg=5.1654 joint=right_pinky_PIP joint_index=11 from_rad=0.287975 to_rad=0.378128
[latency] hand_policy inference_ms=8.306
[chunk 0039] inference=0.008s predicted=(2, 22)
[cmd 000119 kind=policy chunk=0039 chunk_step=0] delta_max_rad=0.193509 delta_max_deg=11.0872 joint=right_pinky_PIP joint_index=11 from_rad=0.378128 to_rad=0.184619
[action 000079 chunk_step=0] raw=[-0.3384,1.3719] sent=[-0.3384,1.3719] limit_clips=0 step_clips=0 tracking_max=nan
[cmd 000120 kind=policy chunk=0039 chunk_step=1] delta_max_rad=0.092539 delta_max_deg=5.3021 joint=right_index_DIP joint_index=3 from_rad=0.834566 to_rad=0.927106
[action 000080 chunk_step=1] raw=[-0.3186,1.3773] sent=[-0.3186,1.3773] limit_clips=0 step_clips=0 tracking_max=nan
[cmd 000121 kind=inference_hold chunk=0040 chunk_step=-] delta_max_rad=0.081472 delta_max_deg=4.6680 joint=right_middle_DIP joint_index=7 from_rad=1.377325 to_rad=1.295853
[latency] hand_policy inference_ms=10.044
[chunk 0040] inference=0.010s predicted=(2, 22)
[cmd 000122 kind=policy chunk=0040 chunk_step=0] delta_max_rad=0.119140 delta_max_deg=6.8262 joint=right_middle_PIP joint_index=6 from_rad=0.540002 to_rad=0.420862
[action 000081 chunk_step=0] raw=[-0.3450,1.3090] sent=[-0.3450,1.3090] limit_clips=0 step_clips=0 tracking_max=nan
[cmd 000123 kind=policy chunk=0040 chunk_step=1] delta_max_rad=0.099531 delta_max_deg=5.7027 joint=right_pinky_DIP joint_index=12 from_rad=1.067928 to_rad=1.167459
[action 000082 chunk_step=1] raw=[-0.3480,1.2373] sent=[-0.3480,1.2373] limit_clips=0 step_clips=0 tracking_max=nan
[cmd 000124 kind=inference_hold chunk=0041 chunk_step=-] delta_max_rad=0.067164 delta_max_deg=3.8482 joint=right_ring_PIP joint_index=15 from_rad=0.891632 to_rad=0.958796
[latency] hand_policy inference_ms=9.041
[chunk 0041] inference=0.009s predicted=(2, 22)
[cmd 000125 kind=policy chunk=0041 chunk_step=0] delta_max_rad=0.166977 delta_max_deg=9.5671 joint=right_ring_PIP joint_index=15 from_rad=0.958796 to_rad=0.791819
[action 000083 chunk_step=0] raw=[-0.3488,1.2633] sent=[-0.3488,1.2633] limit_clips=0 step_clips=0 tracking_max=nan
[cmd 000126 kind=policy chunk=0041 chunk_step=1] delta_max_rad=0.102216 delta_max_deg=5.8566 joint=right_index_PIP joint_index=2 from_rad=0.406020 to_rad=0.508236
[action 000084 chunk_step=1] raw=[-0.3486,1.3414] sent=[-0.3486,1.3414] limit_clips=0 step_clips=0 tracking_max=nan
[cmd 000127 kind=inference_hold chunk=0042 chunk_step=-] delta_max_rad=0.086469 delta_max_deg=4.9543 joint=right_index_PIP joint_index=2 from_rad=0.508236 to_rad=0.421767
[latency] hand_policy inference_ms=8.346
[chunk 0042] inference=0.008s predicted=(2, 22)
[cmd 000128 kind=policy chunk=0042 chunk_step=0] delta_max_rad=0.204678 delta_max_deg=11.7272 joint=right_index_PIP joint_index=2 from_rad=0.421767 to_rad=0.626445
[action 000085 chunk_step=0] raw=[-0.3470,1.3747] sent=[-0.3470,1.3747] limit_clips=0 step_clips=0 tracking_max=nan
[cmd 000129 kind=policy chunk=0042 chunk_step=1] delta_max_rad=0.113699 delta_max_deg=6.5145 joint=right_ring_MCP_FE joint_index=13 from_rad=0.429703 to_rad=0.543403
[action 000086 chunk_step=1] raw=[-0.3474,1.3963] sent=[-0.3474,1.3963] limit_clips=0 step_clips=0 tracking_max=nan
[cmd 000130 kind=inference_hold chunk=0043 chunk_step=-] delta_max_rad=0.096738 delta_max_deg=5.5427 joint=right_pinky_DIP joint_index=12 from_rad=1.396300 to_rad=1.299562
[latency] hand_policy inference_ms=9.599
[chunk 0043] inference=0.010s predicted=(2, 22)
[cmd 000131 kind=policy chunk=0043 chunk_step=0] delta_max_rad=0.185323 delta_max_deg=10.6182 joint=right_ring_MCP_FE joint_index=13 from_rad=0.456528 to_rad=0.641851
[action 000087 chunk_step=0] raw=[-0.3487,1.3742] sent=[-0.3487,1.3742] limit_clips=0 step_clips=0 tracking_max=nan
[cmd 000132 kind=policy chunk=0043 chunk_step=1] delta_max_rad=0.119251 delta_max_deg=6.8326 joint=right_pinky_PIP joint_index=11 from_rad=0.571181 to_rad=0.451930
[action 000088 chunk_step=1] raw=[-0.3491,1.3161] sent=[-0.3491,1.3161] limit_clips=0 step_clips=0 tracking_max=nan
[cmd 000133 kind=inference_hold chunk=0044 chunk_step=-] delta_max_rad=0.059334 delta_max_deg=3.3996 joint=right_pinky_MCP_AA joint_index=10 from_rad=0.296331 to_rad=0.236997
[latency] hand_policy inference_ms=9.387
[chunk 0044] inference=0.009s predicted=(2, 22)
[cmd 000134 kind=policy chunk=0044 chunk_step=0] delta_max_rad=0.155680 delta_max_deg=8.9198 joint=right_pinky_PIP joint_index=11 from_rad=0.509500 to_rad=0.353820
[action 000089 chunk_step=0] raw=[-0.3480,1.2628] sent=[-0.3480,1.2628] limit_clips=0 step_clips=0 tracking_max=nan
[cmd 000135 kind=policy chunk=0044 chunk_step=1] delta_max_rad=0.108557 delta_max_deg=6.2198 joint=right_thumb_MCP_FE joint_index=19 from_rad=0.570254 to_rad=0.678811
[action 000090 chunk_step=1] raw=[-0.3459,1.2340] sent=[-0.3459,1.2340] limit_clips=0 step_clips=0 tracking_max=nan
[cmd 000136 kind=inference_hold chunk=0045 chunk_step=-] delta_max_rad=0.084920 delta_max_deg=4.8655 joint=right_pinky_PIP joint_index=11 from_rad=0.252678 to_rad=0.337598
[latency] hand_policy inference_ms=8.493
[chunk 0045] inference=0.008s predicted=(2, 22)
[cmd 000137 kind=policy chunk=0045 chunk_step=0] delta_max_rad=0.189874 delta_max_deg=10.8790 joint=right_pinky_PIP joint_index=11 from_rad=0.337598 to_rad=0.147724
[action 000091 chunk_step=0] raw=[-0.3442,1.3012] sent=[-0.3442,1.3012] limit_clips=0 step_clips=0 tracking_max=nan
[cmd 000138 kind=policy chunk=0045 chunk_step=1] delta_max_rad=0.101345 delta_max_deg=5.8066 joint=right_index_DIP joint_index=3 from_rad=0.916007 to_rad=0.814662
[action 000092 chunk_step=1] raw=[-0.2732,1.3696] sent=[-0.2732,1.3696] limit_clips=0 step_clips=0 tracking_max=nan
[cmd 000139 kind=inference_hold chunk=0046 chunk_step=-] delta_max_rad=0.092940 delta_max_deg=5.3251 joint=right_middle_DIP joint_index=7 from_rad=1.369648 to_rad=1.276708
[latency] hand_policy inference_ms=9.868
[chunk 0046] inference=0.010s predicted=(2, 22)
[cmd 000140 kind=policy chunk=0046 chunk_step=0] delta_max_rad=0.176972 delta_max_deg=10.1397 joint=right_thumb_IP joint_index=21 from_rad=0.335337 to_rad=0.512309
[action 000093 chunk_step=0] raw=[-0.2195,1.3892] sent=[-0.2195,1.3892] limit_clips=0 step_clips=0 tracking_max=nan
[cmd 000141 kind=policy chunk=0046 chunk_step=1] delta_max_rad=0.110627 delta_max_deg=6.3385 joint=right_thumb_MCP_AA joint_index=20 from_rad=-0.184747 to_rad=-0.074120
[action 000094 chunk_step=1] raw=[-0.1681,1.3963] sent=[-0.1681,1.3963] limit_clips=0 step_clips=0 tracking_max=nan
[cmd 000142 kind=inference_hold chunk=0047 chunk_step=-] delta_max_rad=0.092447 delta_max_deg=5.2968 joint=right_middle_DIP joint_index=7 from_rad=1.396300 to_rad=1.303853
[latency] hand_policy inference_ms=10.068
[chunk 0047] inference=0.010s predicted=(2, 22)
[cmd 000143 kind=policy chunk=0047 chunk_step=0] delta_max_rad=0.193441 delta_max_deg=11.0834 joint=right_thumb_MCP_AA joint_index=20 from_rad=-0.146709 to_rad=0.046733
[action 000095 chunk_step=0] raw=[-0.1710,1.3783] sent=[-0.1710,1.3783] limit_clips=0 step_clips=0 tracking_max=nan
[cmd 000144 kind=policy chunk=0047 chunk_step=1] delta_max_rad=0.112000 delta_max_deg=6.4172 joint=right_ring_PIP joint_index=15 from_rad=1.128228 to_rad=1.016227
[action 000096 chunk_step=1] raw=[-0.2305,1.3037] sent=[-0.2305,1.3037] limit_clips=0 step_clips=0 tracking_max=nan
[cmd 000145 kind=inference_hold chunk=0048 chunk_step=-] delta_max_rad=0.056017 delta_max_deg=3.2096 joint=right_ring_PIP joint_index=15 from_rad=1.016227 to_rad=1.072245
[latency] hand_policy inference_ms=8.634
[chunk 0048] inference=0.009s predicted=(2, 22)
[cmd 000146 kind=policy chunk=0048 chunk_step=0] delta_max_rad=0.148377 delta_max_deg=8.5014 joint=right_middle_PIP joint_index=6 from_rad=0.641434 to_rad=0.493057
[action 000097 chunk_step=0] raw=[-0.3078,1.2131] sent=[-0.3078,1.2131] limit_clips=0 step_clips=0 tracking_max=nan
[cmd 000147 kind=policy chunk=0048 chunk_step=1] delta_max_rad=0.097142 delta_max_deg=5.5658 joint=right_index_DIP joint_index=3 from_rad=0.967578 to_rad=1.064720
[action 000098 chunk_step=1] raw=[-0.3445,1.1307] sent=[-0.3445,1.1307] limit_clips=0 step_clips=0 tracking_max=nan
[cmd 000148 kind=inference_hold chunk=0049 chunk_step=-] delta_max_rad=0.072111 delta_max_deg=4.1316 joint=right_index_DIP joint_index=3 from_rad=1.064720 to_rad=0.992609
[latency] hand_policy inference_ms=8.552
[chunk 0049] inference=0.009s predicted=(2, 22)
[cmd 000149 kind=policy chunk=0049 chunk_step=0] delta_max_rad=0.171083 delta_max_deg=9.8024 joint=right_middle_PIP joint_index=6 from_rad=0.476135 to_rad=0.305052
[action 000099 chunk_step=0] raw=[-0.3491,1.1667] sent=[-0.3491,1.1667] limit_clips=0 step_clips=0 tracking_max=nan
[cmd 000150 kind=policy chunk=0049 chunk_step=1] delta_max_rad=0.107480 delta_max_deg=6.1581 joint=right_index_DIP joint_index=3 from_rad=1.158807 to_rad=1.266287
[action 000100 chunk_step=1] raw=[-0.3470,1.2663] sent=[-0.3470,1.2663] limit_clips=0 step_clips=0 tracking_max=nan
[cmd 000151 kind=inference_hold chunk=0050 chunk_step=-] delta_max_rad=0.081397 delta_max_deg=4.6637 joint=right_index_DIP joint_index=3 from_rad=1.266287 to_rad=1.184891
[latency] hand_policy inference_ms=9.966
[chunk 0050] inference=0.010s predicted=(2, 22)
[cmd 000152 kind=policy chunk=0050 chunk_step=0] delta_max_rad=0.189212 delta_max_deg=10.8410 joint=right_index_PIP joint_index=2 from_rad=0.462095 to_rad=0.651307
[action 000101 chunk_step=0] raw=[-0.3491,1.3489] sent=[-0.3491,1.3489] limit_clips=0 step_clips=0 tracking_max=nan
[cmd 000153 kind=policy chunk=0050 chunk_step=1] delta_max_rad=0.110369 delta_max_deg=6.3237 joint=right_middle_MCP_FE joint_index=4 from_rad=0.440801 to_rad=0.551169
[action 000102 chunk_step=1] raw=[-0.3490,1.3914] sent=[-0.3490,1.3914] limit_clips=0 step_clips=0 tracking_max=nan
[cmd 000154 kind=inference_hold chunk=0051 chunk_step=-] delta_max_rad=0.104411 delta_max_deg=5.9823 joint=right_pinky_DIP joint_index=12 from_rad=1.391411 to_rad=1.286999
[latency] hand_policy inference_ms=9.919
[chunk 0051] inference=0.010s predicted=(2, 22)
[cmd 000155 kind=policy chunk=0051 chunk_step=0] delta_max_rad=0.202233 delta_max_deg=11.5871 joint=right_ring_MCP_FE joint_index=13 from_rad=0.409086 to_rad=0.611319
[action 000103 chunk_step=0] raw=[-0.3447,1.3874] sent=[-0.3447,1.3874] limit_clips=0 step_clips=0 tracking_max=nan
[cmd 000156 kind=policy chunk=0051 chunk_step=1] delta_max_rad=0.109504 delta_max_deg=6.2741 joint=right_middle_PIP joint_index=6 from_rad=0.286924 to_rad=0.396428
[action 000104 chunk_step=1] raw=[-0.3466,1.3528] sent=[-0.3466,1.3528] limit_clips=0 step_clips=0 tracking_max=nan
[cmd 000157 kind=inference_hold chunk=0052 chunk_step=-] delta_max_rad=0.068903 delta_max_deg=3.9479 joint=right_ring_MCP_FE joint_index=13 from_rad=0.675370 to_rad=0.606467
[latency] hand_policy inference_ms=8.564
[chunk 0052] inference=0.009s predicted=(2, 22)
[cmd 000158 kind=policy chunk=0052 chunk_step=0] delta_max_rad=0.141348 delta_max_deg=8.0987 joint=right_middle_PIP joint_index=6 from_rad=0.328226 to_rad=0.469574
[action 000105 chunk_step=0] raw=[-0.3491,1.2530] sent=[-0.3491,1.2530] limit_clips=0 step_clips=0 tracking_max=nan
[cmd 000159 kind=policy chunk=0052 chunk_step=1] delta_max_rad=0.121006 delta_max_deg=6.9331 joint=right_middle_MCP_FE joint_index=4 from_rad=0.643696 to_rad=0.522690
[action 000106 chunk_step=1] raw=[-0.3491,1.1960] sent=[-0.3491,1.1960] limit_clips=0 step_clips=0 tracking_max=nan
[cmd 000160 kind=inference_hold chunk=0053 chunk_step=-] delta_max_rad=0.068754 delta_max_deg=3.9393 joint=right_pinky_PIP joint_index=11 from_rad=0.539579 to_rad=0.608333
[latency] hand_policy inference_ms=8.399
[chunk 0053] inference=0.008s predicted=(2, 22)
[cmd 000161 kind=policy chunk=0053 chunk_step=0] delta_max_rad=0.175904 delta_max_deg=10.0786 joint=right_middle_PIP joint_index=6 from_rad=0.481203 to_rad=0.657107
[action 000107 chunk_step=0] raw=[-0.3472,1.1931] sent=[-0.3472,1.1931] limit_clips=0 step_clips=0 tracking_max=nan
[cmd 000162 kind=policy chunk=0053 chunk_step=1] delta_max_rad=0.100490 delta_max_deg=5.7576 joint=right_pinky_PIP joint_index=11 from_rad=0.437755 to_rad=0.337266
[action 000108 chunk_step=1] raw=[-0.3468,1.2499] sent=[-0.3468,1.2499] limit_clips=0 step_clips=0 tracking_max=nan
[cmd 000163 kind=inference_hold chunk=0054 chunk_step=-] delta_max_rad=0.083666 delta_max_deg=4.7937 joint=right_pinky_PIP joint_index=11 from_rad=0.337266 to_rad=0.420931
[latency] hand_policy inference_ms=9.761
[chunk 0054] inference=0.010s predicted=(2, 22)
[cmd 000164 kind=policy chunk=0054 chunk_step=0] delta_max_rad=0.200319 delta_max_deg=11.4774 joint=right_pinky_PIP joint_index=11 from_rad=0.420931 to_rad=0.220612
[action 000109 chunk_step=0] raw=[-0.3479,1.3315] sent=[-0.3479,1.3315] limit_clips=0 step_clips=0 tracking_max=nan
[cmd 000165 kind=policy chunk=0054 chunk_step=1] delta_max_rad=0.102526 delta_max_deg=5.8743 joint=right_ring_MCP_FE joint_index=13 from_rad=0.274760 to_rad=0.172234
[action 000110 chunk_step=1] raw=[-0.3319,1.3726] sent=[-0.3319,1.3726] limit_clips=0 step_clips=0 tracking_max=nan
[cmd 000166 kind=inference_hold chunk=0055 chunk_step=-] delta_max_rad=0.088167 delta_max_deg=5.0516 joint=right_middle_DIP joint_index=7 from_rad=1.372618 to_rad=1.284451
[latency] hand_policy inference_ms=8.574
[chunk 0055] inference=0.009s predicted=(2, 22)
[cmd 000167 kind=policy chunk=0055 chunk_step=0] delta_max_rad=0.191156 delta_max_deg=10.9524 joint=right_thumb_IP joint_index=21 from_rad=0.404732 to_rad=0.595888
[action 000111 chunk_step=0] raw=[-0.3078,1.3925] sent=[-0.3078,1.3925] limit_clips=0 step_clips=0 tracking_max=nan
[cmd 000168 kind=policy chunk=0055 chunk_step=1] delta_max_rad=0.113857 delta_max_deg=6.5235 joint=right_pinky_DIP joint_index=12 from_rad=0.692722 to_rad=0.578865
[action 000112 chunk_step=1] raw=[-0.2498,1.3963] sent=[-0.2498,1.3963] limit_clips=0 step_clips=0 tracking_max=nan
[cmd 000169 kind=inference_hold chunk=0056 chunk_step=-] delta_max_rad=0.092104 delta_max_deg=5.2772 joint=right_thumb_IP joint_index=21 from_rad=0.705534 to_rad=0.613430
[latency] hand_policy inference_ms=8.391
[chunk 0056] inference=0.008s predicted=(2, 22)
[cmd 000170 kind=policy chunk=0056 chunk_step=0] delta_max_rad=0.217300 delta_max_deg=12.4504 joint=right_pinky_DIP joint_index=12 from_rad=0.669581 to_rad=0.452281
[action 000113 chunk_step=0] raw=[-0.2211,1.3903] sent=[-0.2211,1.3903] limit_clips=0 step_clips=0 tracking_max=nan
[cmd 000171 kind=policy chunk=0056 chunk_step=1] delta_max_rad=0.104928 delta_max_deg=6.0119 joint=right_middle_PIP joint_index=6 from_rad=0.867488 to_rad=0.762560
[action 000114 chunk_step=1] raw=[-0.2289,1.3480] sent=[-0.2289,1.3480] limit_clips=0 step_clips=0 tracking_max=nan
[cmd 000172 kind=inference_hold chunk=0057 chunk_step=-] delta_max_rad=0.065968 delta_max_deg=3.7797 joint=right_pinky_DIP joint_index=12 from_rad=0.403567 to_rad=0.469535
[latency] hand_policy inference_ms=10.538
[chunk 0057] inference=0.011s predicted=(2, 22)
[cmd 000173 kind=policy chunk=0057 chunk_step=0] delta_max_rad=0.148498 delta_max_deg=8.5083 joint=right_middle_PIP joint_index=6 from_rad=0.814468 to_rad=0.665970
[action 000115 chunk_step=0] raw=[-0.2981,1.2478] sent=[-0.2981,1.2478] limit_clips=0 step_clips=0 tracking_max=nan
[cmd 000174 kind=policy chunk=0057 chunk_step=1] delta_max_rad=0.096303 delta_max_deg=5.5177 joint=right_index_DIP joint_index=3 from_rad=0.880678 to_rad=0.976980
[action 000116 chunk_step=1] raw=[-0.3352,1.1667] sent=[-0.3352,1.1667] limit_clips=0 step_clips=0 tracking_max=nan
[cmd 000175 kind=inference_hold chunk=0058 chunk_step=-] delta_max_rad=0.077815 delta_max_deg=4.4585 joint=right_middle_PIP joint_index=6 from_rad=0.572078 to_rad=0.649893
[latency] hand_policy inference_ms=8.692
[chunk 0058] inference=0.009s predicted=(2, 22)
[cmd 000176 kind=policy chunk=0058 chunk_step=0] delta_max_rad=0.169703 delta_max_deg=9.7233 joint=right_pinky_PIP joint_index=11 from_rad=0.207610 to_rad=0.377313
[action 000117 chunk_step=0] raw=[-0.3434,1.0816] sent=[-0.3434,1.0816] limit_clips=0 step_clips=0 tracking_max=nan
[cmd 000177 kind=policy chunk=0058 chunk_step=1] delta_max_rad=0.106647 delta_max_deg=6.1104 joint=right_index_DIP joint_index=3 from_rad=1.065818 to_rad=1.172465
[action 000118 chunk_step=1] raw=[-0.3482,1.1725] sent=[-0.3482,1.1725] limit_clips=0 step_clips=0 tracking_max=nan
[cmd 000178 kind=inference_hold chunk=0059 chunk_step=-] delta_max_rad=0.084106 delta_max_deg=4.8189 joint=right_index_DIP joint_index=3 from_rad=1.172465 to_rad=1.088359
[latency] hand_policy inference_ms=8.335
[chunk 0059] inference=0.008s predicted=(2, 22)
[cmd 000179 kind=policy chunk=0059 chunk_step=0] delta_max_rad=0.188541 delta_max_deg=10.8026 joint=right_thumb_IP joint_index=21 from_rad=0.562101 to_rad=0.373559
[action 000119 chunk_step=0] raw=[-0.3441,1.2641] sent=[-0.3441,1.2641] limit_clips=0 step_clips=0 tracking_max=nan
[cmd 000180 kind=policy chunk=0059 chunk_step=1] delta_max_rad=0.101475 delta_max_deg=5.8141 joint=right_ring_MCP_FE joint_index=13 from_rad=0.236631 to_rad=0.338105
[action 000120 chunk_step=1] raw=[-0.3491,1.3454] sent=[-0.3491,1.3454] limit_clips=0 step_clips=0 tracking_max=nan
[cmd 000181 kind=inference_hold chunk=0060 chunk_step=-] delta_max_rad=0.089821 delta_max_deg=5.1463 joint=right_index_DIP joint_index=3 from_rad=1.345413 to_rad=1.255593
[latency] hand_policy inference_ms=9.296
[chunk 0060] inference=0.009s predicted=(2, 22)
[cmd 000182 kind=policy chunk=0060 chunk_step=0] delta_max_rad=0.193190 delta_max_deg=11.0690 joint=right_index_PIP joint_index=2 from_rad=0.608121 to_rad=0.801311
[action 000121 chunk_step=0] raw=[-0.3491,1.3889] sent=[-0.3491,1.3889] limit_clips=0 step_clips=0 tracking_max=nan
[cmd 000183 kind=policy chunk=0060 chunk_step=1] delta_max_rad=0.117020 delta_max_deg=6.7048 joint=right_ring_MCP_FE joint_index=13 from_rad=0.447056 to_rad=0.564076
[action 000122 chunk_step=1] raw=[-0.3481,1.3963] sent=[-0.3481,1.3963] limit_clips=0 step_clips=0 tracking_max=nan
[cmd 000184 kind=inference_hold chunk=0061 chunk_step=-] delta_max_rad=0.097057 delta_max_deg=5.5610 joint=right_index_DIP joint_index=3 from_rad=1.396300 to_rad=1.299243
[latency] hand_policy inference_ms=8.585
[chunk 0061] inference=0.009s predicted=(2, 22)
[cmd 000185 kind=policy chunk=0061 chunk_step=0] delta_max_rad=0.182439 delta_max_deg=10.4530 joint=right_ring_MCP_FE joint_index=13 from_rad=0.470850 to_rad=0.653289
[action 000123 chunk_step=0] raw=[-0.3446,1.3918] sent=[-0.3446,1.3918] limit_clips=0 step_clips=0 tracking_max=nan
[cmd 000186 kind=policy chunk=0061 chunk_step=1] delta_max_rad=0.113072 delta_max_deg=6.4785 joint=right_ring_PIP joint_index=15 from_rad=0.622482 to_rad=0.735554
[action 000124 chunk_step=1] raw=[-0.3491,1.3378] sent=[-0.3491,1.3378] limit_clips=0 step_clips=0 tracking_max=nan
[cmd 000187 kind=inference_hold chunk=0062 chunk_step=-] delta_max_rad=0.060617 delta_max_deg=3.4731 joint=right_ring_PIP joint_index=15 from_rad=0.735554 to_rad=0.674937
[latency] hand_policy inference_ms=8.864
[chunk 0062] inference=0.009s predicted=(2, 22)
[cmd 000188 kind=policy chunk=0062 chunk_step=0] delta_max_rad=0.158690 delta_max_deg=9.0923 joint=right_middle_PIP joint_index=6 from_rad=0.415899 to_rad=0.574590
[action 000125 chunk_step=0] raw=[-0.3424,1.2405] sent=[-0.3424,1.2405] limit_clips=0 step_clips=0 tracking_max=nan
[cmd 000189 kind=policy chunk=0062 chunk_step=1] delta_max_rad=0.117105 delta_max_deg=6.7096 joint=right_pinky_PIP joint_index=11 from_rad=0.752421 to_rad=0.635316
[action 000126 chunk_step=1] raw=[-0.3438,1.1528] sent=[-0.3438,1.1528] limit_clips=0 step_clips=0 tracking_max=nan
[cmd 000190 kind=inference_hold chunk=0063 chunk_step=-] delta_max_rad=0.081798 delta_max_deg=4.6867 joint=right_middle_PIP joint_index=6 from_rad=0.668415 to_rad=0.586616
[latency] hand_policy inference_ms=9.240
[chunk 0063] inference=0.009s predicted=(2, 22)
[cmd 000191 kind=policy chunk=0063 chunk_step=0] delta_max_rad=0.193049 delta_max_deg=11.0609 joint=right_pinky_PIP joint_index=11 from_rad=0.715589 to_rad=0.522540
[action 000127 chunk_step=0] raw=[-0.3434,1.1668] sent=[-0.3434,1.1668] limit_clips=0 step_clips=0 tracking_max=nan
[cmd 000192 kind=policy chunk=0063 chunk_step=1] delta_max_rad=0.097811 delta_max_deg=5.6042 joint=right_index_PIP joint_index=2 from_rad=0.546155 to_rad=0.448343
[action 000128 chunk_step=1] raw=[-0.3428,1.2251] sent=[-0.3428,1.2251] limit_clips=0 step_clips=0 tracking_max=nan
[cmd 000193 kind=inference_hold chunk=0064 chunk_step=-] delta_max_rad=0.091894 delta_max_deg=5.2651 joint=right_pinky_PIP joint_index=11 from_rad=0.429674 to_rad=0.521568
[latency] hand_policy inference_ms=8.528
[chunk 0064] inference=0.009s predicted=(2, 22)
[cmd 000194 kind=policy chunk=0064 chunk_step=0] delta_max_rad=0.186659 delta_max_deg=10.6948 joint=right_middle_PIP joint_index=6 from_rad=0.776092 to_rad=0.962751
[action 000129 chunk_step=0] raw=[-0.3471,1.3218] sent=[-0.3471,1.3218] limit_clips=0 step_clips=0 tracking_max=nan
[cmd 000195 kind=policy chunk=0064 chunk_step=1] delta_max_rad=0.102304 delta_max_deg=5.8616 joint=right_ring_DIP joint_index=16 from_rad=1.104091 to_rad=1.206395
[action 000130 chunk_step=1] raw=[-0.3358,1.3841] sent=[-0.3358,1.3841] limit_clips=0 step_clips=0 tracking_max=nan
[cmd 000196 kind=inference_hold chunk=0065 chunk_step=-] delta_max_rad=0.105056 delta_max_deg=6.0193 joint=right_middle_DIP joint_index=7 from_rad=1.384067 to_rad=1.279011
[latency] hand_policy inference_ms=8.805
[chunk 0065] inference=0.009s predicted=(2, 22)
[cmd 000197 kind=policy chunk=0065 chunk_step=0] delta_max_rad=0.198989 delta_max_deg=11.4012 joint=right_thumb_IP joint_index=21 from_rad=0.445452 to_rad=0.644441
[action 000131 chunk_step=0] raw=[-0.3250,1.3779] sent=[-0.3250,1.3779] limit_clips=0 step_clips=0 tracking_max=nan
[cmd 000198 kind=policy chunk=0065 chunk_step=1] delta_max_rad=0.100095 delta_max_deg=5.7350 joint=right_middle_PIP joint_index=6 from_rad=1.056101 to_rad=0.956006
[action 000132 chunk_step=1] raw=[-0.2844,1.3638] sent=[-0.2844,1.3638] limit_clips=0 step_clips=0 tracking_max=nan
[cmd 000199 kind=inference_hold chunk=0066 chunk_step=-] delta_max_rad=0.072775 delta_max_deg=4.1697 joint=right_ring_MCP_FE joint_index=13 from_rad=-0.052289 to_rad=0.020486
[latency] hand_policy inference_ms=9.316
[chunk 0066] inference=0.009s predicted=(2, 22)
[cmd 000200 kind=policy chunk=0066 chunk_step=0] delta_max_rad=0.141058 delta_max_deg=8.0820 joint=right_pinky_MCP_AA joint_index=10 from_rad=0.225455 to_rad=0.084397
[action 000133 chunk_step=0] raw=[-0.3166,1.2689] sent=[-0.3166,1.2689] limit_clips=0 step_clips=0 tracking_max=nan
[cmd 000201 kind=policy chunk=0066 chunk_step=1] delta_max_rad=0.104175 delta_max_deg=5.9688 joint=right_thumb_IP joint_index=21 from_rad=0.626032 to_rad=0.521858
[action 000134 chunk_step=1] raw=[-0.3469,1.1842] sent=[-0.3469,1.1842] limit_clips=0 step_clips=0 tracking_max=nan
[cmd 000202 kind=inference_hold chunk=0067 chunk_step=-] delta_max_rad=0.067920 delta_max_deg=3.8915 joint=right_middle_PIP joint_index=6 from_rad=0.775633 to_rad=0.843553
[latency] hand_policy inference_ms=8.553
[chunk 0067] inference=0.009s predicted=(2, 22)
[cmd 000203 kind=policy chunk=0067 chunk_step=0] delta_max_rad=0.173712 delta_max_deg=9.9530 joint=right_middle_PIP joint_index=6 from_rad=0.843553 to_rad=0.669841
[action 000135 chunk_step=0] raw=[-0.3487,1.1073] sent=[-0.3487,1.1073] limit_clips=0 step_clips=0 tracking_max=nan
[cmd 000204 kind=policy chunk=0067 chunk_step=1] delta_max_rad=0.094842 delta_max_deg=5.4341 joint=right_middle_MCP_FE joint_index=4 from_rad=0.188130 to_rad=0.282972
[action 000136 chunk_step=1] raw=[-0.3478,1.1982] sent=[-0.3478,1.1982] limit_clips=0 step_clips=0 tracking_max=nan
[cmd 000205 kind=inference_hold chunk=0068 chunk_step=-] delta_max_rad=0.077803 delta_max_deg=4.4578 joint=right_index_DIP joint_index=3 from_rad=1.198195 to_rad=1.120392
[latency] hand_policy inference_ms=8.372
[chunk 0068] inference=0.008s predicted=(2, 22)
[cmd 000206 kind=policy chunk=0068 chunk_step=0] delta_max_rad=0.172811 delta_max_deg=9.9014 joint=right_thumb_IP joint_index=21 from_rad=0.421926 to_rad=0.249114
[action 000137 chunk_step=0] raw=[-0.3490,1.2788] sent=[-0.3490,1.2788] limit_clips=0 step_clips=0 tracking_max=nan
[cmd 000207 kind=policy chunk=0068 chunk_step=1] delta_max_rad=0.104520 delta_max_deg=5.9886 joint=right_middle_MCP_FE joint_index=4 from_rad=0.369992 to_rad=0.474513
[action 000138 chunk_step=1] raw=[-0.3488,1.3574] sent=[-0.3488,1.3574] limit_clips=0 step_clips=0 tracking_max=nan
[cmd 000208 kind=inference_hold chunk=0069 chunk_step=-] delta_max_rad=0.089627 delta_max_deg=5.1352 joint=right_index_DIP joint_index=3 from_rad=1.357351 to_rad=1.267724
[latency] hand_policy inference_ms=9.232
[chunk 0069] inference=0.009s predicted=(2, 22)
[cmd 000209 kind=policy chunk=0069 chunk_step=0] delta_max_rad=0.171936 delta_max_deg=9.8512 joint=right_middle_DIP joint_index=7 from_rad=0.916236 to_rad=0.744301
[action 000139 chunk_step=0] raw=[-0.3491,1.3862] sent=[-0.3491,1.3862] limit_clips=0 step_clips=0 tracking_max=nan
[cmd 000210 kind=policy chunk=0069 chunk_step=1] delta_max_rad=0.105425 delta_max_deg=6.0404 joint=right_ring_MCP_FE joint_index=13 from_rad=0.495489 to_rad=0.600914
[action 000140 chunk_step=1] raw=[-0.3486,1.3906] sent=[-0.3486,1.3906] limit_clips=0 step_clips=0 tracking_max=nan
[cmd 000211 kind=inference_hold chunk=0070 chunk_step=-] delta_max_rad=0.102157 delta_max_deg=5.8531 joint=right_pinky_DIP joint_index=12 from_rad=1.390648 to_rad=1.288492
[latency] hand_policy inference_ms=8.551
[chunk 0070] inference=0.009s predicted=(2, 22)
[cmd 000212 kind=policy chunk=0070 chunk_step=0] delta_max_rad=0.189797 delta_max_deg=10.8746 joint=right_ring_MCP_FE joint_index=13 from_rad=0.514071 to_rad=0.703868
[action 000141 chunk_step=0] raw=[-0.3465,1.3963] sent=[-0.3465,1.3963] limit_clips=0 step_clips=0 tracking_max=nan
[cmd 000213 kind=policy chunk=0070 chunk_step=1] delta_max_rad=0.124008 delta_max_deg=7.1051 joint=right_ring_DIP joint_index=16 from_rad=0.588140 to_rad=0.712148
[action 000142 chunk_step=1] raw=[-0.3491,1.3084] sent=[-0.3491,1.3084] limit_clips=0 step_clips=0 tracking_max=nan
[cmd 000214 kind=inference_hold chunk=0071 chunk_step=-] delta_max_rad=0.065580 delta_max_deg=3.7574 joint=right_middle_PIP joint_index=6 from_rad=0.645870 to_rad=0.580290
[latency] hand_policy inference_ms=8.828
[chunk 0071] inference=0.009s predicted=(2, 22)
[cmd 000215 kind=policy chunk=0071 chunk_step=0] delta_max_rad=0.157956 delta_max_deg=9.0502 joint=right_ring_DIP joint_index=16 from_rad=0.660764 to_rad=0.818720
[action 000143 chunk_step=0] raw=[-0.3437,1.1982] sent=[-0.3437,1.1982] limit_clips=0 step_clips=0 tracking_max=nan
[cmd 000216 kind=policy chunk=0071 chunk_step=1] delta_max_rad=0.108422 delta_max_deg=6.2121 joint=right_middle_MCP_FE joint_index=4 from_rad=0.528053 to_rad=0.419632
[action 000144 chunk_step=1] raw=[-0.3429,1.1763] sent=[-0.3429,1.1763] limit_clips=0 step_clips=0 tracking_max=nan
[cmd 000217 kind=inference_hold chunk=0072 chunk_step=-] delta_max_rad=0.076314 delta_max_deg=4.3725 joint=right_middle_MCP_FE joint_index=4 from_rad=0.419632 to_rad=0.495946
[latency] hand_policy inference_ms=9.745
[chunk 0072] inference=0.010s predicted=(2, 22)
[cmd 000218 kind=policy chunk=0072 chunk_step=0] delta_max_rad=0.194776 delta_max_deg=11.1598 joint=right_middle_PIP joint_index=6 from_rad=0.743279 to_rad=0.938055
[action 000145 chunk_step=0] raw=[-0.3477,1.1713] sent=[-0.3477,1.1713] limit_clips=0 step_clips=0 tracking_max=nan
[cmd 000219 kind=policy chunk=0072 chunk_step=1] delta_max_rad=0.115937 delta_max_deg=6.6427 joint=right_index_PIP joint_index=2 from_rad=0.521949 to_rad=0.406012
[action 000146 chunk_step=1] raw=[-0.3447,1.1579] sent=[-0.3447,1.1579] limit_clips=0 step_clips=0 tracking_max=nan
[cmd 000220 kind=inference_hold chunk=0073 chunk_step=-] delta_max_rad=0.092567 delta_max_deg=5.3037 joint=right_index_PIP joint_index=2 from_rad=0.406012 to_rad=0.498579
[latency] hand_policy inference_ms=8.615
[chunk 0073] inference=0.009s predicted=(2, 22)
[cmd 000221 kind=policy chunk=0073 chunk_step=0] delta_max_rad=0.198454 delta_max_deg=11.3706 joint=right_index_PIP joint_index=2 from_rad=0.498579 to_rad=0.300125
[action 000147 chunk_step=0] raw=[-0.3491,1.2072] sent=[-0.3491,1.2072] limit_clips=0 step_clips=0 tracking_max=nan
[cmd 000222 kind=policy chunk=0073 chunk_step=1] delta_max_rad=0.106078 delta_max_deg=6.0778 joint=right_middle_DIP joint_index=7 from_rad=1.207208 to_rad=1.313286
[action 000148 chunk_step=1] raw=[-0.3333,1.3133] sent=[-0.3333,1.3133] limit_clips=0 step_clips=0 tracking_max=nan
[cmd 000223 kind=inference_hold chunk=0074 chunk_step=-] delta_max_rad=0.091014 delta_max_deg=5.2147 joint=right_index_PIP joint_index=2 from_rad=0.195190 to_rad=0.286204
[latency] hand_policy inference_ms=8.352
[chunk 0074] inference=0.008s predicted=(2, 22)
[cmd 000224 kind=policy chunk=0074 chunk_step=0] delta_max_rad=0.156962 delta_max_deg=8.9933 joint=right_middle_DIP joint_index=7 from_rad=1.227363 to_rad=1.384325
[action 000149 chunk_step=0] raw=[-0.2932,1.3843] sent=[-0.2932,1.3843] limit_clips=0 step_clips=0 tracking_max=nan
[cmd 000225 kind=policy chunk=0074 chunk_step=1] delta_max_rad=0.103155 delta_max_deg=5.9103 joint=right_ring_PIP joint_index=15 from_rad=1.023864 to_rad=0.920709
[action 000150 chunk_step=1] raw=[-0.3158,1.3091] sent=[-0.3158,1.3091] limit_clips=0 step_clips=0 tracking_max=nan
[cmd 000226 kind=inference_hold chunk=0075 chunk_step=-] delta_max_rad=0.046421 delta_max_deg=2.6597 joint=right_ring_PIP joint_index=15 from_rad=0.920709 to_rad=0.967130
[latency] hand_policy inference_ms=9.817
[chunk 0075] inference=0.010s predicted=(2, 22)
[cmd 000227 kind=policy chunk=0075 chunk_step=0] delta_max_rad=0.142815 delta_max_deg=8.1827 joint=right_ring_PIP joint_index=15 from_rad=0.967130 to_rad=0.824316
[action 000151 chunk_step=0] raw=[-0.3491,1.2180] sent=[-0.3491,1.2180] limit_clips=0 step_clips=0 tracking_max=nan
[cmd 000228 kind=policy chunk=0075 chunk_step=1] delta_max_rad=0.090619 delta_max_deg=5.1921 joint=right_index_DIP joint_index=3 from_rad=1.011181 to_rad=1.101800
[action 000152 chunk_step=1] raw=[-0.3491,1.1322] sent=[-0.3491,1.1322] limit_clips=0 step_clips=0 tracking_max=nan
[cmd 000229 kind=inference_hold chunk=0076 chunk_step=-] delta_max_rad=0.066834 delta_max_deg=3.8293 joint=right_middle_PIP joint_index=6 from_rad=0.813007 to_rad=0.879841
[latency] hand_policy inference_ms=8.548
[chunk 0076] inference=0.009s predicted=(2, 22)
[cmd 000230 kind=policy chunk=0076 chunk_step=0] delta_max_rad=0.161805 delta_max_deg=9.2707 joint=right_middle_PIP joint_index=6 from_rad=0.879841 to_rad=0.718036
[action 000153 chunk_step=0] raw=[-0.3491,1.1876] sent=[-0.3491,1.1876] limit_clips=0 step_clips=0 tracking_max=nan
[cmd 000231 kind=policy chunk=0076 chunk_step=1] delta_max_rad=0.106448 delta_max_deg=6.0990 joint=right_ring_MCP_FE joint_index=13 from_rad=0.369995 to_rad=0.476443
[action 000154 chunk_step=1] raw=[-0.3491,1.2895] sent=[-0.3491,1.2895] limit_clips=0 step_clips=0 tracking_max=nan
[cmd 000232 kind=inference_hold chunk=0077 chunk_step=-] delta_max_rad=0.083013 delta_max_deg=4.7563 joint=right_index_DIP joint_index=3 from_rad=1.289453 to_rad=1.206440
[latency] hand_policy inference_ms=9.113
[chunk 0077] inference=0.009s predicted=(2, 22)
[cmd 000233 kind=policy chunk=0077 chunk_step=0] delta_max_rad=0.191865 delta_max_deg=10.9931 joint=right_ring_MCP_FE joint_index=13 from_rad=0.393569 to_rad=0.585434
[action 000155 chunk_step=0] raw=[-0.3491,1.3648] sent=[-0.3491,1.3648] limit_clips=0 step_clips=0 tracking_max=nan
[cmd 000234 kind=policy chunk=0077 chunk_step=1] delta_max_rad=0.116720 delta_max_deg=6.6876 joint=right_middle_MCP_FE joint_index=4 from_rad=0.338297 to_rad=0.455017
[action 000156 chunk_step=1] raw=[-0.3476,1.3898] sent=[-0.3476,1.3898] limit_clips=0 step_clips=0 tracking_max=nan
[cmd 000235 kind=inference_hold chunk=0078 chunk_step=-] delta_max_rad=0.099730 delta_max_deg=5.7141 joint=right_index_DIP joint_index=3 from_rad=1.389834 to_rad=1.290105
[latency] hand_policy inference_ms=9.218
[chunk 0078] inference=0.009s predicted=(2, 22)
[cmd 000236 kind=policy chunk=0078 chunk_step=0] delta_max_rad=0.186177 delta_max_deg=10.6671 joint=right_middle_MCP_FE joint_index=4 from_rad=0.365052 to_rad=0.551229
[action 000157 chunk_step=0] raw=[-0.3477,1.3963] sent=[-0.3477,1.3963] limit_clips=0 step_clips=0 tracking_max=nan
[cmd 000237 kind=policy chunk=0078 chunk_step=1] delta_max_rad=0.105954 delta_max_deg=6.0707 joint=right_pinky_MCP_AA joint_index=10 from_rad=0.140595 to_rad=0.246549
[action 000158 chunk_step=1] raw=[-0.3484,1.3252] sent=[-0.3484,1.3252] limit_clips=0 step_clips=0 tracking_max=nan
[cmd 000238 kind=inference_hold chunk=0079 chunk_step=-] delta_max_rad=0.061871 delta_max_deg=3.5449 joint=right_pinky_MCP_AA joint_index=10 from_rad=0.246549 to_rad=0.184678
[latency] hand_policy inference_ms=8.593
[chunk 0079] inference=0.009s predicted=(2, 22)
[cmd 000239 kind=policy chunk=0079 chunk_step=0] delta_max_rad=0.158063 delta_max_deg=9.0564 joint=right_ring_PIP joint_index=15 from_rad=0.586218 to_rad=0.744281
[action 000159 chunk_step=0] raw=[-0.3458,1.2284] sent=[-0.3458,1.2284] limit_clips=0 step_clips=0 tracking_max=nan
[cmd 000240 kind=policy chunk=0079 chunk_step=1] delta_max_rad=0.103810 delta_max_deg=5.9479 joint=right_thumb_IP joint_index=21 from_rad=0.173025 to_rad=0.276835
[action 000160 chunk_step=1] raw=[-0.3469,1.2445] sent=[-0.3469,1.2445] limit_clips=0 step_clips=0 tracking_max=nan
[cmd 000241 kind=inference_hold chunk=0080 chunk_step=-] delta_max_rad=0.070482 delta_max_deg=4.0383 joint=right_pinky_PIP joint_index=11 from_rad=0.550964 to_rad=0.621446
[latency] hand_policy inference_ms=8.797
[chunk 0080] inference=0.009s predicted=(2, 22)
[cmd 000242 kind=policy chunk=0080 chunk_step=0] delta_max_rad=0.170469 delta_max_deg=9.7671 joint=right_pinky_PIP joint_index=11 from_rad=0.621446 to_rad=0.450978
[action 000161 chunk_step=0] raw=[-0.3471,1.2592] sent=[-0.3471,1.2592] limit_clips=0 step_clips=0 tracking_max=nan
[cmd 000243 kind=policy chunk=0080 chunk_step=1] delta_max_rad=0.112463 delta_max_deg=6.4436 joint=right_pinky_PIP joint_index=11 from_rad=0.450978 to_rad=0.338515
[action 000162 chunk_step=1] raw=[-0.3417,1.2412] sent=[-0.3417,1.2412] limit_clips=0 step_clips=0 tracking_max=nan
[cmd 000244 kind=inference_hold chunk=0081 chunk_step=-] delta_max_rad=0.087936 delta_max_deg=5.0384 joint=right_pinky_PIP joint_index=11 from_rad=0.338515 to_rad=0.426451
[latency] hand_policy inference_ms=9.358
[chunk 0081] inference=0.009s predicted=(2, 22)
[cmd 000245 kind=policy chunk=0081 chunk_step=0] delta_max_rad=0.188422 delta_max_deg=10.7958 joint=right_pinky_PIP joint_index=11 from_rad=0.426451 to_rad=0.238029
[action 000163 chunk_step=0] raw=[-0.3491,1.3214] sent=[-0.3491,1.3214] limit_clips=0 step_clips=0 tracking_max=nan
[cmd 000246 kind=policy chunk=0081 chunk_step=1] delta_max_rad=0.100219 delta_max_deg=5.7421 joint=right_thumb_IP joint_index=21 from_rad=0.563533 to_rad=0.663753
[action 000164 chunk_step=1] raw=[-0.3301,1.3747] sent=[-0.3301,1.3747] limit_clips=0 step_clips=0 tracking_max=nan
[cmd 000247 kind=inference_hold chunk=0082 chunk_step=-] delta_max_rad=0.092949 delta_max_deg=5.3256 joint=right_middle_DIP joint_index=7 from_rad=1.374681 to_rad=1.281732
[latency] hand_policy inference_ms=8.509
[chunk 0082] inference=0.009s predicted=(2, 22)
[cmd 000248 kind=policy chunk=0082 chunk_step=0] delta_max_rad=0.213517 delta_max_deg=12.2336 joint=right_thumb_IP joint_index=21 from_rad=0.576462 to_rad=0.789979
[action 000165 chunk_step=0] raw=[-0.2820,1.3931] sent=[-0.2820,1.3931] limit_clips=0 step_clips=0 tracking_max=nan
[cmd 000249 kind=policy chunk=0082 chunk_step=1] delta_max_rad=0.100900 delta_max_deg=5.7811 joint=right_ring_MCP_FE joint_index=13 from_rad=0.126383 to_rad=0.025483
[action 000166 chunk_step=1] raw=[-0.2260,1.3963] sent=[-0.2260,1.3963] limit_clips=0 step_clips=0 tracking_max=nan
[cmd 000250 kind=inference_hold chunk=0083 chunk_step=-] delta_max_rad=0.100697 delta_max_deg=5.7695 joint=right_ring_DIP joint_index=16 from_rad=1.396300 to_rad=1.295603
[latency] hand_policy inference_ms=8.483
[chunk 0083] inference=0.008s predicted=(2, 22)
[cmd 000251 kind=policy chunk=0083 chunk_step=0] delta_max_rad=0.115771 delta_max_deg=6.6332 joint=right_pinky_CMC joint_index=8 from_rad=0.144123 to_rad=0.259895
[action 000167 chunk_step=0] raw=[-0.2211,1.3863] sent=[-0.2211,1.3863] limit_clips=0 step_clips=0 tracking_max=nan
[cmd 000252 kind=policy chunk=0083 chunk_step=1] delta_max_rad=0.127028 delta_max_deg=7.2782 joint=right_ring_PIP joint_index=15 from_rad=1.150258 to_rad=1.023230
[action 000168 chunk_step=1] raw=[-0.2754,1.3002] sent=[-0.2754,1.3002] limit_clips=0 step_clips=0 tracking_max=nan
[cmd 000253 kind=inference_hold chunk=0084 chunk_step=-] delta_max_rad=0.079531 delta_max_deg=4.5568 joint=right_ring_PIP joint_index=15 from_rad=1.023230 to_rad=1.102761
[latency] hand_policy inference_ms=9.336
[chunk 0084] inference=0.009s predicted=(2, 22)
[cmd 000254 kind=policy chunk=0084 chunk_step=0] delta_max_rad=0.181914 delta_max_deg=10.4229 joint=right_ring_PIP joint_index=15 from_rad=1.102761 to_rad=0.920847
[action 000169 chunk_step=0] raw=[-0.3250,1.2138] sent=[-0.3250,1.2138] limit_clips=0 step_clips=0 tracking_max=nan
[cmd 000255 kind=policy chunk=0084 chunk_step=1] delta_max_rad=0.103683 delta_max_deg=5.9406 joint=right_index_DIP joint_index=3 from_rad=1.132829 to_rad=1.236512
[action 000170 chunk_step=1] raw=[-0.3439,1.2365] sent=[-0.3439,1.2365] limit_clips=0 step_clips=0 tracking_max=nan
[cmd 000256 kind=inference_hold chunk=0085 chunk_step=-] delta_max_rad=0.076766 delta_max_deg=4.3984 joint=right_index_DIP joint_index=3 from_rad=1.236512 to_rad=1.159746
[latency] hand_policy inference_ms=8.592
[chunk 0085] inference=0.009s predicted=(2, 22)
[cmd 000257 kind=policy chunk=0085 chunk_step=0] delta_max_rad=0.176420 delta_max_deg=10.1081 joint=right_index_PIP joint_index=2 from_rad=0.329868 to_rad=0.506289
[action 000171 chunk_step=0] raw=[-0.3463,1.3226] sent=[-0.3463,1.3226] limit_clips=0 step_clips=0 tracking_max=nan
[cmd 000258 kind=policy chunk=0085 chunk_step=1] delta_max_rad=0.098881 delta_max_deg=5.6655 joint=right_middle_MCP_FE joint_index=4 from_rad=0.195793 to_rad=0.294674
[action 000172 chunk_step=1] raw=[-0.3477,1.3940] sent=[-0.3477,1.3940] limit_clips=0 step_clips=0 tracking_max=nan
[cmd 000259 kind=inference_hold chunk=0086 chunk_step=-] delta_max_rad=0.114621 delta_max_deg=6.5673 joint=right_index_DIP joint_index=3 from_rad=1.393963 to_rad=1.279342
[latency] hand_policy inference_ms=9.059
[chunk 0086] inference=0.009s predicted=(2, 22)
[cmd 000260 kind=policy chunk=0086 chunk_step=0] delta_max_rad=0.196152 delta_max_deg=11.2387 joint=right_thumb_IP joint_index=21 from_rad=0.557388 to_rad=0.361236
[action 000173 chunk_step=0] raw=[-0.3491,1.3950] sent=[-0.3491,1.3950] limit_clips=0 step_clips=0 tracking_max=nan
[cmd 000261 kind=policy chunk=0086 chunk_step=1] delta_max_rad=0.115719 delta_max_deg=6.6302 joint=right_middle_MCP_FE joint_index=4 from_rad=0.399186 to_rad=0.514905
[action 000174 chunk_step=1] raw=[-0.3491,1.3914] sent=[-0.3491,1.3914] limit_clips=0 step_clips=0 tracking_max=nan
[cmd 000262 kind=inference_hold chunk=0087 chunk_step=-] delta_max_rad=0.098388 delta_max_deg=5.6372 joint=right_middle_MCP_FE joint_index=4 from_rad=0.514905 to_rad=0.416518
[latency] hand_policy inference_ms=9.984
[chunk 0087] inference=0.010s predicted=(2, 22)
[cmd 000263 kind=policy chunk=0087 chunk_step=0] delta_max_rad=0.196569 delta_max_deg=11.2626 joint=right_ring_MCP_FE joint_index=13 from_rad=0.467036 to_rad=0.663605
[action 000175 chunk_step=0] raw=[-0.3420,1.3848] sent=[-0.3420,1.3848] limit_clips=0 step_clips=0 tracking_max=nan
[cmd 000264 kind=policy chunk=0087 chunk_step=1] delta_max_rad=0.117217 delta_max_deg=6.7161 joint=right_pinky_MCP_AA joint_index=10 from_rad=0.122704 to_rad=0.239921
[action 000176 chunk_step=1] raw=[-0.3465,1.2908] sent=[-0.3465,1.2908] limit_clips=0 step_clips=0 tracking_max=nan
[cmd 000265 kind=inference_hold chunk=0088 chunk_step=-] delta_max_rad=0.062790 delta_max_deg=3.5976 joint=right_ring_MCP_FE joint_index=13 from_rad=0.716907 to_rad=0.654117
[latency] hand_policy inference_ms=9.012
[chunk 0088] inference=0.009s predicted=(2, 22)
[cmd 000266 kind=policy chunk=0088 chunk_step=0] delta_max_rad=0.137535 delta_max_deg=7.8802 joint=right_pinky_MCP_AA joint_index=10 from_rad=0.179241 to_rad=0.316776
[action 000177 chunk_step=0] raw=[-0.3457,1.2287] sent=[-0.3457,1.2287] limit_clips=0 step_clips=0 tracking_max=nan
[cmd 000267 kind=policy chunk=0088 chunk_step=1] delta_max_rad=0.110327 delta_max_deg=6.3213 joint=right_middle_DIP joint_index=7 from_rad=0.956911 to_rad=1.067238
[action 000178 chunk_step=1] raw=[-0.3456,1.2147] sent=[-0.3456,1.2147] limit_clips=0 step_clips=0 tracking_max=nan
[cmd 000268 kind=inference_hold chunk=0089 chunk_step=-] delta_max_rad=0.077106 delta_max_deg=4.4178 joint=right_middle_DIP joint_index=7 from_rad=1.067238 to_rad=0.990133
[latency] hand_policy inference_ms=8.341
[chunk 0089] inference=0.008s predicted=(2, 22)
[cmd 000269 kind=policy chunk=0089 chunk_step=0] delta_max_rad=0.179683 delta_max_deg=10.2951 joint=right_pinky_PIP joint_index=11 from_rad=0.703579 to_rad=0.523897
[action 000179 chunk_step=0] raw=[-0.3467,1.1884] sent=[-0.3467,1.1884] limit_clips=0 step_clips=0 tracking_max=nan
[cmd 000270 kind=policy chunk=0089 chunk_step=1] delta_max_rad=0.101724 delta_max_deg=5.8284 joint=right_pinky_PIP joint_index=11 from_rad=0.523897 to_rad=0.422172
[action 000180 chunk_step=1] raw=[-0.3408,1.2435] sent=[-0.3408,1.2435] limit_clips=0 step_clips=0 tracking_max=nan
[cmd 000271 kind=inference_hold chunk=0090 chunk_step=-] delta_max_rad=0.079433 delta_max_deg=4.5512 joint=right_pinky_PIP joint_index=11 from_rad=0.422172 to_rad=0.501606
[latency] hand_policy inference_ms=9.810
[chunk 0090] inference=0.010s predicted=(2, 22)
[cmd 000272 kind=policy chunk=0090 chunk_step=0] delta_max_rad=0.180908 delta_max_deg=10.3653 joint=right_pinky_PIP joint_index=11 from_rad=0.501606 to_rad=0.320698
[action 000181 chunk_step=0] raw=[-0.3468,1.3261] sent=[-0.3468,1.3261] limit_clips=0 step_clips=0 tracking_max=nan
[cmd 000273 kind=policy chunk=0090 chunk_step=1] delta_max_rad=0.095521 delta_max_deg=5.4729 joint=right_thumb_IP joint_index=21 from_rad=0.625063 to_rad=0.720583
[action 000182 chunk_step=1] raw=[-0.3452,1.3316] sent=[-0.3452,1.3316] limit_clips=0 step_clips=0 tracking_max=nan
[cmd 000274 kind=inference_hold chunk=0091 chunk_step=-] delta_max_rad=0.083315 delta_max_deg=4.7736 joint=right_thumb_IP joint_index=21 from_rad=0.720583 to_rad=0.637269
[latency] hand_policy inference_ms=8.506
[chunk 0091] inference=0.009s predicted=(2, 22)
[cmd 000275 kind=policy chunk=0091 chunk_step=0] delta_max_rad=0.185740 delta_max_deg=10.6421 joint=right_thumb_IP joint_index=21 from_rad=0.637269 to_rad=0.823008
[action 000183 chunk_step=0] raw=[-0.3491,1.3699] sent=[-0.3491,1.3699] limit_clips=0 step_clips=0 tracking_max=nan
[cmd 000276 kind=policy chunk=0091 chunk_step=1] delta_max_rad=0.088421 delta_max_deg=5.0662 joint=right_pinky_CMC joint_index=8 from_rad=0.001841 to_rad=0.090262
[action 000184 chunk_step=1] raw=[-0.3478,1.3850] sent=[-0.3478,1.3850] limit_clips=0 step_clips=0 tracking_max=nan
[cmd 000277 kind=inference_hold chunk=0092 chunk_step=-] delta_max_rad=0.085986 delta_max_deg=4.9266 joint=right_ring_DIP joint_index=16 from_rad=1.384956 to_rad=1.298970
[latency] hand_policy inference_ms=8.785
[chunk 0092] inference=0.009s predicted=(2, 22)
[cmd 000278 kind=policy chunk=0092 chunk_step=0] delta_max_rad=0.137606 delta_max_deg=7.8843 joint=right_middle_PIP joint_index=6 from_rad=0.748990 to_rad=0.611384
[action 000185 chunk_step=0] raw=[-0.3491,1.3922] sent=[-0.3491,1.3922] limit_clips=0 step_clips=0 tracking_max=nan
[cmd 000279 kind=policy chunk=0092 chunk_step=1] delta_max_rad=0.109855 delta_max_deg=6.2942 joint=right_middle_DIP joint_index=7 from_rad=1.257177 to_rad=1.147322
[action 000186 chunk_step=1] raw=[-0.3491,1.2993] sent=[-0.3491,1.2993] limit_clips=0 step_clips=0 tracking_max=nan
[cmd 000280 kind=inference_hold chunk=0093 chunk_step=-] delta_max_rad=0.075611 delta_max_deg=4.3322 joint=right_middle_PIP joint_index=6 from_rad=0.520871 to_rad=0.596482
[latency] hand_policy inference_ms=9.722
[chunk 0093] inference=0.010s predicted=(2, 22)
[cmd 000281 kind=policy chunk=0093 chunk_step=0] delta_max_rad=0.183345 delta_max_deg=10.5049 joint=right_index_DIP joint_index=3 from_rad=0.886886 to_rad=1.070231
[action 000187 chunk_step=0] raw=[-0.3486,1.2134] sent=[-0.3486,1.2134] limit_clips=0 step_clips=0 tracking_max=nan
[cmd 000282 kind=policy chunk=0093 chunk_step=1] delta_max_rad=0.115020 delta_max_deg=6.5901 joint=right_pinky_PIP joint_index=11 from_rad=0.269420 to_rad=0.384440
[action 000188 chunk_step=1] raw=[-0.3491,1.1696] sent=[-0.3491,1.1696] limit_clips=0 step_clips=0 tracking_max=nan
[cmd 000283 kind=inference_hold chunk=0094 chunk_step=-] delta_max_rad=0.079424 delta_max_deg=4.5507 joint=right_index_DIP joint_index=3 from_rad=1.169574 to_rad=1.090150
[latency] hand_policy inference_ms=8.638
[chunk 0094] inference=0.009s predicted=(2, 22)
[cmd 000284 kind=policy chunk=0094 chunk_step=0] delta_max_rad=0.176044 delta_max_deg=10.0866 joint=right_index_DIP joint_index=3 from_rad=1.090150 to_rad=1.266195
[action 000189 chunk_step=0] raw=[-0.3491,1.2662] sent=[-0.3491,1.2662] limit_clips=0 step_clips=0 tracking_max=nan
[cmd 000285 kind=policy chunk=0094 chunk_step=1] delta_max_rad=0.100260 delta_max_deg=5.7445 joint=right_middle_MCP_FE joint_index=4 from_rad=0.335147 to_rad=0.435407
[action 000190 chunk_step=1] raw=[-0.3491,1.3479] sent=[-0.3491,1.3479] limit_clips=0 step_clips=0 tracking_max=nan
[cmd 000286 kind=inference_hold chunk=0095 chunk_step=-] delta_max_rad=0.093772 delta_max_deg=5.3727 joint=right_index_DIP joint_index=3 from_rad=1.347864 to_rad=1.254092
[latency] hand_policy inference_ms=9.965
[chunk 0095] inference=0.010s predicted=(2, 22)
[cmd 000287 kind=policy chunk=0095 chunk_step=0] delta_max_rad=0.166250 delta_max_deg=9.5254 joint=right_middle_MCP_FE joint_index=4 from_rad=0.365488 to_rad=0.531737
[action 000191 chunk_step=0] raw=[-0.3466,1.3946] sent=[-0.3466,1.3946] limit_clips=0 step_clips=0 tracking_max=nan
[cmd 000288 kind=policy chunk=0095 chunk_step=1] delta_max_rad=0.105697 delta_max_deg=6.0560 joint=right_ring_MCP_FE joint_index=13 from_rad=0.414741 to_rad=0.520438
[action 000192 chunk_step=1] raw=[-0.3454,1.3543] sent=[-0.3454,1.3543] limit_clips=0 step_clips=0 tracking_max=nan
[cmd 000289 kind=inference_hold chunk=0096 chunk_step=-] delta_max_rad=0.079319 delta_max_deg=4.5447 joint=right_ring_MCP_FE joint_index=13 from_rad=0.520438 to_rad=0.441119
[latency] hand_policy inference_ms=9.399
[chunk 0096] inference=0.009s predicted=(2, 22)
[cmd 000290 kind=policy chunk=0096 chunk_step=0] delta_max_rad=0.175566 delta_max_deg=10.0592 joint=right_ring_MCP_FE joint_index=13 from_rad=0.441119 to_rad=0.616685
[action 000193 chunk_step=0] raw=[-0.3472,1.3370] sent=[-0.3472,1.3370] limit_clips=0 step_clips=0 tracking_max=nan
[cmd 000291 kind=policy chunk=0096 chunk_step=1] delta_max_rad=0.104464 delta_max_deg=5.9853 joint=right_ring_DIP joint_index=16 from_rad=0.785196 to_rad=0.889660
[action 000194 chunk_step=1] raw=[-0.3470,1.3394] sent=[-0.3470,1.3394] limit_clips=0 step_clips=0 tracking_max=nan
[cmd 000292 kind=inference_hold chunk=0097 chunk_step=-] delta_max_rad=0.067372 delta_max_deg=3.8601 joint=right_middle_DIP joint_index=7 from_rad=1.062780 to_rad=0.995409
[latency] hand_policy inference_ms=8.476
[chunk 0097] inference=0.008s predicted=(2, 22)
[cmd 000293 kind=policy chunk=0097 chunk_step=0] delta_max_rad=0.151279 delta_max_deg=8.6677 joint=right_index_PIP joint_index=2 from_rad=0.542367 to_rad=0.391088
[action 000195 chunk_step=0] raw=[-0.3468,1.3227] sent=[-0.3468,1.3227] limit_clips=0 step_clips=0 tracking_max=nan
[cmd 000294 kind=policy chunk=0097 chunk_step=1] delta_max_rad=0.095809 delta_max_deg=5.4895 joint=right_index_DIP joint_index=3 from_rad=1.088415 to_rad=0.992606
[action 000196 chunk_step=1] raw=[-0.3484,1.3109] sent=[-0.3484,1.3109] limit_clips=0 step_clips=0 tracking_max=nan
[cmd 000295 kind=inference_hold chunk=0098 chunk_step=-] delta_max_rad=0.071615 delta_max_deg=4.1032 joint=right_index_PIP joint_index=2 from_rad=0.302486 to_rad=0.374101
[latency] hand_policy inference_ms=8.550
[chunk 0098] inference=0.009s predicted=(2, 22)
[cmd 000296 kind=policy chunk=0098 chunk_step=0] delta_max_rad=0.158465 delta_max_deg=9.0794 joint=right_index_PIP joint_index=2 from_rad=0.374101 to_rad=0.215636
[action 000197 chunk_step=0] raw=[-0.3491,1.3057] sent=[-0.3491,1.3057] limit_clips=0 step_clips=0 tracking_max=nan
[cmd 000297 kind=policy chunk=0098 chunk_step=1] delta_max_rad=0.091063 delta_max_deg=5.2175 joint=right_ring_MCP_FE joint_index=13 from_rad=0.382566 to_rad=0.291503
[action 000198 chunk_step=1] raw=[-0.3487,1.3094] sent=[-0.3487,1.3094] limit_clips=0 step_clips=0 tracking_max=nan
[cmd 000298 kind=inference_hold chunk=0099 chunk_step=-] delta_max_rad=0.071926 delta_max_deg=4.1210 joint=right_ring_MCP_AA joint_index=14 from_rad=-0.011478 to_rad=0.060448
[latency] hand_policy inference_ms=9.963
[chunk 0099] inference=0.010s predicted=(2, 22)
[cmd 000299 kind=policy chunk=0099 chunk_step=0] delta_max_rad=0.182567 delta_max_deg=10.4603 joint=right_thumb_IP joint_index=21 from_rad=0.579838 to_rad=0.762405
[action 000199 chunk_step=0] raw=[-0.3465,1.3321] sent=[-0.3465,1.3321] limit_clips=0 step_clips=0 tracking_max=nan
[cmd 000300 kind=policy chunk=0099 chunk_step=1] delta_max_rad=0.092256 delta_max_deg=5.2859 joint=right_middle_PIP joint_index=6 from_rad=0.284703 to_rad=0.192447
[action 000200 chunk_step=1] raw=[-0.3436,1.3332] sent=[-0.3436,1.3332] limit_clips=0 step_clips=0 tracking_max=nan
[cmd 000301 kind=inference_hold chunk=0100 chunk_step=-] delta_max_rad=0.071340 delta_max_deg=4.0875 joint=right_middle_PIP joint_index=6 from_rad=0.192447 to_rad=0.263787
[latency] hand_policy inference_ms=8.545
[chunk 0100] inference=0.009s predicted=(2, 22)
[cmd 000302 kind=policy chunk=0100 chunk_step=0] delta_max_rad=0.165644 delta_max_deg=9.4907 joint=right_middle_PIP joint_index=6 from_rad=0.263787 to_rad=0.098143
[action 000201 chunk_step=0] raw=[-0.3491,1.2685] sent=[-0.3491,1.2685] limit_clips=0 step_clips=0 tracking_max=nan
[cmd 000303 kind=policy chunk=0100 chunk_step=1] delta_max_rad=0.103773 delta_max_deg=5.9457 joint=right_ring_MCP_FE joint_index=13 from_rad=0.244619 to_rad=0.348392
[action 000202 chunk_step=1] raw=[-0.3491,1.2897] sent=[-0.3491,1.2897] limit_clips=0 step_clips=0 tracking_max=nan
[cmd 000304 kind=inference_hold chunk=0101 chunk_step=-] delta_max_rad=0.079003 delta_max_deg=4.5265 joint=right_index_DIP joint_index=3 from_rad=1.289663 to_rad=1.210660
[latency] hand_policy inference_ms=9.985
[chunk 0101] inference=0.010s predicted=(2, 22)
[cmd 000305 kind=policy chunk=0101 chunk_step=0] delta_max_rad=0.171646 delta_max_deg=9.8346 joint=right_index_DIP joint_index=3 from_rad=1.210660 to_rad=1.382307
[action 000203 chunk_step=0] raw=[-0.3491,1.3823] sent=[-0.3491,1.3823] limit_clips=0 step_clips=0 tracking_max=nan
[cmd 000306 kind=policy chunk=0101 chunk_step=1] delta_max_rad=0.100395 delta_max_deg=5.7522 joint=right_pinky_PIP joint_index=11 from_rad=0.286061 to_rad=0.386456
[action 000204 chunk_step=1] raw=[-0.3458,1.3963] sent=[-0.3458,1.3963] limit_clips=0 step_clips=0 tracking_max=nan
[cmd 000307 kind=inference_hold chunk=0102 chunk_step=-] delta_max_rad=0.106632 delta_max_deg=6.1096 joint=right_index_DIP joint_index=3 from_rad=1.396300 to_rad=1.289667
[latency] hand_policy inference_ms=9.474
[chunk 0102] inference=0.009s predicted=(2, 22)
[cmd 000308 kind=policy chunk=0102 chunk_step=0] delta_max_rad=0.178439 delta_max_deg=10.2238 joint=right_thumb_IP joint_index=21 from_rad=0.514774 to_rad=0.336335
[action 000205 chunk_step=0] raw=[-0.3450,1.3923] sent=[-0.3450,1.3923] limit_clips=0 step_clips=0 tracking_max=nan
[cmd 000309 kind=policy chunk=0102 chunk_step=1] delta_max_rad=0.105877 delta_max_deg=6.0663 joint=right_ring_MCP_FE joint_index=13 from_rad=0.612640 to_rad=0.718518
[action 000206 chunk_step=1] raw=[-0.3476,1.3048] sent=[-0.3476,1.3048] limit_clips=0 step_clips=0 tracking_max=nan
[cmd 000310 kind=inference_hold chunk=0103 chunk_step=-] delta_max_rad=0.084232 delta_max_deg=4.8261 joint=right_ring_MCP_FE joint_index=13 from_rad=0.718518 to_rad=0.634286
[latency] hand_policy inference_ms=8.533
[chunk 0103] inference=0.009s predicted=(2, 22)
[cmd 000311 kind=policy chunk=0103 chunk_step=0] delta_max_rad=0.143650 delta_max_deg=8.2306 joint=right_middle_DIP joint_index=7 from_rad=1.198036 to_rad=1.341686
[action 000207 chunk_step=0] raw=[-0.3491,1.3417] sent=[-0.3491,1.3417] limit_clips=0 step_clips=0 tracking_max=nan
[cmd 000312 kind=policy chunk=0103 chunk_step=1] delta_max_rad=0.125058 delta_max_deg=7.1653 joint=right_pinky_PIP joint_index=11 from_rad=0.484268 to_rad=0.359210
[action 000208 chunk_step=1] raw=[-0.3477,1.3913] sent=[-0.3477,1.3913] limit_clips=0 step_clips=0 tracking_max=nan
[cmd 000313 kind=inference_hold chunk=0104 chunk_step=-] delta_max_rad=0.104551 delta_max_deg=5.9903 joint=right_middle_DIP joint_index=7 from_rad=1.391260 to_rad=1.286709
[latency] hand_policy inference_ms=9.650
[chunk 0104] inference=0.010s predicted=(2, 22)
[cmd 000314 kind=policy chunk=0104 chunk_step=0] delta_max_rad=0.157837 delta_max_deg=9.0434 joint=right_ring_PIP joint_index=15 from_rad=0.581021 to_rad=0.738858
[action 000209 chunk_step=0] raw=[-0.3464,1.3963] sent=[-0.3464,1.3963] limit_clips=0 step_clips=0 tracking_max=nan
[cmd 000315 kind=policy chunk=0104 chunk_step=1] delta_max_rad=0.104379 delta_max_deg=5.9805 joint=right_ring_MCP_FE joint_index=13 from_rad=0.580764 to_rad=0.476386
[action 000210 chunk_step=1] raw=[-0.3467,1.3963] sent=[-0.3467,1.3963] limit_clips=0 step_clips=0 tracking_max=nan
[cmd 000316 kind=inference_hold chunk=0105 chunk_step=-] delta_max_rad=0.090788 delta_max_deg=5.2018 joint=right_middle_DIP joint_index=7 from_rad=1.396300 to_rad=1.305512
[latency] hand_policy inference_ms=9.846
[chunk 0105] inference=0.010s predicted=(2, 22)
[cmd 000317 kind=policy chunk=0105 chunk_step=0] delta_max_rad=0.179887 delta_max_deg=10.3068 joint=right_ring_MCP_FE joint_index=13 from_rad=0.549745 to_rad=0.369858
[action 000211 chunk_step=0] raw=[-0.3488,1.3863] sent=[-0.3488,1.3863] limit_clips=0 step_clips=0 tracking_max=nan
[cmd 000318 kind=policy chunk=0105 chunk_step=1] delta_max_rad=0.101218 delta_max_deg=5.7994 joint=right_ring_MCP_FE joint_index=13 from_rad=0.369858 to_rad=0.268640
[action 000212 chunk_step=1] raw=[-0.3478,1.3889] sent=[-0.3478,1.3889] limit_clips=0 step_clips=0 tracking_max=nan
[cmd 000319 kind=inference_hold chunk=0106 chunk_step=-] delta_max_rad=0.087592 delta_max_deg=5.0186 joint=right_ring_MCP_FE joint_index=13 from_rad=0.268640 to_rad=0.356232
[latency] hand_policy inference_ms=8.366
[chunk 0106] inference=0.008s predicted=(2, 22)
[cmd 000320 kind=policy chunk=0106 chunk_step=0] delta_max_rad=0.189043 delta_max_deg=10.8314 joint=right_ring_MCP_FE joint_index=13 from_rad=0.356232 to_rad=0.167189
[action 000213 chunk_step=0] raw=[-0.3491,1.3921] sent=[-0.3491,1.3921] limit_clips=0 step_clips=0 tracking_max=nan
[cmd 000321 kind=policy chunk=0106 chunk_step=1] delta_max_rad=0.093327 delta_max_deg=5.3473 joint=right_thumb_IP joint_index=21 from_rad=0.568797 to_rad=0.662124
[action 000214 chunk_step=1] raw=[-0.3422,1.3963] sent=[-0.3422,1.3963] limit_clips=0 step_clips=0 tracking_max=nan
[cmd 000322 kind=inference_hold chunk=0107 chunk_step=-] delta_max_rad=0.092795 delta_max_deg=5.3167 joint=right_ring_DIP joint_index=16 from_rad=1.383160 to_rad=1.290365
[latency] hand_policy inference_ms=9.668
[chunk 0107] inference=0.010s predicted=(2, 22)
[cmd 000323 kind=policy chunk=0107 chunk_step=0] delta_max_rad=0.130424 delta_max_deg=7.4728 joint=right_pinky_CMC joint_index=8 from_rad=0.131376 to_rad=0.261800
[action 000215 chunk_step=0] raw=[-0.3476,1.3410] sent=[-0.3476,1.3410] limit_clips=0 step_clips=0 tracking_max=nan
[cmd 000324 kind=policy chunk=0107 chunk_step=1] delta_max_rad=0.106072 delta_max_deg=6.0775 joint=right_thumb_MCP_FE joint_index=19 from_rad=0.587846 to_rad=0.481773
[action 000216 chunk_step=1] raw=[-0.3491,1.2476] sent=[-0.3491,1.2476] limit_clips=0 step_clips=0 tracking_max=nan
[cmd 000325 kind=inference_hold chunk=0108 chunk_step=-] delta_max_rad=0.072569 delta_max_deg=4.1579 joint=right_ring_PIP joint_index=15 from_rad=0.801586 to_rad=0.874155
[latency] hand_policy inference_ms=9.842
[chunk 0108] inference=0.010s predicted=(2, 22)
[cmd 000326 kind=policy chunk=0108 chunk_step=0] delta_max_rad=0.169680 delta_max_deg=9.7220 joint=right_ring_PIP joint_index=15 from_rad=0.874155 to_rad=0.704475
[action 000217 chunk_step=0] raw=[-0.3491,1.1805] sent=[-0.3491,1.1805] limit_clips=0 step_clips=0 tracking_max=nan
[cmd 000327 kind=policy chunk=0108 chunk_step=1] delta_max_rad=0.095758 delta_max_deg=5.4865 joint=right_index_DIP joint_index=3 from_rad=1.124542 to_rad=1.220300
[action 000218 chunk_step=1] raw=[-0.3491,1.2203] sent=[-0.3491,1.2203] limit_clips=0 step_clips=0 tracking_max=nan
[cmd 000328 kind=inference_hold chunk=0109 chunk_step=-] delta_max_rad=0.074083 delta_max_deg=4.2447 joint=right_index_DIP joint_index=3 from_rad=1.220300 to_rad=1.146217
[latency] hand_policy inference_ms=8.330
[chunk 0109] inference=0.008s predicted=(2, 22)
[cmd 000329 kind=policy chunk=0109 chunk_step=0] delta_max_rad=0.184301 delta_max_deg=10.5597 joint=right_index_PIP joint_index=2 from_rad=0.283165 to_rad=0.467466
[action 000219 chunk_step=0] raw=[-0.3480,1.3032] sent=[-0.3480,1.3032] limit_clips=0 step_clips=0 tracking_max=nan
[cmd 000330 kind=policy chunk=0109 chunk_step=1] delta_max_rad=0.116020 delta_max_deg=6.6475 joint=right_ring_MCP_FE joint_index=13 from_rad=0.432222 to_rad=0.548242
[action 000220 chunk_step=1] raw=[-0.3473,1.3682] sent=[-0.3473,1.3682] limit_clips=0 step_clips=0 tracking_max=nan
[cmd 000331 kind=inference_hold chunk=0110 chunk_step=-] delta_max_rad=0.092145 delta_max_deg=5.2795 joint=right_index_DIP joint_index=3 from_rad=1.368229 to_rad=1.276084
[latency] hand_policy inference_ms=9.649
[chunk 0110] inference=0.010s predicted=(2, 22)
[cmd 000332 kind=policy chunk=0110 chunk_step=0] delta_max_rad=0.187359 delta_max_deg=10.7349 joint=right_ring_MCP_FE joint_index=13 from_rad=0.460351 to_rad=0.647711
[action 000221 chunk_step=0] raw=[-0.3456,1.3910] sent=[-0.3456,1.3910] limit_clips=0 step_clips=0 tracking_max=nan
[cmd 000333 kind=policy chunk=0110 chunk_step=1] delta_max_rad=0.090291 delta_max_deg=5.1733 joint=right_pinky_CMC joint_index=8 from_rad=0.259523 to_rad=0.169232
[action 000222 chunk_step=1] raw=[-0.3485,1.3175] sent=[-0.3485,1.3175] limit_clips=0 step_clips=0 tracking_max=nan
[cmd 000334 kind=inference_hold chunk=0111 chunk_step=-] delta_max_rad=0.061777 delta_max_deg=3.5396 joint=right_middle_PIP joint_index=6 from_rad=0.371910 to_rad=0.310133
[latency] hand_policy inference_ms=9.842
[chunk 0111] inference=0.010s predicted=(2, 22)
[cmd 000335 kind=policy chunk=0111 chunk_step=0] delta_max_rad=0.133717 delta_max_deg=7.6614 joint=right_pinky_CMC joint_index=8 from_rad=0.213077 to_rad=0.079360
[action 000223 chunk_step=0] raw=[-0.3491,1.2686] sent=[-0.3491,1.2686] limit_clips=0 step_clips=0 tracking_max=nan
[cmd 000336 kind=policy chunk=0111 chunk_step=1] delta_max_rad=0.109197 delta_max_deg=6.2565 joint=right_ring_MCP_FE joint_index=13 from_rad=0.609876 to_rad=0.500679
[action 000224 chunk_step=1] raw=[-0.3479,1.2548] sent=[-0.3479,1.2548] limit_clips=0 step_clips=0 tracking_max=nan
[cmd 000337 kind=inference_hold chunk=0112 chunk_step=-] delta_max_rad=0.072696 delta_max_deg=4.1652 joint=right_index_PIP joint_index=2 from_rad=0.359871 to_rad=0.432567
[latency] hand_policy inference_ms=8.619
[chunk 0112] inference=0.009s predicted=(2, 22)
[cmd 000338 kind=policy chunk=0112 chunk_step=0] delta_max_rad=0.165436 delta_max_deg=9.4788 joint=right_ring_MCP_FE joint_index=13 from_rad=0.566197 to_rad=0.400761
[action 000225 chunk_step=0] raw=[-0.3484,1.3193] sent=[-0.3484,1.3193] limit_clips=0 step_clips=0 tracking_max=nan
[cmd 000339 kind=policy chunk=0112 chunk_step=1] delta_max_rad=0.110445 delta_max_deg=6.3281 joint=right_pinky_DIP joint_index=12 from_rad=1.066299 to_rad=0.955854
[action 000226 chunk_step=1] raw=[-0.3460,1.3691] sent=[-0.3460,1.3691] limit_clips=0 step_clips=0 tracking_max=nan
[cmd 000340 kind=inference_hold chunk=0113 chunk_step=-] delta_max_rad=0.089568 delta_max_deg=5.1319 joint=right_pinky_DIP joint_index=12 from_rad=0.955854 to_rad=1.045422
[latency] hand_policy inference_ms=9.528
[chunk 0113] inference=0.010s predicted=(2, 22)
[cmd 000341 kind=policy chunk=0113 chunk_step=0] delta_max_rad=0.203813 delta_max_deg=11.6776 joint=right_pinky_DIP joint_index=12 from_rad=1.045422 to_rad=0.841608
[action 000227 chunk_step=0] raw=[-0.3458,1.3890] sent=[-0.3458,1.3890] limit_clips=0 step_clips=0 tracking_max=nan
[cmd 000342 kind=policy chunk=0113 chunk_step=1] delta_max_rad=0.118434 delta_max_deg=6.7858 joint=right_thumb_IP joint_index=21 from_rad=0.558064 to_rad=0.676497
[action 000228 chunk_step=1] raw=[-0.3189,1.3809] sent=[-0.3189,1.3809] limit_clips=0 step_clips=0 tracking_max=nan
[cmd 000343 kind=inference_hold chunk=0114 chunk_step=-] delta_max_rad=0.101085 delta_max_deg=5.7918 joint=right_thumb_IP joint_index=21 from_rad=0.676497 to_rad=0.575412
[latency] hand_policy inference_ms=10.089
[chunk 0114] inference=0.010s predicted=(2, 22)
[cmd 000344 kind=policy chunk=0114 chunk_step=0] delta_max_rad=0.224653 delta_max_deg=12.8716 joint=right_thumb_IP joint_index=21 from_rad=0.575412 to_rad=0.800064
[action 000229 chunk_step=0] raw=[-0.2729,1.3801] sent=[-0.2729,1.3801] limit_clips=0 step_clips=0 tracking_max=nan
[cmd 000345 kind=policy chunk=0114 chunk_step=1] delta_max_rad=0.094166 delta_max_deg=5.3953 joint=right_middle_PIP joint_index=6 from_rad=0.533197 to_rad=0.439031
[action 000230 chunk_step=1] raw=[-0.2423,1.3963] sent=[-0.2423,1.3963] limit_clips=0 step_clips=0 tracking_max=nan
[cmd 000346 kind=inference_hold chunk=0115 chunk_step=-] delta_max_rad=0.099087 delta_max_deg=5.6773 joint=right_ring_DIP joint_index=16 from_rad=1.396300 to_rad=1.297213
[latency] hand_policy inference_ms=8.966
[chunk 0115] inference=0.009s predicted=(2, 22)
[cmd 000347 kind=policy chunk=0115 chunk_step=0] delta_max_rad=0.137005 delta_max_deg=7.8498 joint=right_middle_PIP joint_index=6 from_rad=0.489136 to_rad=0.352131
[action 000231 chunk_step=0] raw=[-0.2939,1.2813] sent=[-0.2939,1.2813] limit_clips=0 step_clips=0 tracking_max=nan
[cmd 000348 kind=policy chunk=0115 chunk_step=1] delta_max_rad=0.111810 delta_max_deg=6.4062 joint=right_pinky_PIP joint_index=11 from_rad=0.118569 to_rad=0.230379
[action 000232 chunk_step=1] raw=[-0.3453,1.2023] sent=[-0.3453,1.2023] limit_clips=0 step_clips=0 tracking_max=nan
[cmd 000349 kind=inference_hold chunk=0116 chunk_step=-] delta_max_rad=0.077928 delta_max_deg=4.4650 joint=right_pinky_PIP joint_index=11 from_rad=0.230379 to_rad=0.152451
[latency] hand_policy inference_ms=8.468
[chunk 0116] inference=0.008s predicted=(2, 22)
[cmd 000350 kind=policy chunk=0116 chunk_step=0] delta_max_rad=0.167598 delta_max_deg=9.6026 joint=right_ring_PIP joint_index=15 from_rad=0.972341 to_rad=0.804743
[action 000233 chunk_step=0] raw=[-0.3491,1.1869] sent=[-0.3491,1.1869] limit_clips=0 step_clips=0 tracking_max=nan
[cmd 000351 kind=policy chunk=0116 chunk_step=1] delta_max_rad=0.103591 delta_max_deg=5.9353 joint=right_index_DIP joint_index=3 from_rad=1.186943 to_rad=1.290534
[action 000234 chunk_step=1] raw=[-0.3486,1.2905] sent=[-0.3486,1.2905] limit_clips=0 step_clips=0 tracking_max=nan
[cmd 000352 kind=inference_hold chunk=0117 chunk_step=-] delta_max_rad=0.082002 delta_max_deg=4.6984 joint=right_index_DIP joint_index=3 from_rad=1.290534 to_rad=1.208532
[latency] hand_policy inference_ms=9.372
[chunk 0117] inference=0.009s predicted=(2, 22)
[cmd 000353 kind=policy chunk=0117 chunk_step=0] delta_max_rad=0.188239 delta_max_deg=10.7853 joint=right_index_PIP joint_index=2 from_rad=0.390452 to_rad=0.578691
[action 000235 chunk_step=0] raw=[-0.3464,1.3753] sent=[-0.3464,1.3753] limit_clips=0 step_clips=0 tracking_max=nan
[cmd 000354 kind=policy chunk=0117 chunk_step=1] delta_max_rad=0.109297 delta_max_deg=6.2623 joint=right_ring_MCP_FE joint_index=13 from_rad=0.318955 to_rad=0.428253
[action 000236 chunk_step=1] raw=[-0.3460,1.3908] sent=[-0.3460,1.3908] limit_clips=0 step_clips=0 tracking_max=nan
[cmd 000355 kind=inference_hold chunk=0118 chunk_step=-] delta_max_rad=0.100382 delta_max_deg=5.7515 joint=right_index_DIP joint_index=3 from_rad=1.390802 to_rad=1.290420
[latency] hand_policy inference_ms=8.780
[chunk 0118] inference=0.009s predicted=(2, 22)
[cmd 000356 kind=policy chunk=0118 chunk_step=0] delta_max_rad=0.211331 delta_max_deg=12.1084 joint=right_ring_MCP_FE joint_index=13 from_rad=0.340542 to_rad=0.551873
[action 000237 chunk_step=0] raw=[-0.3442,1.3894] sent=[-0.3442,1.3894] limit_clips=0 step_clips=0 tracking_max=nan
[cmd 000357 kind=policy chunk=0118 chunk_step=1] delta_max_rad=0.101593 delta_max_deg=5.8208 joint=right_ring_MCP_FE joint_index=13 from_rad=0.551873 to_rad=0.653466
[action 000238 chunk_step=1] raw=[-0.3475,1.3327] sent=[-0.3475,1.3327] limit_clips=0 step_clips=0 tracking_max=nan
[cmd 000358 kind=inference_hold chunk=0119 chunk_step=-] delta_max_rad=0.090247 delta_max_deg=5.1708 joint=right_ring_MCP_FE joint_index=13 from_rad=0.653466 to_rad=0.563219
[latency] hand_policy inference_ms=8.566
[chunk 0119] inference=0.009s predicted=(2, 22)
[cmd 000359 kind=policy chunk=0119 chunk_step=0] delta_max_rad=0.183127 delta_max_deg=10.4924 joint=right_middle_PIP joint_index=6 from_rad=0.267144 to_rad=0.450271
[action 000239 chunk_step=0] raw=[-0.3458,1.2607] sent=[-0.3458,1.2607] limit_clips=0 step_clips=0 tracking_max=nan
[cmd 000360 kind=policy chunk=0119 chunk_step=1] delta_max_rad=0.117713 delta_max_deg=6.7445 joint=right_index_PIP joint_index=2 from_rad=0.685235 to_rad=0.567521
[action 000240 chunk_step=1] raw=[-0.3488,1.2342] sent=[-0.3488,1.2342] limit_clips=0 step_clips=0 tracking_max=nan
[cmd 000361 kind=inference_hold chunk=0120 chunk_step=-] delta_max_rad=0.075424 delta_max_deg=4.3215 joint=right_middle_PIP joint_index=6 from_rad=0.525904 to_rad=0.450480
[latency] hand_policy inference_ms=9.934
[chunk 0120] inference=0.010s predicted=(2, 22)
[cmd 000362 kind=policy chunk=0120 chunk_step=0] delta_max_rad=0.175836 delta_max_deg=10.0747 joint=right_ring_DIP joint_index=16 from_rad=0.864002 to_rad=1.039838
[action 000241 chunk_step=0] raw=[-0.3467,1.2121] sent=[-0.3467,1.2121] limit_clips=0 step_clips=0 tracking_max=nan
[cmd 000363 kind=policy chunk=0120 chunk_step=1] delta_max_rad=0.099029 delta_max_deg=5.6740 joint=right_index_DIP joint_index=3 from_rad=1.060830 to_rad=0.961801
[action 000242 chunk_step=1] raw=[-0.3442,1.1781] sent=[-0.3442,1.1781] limit_clips=0 step_clips=0 tracking_max=nan
[cmd 000364 kind=inference_hold chunk=0121 chunk_step=-] delta_max_rad=0.086583 delta_max_deg=4.9609 joint=right_index_DIP joint_index=3 from_rad=0.961801 to_rad=1.048384
[latency] hand_policy inference_ms=9.168
[chunk 0121] inference=0.009s predicted=(2, 22)
[cmd 000365 kind=policy chunk=0121 chunk_step=0] delta_max_rad=0.183790 delta_max_deg=10.5304 joint=right_pinky_PIP joint_index=11 from_rad=0.468889 to_rad=0.285099
[action 000243 chunk_step=0] raw=[-0.3491,1.2145] sent=[-0.3491,1.2145] limit_clips=0 step_clips=0 tracking_max=nan
[cmd 000366 kind=policy chunk=0121 chunk_step=1] delta_max_rad=0.101699 delta_max_deg=5.8269 joint=right_thumb_IP joint_index=21 from_rad=0.663900 to_rad=0.765599
[action 000244 chunk_step=1] raw=[-0.3415,1.3023] sent=[-0.3415,1.3023] limit_clips=0 step_clips=0 tracking_max=nan
[cmd 000367 kind=inference_hold chunk=0122 chunk_step=-] delta_max_rad=0.078313 delta_max_deg=4.4870 joint=right_thumb_IP joint_index=21 from_rad=0.765599 to_rad=0.687286
[latency] hand_policy inference_ms=8.493
[chunk 0122] inference=0.008s predicted=(2, 22)
[cmd 000368 kind=policy chunk=0122 chunk_step=0] delta_max_rad=0.183389 delta_max_deg=10.5074 joint=right_ring_MCP_FE joint_index=13 from_rad=0.325379 to_rad=0.141990
[action 000245 chunk_step=0] raw=[-0.3347,1.3634] sent=[-0.3347,1.3634] limit_clips=0 step_clips=0 tracking_max=nan
[cmd 000369 kind=policy chunk=0122 chunk_step=1] delta_max_rad=0.095894 delta_max_deg=5.4943 joint=right_middle_PIP joint_index=6 from_rad=0.798865 to_rad=0.702971
[action 000246 chunk_step=1] raw=[-0.3046,1.3780] sent=[-0.3046,1.3780] limit_clips=0 step_clips=0 tracking_max=nan
[cmd 000370 kind=inference_hold chunk=0123 chunk_step=-] delta_max_rad=0.084570 delta_max_deg=4.8455 joint=right_ring_DIP joint_index=16 from_rad=1.378010 to_rad=1.293440
[latency] hand_policy inference_ms=10.131
[chunk 0123] inference=0.010s predicted=(2, 22)
[cmd 000371 kind=policy chunk=0123 chunk_step=0] delta_max_rad=0.137762 delta_max_deg=7.8932 joint=right_index_DIP joint_index=3 from_rad=0.844428 to_rad=0.982190
[action 000247 chunk_step=0] raw=[-0.3451,1.2839] sent=[-0.3451,1.2839] limit_clips=0 step_clips=0 tracking_max=nan
[cmd 000372 kind=policy chunk=0123 chunk_step=1] delta_max_rad=0.111031 delta_max_deg=6.3616 joint=right_pinky_PIP joint_index=11 from_rad=0.282907 to_rad=0.393939
[action 000248 chunk_step=1] raw=[-0.3461,1.1913] sent=[-0.3461,1.1913] limit_clips=0 step_clips=0 tracking_max=nan
[cmd 000373 kind=inference_hold chunk=0124 chunk_step=-] delta_max_rad=0.069764 delta_max_deg=3.9972 joint=right_pinky_PIP joint_index=11 from_rad=0.393939 to_rad=0.324175
[latency] hand_policy inference_ms=9.069
[chunk 0124] inference=0.009s predicted=(2, 22)
[cmd 000374 kind=policy chunk=0124 chunk_step=0] delta_max_rad=0.169138 delta_max_deg=9.6909 joint=right_pinky_PIP joint_index=11 from_rad=0.324175 to_rad=0.493313
[action 000249 chunk_step=0] raw=[-0.3491,1.1549] sent=[-0.3491,1.1549] limit_clips=0 step_clips=0 tracking_max=nan
[cmd 000375 kind=policy chunk=0124 chunk_step=1] delta_max_rad=0.097358 delta_max_deg=5.5782 joint=right_index_DIP joint_index=3 from_rad=1.154884 to_rad=1.252242
[action 000250 chunk_step=1] raw=[-0.3491,1.2522] sent=[-0.3491,1.2522] limit_clips=0 step_clips=0 tracking_max=nan
[cmd 000376 kind=inference_hold chunk=0125 chunk_step=-] delta_max_rad=0.076900 delta_max_deg=4.4061 joint=right_index_DIP joint_index=3 from_rad=1.252242 to_rad=1.175342
[latency] hand_policy inference_ms=8.926
[chunk 0125] inference=0.009s predicted=(2, 22)
[cmd 000377 kind=policy chunk=0125 chunk_step=0] delta_max_rad=0.177306 delta_max_deg=10.1589 joint=right_index_PIP joint_index=2 from_rad=0.519584 to_rad=0.696890
[action 000251 chunk_step=0] raw=[-0.3452,1.3461] sent=[-0.3452,1.3461] limit_clips=0 step_clips=0 tracking_max=nan
[cmd 000378 kind=policy chunk=0125 chunk_step=1] delta_max_rad=0.108374 delta_max_deg=6.2094 joint=right_ring_MCP_FE joint_index=13 from_rad=0.483081 to_rad=0.591455
[action 000252 chunk_step=1] raw=[-0.3465,1.3789] sent=[-0.3465,1.3789] limit_clips=0 step_clips=0 tracking_max=nan
[cmd 000379 kind=inference_hold chunk=0126 chunk_step=-] delta_max_rad=0.096363 delta_max_deg=5.5212 joint=right_index_DIP joint_index=3 from_rad=1.378908 to_rad=1.282545
[latency] hand_policy inference_ms=10.169
[chunk 0126] inference=0.010s predicted=(2, 22)
[cmd 000380 kind=policy chunk=0126 chunk_step=0] delta_max_rad=0.173210 delta_max_deg=9.9242 joint=right_ring_MCP_FE joint_index=13 from_rad=0.508403 to_rad=0.681612
[action 000253 chunk_step=0] raw=[-0.3491,1.3105] sent=[-0.3491,1.3105] limit_clips=0 step_clips=0 tracking_max=nan
[cmd 000381 kind=policy chunk=0126 chunk_step=1] delta_max_rad=0.104586 delta_max_deg=5.9923 joint=right_ring_PIP joint_index=15 from_rad=0.580147 to_rad=0.684733
[action 000254 chunk_step=1] raw=[-0.3472,1.2763] sent=[-0.3472,1.2763] limit_clips=0 step_clips=0 tracking_max=nan
[cmd 000382 kind=inference_hold chunk=0127 chunk_step=-] delta_max_rad=0.065409 delta_max_deg=3.7476 joint=right_pinky_MCP_AA joint_index=10 from_rad=0.342661 to_rad=0.277253
[latency] hand_policy inference_ms=8.715
[chunk 0127] inference=0.009s predicted=(2, 22)
[cmd 000383 kind=policy chunk=0127 chunk_step=0] delta_max_rad=0.145420 delta_max_deg=8.3320 joint=right_index_PIP joint_index=2 from_rad=0.630432 to_rad=0.485011
[action 000255 chunk_step=0] raw=[-0.3442,1.2796] sent=[-0.3442,1.2796] limit_clips=0 step_clips=0 tracking_max=nan
[cmd 000384 kind=policy chunk=0127 chunk_step=1] delta_max_rad=0.101823 delta_max_deg=5.8340 joint=right_pinky_PIP joint_index=11 from_rad=0.550185 to_rad=0.448362
[action 000256 chunk_step=1] raw=[-0.3454,1.2683] sent=[-0.3454,1.2683] limit_clips=0 step_clips=0 tracking_max=nan
[cmd 000385 kind=inference_hold chunk=0128 chunk_step=-] delta_max_rad=0.076224 delta_max_deg=4.3673 joint=right_pinky_PIP joint_index=11 from_rad=0.448362 to_rad=0.524586
[latency] hand_policy inference_ms=8.585
[chunk 0128] inference=0.009s predicted=(2, 22)
[cmd 000386 kind=policy chunk=0128 chunk_step=0] delta_max_rad=0.172239 delta_max_deg=9.8686 joint=right_pinky_PIP joint_index=11 from_rad=0.524586 to_rad=0.352347
[action 000257 chunk_step=0] raw=[-0.3476,1.2520] sent=[-0.3476,1.2520] limit_clips=0 step_clips=0 tracking_max=nan
[cmd 000387 kind=policy chunk=0128 chunk_step=1] delta_max_rad=0.107749 delta_max_deg=6.1735 joint=right_pinky_PIP joint_index=11 from_rad=0.352347 to_rad=0.244598
[action 000258 chunk_step=1] raw=[-0.3482,1.2592] sent=[-0.3482,1.2592] limit_clips=0 step_clips=0 tracking_max=nan
[cmd 000388 kind=inference_hold chunk=0129 chunk_step=-] delta_max_rad=0.083564 delta_max_deg=4.7879 joint=right_pinky_PIP joint_index=11 from_rad=0.244598 to_rad=0.328162
[latency] hand_policy inference_ms=10.134
[chunk 0129] inference=0.010s predicted=(2, 22)
[cmd 000389 kind=policy chunk=0129 chunk_step=0] delta_max_rad=0.182726 delta_max_deg=10.4694 joint=right_ring_MCP_FE joint_index=13 from_rad=0.388632 to_rad=0.205906
[action 000259 chunk_step=0] raw=[-0.3491,1.3475] sent=[-0.3491,1.3475] limit_clips=0 step_clips=0 tracking_max=nan
[cmd 000390 kind=policy chunk=0129 chunk_step=1] delta_max_rad=0.097065 delta_max_deg=5.5614 joint=right_ring_MCP_FE joint_index=13 from_rad=0.205906 to_rad=0.108841
[action 000260 chunk_step=1] raw=[-0.3489,1.3963] sent=[-0.3489,1.3963] limit_clips=0 step_clips=0 tracking_max=nan
[cmd 000391 kind=inference_hold chunk=0130 chunk_step=-] delta_max_rad=0.114774 delta_max_deg=6.5760 joint=right_ring_DIP joint_index=16 from_rad=1.396300 to_rad=1.281526
[latency] hand_policy inference_ms=9.806
[chunk 0130] inference=0.010s predicted=(2, 22)
[cmd 000392 kind=policy chunk=0130 chunk_step=0] delta_max_rad=0.142980 delta_max_deg=8.1921 joint=right_pinky_CMC joint_index=8 from_rad=0.072058 to_rad=0.215038
[action 000261 chunk_step=0] raw=[-0.3488,1.3673] sent=[-0.3488,1.3673] limit_clips=0 step_clips=0 tracking_max=nan
[cmd 000393 kind=policy chunk=0130 chunk_step=1] delta_max_rad=0.114088 delta_max_deg=6.5368 joint=right_pinky_PIP joint_index=11 from_rad=0.099144 to_rad=0.213232
[action 000262 chunk_step=1] raw=[-0.3491,1.3014] sent=[-0.3491,1.3014] limit_clips=0 step_clips=0 tracking_max=nan
[cmd 000394 kind=inference_hold chunk=0131 chunk_step=-] delta_max_rad=0.068105 delta_max_deg=3.9021 joint=right_index_DIP joint_index=3 from_rad=1.224695 to_rad=1.156590
[latency] hand_policy inference_ms=8.725
[chunk 0131] inference=0.009s predicted=(2, 22)
[cmd 000395 kind=policy chunk=0131 chunk_step=0] delta_max_rad=0.172455 delta_max_deg=9.8810 joint=right_ring_PIP joint_index=15 from_rad=0.792290 to_rad=0.619835
[action 000263 chunk_step=0] raw=[-0.3491,1.3182] sent=[-0.3491,1.3182] limit_clips=0 step_clips=0 tracking_max=nan
[cmd 000396 kind=policy chunk=0131 chunk_step=1] delta_max_rad=0.103119 delta_max_deg=5.9083 joint=right_ring_MCP_FE joint_index=13 from_rad=0.322961 to_rad=0.426081
[action 000264 chunk_step=1] raw=[-0.3480,1.3927] sent=[-0.3480,1.3927] limit_clips=0 step_clips=0 tracking_max=nan
[cmd 000397 kind=inference_hold chunk=0132 chunk_step=-] delta_max_rad=0.113520 delta_max_deg=6.5042 joint=right_index_DIP joint_index=3 from_rad=1.392702 to_rad=1.279181
[latency] hand_policy inference_ms=9.569
[chunk 0132] inference=0.010s predicted=(2, 22)
[cmd 000398 kind=policy chunk=0132 chunk_step=0] delta_max_rad=0.177043 delta_max_deg=10.1438 joint=right_thumb_IP joint_index=21 from_rad=0.487606 to_rad=0.310563
[action 000265 chunk_step=0] raw=[-0.3453,1.3963] sent=[-0.3453,1.3963] limit_clips=0 step_clips=0 tracking_max=nan
[cmd 000399 kind=policy chunk=0132 chunk_step=1] delta_max_rad=0.112835 delta_max_deg=6.4650 joint=right_pinky_PIP joint_index=11 from_rad=0.477292 to_rad=0.590127
[action 000266 chunk_step=1] raw=[-0.3486,1.3896] sent=[-0.3486,1.3896] limit_clips=0 step_clips=0 tracking_max=nan
[cmd 000400 kind=inference_hold chunk=0133 chunk_step=-] delta_max_rad=0.092006 delta_max_deg=5.2716 joint=right_ring_MCP_FE joint_index=13 from_rad=0.633126 to_rad=0.541120
[latency] hand_policy inference_ms=9.401
[chunk 0133] inference=0.009s predicted=(2, 22)
[cmd 000401 kind=policy chunk=0133 chunk_step=0] delta_max_rad=0.191485 delta_max_deg=10.9713 joint=right_ring_MCP_FE joint_index=13 from_rad=0.541120 to_rad=0.732605
[action 000267 chunk_step=0] raw=[-0.3435,1.3346] sent=[-0.3435,1.3346] limit_clips=0 step_clips=0 tracking_max=nan
[cmd 000402 kind=policy chunk=0133 chunk_step=1] delta_max_rad=0.104057 delta_max_deg=5.9620 joint=right_index_PIP joint_index=2 from_rad=0.681840 to_rad=0.577784
[action 000268 chunk_step=1] raw=[-0.3454,1.2953] sent=[-0.3454,1.2953] limit_clips=0 step_clips=0 tracking_max=nan
[cmd 000403 kind=inference_hold chunk=0134 chunk_step=-] delta_max_rad=0.064789 delta_max_deg=3.7121 joint=right_pinky_MCP_AA joint_index=10 from_rad=0.339293 to_rad=0.274504
[latency] hand_policy inference_ms=8.658
[chunk 0134] inference=0.009s predicted=(2, 22)
[cmd 000404 kind=policy chunk=0134 chunk_step=0] delta_max_rad=0.153828 delta_max_deg=8.8137 joint=right_index_PIP joint_index=2 from_rad=0.628115 to_rad=0.474286
[action 000269 chunk_step=0] raw=[-0.3471,1.3629] sent=[-0.3471,1.3629] limit_clips=0 step_clips=0 tracking_max=nan
[cmd 000405 kind=policy chunk=0134 chunk_step=1] delta_max_rad=0.100208 delta_max_deg=5.7415 joint=right_ring_MCP_FE joint_index=13 from_rad=0.626063 to_rad=0.525855
[action 000270 chunk_step=1] raw=[-0.3458,1.3959] sent=[-0.3458,1.3959] limit_clips=0 step_clips=0 tracking_max=nan
[cmd 000406 kind=inference_hold chunk=0135 chunk_step=-] delta_max_rad=0.095233 delta_max_deg=5.4565 joint=right_middle_DIP joint_index=7 from_rad=1.395920 to_rad=1.300687
[latency] hand_policy inference_ms=8.533
[chunk 0135] inference=0.009s predicted=(2, 22)
[cmd 000407 kind=policy chunk=0135 chunk_step=0] delta_max_rad=0.180027 delta_max_deg=10.3148 joint=right_pinky_PIP joint_index=11 from_rad=0.441061 to_rad=0.261035
[action 000271 chunk_step=0] raw=[-0.3481,1.3963] sent=[-0.3481,1.3963] limit_clips=0 step_clips=0 tracking_max=nan
[cmd 000408 kind=policy chunk=0135 chunk_step=1] delta_max_rad=0.121388 delta_max_deg=6.9550 joint=right_thumb_IP joint_index=21 from_rad=0.440990 to_rad=0.562377
[action 000272 chunk_step=1] raw=[-0.3384,1.3963] sent=[-0.3384,1.3963] limit_clips=0 step_clips=0 tracking_max=nan
[cmd 000409 kind=inference_hold chunk=0136 chunk_step=-] delta_max_rad=0.090951 delta_max_deg=5.2111 joint=right_thumb_IP joint_index=21 from_rad=0.562377 to_rad=0.471426
[latency] hand_policy inference_ms=9.945
[chunk 0136] inference=0.010s predicted=(2, 22)
[cmd 000410 kind=policy chunk=0136 chunk_step=0] delta_max_rad=0.207517 delta_max_deg=11.8899 joint=right_thumb_IP joint_index=21 from_rad=0.471426 to_rad=0.678943
[action 000273 chunk_step=0] raw=[-0.3491,1.3919] sent=[-0.3491,1.3919] limit_clips=0 step_clips=0 tracking_max=nan
[cmd 000411 kind=policy chunk=0136 chunk_step=1] delta_max_rad=0.102940 delta_max_deg=5.8980 joint=right_thumb_IP joint_index=21 from_rad=0.678943 to_rad=0.781883
[action 000274 chunk_step=1] raw=[-0.3380,1.3907] sent=[-0.3380,1.3907] limit_clips=0 step_clips=0 tracking_max=nan
[cmd 000412 kind=inference_hold chunk=0137 chunk_step=-] delta_max_rad=0.091968 delta_max_deg=5.2694 joint=right_thumb_IP joint_index=21 from_rad=0.781883 to_rad=0.689915
[latency] hand_policy inference_ms=9.265
[chunk 0137] inference=0.009s predicted=(2, 22)
[cmd 000413 kind=policy chunk=0137 chunk_step=0] delta_max_rad=0.148991 delta_max_deg=8.5365 joint=right_thumb_IP joint_index=21 from_rad=0.689915 to_rad=0.838906
[action 000275 chunk_step=0] raw=[-0.3433,1.3812] sent=[-0.3433,1.3812] limit_clips=0 step_clips=0 tracking_max=nan
[cmd 000414 kind=policy chunk=0137 chunk_step=1] delta_max_rad=0.126784 delta_max_deg=7.2642 joint=right_ring_PIP joint_index=15 from_rad=0.984091 to_rad=0.857308
[action 000276 chunk_step=1] raw=[-0.3484,1.3109] sent=[-0.3484,1.3109] limit_clips=0 step_clips=0 tracking_max=nan
[cmd 000415 kind=inference_hold chunk=0138 chunk_step=-] delta_max_rad=0.068019 delta_max_deg=3.8972 joint=right_ring_PIP joint_index=15 from_rad=0.857308 to_rad=0.925327
[latency] hand_policy inference_ms=8.600
[chunk 0138] inference=0.009s predicted=(2, 22)
[cmd 000416 kind=policy chunk=0138 chunk_step=0] delta_max_rad=0.159741 delta_max_deg=9.1525 joint=right_index_DIP joint_index=3 from_rad=0.955231 to_rad=1.114972
[action 000277 chunk_step=0] raw=[-0.3472,1.2165] sent=[-0.3472,1.2165] limit_clips=0 step_clips=0 tracking_max=nan
[cmd 000417 kind=policy chunk=0138 chunk_step=1] delta_max_rad=0.111332 delta_max_deg=6.3788 joint=right_pinky_PIP joint_index=11 from_rad=0.265097 to_rad=0.376429
[action 000278 chunk_step=1] raw=[-0.3477,1.2113] sent=[-0.3477,1.2113] limit_clips=0 step_clips=0 tracking_max=nan
[cmd 000418 kind=inference_hold chunk=0139 chunk_step=-] delta_max_rad=0.082885 delta_max_deg=4.7490 joint=right_pinky_PIP joint_index=11 from_rad=0.376429 to_rad=0.293544
[latency] hand_policy inference_ms=9.892
[chunk 0139] inference=0.010s predicted=(2, 22)
[cmd 000419 kind=policy chunk=0139 chunk_step=0] delta_max_rad=0.177120 delta_max_deg=10.1482 joint=right_ring_PIP joint_index=15 from_rad=0.755689 to_rad=0.578569
[action 000279 chunk_step=0] raw=[-0.3490,1.3034] sent=[-0.3490,1.3034] limit_clips=0 step_clips=0 tracking_max=nan
[cmd 000420 kind=policy chunk=0139 chunk_step=1] delta_max_rad=0.093471 delta_max_deg=5.3555 joint=right_thumb_IP joint_index=21 from_rad=0.490427 to_rad=0.396956
[action 000280 chunk_step=1] raw=[-0.3491,1.3860] sent=[-0.3491,1.3860] limit_clips=0 step_clips=0 tracking_max=nan
[cmd 000421 kind=inference_hold chunk=0140 chunk_step=-] delta_max_rad=0.108678 delta_max_deg=6.2268 joint=right_index_DIP joint_index=3 from_rad=1.385996 to_rad=1.277317
[latency] hand_policy inference_ms=9.315
[chunk 0140] inference=0.009s predicted=(2, 22)
[cmd 000422 kind=policy chunk=0140 chunk_step=0] delta_max_rad=0.182904 delta_max_deg=10.4796 joint=right_index_PIP joint_index=2 from_rad=0.595947 to_rad=0.778850
[action 000281 chunk_step=0] raw=[-0.3491,1.3963] sent=[-0.3491,1.3963] limit_clips=0 step_clips=0 tracking_max=nan
[cmd 000423 kind=policy chunk=0140 chunk_step=1] delta_max_rad=0.110058 delta_max_deg=6.3059 joint=right_pinky_PIP joint_index=11 from_rad=0.649109 to_rad=0.759167
[action 000282 chunk_step=1] raw=[-0.3480,1.3914] sent=[-0.3480,1.3914] limit_clips=0 step_clips=0 tracking_max=nan
[cmd 000424 kind=inference_hold chunk=0141 chunk_step=-] delta_max_rad=0.088301 delta_max_deg=5.0593 joint=right_index_DIP joint_index=3 from_rad=1.391392 to_rad=1.303092
[latency] hand_policy inference_ms=8.594
[chunk 0141] inference=0.009s predicted=(2, 22)
[cmd 000425 kind=policy chunk=0141 chunk_step=0] delta_max_rad=0.192320 delta_max_deg=11.0192 joint=right_ring_MCP_FE joint_index=13 from_rad=0.578702 to_rad=0.771022
[action 000283 chunk_step=0] raw=[-0.3471,1.3962] sent=[-0.3471,1.3962] limit_clips=0 step_clips=0 tracking_max=nan
[cmd 000426 kind=policy chunk=0141 chunk_step=1] delta_max_rad=0.093261 delta_max_deg=5.3435 joint=right_index_PIP joint_index=2 from_rad=0.931016 to_rad=0.837755
[action 000284 chunk_step=1] raw=[-0.3465,1.3426] sent=[-0.3465,1.3426] limit_clips=0 step_clips=0 tracking_max=nan
[cmd 000427 kind=inference_hold chunk=0142 chunk_step=-] delta_max_rad=0.052684 delta_max_deg=3.0186 joint=right_thumb_MCP_FE joint_index=19 from_rad=0.465985 to_rad=0.413301
[latency] hand_policy inference_ms=9.840
[chunk 0142] inference=0.010s predicted=(2, 22)
[cmd 000428 kind=policy chunk=0142 chunk_step=0] delta_max_rad=0.139067 delta_max_deg=7.9680 joint=right_pinky_CMC joint_index=8 from_rad=0.217291 to_rad=0.078224
[action 000285 chunk_step=0] raw=[-0.3491,1.2444] sent=[-0.3491,1.2444] limit_clips=0 step_clips=0 tracking_max=nan
[cmd 000429 kind=policy chunk=0142 chunk_step=1] delta_max_rad=0.103688 delta_max_deg=5.9409 joint=right_middle_MCP_FE joint_index=4 from_rad=0.652035 to_rad=0.548347
[action 000286 chunk_step=1] raw=[-0.3479,1.1817] sent=[-0.3479,1.1817] limit_clips=0 step_clips=0 tracking_max=nan
[cmd 000430 kind=inference_hold chunk=0143 chunk_step=-] delta_max_rad=0.069418 delta_max_deg=3.9774 joint=right_index_PIP joint_index=2 from_rad=0.653748 to_rad=0.723166
[latency] hand_policy inference_ms=9.676
[chunk 0143] inference=0.010s predicted=(2, 22)
[cmd 000431 kind=policy chunk=0143 chunk_step=0] delta_max_rad=0.167951 delta_max_deg=9.6229 joint=right_index_PIP joint_index=2 from_rad=0.723166 to_rad=0.555215
[action 000287 chunk_step=0] raw=[-0.3440,1.1401] sent=[-0.3440,1.1401] limit_clips=0 step_clips=0 tracking_max=nan
[cmd 000432 kind=policy chunk=0143 chunk_step=1] delta_max_rad=0.108149 delta_max_deg=6.1965 joint=right_index_DIP joint_index=3 from_rad=1.054448 to_rad=0.946298
[action 000288 chunk_step=1] raw=[-0.3439,1.1331] sent=[-0.3439,1.1331] limit_clips=0 step_clips=0 tracking_max=nan
[cmd 000433 kind=inference_hold chunk=0144 chunk_step=-] delta_max_rad=0.081175 delta_max_deg=4.6510 joint=right_index_DIP joint_index=3 from_rad=0.946298 to_rad=1.027473
[latency] hand_policy inference_ms=9.233
[chunk 0144] inference=0.009s predicted=(2, 22)
[cmd 000434 kind=policy chunk=0144 chunk_step=0] delta_max_rad=0.180863 delta_max_deg=10.3627 joint=right_ring_PIP joint_index=15 from_rad=0.739487 to_rad=0.920350
[action 000289 chunk_step=0] raw=[-0.3255,1.2335] sent=[-0.3255,1.2335] limit_clips=0 step_clips=0 tracking_max=nan
[cmd 000435 kind=policy chunk=0144 chunk_step=1] delta_max_rad=0.109243 delta_max_deg=6.2592 joint=right_thumb_IP joint_index=21 from_rad=0.501776 to_rad=0.611019
[action 000290 chunk_step=1] raw=[-0.2617,1.3110] sent=[-0.2617,1.3110] limit_clips=0 step_clips=0 tracking_max=nan
[cmd 000436 kind=inference_hold chunk=0145 chunk_step=-] delta_max_rad=0.086981 delta_max_deg=4.9836 joint=right_thumb_IP joint_index=21 from_rad=0.611019 to_rad=0.524038
[latency] hand_policy inference_ms=8.590
[chunk 0145] inference=0.009s predicted=(2, 22)
[cmd 000437 kind=policy chunk=0145 chunk_step=0] delta_max_rad=0.195208 delta_max_deg=11.1846 joint=right_thumb_IP joint_index=21 from_rad=0.524038 to_rad=0.719246
[action 000291 chunk_step=0] raw=[-0.2208,1.3507] sent=[-0.2208,1.3507] limit_clips=0 step_clips=0 tracking_max=nan
[cmd 000438 kind=policy chunk=0145 chunk_step=1] delta_max_rad=0.099041 delta_max_deg=5.6746 joint=right_thumb_MCP_AA joint_index=20 from_rad=-0.166674 to_rad=-0.067633
[action 000292 chunk_step=1] raw=[-0.1929,1.3580] sent=[-0.1929,1.3580] limit_clips=0 step_clips=0 tracking_max=nan
[cmd 000439 kind=inference_hold chunk=0146 chunk_step=-] delta_max_rad=0.078379 delta_max_deg=4.4908 joint=right_ring_MCP_FE joint_index=13 from_rad=0.068355 to_rad=0.146734
[latency] hand_policy inference_ms=10.240
[chunk 0146] inference=0.010s predicted=(2, 22)
[cmd 000440 kind=policy chunk=0146 chunk_step=0] delta_max_rad=0.142806 delta_max_deg=8.1822 joint=right_thumb_MCP_AA joint_index=20 from_rad=-0.138981 to_rad=0.003825
[action 000293 chunk_step=0] raw=[-0.1967,1.3003] sent=[-0.1967,1.3003] limit_clips=0 step_clips=0 tracking_max=nan
[cmd 000441 kind=policy chunk=0146 chunk_step=1] delta_max_rad=0.129799 delta_max_deg=7.4369 joint=right_thumb_MCP_FE joint_index=19 from_rad=0.716097 to_rad=0.586298
[action 000294 chunk_step=1] raw=[-0.2774,1.2085] sent=[-0.2774,1.2085] limit_clips=0 step_clips=0 tracking_max=nan
[cmd 000442 kind=inference_hold chunk=0147 chunk_step=-] delta_max_rad=0.077874 delta_max_deg=4.4619 joint=right_thumb_MCP_FE joint_index=19 from_rad=0.586298 to_rad=0.664173
[latency] hand_policy inference_ms=8.771
[chunk 0147] inference=0.009s predicted=(2, 22)
[cmd 000443 kind=policy chunk=0147 chunk_step=0] delta_max_rad=0.170279 delta_max_deg=9.7563 joint=right_index_DIP joint_index=3 from_rad=0.874701 to_rad=1.044980
[action 000295 chunk_step=0] raw=[-0.3287,1.1158] sent=[-0.3287,1.1158] limit_clips=0 step_clips=0 tracking_max=nan
[cmd 000444 kind=policy chunk=0147 chunk_step=1] delta_max_rad=0.100614 delta_max_deg=5.7647 joint=right_ring_PIP joint_index=15 from_rad=0.793930 to_rad=0.693316
[action 000296 chunk_step=1] raw=[-0.3394,1.1376] sent=[-0.3394,1.1376] limit_clips=0 step_clips=0 tracking_max=nan
[cmd 000445 kind=inference_hold chunk=0148 chunk_step=-] delta_max_rad=0.085025 delta_max_deg=4.8715 joint=right_ring_PIP joint_index=15 from_rad=0.693316 to_rad=0.778340
[latency] hand_policy inference_ms=8.566
[chunk 0148] inference=0.009s predicted=(2, 22)
[cmd 000446 kind=policy chunk=0148 chunk_step=0] delta_max_rad=0.178042 delta_max_deg=10.2010 joint=right_ring_PIP joint_index=15 from_rad=0.778340 to_rad=0.600298
[action 000297 chunk_step=0] raw=[-0.3451,1.2212] sent=[-0.3451,1.2212] limit_clips=0 step_clips=0 tracking_max=nan
[cmd 000447 kind=policy chunk=0148 chunk_step=1] delta_max_rad=0.106048 delta_max_deg=6.0761 joint=right_pinky_PIP joint_index=11 from_rad=0.636156 to_rad=0.742204
[action 000298 chunk_step=1] raw=[-0.3488,1.3173] sent=[-0.3488,1.3173] limit_clips=0 step_clips=0 tracking_max=nan
[cmd 000448 kind=inference_hold chunk=0149 chunk_step=-] delta_max_rad=0.082858 delta_max_deg=4.7474 joint=right_pinky_PIP joint_index=11 from_rad=0.742204 to_rad=0.659346
[latency] hand_policy inference_ms=10.239
[chunk 0149] inference=0.010s predicted=(2, 22)
[cmd 000449 kind=policy chunk=0149 chunk_step=0] delta_max_rad=0.180496 delta_max_deg=10.3417 joint=right_pinky_PIP joint_index=11 from_rad=0.659346 to_rad=0.839842
[action 000299 chunk_step=0] raw=[-0.3472,1.3759] sent=[-0.3472,1.3759] limit_clips=0 step_clips=0 tracking_max=nan
[cmd 000450 kind=policy chunk=0149 chunk_step=1] delta_max_rad=0.101374 delta_max_deg=5.8083 joint=right_ring_MCP_FE joint_index=13 from_rad=0.556289 to_rad=0.657663
[action 000300 chunk_step=1] raw=[-0.3465,1.3895] sent=[-0.3465,1.3895] limit_clips=0 step_clips=0 tracking_max=nan
[cmd 000451 kind=inference_hold chunk=0150 chunk_step=-] delta_max_rad=0.093408 delta_max_deg=5.3519 joint=right_index_DIP joint_index=3 from_rad=1.389529 to_rad=1.296121
[latency] hand_policy inference_ms=10.065
[chunk 0150] inference=0.010s predicted=(2, 22)
[cmd 000452 kind=policy chunk=0150 chunk_step=0] delta_max_rad=0.110573 delta_max_deg=6.3354 joint=right_middle_PIP joint_index=6 from_rad=0.589611 to_rad=0.700184
[action 000301 chunk_step=0] raw=[-0.3462,1.3274] sent=[-0.3462,1.3274] limit_clips=0 step_clips=0 tracking_max=nan
[cmd 000453 kind=policy chunk=0150 chunk_step=1] delta_max_rad=0.108812 delta_max_deg=6.2345 joint=right_index_PIP joint_index=2 from_rad=0.734740 to_rad=0.625928
[action 000302 chunk_step=1] raw=[-0.3462,1.2217] sent=[-0.3462,1.2217] limit_clips=0 step_clips=0 tracking_max=nan
[cmd 000454 kind=inference_hold chunk=0151 chunk_step=-] delta_max_rad=0.066790 delta_max_deg=3.8268 joint=right_index_PIP joint_index=2 from_rad=0.625928 to_rad=0.692718
[latency] hand_policy inference_ms=8.815
[chunk 0151] inference=0.009s predicted=(2, 22)
[cmd 000455 kind=policy chunk=0151 chunk_step=0] delta_max_rad=0.161224 delta_max_deg=9.2375 joint=right_index_PIP joint_index=2 from_rad=0.692718 to_rad=0.531493
[action 000303 chunk_step=0] raw=[-0.3464,1.1447] sent=[-0.3464,1.1447] limit_clips=0 step_clips=0 tracking_max=nan
[cmd 000456 kind=policy chunk=0151 chunk_step=1] delta_max_rad=0.106753 delta_max_deg=6.1165 joint=right_thumb_MCP_FE joint_index=19 from_rad=0.560627 to_rad=0.667380
[action 000304 chunk_step=1] raw=[-0.3448,1.1105] sent=[-0.3448,1.1105] limit_clips=0 step_clips=0 tracking_max=nan
[cmd 000457 kind=inference_hold chunk=0152 chunk_step=-] delta_max_rad=0.084462 delta_max_deg=4.8393 joint=right_thumb_MCP_FE joint_index=19 from_rad=0.667380 to_rad=0.582917
[latency] hand_policy inference_ms=8.551
[chunk 0152] inference=0.009s predicted=(2, 22)
[cmd 000458 kind=policy chunk=0152 chunk_step=0] delta_max_rad=0.179770 delta_max_deg=10.3001 joint=right_pinky_PIP joint_index=11 from_rad=0.616311 to_rad=0.436541
[action 000305 chunk_step=0] raw=[-0.3490,1.1187] sent=[-0.3490,1.1187] limit_clips=0 step_clips=0 tracking_max=nan
[cmd 000459 kind=policy chunk=0152 chunk_step=1] delta_max_rad=0.105988 delta_max_deg=6.0727 joint=right_pinky_PIP joint_index=11 from_rad=0.436541 to_rad=0.330553
[action 000306 chunk_step=1] raw=[-0.3443,1.1954] sent=[-0.3443,1.1954] limit_clips=0 step_clips=0 tracking_max=nan
[cmd 000460 kind=inference_hold chunk=0153 chunk_step=-] delta_max_rad=0.087860 delta_max_deg=5.0340 joint=right_pinky_PIP joint_index=11 from_rad=0.330553 to_rad=0.418413
[latency] hand_policy inference_ms=9.768
[chunk 0153] inference=0.010s predicted=(2, 22)
[cmd 000461 kind=policy chunk=0153 chunk_step=0] delta_max_rad=0.165748 delta_max_deg=9.4967 joint=right_ring_DIP joint_index=16 from_rad=1.123288 to_rad=1.289036
[action 000307 chunk_step=0] raw=[-0.3096,1.2890] sent=[-0.3096,1.2890] limit_clips=0 step_clips=0 tracking_max=nan
[cmd 000462 kind=policy chunk=0153 chunk_step=1] delta_max_rad=0.090115 delta_max_deg=5.1632 joint=right_ring_MCP_FE joint_index=13 from_rad=0.122933 to_rad=0.032818
[action 000308 chunk_step=1] raw=[-0.2353,1.3645] sent=[-0.2353,1.3645] limit_clips=0 step_clips=0 tracking_max=nan
[cmd 000463 kind=inference_hold chunk=0154 chunk_step=-] delta_max_rad=0.095081 delta_max_deg=5.4477 joint=right_ring_DIP joint_index=16 from_rad=1.364475 to_rad=1.269394
[latency] hand_policy inference_ms=9.512
[chunk 0154] inference=0.010s predicted=(2, 22)
[cmd 000464 kind=policy chunk=0154 chunk_step=0] delta_max_rad=0.126693 delta_max_deg=7.2590 joint=right_pinky_CMC joint_index=8 from_rad=0.133525 to_rad=0.260217
[action 000309 chunk_step=0] raw=[-0.1792,1.3159] sent=[-0.1792,1.3159] limit_clips=0 step_clips=0 tracking_max=nan
[cmd 000465 kind=policy chunk=0154 chunk_step=1] delta_max_rad=0.113003 delta_max_deg=6.4746 joint=right_ring_PIP joint_index=15 from_rad=1.006367 to_rad=0.893364
[action 000310 chunk_step=1] raw=[-0.2499,1.2296] sent=[-0.2499,1.2296] limit_clips=0 step_clips=0 tracking_max=nan
[cmd 000466 kind=inference_hold chunk=0155 chunk_step=-] delta_max_rad=0.070068 delta_max_deg=4.0146 joint=right_ring_PIP joint_index=15 from_rad=0.893364 to_rad=0.963432
[latency] hand_policy inference_ms=8.518
[chunk 0155] inference=0.009s predicted=(2, 22)
[cmd 000467 kind=policy chunk=0155 chunk_step=0] delta_max_rad=0.173331 delta_max_deg=9.9311 joint=right_ring_PIP joint_index=15 from_rad=0.963432 to_rad=0.790101
[action 000311 chunk_step=0] raw=[-0.3260,1.1515] sent=[-0.3260,1.1515] limit_clips=0 step_clips=0 tracking_max=nan
[cmd 000468 kind=policy chunk=0155 chunk_step=1] delta_max_rad=0.116322 delta_max_deg=6.6648 joint=right_index_DIP joint_index=3 from_rad=1.151459 to_rad=1.267781
[action 000312 chunk_step=1] raw=[-0.3455,1.2678] sent=[-0.3455,1.2678] limit_clips=0 step_clips=0 tracking_max=nan
[cmd 000469 kind=inference_hold chunk=0156 chunk_step=-] delta_max_rad=0.087880 delta_max_deg=5.0352 joint=right_index_DIP joint_index=3 from_rad=1.267781 to_rad=1.179900
[latency] hand_policy inference_ms=10.019
[chunk 0156] inference=0.010s predicted=(2, 22)
[cmd 000470 kind=policy chunk=0156 chunk_step=0] delta_max_rad=0.183521 delta_max_deg=10.5150 joint=right_index_DIP joint_index=3 from_rad=1.179900 to_rad=1.363422
[action 000313 chunk_step=0] raw=[-0.3491,1.3634] sent=[-0.3491,1.3634] limit_clips=0 step_clips=0 tracking_max=nan
[cmd 000471 kind=policy chunk=0156 chunk_step=1] delta_max_rad=0.105967 delta_max_deg=6.0715 joint=right_pinky_PIP joint_index=11 from_rad=0.644670 to_rad=0.750637
[action 000314 chunk_step=1] raw=[-0.3491,1.3963] sent=[-0.3491,1.3963] limit_clips=0 step_clips=0 tracking_max=nan
[cmd 000472 kind=inference_hold chunk=0157 chunk_step=-] delta_max_rad=0.113197 delta_max_deg=6.4857 joint=right_index_DIP joint_index=3 from_rad=1.396300 to_rad=1.283103
[latency] hand_policy inference_ms=9.616
[chunk 0157] inference=0.010s predicted=(2, 22)
[cmd 000473 kind=policy chunk=0157 chunk_step=0] delta_max_rad=0.187181 delta_max_deg=10.7247 joint=right_index_PIP joint_index=2 from_rad=0.644640 to_rad=0.831821
[action 000315 chunk_step=0] raw=[-0.3474,1.3963] sent=[-0.3474,1.3963] limit_clips=0 step_clips=0 tracking_max=nan
[cmd 000474 kind=policy chunk=0157 chunk_step=1] delta_max_rad=0.124577 delta_max_deg=7.1377 joint=right_ring_MCP_FE joint_index=13 from_rad=0.414325 to_rad=0.538902
[action 000316 chunk_step=1] raw=[-0.3457,1.3874] sent=[-0.3457,1.3874] limit_clips=0 step_clips=0 tracking_max=nan
[cmd 000475 kind=inference_hold chunk=0158 chunk_step=-] delta_max_rad=0.091009 delta_max_deg=5.2145 joint=right_ring_MCP_FE joint_index=13 from_rad=0.538902 to_rad=0.447892
[latency] hand_policy inference_ms=8.734
[chunk 0158] inference=0.009s predicted=(2, 22)
[cmd 000476 kind=policy chunk=0158 chunk_step=0] delta_max_rad=0.180927 delta_max_deg=10.3663 joint=right_ring_MCP_FE joint_index=13 from_rad=0.447892 to_rad=0.628819
[action 000317 chunk_step=0] raw=[-0.3468,1.3864] sent=[-0.3468,1.3864] limit_clips=0 step_clips=0 tracking_max=nan
[cmd 000477 kind=policy chunk=0158 chunk_step=1] delta_max_rad=0.110342 delta_max_deg=6.3221 joint=right_index_PIP joint_index=2 from_rad=0.925758 to_rad=0.815416
[action 000318 chunk_step=1] raw=[-0.3472,1.3362] sent=[-0.3472,1.3362] limit_clips=0 step_clips=0 tracking_max=nan
[cmd 000478 kind=inference_hold chunk=0159 chunk_step=-] delta_max_rad=0.073204 delta_max_deg=4.1943 joint=right_middle_PIP joint_index=6 from_rad=0.413131 to_rad=0.339927
[latency] hand_policy inference_ms=8.939
[chunk 0159] inference=0.009s predicted=(2, 22)
[cmd 000479 kind=policy chunk=0159 chunk_step=0] delta_max_rad=0.164565 delta_max_deg=9.4289 joint=right_middle_PIP joint_index=6 from_rad=0.339927 to_rad=0.504493
[action 000319 chunk_step=0] raw=[-0.3470,1.2384] sent=[-0.3470,1.2384] limit_clips=0 step_clips=0 tracking_max=nan
[cmd 000480 kind=policy chunk=0159 chunk_step=1] delta_max_rad=0.094018 delta_max_deg=5.3868 joint=right_ring_PIP joint_index=15 from_rad=0.726798 to_rad=0.820816
[action 000320 chunk_step=1] raw=[-0.3449,1.2012] sent=[-0.3449,1.2012] limit_clips=0 step_clips=0 tracking_max=nan
[cmd 000481 kind=inference_hold chunk=0160 chunk_step=-] delta_max_rad=0.078406 delta_max_deg=4.4923 joint=right_ring_PIP joint_index=15 from_rad=0.820816 to_rad=0.742410
[latency] hand_policy inference_ms=10.158
[chunk 0160] inference=0.010s predicted=(2, 22)
[cmd 000482 kind=policy chunk=0160 chunk_step=0] delta_max_rad=0.190177 delta_max_deg=10.8963 joint=right_middle_PIP joint_index=6 from_rad=0.512732 to_rad=0.702909
[action 000321 chunk_step=0] raw=[-0.3474,1.1749] sent=[-0.3474,1.1749] limit_clips=0 step_clips=0 tracking_max=nan
[cmd 000483 kind=policy chunk=0160 chunk_step=1] delta_max_rad=0.111835 delta_max_deg=6.4077 joint=right_ring_DIP joint_index=16 from_rad=0.990093 to_rad=1.101928
[action 000322 chunk_step=1] raw=[-0.3456,1.1478] sent=[-0.3456,1.1478] limit_clips=0 step_clips=0 tracking_max=nan
[cmd 000484 kind=inference_hold chunk=0161 chunk_step=-] delta_max_rad=0.089506 delta_max_deg=5.1283 joint=right_ring_PIP joint_index=15 from_rad=1.021042 to_rad=0.931536
[latency] hand_policy inference_ms=9.229
[chunk 0161] inference=0.009s predicted=(2, 22)
[cmd 000485 kind=policy chunk=0161 chunk_step=0] delta_max_rad=0.190828 delta_max_deg=10.9336 joint=right_ring_PIP joint_index=15 from_rad=0.931536 to_rad=1.122364
[action 000323 chunk_step=0] raw=[-0.3488,1.1939] sent=[-0.3488,1.1939] limit_clips=0 step_clips=0 tracking_max=nan
[cmd 000486 kind=policy chunk=0161 chunk_step=1] delta_max_rad=0.104779 delta_max_deg=6.0034 joint=right_pinky_PIP joint_index=11 from_rad=0.382280 to_rad=0.277501
[action 000324 chunk_step=1] raw=[-0.3484,1.2726] sent=[-0.3484,1.2726] limit_clips=0 step_clips=0 tracking_max=nan
[cmd 000487 kind=inference_hold chunk=0162 chunk_step=-] delta_max_rad=0.086374 delta_max_deg=4.9488 joint=right_pinky_PIP joint_index=11 from_rad=0.277501 to_rad=0.363875
[latency] hand_policy inference_ms=9.624
[chunk 0162] inference=0.010s predicted=(2, 22)
[cmd 000488 kind=policy chunk=0162 chunk_step=0] delta_max_rad=0.160263 delta_max_deg=9.1824 joint=right_pinky_PIP joint_index=11 from_rad=0.363875 to_rad=0.203612
[action 000325 chunk_step=0] raw=[-0.3485,1.3486] sent=[-0.3485,1.3486] limit_clips=0 step_clips=0 tracking_max=nan
[cmd 000489 kind=policy chunk=0162 chunk_step=1] delta_max_rad=0.109945 delta_max_deg=6.2994 joint=right_pinky_MCP_AA joint_index=10 from_rad=0.292112 to_rad=0.182167
[action 000326 chunk_step=1] raw=[-0.3488,1.3203] sent=[-0.3488,1.3203] limit_clips=0 step_clips=0 tracking_max=nan
[cmd 000490 kind=inference_hold chunk=0163 chunk_step=-] delta_max_rad=0.063559 delta_max_deg=3.6416 joint=right_pinky_CMC joint_index=8 from_rad=0.235113 to_rad=0.171554
[latency] hand_policy inference_ms=8.852
[chunk 0163] inference=0.009s predicted=(2, 22)
[cmd 000491 kind=policy chunk=0163 chunk_step=0] delta_max_rad=0.151517 delta_max_deg=8.6813 joint=right_middle_PIP joint_index=6 from_rad=0.653064 to_rad=0.501547
[action 000327 chunk_step=0] raw=[-0.3482,1.2251] sent=[-0.3482,1.2251] limit_clips=0 step_clips=0 tracking_max=nan
[cmd 000492 kind=policy chunk=0163 chunk_step=1] delta_max_rad=0.100583 delta_max_deg=5.7630 joint=right_ring_PIP joint_index=15 from_rad=0.993519 to_rad=0.892936
[action 000328 chunk_step=1] raw=[-0.3480,1.2677] sent=[-0.3480,1.2677] limit_clips=0 step_clips=0 tracking_max=nan
[cmd 000493 kind=inference_hold chunk=0164 chunk_step=-] delta_max_rad=0.074217 delta_max_deg=4.2523 joint=right_ring_PIP joint_index=15 from_rad=0.892936 to_rad=0.967153
[latency] hand_policy inference_ms=9.968
[chunk 0164] inference=0.010s predicted=(2, 22)
[cmd 000494 kind=policy chunk=0164 chunk_step=0] delta_max_rad=0.171574 delta_max_deg=9.8305 joint=right_ring_PIP joint_index=15 from_rad=0.967153 to_rad=0.795579
[action 000329 chunk_step=0] raw=[-0.3491,1.3082] sent=[-0.3491,1.3082] limit_clips=0 step_clips=0 tracking_max=nan
[cmd 000495 kind=policy chunk=0164 chunk_step=1] delta_max_rad=0.093678 delta_max_deg=5.3673 joint=right_ring_PIP joint_index=15 from_rad=0.795579 to_rad=0.701902
[action 000330 chunk_step=1] raw=[-0.3491,1.2858] sent=[-0.3491,1.2858] limit_clips=0 step_clips=0 tracking_max=nan
[cmd 000496 kind=inference_hold chunk=0165 chunk_step=-] delta_max_rad=0.078845 delta_max_deg=4.5175 joint=right_ring_PIP joint_index=15 from_rad=0.701902 to_rad=0.780747
[latency] hand_policy inference_ms=10.006
[chunk 0165] inference=0.010s predicted=(2, 22)
[cmd 000497 kind=policy chunk=0165 chunk_step=0] delta_max_rad=0.163259 delta_max_deg=9.3540 joint=right_middle_DIP joint_index=7 from_rad=1.030473 to_rad=0.867214
[action 000331 chunk_step=0] raw=[-0.3491,1.2372] sent=[-0.3491,1.2372] limit_clips=0 step_clips=0 tracking_max=nan
[cmd 000498 kind=policy chunk=0165 chunk_step=1] delta_max_rad=0.091037 delta_max_deg=5.2160 joint=right_index_DIP joint_index=3 from_rad=1.237213 to_rad=1.146176
[action 000332 chunk_step=1] raw=[-0.3479,1.1643] sent=[-0.3479,1.1643] limit_clips=0 step_clips=0 tracking_max=nan
[cmd 000499 kind=inference_hold chunk=0166 chunk_step=-] delta_max_rad=0.057250 delta_max_deg=3.2802 joint=right_index_DIP joint_index=3 from_rad=1.146176 to_rad=1.203426
[latency] hand_policy inference_ms=8.732
[chunk 0166] inference=0.009s predicted=(2, 22)
[cmd 000500 kind=policy chunk=0166 chunk_step=0] delta_max_rad=0.154655 delta_max_deg=8.8611 joint=right_index_DIP joint_index=3 from_rad=1.203426 to_rad=1.048771
[action 000333 chunk_step=0] raw=[-0.3491,1.1490] sent=[-0.3491,1.1490] limit_clips=0 step_clips=0 tracking_max=nan
[cmd 000501 kind=policy chunk=0166 chunk_step=1] delta_max_rad=0.103142 delta_max_deg=5.9096 joint=right_ring_PIP joint_index=15 from_rad=0.780091 to_rad=0.883233
[action 000334 chunk_step=1] raw=[-0.3491,1.1203] sent=[-0.3491,1.1203] limit_clips=0 step_clips=0 tracking_max=nan
[cmd 000502 kind=inference_hold chunk=0167 chunk_step=-] delta_max_rad=0.067640 delta_max_deg=3.8755 joint=right_index_DIP joint_index=3 from_rad=0.963696 to_rad=1.031336
[latency] hand_policy inference_ms=9.769
[chunk 0167] inference=0.010s predicted=(2, 22)
[cmd 000503 kind=policy chunk=0167 chunk_step=0] delta_max_rad=0.156303 delta_max_deg=8.9555 joint=right_ring_PIP joint_index=15 from_rad=0.816544 to_rad=0.972847
[action 000335 chunk_step=0] raw=[-0.3491,1.1133] sent=[-0.3491,1.1133] limit_clips=0 step_clips=0 tracking_max=nan
[cmd 000504 kind=policy chunk=0167 chunk_step=1] delta_max_rad=0.094149 delta_max_deg=5.3943 joint=right_ring_MCP_FE joint_index=13 from_rad=0.241986 to_rad=0.147837
[action 000336 chunk_step=1] raw=[-0.3199,1.2060] sent=[-0.3199,1.2060] limit_clips=0 step_clips=0 tracking_max=nan
[cmd 000505 kind=inference_hold chunk=0168 chunk_step=-] delta_max_rad=0.075223 delta_max_deg=4.3100 joint=right_ring_DIP joint_index=16 from_rad=1.205983 to_rad=1.130759
[latency] hand_policy inference_ms=10.098
[chunk 0168] inference=0.010s predicted=(2, 22)
[cmd 000506 kind=policy chunk=0168 chunk_step=0] delta_max_rad=0.168455 delta_max_deg=9.6517 joint=right_ring_PIP joint_index=15 from_rad=0.982566 to_rad=1.151021
[action 000337 chunk_step=0] raw=[-0.3074,1.2877] sent=[-0.3074,1.2877] limit_clips=0 step_clips=0 tracking_max=nan
[cmd 000507 kind=policy chunk=0168 chunk_step=1] delta_max_rad=0.096137 delta_max_deg=5.5082 joint=right_thumb_IP joint_index=21 from_rad=0.193894 to_rad=0.290031
[action 000338 chunk_step=1] raw=[-0.2320,1.3575] sent=[-0.2320,1.3575] limit_clips=0 step_clips=0 tracking_max=nan
[cmd 000508 kind=inference_hold chunk=0169 chunk_step=-] delta_max_rad=0.088190 delta_max_deg=5.0529 joint=right_ring_DIP joint_index=16 from_rad=1.357513 to_rad=1.269322
[latency] hand_policy inference_ms=9.224
[chunk 0169] inference=0.009s predicted=(2, 22)
[cmd 000509 kind=policy chunk=0169 chunk_step=0] delta_max_rad=0.175213 delta_max_deg=10.0390 joint=right_pinky_DIP joint_index=12 from_rad=0.722921 to_rad=0.547708
[action 000339 chunk_step=0] raw=[-0.1602,1.3821] sent=[-0.1602,1.3821] limit_clips=0 step_clips=0 tracking_max=nan
[cmd 000510 kind=policy chunk=0169 chunk_step=1] delta_max_rad=0.092144 delta_max_deg=5.2795 joint=right_pinky_DIP joint_index=12 from_rad=0.547708 to_rad=0.455564
[action 000340 chunk_step=1] raw=[-0.1565,1.3862] sent=[-0.1565,1.3862] limit_clips=0 step_clips=0 tracking_max=nan
[cmd 000511 kind=inference_hold chunk=0170 chunk_step=-] delta_max_rad=0.085923 delta_max_deg=4.9231 joint=right_pinky_DIP joint_index=12 from_rad=0.455564 to_rad=0.541488
[latency] hand_policy inference_ms=8.478
[chunk 0170] inference=0.008s predicted=(2, 22)
[cmd 000512 kind=policy chunk=0170 chunk_step=0] delta_max_rad=0.153654 delta_max_deg=8.8037 joint=right_pinky_CMC joint_index=8 from_rad=0.102424 to_rad=0.256077
[action 000341 chunk_step=0] raw=[-0.2012,1.2946] sent=[-0.2012,1.2946] limit_clips=0 step_clips=0 tracking_max=nan
[cmd 000513 kind=policy chunk=0170 chunk_step=1] delta_max_rad=0.116107 delta_max_deg=6.6524 joint=right_thumb_MCP_FE joint_index=19 from_rad=0.832285 to_rad=0.716178
[action 000342 chunk_step=1] raw=[-0.2964,1.2092] sent=[-0.2964,1.2092] limit_clips=0 step_clips=0 tracking_max=nan
[cmd 000514 kind=inference_hold chunk=0171 chunk_step=-] delta_max_rad=0.069326 delta_max_deg=3.9721 joint=right_thumb_MCP_FE joint_index=19 from_rad=0.716178 to_rad=0.785503
[latency] hand_policy inference_ms=9.931
[chunk 0171] inference=0.010s predicted=(2, 22)
[cmd 000515 kind=policy chunk=0171 chunk_step=0] delta_max_rad=0.165481 delta_max_deg=9.4814 joint=right_thumb_MCP_FE joint_index=19 from_rad=0.785503 to_rad=0.620022
[action 000343 chunk_step=0] raw=[-0.3472,1.1233] sent=[-0.3472,1.1233] limit_clips=0 step_clips=0 tracking_max=nan
[cmd 000516 kind=policy chunk=0171 chunk_step=1] delta_max_rad=0.094659 delta_max_deg=5.4236 joint=right_ring_PIP joint_index=15 from_rad=0.993493 to_rad=0.898834
[action 000344 chunk_step=1] raw=[-0.3472,1.1636] sent=[-0.3472,1.1636] limit_clips=0 step_clips=0 tracking_max=nan
[cmd 000517 kind=inference_hold chunk=0172 chunk_step=-] delta_max_rad=0.078696 delta_max_deg=4.5089 joint=right_ring_PIP joint_index=15 from_rad=0.898834 to_rad=0.977530
[latency] hand_policy inference_ms=9.985
[chunk 0172] inference=0.010s predicted=(2, 22)
[cmd 000518 kind=policy chunk=0172 chunk_step=0] delta_max_rad=0.169608 delta_max_deg=9.7178 joint=right_pinky_PIP joint_index=11 from_rad=0.494850 to_rad=0.664458
[action 000345 chunk_step=0] raw=[-0.3347,1.2505] sent=[-0.3347,1.2505] limit_clips=0 step_clips=0 tracking_max=nan
[cmd 000519 kind=policy chunk=0172 chunk_step=1] delta_max_rad=0.112995 delta_max_deg=6.4741 joint=right_index_PIP joint_index=2 from_rad=0.434435 to_rad=0.547430
[action 000346 chunk_step=1] raw=[-0.3456,1.3414] sent=[-0.3456,1.3414] limit_clips=0 step_clips=0 tracking_max=nan
[cmd 000520 kind=inference_hold chunk=0173 chunk_step=-] delta_max_rad=0.091392 delta_max_deg=5.2364 joint=right_index_DIP joint_index=3 from_rad=1.341447 to_rad=1.250055
[latency] hand_policy inference_ms=8.670
[chunk 0173] inference=0.009s predicted=(2, 22)
[cmd 000521 kind=policy chunk=0173 chunk_step=0] delta_max_rad=0.189175 delta_max_deg=10.8389 joint=right_index_PIP joint_index=2 from_rad=0.459022 to_rad=0.648197
[action 000347 chunk_step=0] raw=[-0.3491,1.3889] sent=[-0.3491,1.3889] limit_clips=0 step_clips=0 tracking_max=nan
[cmd 000522 kind=policy chunk=0173 chunk_step=1] delta_max_rad=0.103923 delta_max_deg=5.9543 joint=right_ring_DIP joint_index=16 from_rad=0.769146 to_rad=0.665223
[action 000348 chunk_step=1] raw=[-0.3484,1.3926] sent=[-0.3484,1.3926] limit_clips=0 step_clips=0 tracking_max=nan
[cmd 000523 kind=inference_hold chunk=0174 chunk_step=-] delta_max_rad=0.094296 delta_max_deg=5.4028 joint=right_index_DIP joint_index=3 from_rad=1.392573 to_rad=1.298276
[latency] hand_policy inference_ms=8.455
[chunk 0174] inference=0.008s predicted=(2, 22)
[cmd 000524 kind=policy chunk=0174 chunk_step=0] delta_max_rad=0.149587 delta_max_deg=8.5707 joint=right_middle_PIP joint_index=6 from_rad=0.341105 to_rad=0.490692
[action 000349 chunk_step=0] raw=[-0.3487,1.3523] sent=[-0.3487,1.3523] limit_clips=0 step_clips=0 tracking_max=nan
[cmd 000525 kind=policy chunk=0174 chunk_step=1] delta_max_rad=0.107110 delta_max_deg=6.1370 joint=right_pinky_MCP_AA joint_index=10 from_rad=0.194120 to_rad=0.301230
[action 000350 chunk_step=1] raw=[-0.3471,1.2566] sent=[-0.3471,1.2566] limit_clips=0 step_clips=0 tracking_max=nan
[cmd 000526 kind=inference_hold chunk=0175 chunk_step=-] delta_max_rad=0.066475 delta_max_deg=3.8088 joint=right_pinky_MCP_AA joint_index=10 from_rad=0.301230 to_rad=0.234755
[latency] hand_policy inference_ms=9.694
[chunk 0175] inference=0.010s predicted=(2, 22)
[cmd 000527 kind=policy chunk=0175 chunk_step=0] delta_max_rad=0.152534 delta_max_deg=8.7395 joint=right_index_PIP joint_index=2 from_rad=0.532018 to_rad=0.379484
[action 000351 chunk_step=0] raw=[-0.3466,1.2153] sent=[-0.3466,1.2153] limit_clips=0 step_clips=0 tracking_max=nan
[cmd 000528 kind=policy chunk=0175 chunk_step=1] delta_max_rad=0.099297 delta_max_deg=5.6893 joint=right_middle_DIP joint_index=7 from_rad=1.140369 to_rad=1.239665
[action 000352 chunk_step=1] raw=[-0.3439,1.2397] sent=[-0.3439,1.2397] limit_clips=0 step_clips=0 tracking_max=nan
[cmd 000529 kind=inference_hold chunk=0176 chunk_step=-] delta_max_rad=0.071576 delta_max_deg=4.1010 joint=right_index_PIP joint_index=2 from_rad=0.284162 to_rad=0.355738
[latency] hand_policy inference_ms=10.199
[chunk 0176] inference=0.010s predicted=(2, 22)
[cmd 000530 kind=policy chunk=0176 chunk_step=0] delta_max_rad=0.173479 delta_max_deg=9.9396 joint=right_pinky_PIP joint_index=11 from_rad=0.634301 to_rad=0.460822
[action 000353 chunk_step=0] raw=[-0.3477,1.3276] sent=[-0.3477,1.3276] limit_clips=0 step_clips=0 tracking_max=nan
[cmd 000531 kind=policy chunk=0176 chunk_step=1] delta_max_rad=0.103705 delta_max_deg=5.9419 joint=right_index_PIP joint_index=2 from_rad=0.200766 to_rad=0.097060
[action 000354 chunk_step=1] raw=[-0.3276,1.3796] sent=[-0.3276,1.3796] limit_clips=0 step_clips=0 tracking_max=nan
[cmd 000532 kind=inference_hold chunk=0177 chunk_step=-] delta_max_rad=0.099175 delta_max_deg=5.6823 joint=right_middle_DIP joint_index=7 from_rad=1.379561 to_rad=1.280386
[latency] hand_policy inference_ms=9.223
[chunk 0177] inference=0.009s predicted=(2, 22)
[cmd 000533 kind=policy chunk=0177 chunk_step=0] delta_max_rad=0.158840 delta_max_deg=9.1009 joint=right_thumb_IP joint_index=21 from_rad=0.259286 to_rad=0.418126
[action 000355 chunk_step=0] raw=[-0.3194,1.3826] sent=[-0.3194,1.3826] limit_clips=0 step_clips=0 tracking_max=nan
[cmd 000534 kind=policy chunk=0177 chunk_step=1] delta_max_rad=0.103987 delta_max_deg=5.9580 joint=right_middle_PIP joint_index=6 from_rad=0.766074 to_rad=0.662087
[action 000356 chunk_step=1] raw=[-0.2930,1.3539] sent=[-0.2930,1.3539] limit_clips=0 step_clips=0 tracking_max=nan
[cmd 000535 kind=inference_hold chunk=0178 chunk_step=-] delta_max_rad=0.066383 delta_max_deg=3.8034 joint=right_pinky_CMC joint_index=8 from_rad=0.247359 to_rad=0.180977
[latency] hand_policy inference_ms=8.519
[chunk 0178] inference=0.009s predicted=(2, 22)
[cmd 000536 kind=policy chunk=0178 chunk_step=0] delta_max_rad=0.133494 delta_max_deg=7.6486 joint=right_index_DIP joint_index=3 from_rad=0.950243 to_rad=1.083737
[action 000357 chunk_step=0] raw=[-0.3468,1.2563] sent=[-0.3468,1.2563] limit_clips=0 step_clips=0 tracking_max=nan
[cmd 000537 kind=policy chunk=0178 chunk_step=1] delta_max_rad=0.103229 delta_max_deg=5.9146 joint=right_pinky_PIP joint_index=11 from_rad=0.379571 to_rad=0.482800
[action 000358 chunk_step=1] raw=[-0.3469,1.1798] sent=[-0.3469,1.1798] limit_clips=0 step_clips=0 tracking_max=nan
[cmd 000538 kind=inference_hold chunk=0179 chunk_step=-] delta_max_rad=0.073110 delta_max_deg=4.1889 joint=right_ring_PIP joint_index=15 from_rad=0.915128 to_rad=0.988238
[latency] hand_policy inference_ms=9.986
[chunk 0179] inference=0.010s predicted=(2, 22)
[cmd 000539 kind=policy chunk=0179 chunk_step=0] delta_max_rad=0.171784 delta_max_deg=9.8425 joint=right_ring_PIP joint_index=15 from_rad=0.988238 to_rad=0.816454
[action 000359 chunk_step=0] raw=[-0.3491,1.2716] sent=[-0.3491,1.2716] limit_clips=0 step_clips=0 tracking_max=nan
[cmd 000540 kind=policy chunk=0179 chunk_step=1] delta_max_rad=0.105223 delta_max_deg=6.0288 joint=right_middle_MCP_FE joint_index=4 from_rad=0.265561 to_rad=0.370784
[action 000360 chunk_step=1] raw=[-0.3491,1.3646] sent=[-0.3491,1.3646] limit_clips=0 step_clips=0 tracking_max=nan
[cmd 000541 kind=inference_hold chunk=0180 chunk_step=-] delta_max_rad=0.102623 delta_max_deg=5.8799 joint=right_index_DIP joint_index=3 from_rad=1.364647 to_rad=1.262024
[latency] hand_policy inference_ms=8.608
[chunk 0180] inference=0.009s predicted=(2, 22)
[cmd 000542 kind=policy chunk=0180 chunk_step=0] delta_max_rad=0.187471 delta_max_deg=10.7413 joint=right_index_PIP joint_index=2 from_rad=0.375365 to_rad=0.562836
[action 000361 chunk_step=0] raw=[-0.3491,1.3963] sent=[-0.3491,1.3963] limit_clips=0 step_clips=0 tracking_max=nan
[cmd 000543 kind=policy chunk=0180 chunk_step=1] delta_max_rad=0.116272 delta_max_deg=6.6619 joint=right_pinky_PIP joint_index=11 from_rad=0.767191 to_rad=0.883463
[action 000362 chunk_step=1] raw=[-0.3470,1.3927] sent=[-0.3470,1.3927] limit_clips=0 step_clips=0 tracking_max=nan
[cmd 000544 kind=inference_hold chunk=0181 chunk_step=-] delta_max_rad=0.092444 delta_max_deg=5.2967 joint=right_index_DIP joint_index=3 from_rad=1.392713 to_rad=1.300268
[latency] hand_policy inference_ms=8.556
[chunk 0181] inference=0.009s predicted=(2, 22)
[cmd 000545 kind=policy chunk=0181 chunk_step=0] delta_max_rad=0.183801 delta_max_deg=10.5310 joint=right_pinky_PIP joint_index=11 from_rad=0.792183 to_rad=0.975984
[action 000363 chunk_step=0] raw=[-0.3457,1.3878] sent=[-0.3457,1.3878] limit_clips=0 step_clips=0 tracking_max=nan
[cmd 000546 kind=policy chunk=0181 chunk_step=1] delta_max_rad=0.082573 delta_max_deg=4.7311 joint=right_ring_PIP joint_index=15 from_rad=0.619764 to_rad=0.702337
[action 000364 chunk_step=1] raw=[-0.3435,1.3701] sent=[-0.3435,1.3701] limit_clips=0 step_clips=0 tracking_max=nan
[cmd 000547 kind=inference_hold chunk=0182 chunk_step=-] delta_max_rad=0.066939 delta_max_deg=3.8353 joint=right_ring_MCP_FE joint_index=13 from_rad=0.635897 to_rad=0.568958
[latency] hand_policy inference_ms=10.107
[chunk 0182] inference=0.010s predicted=(2, 22)
[cmd 000548 kind=policy chunk=0182 chunk_step=0] delta_max_rad=0.117248 delta_max_deg=6.7178 joint=right_pinky_MCP_AA joint_index=10 from_rad=0.128599 to_rad=0.245847
[action 000365 chunk_step=0] raw=[-0.3471,1.2875] sent=[-0.3471,1.2875] limit_clips=0 step_clips=0 tracking_max=nan
[cmd 000549 kind=policy chunk=0182 chunk_step=1] delta_max_rad=0.119021 delta_max_deg=6.8194 joint=right_pinky_PIP joint_index=11 from_rad=0.907916 to_rad=0.788895
[action 000366 chunk_step=1] raw=[-0.3472,1.2001] sent=[-0.3472,1.2001] limit_clips=0 step_clips=0 tracking_max=nan
[cmd 000550 kind=inference_hold chunk=0183 chunk_step=-] delta_max_rad=0.073251 delta_max_deg=4.1970 joint=right_pinky_PIP joint_index=11 from_rad=0.788895 to_rad=0.862146
[latency] hand_policy inference_ms=9.509
[chunk 0183] inference=0.010s predicted=(2, 22)
[cmd 000551 kind=policy chunk=0183 chunk_step=0] delta_max_rad=0.175075 delta_max_deg=10.0311 joint=right_pinky_PIP joint_index=11 from_rad=0.862146 to_rad=0.687071
[action 000367 chunk_step=0] raw=[-0.3446,1.1659] sent=[-0.3446,1.1659] limit_clips=0 step_clips=0 tracking_max=nan
[cmd 000552 kind=policy chunk=0183 chunk_step=1] delta_max_rad=0.121299 delta_max_deg=6.9499 joint=right_index_PIP joint_index=2 from_rad=0.426486 to_rad=0.305187
[action 000368 chunk_step=1] raw=[-0.3436,1.1408] sent=[-0.3436,1.1408] limit_clips=0 step_clips=0 tracking_max=nan
[cmd 000553 kind=inference_hold chunk=0184 chunk_step=-] delta_max_rad=0.096195 delta_max_deg=5.5115 joint=right_index_PIP joint_index=2 from_rad=0.305187 to_rad=0.401381
[latency] hand_policy inference_ms=8.764
[chunk 0184] inference=0.009s predicted=(2, 22)
[cmd 000554 kind=policy chunk=0184 chunk_step=0] delta_max_rad=0.201883 delta_max_deg=11.5671 joint=right_pinky_PIP joint_index=11 from_rad=0.673356 to_rad=0.471472
[action 000369 chunk_step=0] raw=[-0.3467,1.2212] sent=[-0.3467,1.2212] limit_clips=0 step_clips=0 tracking_max=nan
[cmd 000555 kind=policy chunk=0184 chunk_step=1] delta_max_rad=0.116080 delta_max_deg=6.6509 joint=right_pinky_PIP joint_index=11 from_rad=0.471472 to_rad=0.355392
[action 000370 chunk_step=1] raw=[-0.3215,1.3059] sent=[-0.3215,1.3059] limit_clips=0 step_clips=0 tracking_max=nan
[cmd 000556 kind=inference_hold chunk=0185 chunk_step=-] delta_max_rad=0.097404 delta_max_deg=5.5808 joint=right_pinky_PIP joint_index=11 from_rad=0.355392 to_rad=0.452796
[latency] hand_policy inference_ms=8.484
[chunk 0185] inference=0.008s predicted=(2, 22)
[cmd 000557 kind=policy chunk=0185 chunk_step=0] delta_max_rad=0.136795 delta_max_deg=7.8378 joint=right_pinky_CMC joint_index=8 from_rad=0.117480 to_rad=0.254275
[action 000371 chunk_step=0] raw=[-0.3458,1.3372] sent=[-0.3458,1.3372] limit_clips=0 step_clips=0 tracking_max=nan
[cmd 000558 kind=policy chunk=0185 chunk_step=1] delta_max_rad=0.114771 delta_max_deg=6.5759 joint=right_thumb_IP joint_index=21 from_rad=0.504582 to_rad=0.389811
[action 000372 chunk_step=1] raw=[-0.3475,1.2412] sent=[-0.3475,1.2412] limit_clips=0 step_clips=0 tracking_max=nan
[cmd 000559 kind=inference_hold chunk=0186 chunk_step=-] delta_max_rad=0.061886 delta_max_deg=3.5458 joint=right_middle_PIP joint_index=6 from_rad=0.637776 to_rad=0.699661
[latency] hand_policy inference_ms=10.133
[chunk 0186] inference=0.010s predicted=(2, 22)
[cmd 000560 kind=policy chunk=0186 chunk_step=0] delta_max_rad=0.147971 delta_max_deg=8.4781 joint=right_ring_PIP joint_index=15 from_rad=1.055963 to_rad=0.907992
[action 000373 chunk_step=0] raw=[-0.3491,1.1581] sent=[-0.3491,1.1581] limit_clips=0 step_clips=0 tracking_max=nan
[cmd 000561 kind=policy chunk=0186 chunk_step=1] delta_max_rad=0.107127 delta_max_deg=6.1379 joint=right_middle_MCP_FE joint_index=4 from_rad=0.229951 to_rad=0.337078
[action 000374 chunk_step=1] raw=[-0.3479,1.2085] sent=[-0.3479,1.2085] limit_clips=0 step_clips=0 tracking_max=nan
[cmd 000562 kind=inference_hold chunk=0187 chunk_step=-] delta_max_rad=0.071757 delta_max_deg=4.1114 joint=right_thumb_MCP_FE joint_index=19 from_rad=0.513733 to_rad=0.585491
[latency] hand_policy inference_ms=8.835
[chunk 0187] inference=0.009s predicted=(2, 22)
[cmd 000563 kind=policy chunk=0187 chunk_step=0] delta_max_rad=0.170390 delta_max_deg=9.7626 joint=right_middle_MCP_FE joint_index=4 from_rad=0.270739 to_rad=0.441129
[action 000375 chunk_step=0] raw=[-0.3491,1.2925] sent=[-0.3491,1.2925] limit_clips=0 step_clips=0 tracking_max=nan
[cmd 000564 kind=policy chunk=0187 chunk_step=1] delta_max_rad=0.101830 delta_max_deg=5.8344 joint=right_middle_MCP_FE joint_index=4 from_rad=0.441129 to_rad=0.542959
[action 000376 chunk_step=1] raw=[-0.3476,1.3668] sent=[-0.3476,1.3668] limit_clips=0 step_clips=0 tracking_max=nan
[cmd 000565 kind=inference_hold chunk=0188 chunk_step=-] delta_max_rad=0.092945 delta_max_deg=5.3254 joint=right_index_DIP joint_index=3 from_rad=1.366835 to_rad=1.273890
[latency] hand_policy inference_ms=8.599
[chunk 0188] inference=0.009s predicted=(2, 22)
[cmd 000566 kind=policy chunk=0188 chunk_step=0] delta_max_rad=0.177216 delta_max_deg=10.1537 joint=right_middle_MCP_FE joint_index=4 from_rad=0.464698 to_rad=0.641914
[action 000377 chunk_step=0] raw=[-0.3457,1.3945] sent=[-0.3457,1.3945] limit_clips=0 step_clips=0 tracking_max=nan
[cmd 000567 kind=policy chunk=0188 chunk_step=1] delta_max_rad=0.104263 delta_max_deg=5.9738 joint=right_ring_MCP_FE joint_index=13 from_rad=0.576484 to_rad=0.680747
[action 000378 chunk_step=1] raw=[-0.3478,1.3166] sent=[-0.3478,1.3166] limit_clips=0 step_clips=0 tracking_max=nan
[cmd 000568 kind=inference_hold chunk=0189 chunk_step=-] delta_max_rad=0.084157 delta_max_deg=4.8218 joint=right_ring_MCP_FE joint_index=13 from_rad=0.680747 to_rad=0.596590
[latency] hand_policy inference_ms=10.228
[chunk 0189] inference=0.010s predicted=(2, 22)
[cmd 000569 kind=policy chunk=0189 chunk_step=0] delta_max_rad=0.108081 delta_max_deg=6.1926 joint=right_index_MCP_AA joint_index=1 from_rad=-0.164453 to_rad=-0.272534
[action 000379 chunk_step=0] raw=[-0.3491,1.2200] sent=[-0.3491,1.2200] limit_clips=0 step_clips=0 tracking_max=nan
[cmd 000570 kind=policy chunk=0189 chunk_step=1] delta_max_rad=0.118114 delta_max_deg=6.7675 joint=right_pinky_PIP joint_index=11 from_rad=0.731656 to_rad=0.613542
[action 000380 chunk_step=1] raw=[-0.3482,1.1946] sent=[-0.3482,1.1946] limit_clips=0 step_clips=0 tracking_max=nan
[cmd 000571 kind=inference_hold chunk=0190 chunk_step=-] delta_max_rad=0.071571 delta_max_deg=4.1007 joint=right_pinky_PIP joint_index=11 from_rad=0.613542 to_rad=0.685113
[latency] hand_policy inference_ms=10.239
[chunk 0190] inference=0.010s predicted=(2, 22)
[cmd 000572 kind=policy chunk=0190 chunk_step=0] delta_max_rad=0.170414 delta_max_deg=9.7640 joint=right_pinky_PIP joint_index=11 from_rad=0.685113 to_rad=0.514699
[action 000381 chunk_step=0] raw=[-0.3456,1.2658] sent=[-0.3456,1.2658] limit_clips=0 step_clips=0 tracking_max=nan
[cmd 000573 kind=policy chunk=0190 chunk_step=1] delta_max_rad=0.102160 delta_max_deg=5.8533 joint=right_index_DIP joint_index=3 from_rad=1.043436 to_rad=0.941276
[action 000382 chunk_step=1] raw=[-0.3476,1.3340] sent=[-0.3476,1.3340] limit_clips=0 step_clips=0 tracking_max=nan
[cmd 000574 kind=inference_hold chunk=0191 chunk_step=-] delta_max_rad=0.082390 delta_max_deg=4.7206 joint=right_index_DIP joint_index=3 from_rad=0.941276 to_rad=1.023666
[latency] hand_policy inference_ms=8.752
[chunk 0191] inference=0.009s predicted=(2, 22)
[cmd 000575 kind=policy chunk=0191 chunk_step=0] delta_max_rad=0.173461 delta_max_deg=9.9386 joint=right_index_DIP joint_index=3 from_rad=1.023666 to_rad=0.850205
[action 000383 chunk_step=0] raw=[-0.3491,1.3778] sent=[-0.3491,1.3778] limit_clips=0 step_clips=0 tracking_max=nan
[cmd 000576 kind=policy chunk=0191 chunk_step=1] delta_max_rad=0.093833 delta_max_deg=5.3762 joint=right_thumb_IP joint_index=21 from_rad=0.198183 to_rad=0.292016
[action 000384 chunk_step=1] raw=[-0.3444,1.3922] sent=[-0.3444,1.3922] limit_clips=0 step_clips=0 tracking_max=nan
[cmd 000577 kind=inference_hold chunk=0192 chunk_step=-] delta_max_rad=0.094068 delta_max_deg=5.3897 joint=right_middle_DIP joint_index=7 from_rad=1.392160 to_rad=1.298092
[latency] hand_policy inference_ms=8.518
[chunk 0192] inference=0.009s predicted=(2, 22)
[cmd 000578 kind=policy chunk=0192 chunk_step=0] delta_max_rad=0.190176 delta_max_deg=10.8963 joint=right_thumb_IP joint_index=21 from_rad=0.214991 to_rad=0.405167
[action 000385 chunk_step=0] raw=[-0.3474,1.3719] sent=[-0.3474,1.3719] limit_clips=0 step_clips=0 tracking_max=nan
[cmd 000579 kind=policy chunk=0192 chunk_step=1] delta_max_rad=0.086050 delta_max_deg=4.9303 joint=right_pinky_CMC joint_index=8 from_rad=0.137845 to_rad=0.223895
[action 000386 chunk_step=1] raw=[-0.3405,1.3552] sent=[-0.3405,1.3552] limit_clips=0 step_clips=0 tracking_max=nan
[cmd 000580 kind=inference_hold chunk=0193 chunk_step=-] delta_max_rad=0.073409 delta_max_deg=4.2060 joint=right_ring_DIP joint_index=16 from_rad=1.264274 to_rad=1.190865
[latency] hand_policy inference_ms=9.754
[chunk 0193] inference=0.010s predicted=(2, 22)
[cmd 000581 kind=policy chunk=0193 chunk_step=0] delta_max_rad=0.118951 delta_max_deg=6.8154 joint=right_pinky_MCP_AA joint_index=10 from_rad=0.289741 to_rad=0.170790
[action 000387 chunk_step=0] raw=[-0.3473,1.2609] sent=[-0.3473,1.2609] limit_clips=0 step_clips=0 tracking_max=nan
[cmd 000582 kind=policy chunk=0193 chunk_step=1] delta_max_rad=0.106606 delta_max_deg=6.1080 joint=right_pinky_PIP joint_index=11 from_rad=0.260452 to_rad=0.367058
[action 000388 chunk_step=1] raw=[-0.3480,1.1655] sent=[-0.3480,1.1655] limit_clips=0 step_clips=0 tracking_max=nan
[cmd 000583 kind=inference_hold chunk=0194 chunk_step=-] delta_max_rad=0.076263 delta_max_deg=4.3696 joint=right_middle_PIP joint_index=6 from_rad=0.411179 to_rad=0.487442
[latency] hand_policy inference_ms=10.059
[chunk 0194] inference=0.010s predicted=(2, 22)
[cmd 000584 kind=policy chunk=0194 chunk_step=0] delta_max_rad=0.171294 delta_max_deg=9.8144 joint=right_index_PIP joint_index=2 from_rad=0.343815 to_rad=0.515109
[action 000389 chunk_step=0] raw=[-0.3484,1.1230] sent=[-0.3484,1.1230] limit_clips=0 step_clips=0 tracking_max=nan
[cmd 000585 kind=policy chunk=0194 chunk_step=1] delta_max_rad=0.102391 delta_max_deg=5.8666 joint=right_thumb_IP joint_index=21 from_rad=0.233721 to_rad=0.131330
[action 000390 chunk_step=1] raw=[-0.3473,1.1578] sent=[-0.3473,1.1578] limit_clips=0 step_clips=0 tracking_max=nan
[cmd 000586 kind=inference_hold chunk=0195 chunk_step=-] delta_max_rad=0.077976 delta_max_deg=4.4677 joint=right_ring_PIP joint_index=15 from_rad=0.751156 to_rad=0.829132
[latency] hand_policy inference_ms=9.208
[chunk 0195] inference=0.009s predicted=(2, 22)
[cmd 000587 kind=policy chunk=0195 chunk_step=0] delta_max_rad=0.183445 delta_max_deg=10.5106 joint=right_ring_PIP joint_index=15 from_rad=0.829132 to_rad=0.645687
[action 000391 chunk_step=0] raw=[-0.3466,1.2400] sent=[-0.3466,1.2400] limit_clips=0 step_clips=0 tracking_max=nan
[cmd 000588 kind=policy chunk=0195 chunk_step=1] delta_max_rad=0.097627 delta_max_deg=5.5936 joint=right_ring_MCP_FE joint_index=13 from_rad=0.415460 to_rad=0.513087
[action 000392 chunk_step=1] raw=[-0.3467,1.2989] sent=[-0.3467,1.2989] limit_clips=0 step_clips=0 tracking_max=nan
[cmd 000589 kind=inference_hold chunk=0196 chunk_step=-] delta_max_rad=0.081839 delta_max_deg=4.6890 joint=right_ring_MCP_FE joint_index=13 from_rad=0.513087 to_rad=0.431248
[latency] hand_policy inference_ms=8.490
[chunk 0196] inference=0.008s predicted=(2, 22)
[cmd 000590 kind=policy chunk=0196 chunk_step=0] delta_max_rad=0.140514 delta_max_deg=8.0509 joint=right_ring_MCP_FE joint_index=13 from_rad=0.431248 to_rad=0.571763
[action 000393 chunk_step=0] raw=[-0.3465,1.2502] sent=[-0.3465,1.2502] limit_clips=0 step_clips=0 tracking_max=nan
[cmd 000591 kind=policy chunk=0196 chunk_step=1] delta_max_rad=0.115553 delta_max_deg=6.6207 joint=right_pinky_PIP joint_index=11 from_rad=0.665224 to_rad=0.549671
[action 000394 chunk_step=1] raw=[-0.3487,1.2441] sent=[-0.3487,1.2441] limit_clips=0 step_clips=0 tracking_max=nan
[cmd 000592 kind=inference_hold chunk=0197 chunk_step=-] delta_max_rad=0.059976 delta_max_deg=3.4364 joint=right_index_PIP joint_index=2 from_rad=0.526042 to_rad=0.586018
[latency] hand_policy inference_ms=9.860
[chunk 0197] inference=0.010s predicted=(2, 22)
[cmd 000593 kind=policy chunk=0197 chunk_step=0] delta_max_rad=0.154948 delta_max_deg=8.8779 joint=right_index_PIP joint_index=2 from_rad=0.586018 to_rad=0.431070
[action 000395 chunk_step=0] raw=[-0.3470,1.2203] sent=[-0.3470,1.2203] limit_clips=0 step_clips=0 tracking_max=nan
[cmd 000594 kind=policy chunk=0197 chunk_step=1] delta_max_rad=0.107080 delta_max_deg=6.1352 joint=right_pinky_PIP joint_index=11 from_rad=0.466692 to_rad=0.359612
[action 000396 chunk_step=1] raw=[-0.3491,1.3117] sent=[-0.3491,1.3117] limit_clips=0 step_clips=0 tracking_max=nan
[cmd 000595 kind=inference_hold chunk=0198 chunk_step=-] delta_max_rad=0.079655 delta_max_deg=4.5639 joint=right_pinky_PIP joint_index=11 from_rad=0.359612 to_rad=0.439267
[latency] hand_policy inference_ms=10.040
[chunk 0198] inference=0.010s predicted=(2, 22)
[cmd 000596 kind=policy chunk=0198 chunk_step=0] delta_max_rad=0.177744 delta_max_deg=10.1840 joint=right_pinky_PIP joint_index=11 from_rad=0.439267 to_rad=0.261524
[action 000397 chunk_step=0] raw=[-0.3475,1.3681] sent=[-0.3475,1.3681] limit_clips=0 step_clips=0 tracking_max=nan
[cmd 000597 kind=policy chunk=0198 chunk_step=1] delta_max_rad=0.104986 delta_max_deg=6.0153 joint=right_pinky_PIP joint_index=11 from_rad=0.261524 to_rad=0.156538
[action 000398 chunk_step=1] raw=[-0.3396,1.3819] sent=[-0.3396,1.3819] limit_clips=0 step_clips=0 tracking_max=nan
[cmd 000598 kind=inference_hold chunk=0199 chunk_step=-] delta_max_rad=0.091263 delta_max_deg=5.2290 joint=right_pinky_PIP joint_index=11 from_rad=0.156538 to_rad=0.247801
[latency] hand_policy inference_ms=8.695
[chunk 0199] inference=0.009s predicted=(2, 22)
[cmd 000599 kind=policy chunk=0199 chunk_step=0] delta_max_rad=0.188160 delta_max_deg=10.7808 joint=right_thumb_IP joint_index=21 from_rad=0.338443 to_rad=0.526603
[action 000399 chunk_step=0] raw=[-0.3491,1.3748] sent=[-0.3491,1.3748] limit_clips=0 step_clips=0 tracking_max=nan
[cmd 000600 kind=policy chunk=0199 chunk_step=1] delta_max_rad=0.102250 delta_max_deg=5.8585 joint=right_ring_PIP joint_index=15 from_rad=1.008799 to_rad=0.906550
[action 000400 chunk_step=1] raw=[-0.3491,1.3113] sent=[-0.3491,1.3113] limit_clips=0 step_clips=0 tracking_max=nan
[cmd 000601 kind=inference_hold chunk=0200 chunk_step=-] delta_max_rad=0.061334 delta_max_deg=3.5142 joint=right_middle_PIP joint_index=6 from_rad=0.368600 to_rad=0.429934
[latency] hand_policy inference_ms=10.315
[chunk 0200] inference=0.010s predicted=(2, 22)
[cmd 000602 kind=policy chunk=0200 chunk_step=0] delta_max_rad=0.156436 delta_max_deg=8.9631 joint=right_index_DIP joint_index=3 from_rad=0.952903 to_rad=1.109339
[action 000401 chunk_step=0] raw=[-0.3490,1.2282] sent=[-0.3490,1.2282] limit_clips=0 step_clips=0 tracking_max=nan
[cmd 000603 kind=policy chunk=0200 chunk_step=1] delta_max_rad=0.100934 delta_max_deg=5.7831 joint=right_ring_PIP joint_index=15 from_rad=0.812379 to_rad=0.711444
[action 000402 chunk_step=1] raw=[-0.3487,1.1971] sent=[-0.3487,1.1971] limit_clips=0 step_clips=0 tracking_max=nan
[cmd 000604 kind=inference_hold chunk=0201 chunk_step=-] delta_max_rad=0.077224 delta_max_deg=4.4246 joint=right_ring_PIP joint_index=15 from_rad=0.711444 to_rad=0.788668
[latency] hand_policy inference_ms=10.232
[chunk 0201] inference=0.010s predicted=(2, 22)
[cmd 000605 kind=policy chunk=0201 chunk_step=0] delta_max_rad=0.191319 delta_max_deg=10.9618 joint=right_ring_PIP joint_index=15 from_rad=0.788668 to_rad=0.597349
[action 000403 chunk_step=0] raw=[-0.3484,1.2790] sent=[-0.3484,1.2790] limit_clips=0 step_clips=0 tracking_max=nan
[cmd 000606 kind=policy chunk=0201 chunk_step=1] delta_max_rad=0.100808 delta_max_deg=5.7759 joint=right_pinky_DIP joint_index=12 from_rad=1.033917 to_rad=1.134725
[action 000404 chunk_step=1] raw=[-0.3491,1.3660] sent=[-0.3491,1.3660] limit_clips=0 step_clips=0 tracking_max=nan
[cmd 000607 kind=inference_hold chunk=0202 chunk_step=-] delta_max_rad=0.102577 delta_max_deg=5.8772 joint=right_index_DIP joint_index=3 from_rad=1.366020 to_rad=1.263443
[latency] hand_policy inference_ms=10.053
[chunk 0202] inference=0.010s predicted=(2, 22)
[cmd 000608 kind=policy chunk=0202 chunk_step=0] delta_max_rad=0.206562 delta_max_deg=11.8351 joint=right_pinky_DIP joint_index=12 from_rad=1.056251 to_rad=1.262813
[action 000405 chunk_step=0] raw=[-0.3464,1.3929] sent=[-0.3464,1.3929] limit_clips=0 step_clips=0 tracking_max=nan
[cmd 000609 kind=policy chunk=0202 chunk_step=1] delta_max_rad=0.107465 delta_max_deg=6.1573 joint=right_ring_MCP_FE joint_index=13 from_rad=0.541612 to_rad=0.649077
[action 000406 chunk_step=1] raw=[-0.3463,1.3733] sent=[-0.3463,1.3733] limit_clips=0 step_clips=0 tracking_max=nan
[cmd 000610 kind=inference_hold chunk=0203 chunk_step=-] delta_max_rad=0.099689 delta_max_deg=5.7117 joint=right_pinky_DIP joint_index=12 from_rad=1.348672 to_rad=1.248984
[latency] hand_policy inference_ms=8.778
[chunk 0203] inference=0.009s predicted=(2, 22)
[cmd 000611 kind=policy chunk=0203 chunk_step=0] delta_max_rad=0.152739 delta_max_deg=8.7513 joint=right_middle_PIP joint_index=6 from_rad=0.318794 to_rad=0.471533
[action 000407 chunk_step=0] raw=[-0.3485,1.3695] sent=[-0.3485,1.3695] limit_clips=0 step_clips=0 tracking_max=nan
[cmd 000612 kind=policy chunk=0203 chunk_step=1] delta_max_rad=0.102049 delta_max_deg=5.8470 joint=right_index_PIP joint_index=2 from_rad=0.688714 to_rad=0.586664
[action 000408 chunk_step=1] raw=[-0.3491,1.3631] sent=[-0.3491,1.3631] limit_clips=0 step_clips=0 tracking_max=nan
[cmd 000613 kind=inference_hold chunk=0204 chunk_step=-] delta_max_rad=0.070645 delta_max_deg=4.0477 joint=right_pinky_MCP_AA joint_index=10 from_rad=0.345959 to_rad=0.275314
[latency] hand_policy inference_ms=8.802
[chunk 0204] inference=0.009s predicted=(2, 22)
[cmd 000614 kind=policy chunk=0204 chunk_step=0] delta_max_rad=0.162511 delta_max_deg=9.3112 joint=right_index_DIP joint_index=3 from_rad=1.247154 to_rad=1.084643
[action 000409 chunk_step=0] raw=[-0.3451,1.2676] sent=[-0.3451,1.2676] limit_clips=0 step_clips=0 tracking_max=nan
[cmd 000615 kind=policy chunk=0204 chunk_step=1] delta_max_rad=0.106633 delta_max_deg=6.1096 joint=right_pinky_DIP joint_index=12 from_rad=1.245800 to_rad=1.139167
[action 000410 chunk_step=1] raw=[-0.3461,1.3381] sent=[-0.3461,1.3381] limit_clips=0 step_clips=0 tracking_max=nan
[cmd 000616 kind=inference_hold chunk=0205 chunk_step=-] delta_max_rad=0.088042 delta_max_deg=5.0444 joint=right_middle_DIP joint_index=7 from_rad=1.338068 to_rad=1.250026
[latency] hand_policy inference_ms=9.337
[chunk 0205] inference=0.009s predicted=(2, 22)
[cmd 000617 kind=policy chunk=0205 chunk_step=0] delta_max_rad=0.164361 delta_max_deg=9.4172 joint=right_index_DIP joint_index=3 from_rad=1.074201 to_rad=0.909840
[action 000411 chunk_step=0] raw=[-0.3480,1.3914] sent=[-0.3480,1.3914] limit_clips=0 step_clips=0 tracking_max=nan
[cmd 000618 kind=policy chunk=0205 chunk_step=1] delta_max_rad=0.104580 delta_max_deg=5.9920 joint=right_pinky_PIP joint_index=11 from_rad=0.217496 to_rad=0.112916
[action 000412 chunk_step=1] raw=[-0.3458,1.3963] sent=[-0.3458,1.3963] limit_clips=0 step_clips=0 tracking_max=nan
[cmd 000619 kind=inference_hold chunk=0206 chunk_step=-] delta_max_rad=0.097713 delta_max_deg=5.5986 joint=right_middle_DIP joint_index=7 from_rad=1.396300 to_rad=1.298586
[latency] hand_policy inference_ms=8.690
[chunk 0206] inference=0.009s predicted=(2, 22)
[cmd 000620 kind=policy chunk=0206 chunk_step=0] delta_max_rad=0.192306 delta_max_deg=11.0183 joint=right_pinky_DIP joint_index=12 from_rad=1.015583 to_rad=0.823277
[action 000413 chunk_step=0] raw=[-0.3485,1.3912] sent=[-0.3485,1.3912] limit_clips=0 step_clips=0 tracking_max=nan
[cmd 000621 kind=policy chunk=0206 chunk_step=1] delta_max_rad=0.088153 delta_max_deg=5.0508 joint=right_pinky_CMC joint_index=8 from_rad=0.133248 to_rad=0.221401
[action 000414 chunk_step=1] raw=[-0.3476,1.3833] sent=[-0.3476,1.3833] limit_clips=0 step_clips=0 tracking_max=nan
[cmd 000622 kind=inference_hold chunk=0207 chunk_step=-] delta_max_rad=0.078855 delta_max_deg=4.5180 joint=right_pinky_DIP joint_index=12 from_rad=0.745574 to_rad=0.824429
[latency] hand_policy inference_ms=8.514
[chunk 0207] inference=0.009s predicted=(2, 22)
[cmd 000623 kind=policy chunk=0207 chunk_step=0] delta_max_rad=0.144726 delta_max_deg=8.2922 joint=right_middle_PIP joint_index=6 from_rad=0.522414 to_rad=0.377688
[action 000415 chunk_step=0] raw=[-0.3485,1.2795] sent=[-0.3485,1.2795] limit_clips=0 step_clips=0 tracking_max=nan
[cmd 000624 kind=policy chunk=0207 chunk_step=1] delta_max_rad=0.110394 delta_max_deg=6.3251 joint=right_pinky_PIP joint_index=11 from_rad=0.038518 to_rad=0.148913
[action 000416 chunk_step=1] raw=[-0.3475,1.1906] sent=[-0.3475,1.1906] limit_clips=0 step_clips=0 tracking_max=nan
[cmd 000625 kind=inference_hold chunk=0208 chunk_step=-] delta_max_rad=0.070590 delta_max_deg=4.0445 joint=right_middle_PIP joint_index=6 from_rad=0.293267 to_rad=0.363857
[latency] hand_policy inference_ms=9.704
[chunk 0208] inference=0.010s predicted=(2, 22)
[cmd 000626 kind=policy chunk=0208 chunk_step=0] delta_max_rad=0.173069 delta_max_deg=9.9161 joint=right_ring_PIP joint_index=15 from_rad=0.822074 to_rad=0.649005
[action 000417 chunk_step=0] raw=[-0.3476,1.2195] sent=[-0.3476,1.2195] limit_clips=0 step_clips=0 tracking_max=nan
[cmd 000627 kind=policy chunk=0208 chunk_step=1] delta_max_rad=0.110501 delta_max_deg=6.3313 joint=right_index_DIP joint_index=3 from_rad=1.219470 to_rad=1.329971
[action 000418 chunk_step=1] raw=[-0.3488,1.3300] sent=[-0.3488,1.3300] limit_clips=0 step_clips=0 tracking_max=nan
[cmd 000628 kind=inference_hold chunk=0209 chunk_step=-] delta_max_rad=0.097452 delta_max_deg=5.5836 joint=right_index_DIP joint_index=3 from_rad=1.329971 to_rad=1.232519
[latency] hand_policy inference_ms=8.678
[chunk 0209] inference=0.009s predicted=(2, 22)
[cmd 000629 kind=policy chunk=0209 chunk_step=0] delta_max_rad=0.185117 delta_max_deg=10.6064 joint=right_pinky_DIP joint_index=12 from_rad=0.959881 to_rad=1.144997
[action 000419 chunk_step=0] raw=[-0.3471,1.3844] sent=[-0.3471,1.3844] limit_clips=0 step_clips=0 tracking_max=nan
[cmd 000630 kind=policy chunk=0209 chunk_step=1] delta_max_rad=0.118840 delta_max_deg=6.8090 joint=right_ring_MCP_FE joint_index=13 from_rad=0.487144 to_rad=0.605984
[action 000420 chunk_step=1] raw=[-0.3449,1.3959] sent=[-0.3449,1.3959] limit_clips=0 step_clips=0 tracking_max=nan
[cmd 000631 kind=inference_hold chunk=0210 chunk_step=-] delta_max_rad=0.100046 delta_max_deg=5.7322 joint=right_index_DIP joint_index=3 from_rad=1.395920 to_rad=1.295874
[latency] hand_policy inference_ms=8.533
[chunk 0210] inference=0.009s predicted=(2, 22)
[cmd 000632 kind=policy chunk=0210 chunk_step=0] delta_max_rad=0.183250 delta_max_deg=10.4995 joint=right_ring_MCP_FE joint_index=13 from_rad=0.513193 to_rad=0.696443
[action 000421 chunk_step=0] raw=[-0.3481,1.3352] sent=[-0.3481,1.3352] limit_clips=0 step_clips=0 tracking_max=nan
[cmd 000633 kind=policy chunk=0210 chunk_step=1] delta_max_rad=0.102987 delta_max_deg=5.9007 joint=right_pinky_PIP joint_index=11 from_rad=0.554839 to_rad=0.451852
[action 000422 chunk_step=1] raw=[-0.3491,1.2879] sent=[-0.3491,1.2879] limit_clips=0 step_clips=0 tracking_max=nan
[cmd 000634 kind=inference_hold chunk=0211 chunk_step=-] delta_max_rad=0.061562 delta_max_deg=3.5273 joint=right_pinky_MCP_AA joint_index=10 from_rad=0.284209 to_rad=0.222646
[latency] hand_policy inference_ms=10.160
[chunk 0211] inference=0.010s predicted=(2, 22)
[cmd 000635 kind=policy chunk=0211 chunk_step=0] delta_max_rad=0.149132 delta_max_deg=8.5446 joint=right_pinky_CMC joint_index=8 from_rad=0.201247 to_rad=0.052115
[action 000423 chunk_step=0] raw=[-0.3445,1.2322] sent=[-0.3445,1.2322] limit_clips=0 step_clips=0 tracking_max=nan
[cmd 000636 kind=policy chunk=0211 chunk_step=1] delta_max_rad=0.105155 delta_max_deg=6.0249 joint=right_index_DIP joint_index=3 from_rad=1.139266 to_rad=1.034111
[action 000424 chunk_step=1] raw=[-0.3480,1.2125] sent=[-0.3480,1.2125] limit_clips=0 step_clips=0 tracking_max=nan
[cmd 000637 kind=inference_hold chunk=0212 chunk_step=-] delta_max_rad=0.075619 delta_max_deg=4.3326 joint=right_index_DIP joint_index=3 from_rad=1.034111 to_rad=1.109730
[latency] hand_policy inference_ms=8.726
[chunk 0212] inference=0.009s predicted=(2, 22)
[cmd 000638 kind=policy chunk=0212 chunk_step=0] delta_max_rad=0.170172 delta_max_deg=9.7501 joint=right_index_DIP joint_index=3 from_rad=1.109730 to_rad=0.939558
[action 000425 chunk_step=0] raw=[-0.3482,1.2897] sent=[-0.3482,1.2897] limit_clips=0 step_clips=0 tracking_max=nan
[cmd 000639 kind=policy chunk=0212 chunk_step=1] delta_max_rad=0.100899 delta_max_deg=5.7811 joint=right_pinky_DIP joint_index=12 from_rad=1.006237 to_rad=0.905339
[action 000426 chunk_step=1] raw=[-0.3424,1.3676] sent=[-0.3424,1.3676] limit_clips=0 step_clips=0 tracking_max=nan
[cmd 000640 kind=inference_hold chunk=0213 chunk_step=-] delta_max_rad=0.097877 delta_max_deg=5.6080 joint=right_middle_DIP joint_index=7 from_rad=1.367571 to_rad=1.269694
[latency] hand_policy inference_ms=8.793
[chunk 0213] inference=0.009s predicted=(2, 22)
[cmd 000641 kind=policy chunk=0213 chunk_step=0] delta_max_rad=0.198831 delta_max_deg=11.3922 joint=right_pinky_DIP joint_index=12 from_rad=0.988573 to_rad=0.789742
[action 000427 chunk_step=0] raw=[-0.3468,1.3820] sent=[-0.3468,1.3820] limit_clips=0 step_clips=0 tracking_max=nan
[cmd 000642 kind=policy chunk=0213 chunk_step=1] delta_max_rad=0.107855 delta_max_deg=6.1796 joint=right_thumb_IP joint_index=21 from_rad=0.524028 to_rad=0.631883
[action 000428 chunk_step=1] raw=[-0.3182,1.3942] sent=[-0.3182,1.3942] limit_clips=0 step_clips=0 tracking_max=nan
[cmd 000643 kind=inference_hold chunk=0214 chunk_step=-] delta_max_rad=0.102607 delta_max_deg=5.8789 joint=right_ring_DIP joint_index=16 from_rad=1.361616 to_rad=1.259009
[latency] hand_policy inference_ms=8.606
[chunk 0214] inference=0.009s predicted=(2, 22)
[cmd 000644 kind=policy chunk=0214 chunk_step=0] delta_max_rad=0.199067 delta_max_deg=11.4057 joint=right_pinky_DIP joint_index=12 from_rad=0.781359 to_rad=0.582292
[action 000429 chunk_step=0] raw=[-0.3103,1.3950] sent=[-0.3103,1.3950] limit_clips=0 step_clips=0 tracking_max=nan
[cmd 000645 kind=policy chunk=0214 chunk_step=1] delta_max_rad=0.105099 delta_max_deg=6.0217 joint=right_middle_PIP joint_index=6 from_rad=0.575769 to_rad=0.470670
[action 000430 chunk_step=1] raw=[-0.3329,1.3451] sent=[-0.3329,1.3451] limit_clips=0 step_clips=0 tracking_max=nan
[cmd 000646 kind=inference_hold chunk=0215 chunk_step=-] delta_max_rad=0.066893 delta_max_deg=3.8327 joint=right_pinky_CMC joint_index=8 from_rad=0.248940 to_rad=0.182047
[latency] hand_policy inference_ms=10.087
[chunk 0215] inference=0.010s predicted=(2, 22)
[cmd 000647 kind=policy chunk=0215 chunk_step=0] delta_max_rad=0.152322 delta_max_deg=8.7274 joint=right_index_DIP joint_index=3 from_rad=0.902919 to_rad=1.055241
[action 000431 chunk_step=0] raw=[-0.3474,1.2546] sent=[-0.3474,1.2546] limit_clips=0 step_clips=0 tracking_max=nan
[cmd 000648 kind=policy chunk=0215 chunk_step=1] delta_max_rad=0.108451 delta_max_deg=6.2138 joint=right_pinky_PIP joint_index=11 from_rad=0.108117 to_rad=0.216568
[action 000432 chunk_step=1] raw=[-0.3491,1.1725] sent=[-0.3491,1.1725] limit_clips=0 step_clips=0 tracking_max=nan
[cmd 000649 kind=inference_hold chunk=0216 chunk_step=-] delta_max_rad=0.070912 delta_max_deg=4.0630 joint=right_pinky_PIP joint_index=11 from_rad=0.216568 to_rad=0.145656
[latency] hand_policy inference_ms=8.773
[chunk 0216] inference=0.009s predicted=(2, 22)
[cmd 000650 kind=policy chunk=0216 chunk_step=0] delta_max_rad=0.170590 delta_max_deg=9.7741 joint=right_ring_PIP joint_index=15 from_rad=0.892781 to_rad=0.722191
[action 000433 chunk_step=0] raw=[-0.3486,1.2294] sent=[-0.3486,1.2294] limit_clips=0 step_clips=0 tracking_max=nan
[cmd 000651 kind=policy chunk=0216 chunk_step=1] delta_max_rad=0.103785 delta_max_deg=5.9465 joint=right_index_PIP joint_index=2 from_rad=0.554167 to_rad=0.657952
[action 000434 chunk_step=1] raw=[-0.3476,1.3265] sent=[-0.3476,1.3265] limit_clips=0 step_clips=0 tracking_max=nan
[cmd 000652 kind=inference_hold chunk=0217 chunk_step=-] delta_max_rad=0.088863 delta_max_deg=5.0915 joint=right_index_DIP joint_index=3 from_rad=1.326536 to_rad=1.237672
[latency] hand_policy inference_ms=8.514
[chunk 0217] inference=0.009s predicted=(2, 22)
[cmd 000653 kind=policy chunk=0217 chunk_step=0] delta_max_rad=0.185902 delta_max_deg=10.6514 joint=right_index_PIP joint_index=2 from_rad=0.574636 to_rad=0.760538
[action 000435 chunk_step=0] raw=[-0.3433,1.3888] sent=[-0.3433,1.3888] limit_clips=0 step_clips=0 tracking_max=nan
[cmd 000654 kind=policy chunk=0217 chunk_step=1] delta_max_rad=0.108685 delta_max_deg=6.2272 joint=right_pinky_DIP joint_index=12 from_rad=0.906192 to_rad=1.014877
[action 000436 chunk_step=1] raw=[-0.3451,1.3904] sent=[-0.3451,1.3904] limit_clips=0 step_clips=0 tracking_max=nan
[cmd 000655 kind=inference_hold chunk=0218 chunk_step=-] delta_max_rad=0.095670 delta_max_deg=5.4815 joint=right_index_DIP joint_index=3 from_rad=1.390442 to_rad=1.294773
[latency] hand_policy inference_ms=9.830
[chunk 0218] inference=0.010s predicted=(2, 22)
[cmd 000656 kind=policy chunk=0218 chunk_step=0] delta_max_rad=0.189909 delta_max_deg=10.8810 joint=right_ring_MCP_FE joint_index=13 from_rad=0.390535 to_rad=0.580445
[action 000437 chunk_step=0] raw=[-0.3410,1.3436] sent=[-0.3410,1.3436] limit_clips=0 step_clips=0 tracking_max=nan
[cmd 000657 kind=policy chunk=0218 chunk_step=1] delta_max_rad=0.115156 delta_max_deg=6.5980 joint=right_pinky_MCP_AA joint_index=10 from_rad=0.205230 to_rad=0.320387
[action 000438 chunk_step=1] raw=[-0.3491,1.2497] sent=[-0.3491,1.2497] limit_clips=0 step_clips=0 tracking_max=nan
[cmd 000658 kind=inference_hold chunk=0219 chunk_step=-] delta_max_rad=0.071662 delta_max_deg=4.1059 joint=right_pinky_MCP_AA joint_index=10 from_rad=0.320387 to_rad=0.248725
[latency] hand_policy inference_ms=10.081
[chunk 0219] inference=0.010s predicted=(2, 22)
[cmd 000659 kind=policy chunk=0219 chunk_step=0] delta_max_rad=0.152549 delta_max_deg=8.7404 joint=right_pinky_CMC joint_index=8 from_rad=0.210210 to_rad=0.057661
[action 000439 chunk_step=0] raw=[-0.3480,1.2460] sent=[-0.3480,1.2460] limit_clips=0 step_clips=0 tracking_max=nan
[cmd 000660 kind=policy chunk=0219 chunk_step=1] delta_max_rad=0.105675 delta_max_deg=6.0547 joint=right_index_PIP joint_index=2 from_rad=0.601520 to_rad=0.495845
[action 000440 chunk_step=1] raw=[-0.3473,1.3037] sent=[-0.3473,1.3037] limit_clips=0 step_clips=0 tracking_max=nan
[cmd 000661 kind=inference_hold chunk=0220 chunk_step=-] delta_max_rad=0.078898 delta_max_deg=4.5205 joint=right_index_PIP joint_index=2 from_rad=0.495845 to_rad=0.574743
[latency] hand_policy inference_ms=8.755
[chunk 0220] inference=0.009s predicted=(2, 22)
[cmd 000662 kind=policy chunk=0220 chunk_step=0] delta_max_rad=0.184567 delta_max_deg=10.5749 joint=right_index_PIP joint_index=2 from_rad=0.574743 to_rad=0.390176
[action 000441 chunk_step=0] raw=[-0.3452,1.3555] sent=[-0.3452,1.3555] limit_clips=0 step_clips=0 tracking_max=nan
[cmd 000663 kind=policy chunk=0220 chunk_step=1] delta_max_rad=0.108149 delta_max_deg=6.1965 joint=right_ring_MCP_FE joint_index=13 from_rad=0.315268 to_rad=0.207119
[action 000442 chunk_step=1] raw=[-0.3461,1.3661] sent=[-0.3461,1.3661] limit_clips=0 step_clips=0 tracking_max=nan
[cmd 000664 kind=inference_hold chunk=0221 chunk_step=-] delta_max_rad=0.086729 delta_max_deg=4.9692 joint=right_pinky_PIP joint_index=11 from_rad=0.202553 to_rad=0.289283
[latency] hand_policy inference_ms=8.573
[chunk 0221] inference=0.009s predicted=(2, 22)
[cmd 000665 kind=policy chunk=0221 chunk_step=0] delta_max_rad=0.190939 delta_max_deg=10.9400 joint=right_ring_MCP_FE joint_index=13 from_rad=0.292829 to_rad=0.101890
[action 000443 chunk_step=0] raw=[-0.3491,1.3728] sent=[-0.3491,1.3728] limit_clips=0 step_clips=0 tracking_max=nan
[cmd 000666 kind=policy chunk=0221 chunk_step=1] delta_max_rad=0.099904 delta_max_deg=5.7241 joint=right_ring_MCP_FE joint_index=13 from_rad=0.101890 to_rad=0.001986
[action 000444 chunk_step=1] raw=[-0.3476,1.3963] sent=[-0.3476,1.3963] limit_clips=0 step_clips=0 tracking_max=nan
[cmd 000667 kind=inference_hold chunk=0222 chunk_step=-] delta_max_rad=0.116323 delta_max_deg=6.6648 joint=right_ring_DIP joint_index=16 from_rad=1.396300 to_rad=1.279977
[latency] hand_policy inference_ms=10.259
[chunk 0222] inference=0.010s predicted=(2, 22)
[cmd 000668 kind=policy chunk=0222 chunk_step=0] delta_max_rad=0.133599 delta_max_deg=7.6547 joint=right_pinky_CMC joint_index=8 from_rad=0.127693 to_rad=0.261292
[action 000445 chunk_step=0] raw=[-0.3491,1.2929] sent=[-0.3491,1.2929] limit_clips=0 step_clips=0 tracking_max=nan
[cmd 000669 kind=policy chunk=0222 chunk_step=1] delta_max_rad=0.112608 delta_max_deg=6.4520 joint=right_pinky_PIP joint_index=11 from_rad=0.111490 to_rad=0.224098
[action 000446 chunk_step=1] raw=[-0.3481,1.1983] sent=[-0.3481,1.1983] limit_clips=0 step_clips=0 tracking_max=nan
[cmd 000670 kind=inference_hold chunk=0223 chunk_step=-] delta_max_rad=0.061367 delta_max_deg=3.5161 joint=right_middle_PIP joint_index=6 from_rad=0.304709 to_rad=0.366077
[latency] hand_policy inference_ms=9.613
[chunk 0223] inference=0.010s predicted=(2, 22)
[cmd 000671 kind=policy chunk=0223 chunk_step=0] delta_max_rad=0.155552 delta_max_deg=8.9125 joint=right_index_DIP joint_index=3 from_rad=0.992011 to_rad=1.147563
[action 000447 chunk_step=0] raw=[-0.3482,1.1560] sent=[-0.3482,1.1560] limit_clips=0 step_clips=0 tracking_max=nan
[cmd 000672 kind=policy chunk=0223 chunk_step=1] delta_max_rad=0.101405 delta_max_deg=5.8101 joint=right_pinky_PIP joint_index=11 from_rad=0.312253 to_rad=0.413657
[action 000448 chunk_step=1] raw=[-0.3471,1.2403] sent=[-0.3471,1.2403] limit_clips=0 step_clips=0 tracking_max=nan
[cmd 000673 kind=inference_hold chunk=0224 chunk_step=-] delta_max_rad=0.072491 delta_max_deg=4.1534 joint=right_pinky_PIP joint_index=11 from_rad=0.413657 to_rad=0.341166
[latency] hand_policy inference_ms=8.648
[chunk 0224] inference=0.009s predicted=(2, 22)
[cmd 000674 kind=policy chunk=0224 chunk_step=0] delta_max_rad=0.185491 delta_max_deg=10.6279 joint=right_index_PIP joint_index=2 from_rad=0.539952 to_rad=0.725444
[action 000449 chunk_step=0] raw=[-0.3456,1.3301] sent=[-0.3456,1.3301] limit_clips=0 step_clips=0 tracking_max=nan
[cmd 000675 kind=policy chunk=0224 chunk_step=1] delta_max_rad=0.108975 delta_max_deg=6.2438 joint=right_ring_MCP_FE joint_index=13 from_rad=0.382238 to_rad=0.491213
[action 000450 chunk_step=1] raw=[-0.3476,1.3785] sent=[-0.3476,1.3785] limit_clips=0 step_clips=0 tracking_max=nan
[cmd 000676 kind=inference_hold chunk=0225 chunk_step=-] delta_max_rad=0.095440 delta_max_deg=5.4683 joint=right_index_DIP joint_index=3 from_rad=1.378466 to_rad=1.283026
[latency] hand_policy inference_ms=9.288
[chunk 0225] inference=0.009s predicted=(2, 22)
[cmd 000677 kind=policy chunk=0225 chunk_step=0] delta_max_rad=0.178526 delta_max_deg=10.2288 joint=right_ring_MCP_FE joint_index=13 from_rad=0.407930 to_rad=0.586456
[action 000451 chunk_step=0] raw=[-0.3440,1.3584] sent=[-0.3440,1.3584] limit_clips=0 step_clips=0 tracking_max=nan
[cmd 000678 kind=policy chunk=0225 chunk_step=1] delta_max_rad=0.099352 delta_max_deg=5.6925 joint=right_index_DIP joint_index=3 from_rad=1.358389 to_rad=1.259037
[action 000452 chunk_step=1] raw=[-0.3491,1.2722] sent=[-0.3491,1.2722] limit_clips=0 step_clips=0 tracking_max=nan
[cmd 000679 kind=inference_hold chunk=0226 chunk_step=-] delta_max_rad=0.069670 delta_max_deg=3.9918 joint=right_middle_PIP joint_index=6 from_rad=0.527560 to_rad=0.457890
[latency] hand_policy inference_ms=10.221
[chunk 0226] inference=0.010s predicted=(2, 22)
[cmd 000680 kind=policy chunk=0226 chunk_step=0] delta_max_rad=0.150994 delta_max_deg=8.6513 joint=right_pinky_CMC joint_index=8 from_rad=0.200488 to_rad=0.049494
[action 000453 chunk_step=0] raw=[-0.3440,1.2504] sent=[-0.3440,1.2504] limit_clips=0 step_clips=0 tracking_max=nan
[cmd 000681 kind=policy chunk=0226 chunk_step=1] delta_max_rad=0.097413 delta_max_deg=5.5814 joint=right_ring_PIP joint_index=15 from_rad=0.776346 to_rad=0.873760
[action 000454 chunk_step=1] raw=[-0.3444,1.3253] sent=[-0.3444,1.3253] limit_clips=0 step_clips=0 tracking_max=nan
[cmd 000682 kind=inference_hold chunk=0227 chunk_step=-] delta_max_rad=0.083973 delta_max_deg=4.8113 joint=right_middle_DIP joint_index=7 from_rad=1.325317 to_rad=1.241344
[latency] hand_policy inference_ms=8.794
[chunk 0227] inference=0.009s predicted=(2, 22)
[cmd 000683 kind=policy chunk=0227 chunk_step=0] delta_max_rad=0.183732 delta_max_deg=10.5271 joint=right_index_PIP joint_index=2 from_rad=0.472771 to_rad=0.289039
[action 000455 chunk_step=0] raw=[-0.3478,1.3801] sent=[-0.3478,1.3801] limit_clips=0 step_clips=0 tracking_max=nan
[cmd 000684 kind=policy chunk=0227 chunk_step=1] delta_max_rad=0.103131 delta_max_deg=5.9089 joint=right_thumb_IP joint_index=21 from_rad=0.400629 to_rad=0.503760
[action 000456 chunk_step=1] raw=[-0.3480,1.3881] sent=[-0.3480,1.3881] limit_clips=0 step_clips=0 tracking_max=nan
[cmd 000685 kind=inference_hold chunk=0228 chunk_step=-] delta_max_rad=0.092264 delta_max_deg=5.2864 joint=right_middle_DIP joint_index=7 from_rad=1.388148 to_rad=1.295883
[latency] hand_policy inference_ms=8.641
[chunk 0228] inference=0.009s predicted=(2, 22)
[cmd 000686 kind=policy chunk=0228 chunk_step=0] delta_max_rad=0.194670 delta_max_deg=11.1538 joint=right_thumb_IP joint_index=21 from_rad=0.425940 to_rad=0.620609
[action 000457 chunk_step=0] raw=[-0.3480,1.3866] sent=[-0.3480,1.3866] limit_clips=0 step_clips=0 tracking_max=nan
[cmd 000687 kind=policy chunk=0228 chunk_step=1] delta_max_rad=0.096415 delta_max_deg=5.5241 joint=right_thumb_IP joint_index=21 from_rad=0.620609 to_rad=0.717024
[action 000458 chunk_step=1] raw=[-0.3115,1.3771] sent=[-0.3115,1.3771] limit_clips=0 step_clips=0 tracking_max=nan
[cmd 000688 kind=inference_hold chunk=0229 chunk_step=-] delta_max_rad=0.081420 delta_max_deg=4.6650 joint=right_ring_DIP joint_index=16 from_rad=1.353162 to_rad=1.271742
[latency] hand_policy inference_ms=8.605
[chunk 0229] inference=0.009s predicted=(2, 22)
[cmd 000689 kind=policy chunk=0229 chunk_step=0] delta_max_rad=0.233881 delta_max_deg=13.4004 joint=right_thumb_IP joint_index=21 from_rad=0.635850 to_rad=0.869731
[action 000459 chunk_step=0] raw=[-0.2307,1.3884] sent=[-0.2307,1.3884] limit_clips=0 step_clips=0 tracking_max=nan
[cmd 000690 kind=policy chunk=0229 chunk_step=1] delta_max_rad=0.123988 delta_max_deg=7.1040 joint=right_thumb_IP joint_index=21 from_rad=0.869731 to_rad=0.993720
[action 000460 chunk_step=1] raw=[-0.1890,1.3902] sent=[-0.1890,1.3902] limit_clips=0 step_clips=0 tracking_max=nan
[cmd 000691 kind=inference_hold chunk=0230 chunk_step=-] delta_max_rad=0.108971 delta_max_deg=6.2436 joint=right_thumb_IP joint_index=21 from_rad=0.993720 to_rad=0.884749
[latency] hand_policy inference_ms=10.265
[chunk 0230] inference=0.010s predicted=(2, 22)
[cmd 000692 kind=policy chunk=0230 chunk_step=0] delta_max_rad=0.221548 delta_max_deg=12.6937 joint=right_thumb_IP joint_index=21 from_rad=0.884749 to_rad=1.106296
[action 000461 chunk_step=0] raw=[-0.1668,1.3963] sent=[-0.1668,1.3963] limit_clips=0 step_clips=0 tracking_max=nan
[cmd 000693 kind=policy chunk=0230 chunk_step=1] delta_max_rad=0.082888 delta_max_deg=4.7491 joint=right_pinky_MCP_AA joint_index=10 from_rad=0.314025 to_rad=0.231138
[action 000462 chunk_step=1] raw=[-0.1524,1.3837] sent=[-0.1524,1.3837] limit_clips=0 step_clips=0 tracking_max=nan
[cmd 000694 kind=inference_hold chunk=0231 chunk_step=-] delta_max_rad=0.075437 delta_max_deg=4.3222 joint=right_middle_DIP joint_index=7 from_rad=1.383706 to_rad=1.308269
[latency] hand_policy inference_ms=9.574
[chunk 0231] inference=0.010s predicted=(2, 22)
[cmd 000695 kind=policy chunk=0231 chunk_step=0] delta_max_rad=0.129992 delta_max_deg=7.4480 joint=right_pinky_DIP joint_index=12 from_rad=0.321815 to_rad=0.191823
[action 000463 chunk_step=0] raw=[-0.1840,1.3361] sent=[-0.1840,1.3361] limit_clips=0 step_clips=0 tracking_max=nan
[cmd 000696 kind=policy chunk=0231 chunk_step=1] delta_max_rad=0.116063 delta_max_deg=6.6499 joint=right_pinky_PIP joint_index=11 from_rad=0.161303 to_rad=0.277366
[action 000464 chunk_step=1] raw=[-0.2506,1.2605] sent=[-0.2506,1.2605] limit_clips=0 step_clips=0 tracking_max=nan
[cmd 000697 kind=inference_hold chunk=0232 chunk_step=-] delta_max_rad=0.076020 delta_max_deg=4.3556 joint=right_pinky_PIP joint_index=11 from_rad=0.277366 to_rad=0.201346
[latency] hand_policy inference_ms=8.755
[chunk 0232] inference=0.009s predicted=(2, 22)
[cmd 000698 kind=policy chunk=0232 chunk_step=0] delta_max_rad=0.168952 delta_max_deg=9.6803 joint=right_middle_PIP joint_index=6 from_rad=0.819274 to_rad=0.650321
[action 000465 chunk_step=0] raw=[-0.3079,1.1734] sent=[-0.3079,1.1734] limit_clips=0 step_clips=0 tracking_max=nan
[cmd 000699 kind=policy chunk=0232 chunk_step=1] delta_max_rad=0.104644 delta_max_deg=5.9956 joint=right_middle_PIP joint_index=6 from_rad=0.650321 to_rad=0.545678
[action 000466 chunk_step=1] raw=[-0.3395,1.0855] sent=[-0.3395,1.0855] limit_clips=0 step_clips=0 tracking_max=nan
[cmd 000700 kind=inference_hold chunk=0233 chunk_step=-] delta_max_rad=0.083683 delta_max_deg=4.7947 joint=right_middle_PIP joint_index=6 from_rad=0.545678 to_rad=0.629361
[latency] hand_policy inference_ms=8.852
[chunk 0233] inference=0.009s predicted=(2, 22)
[cmd 000701 kind=policy chunk=0233 chunk_step=0] delta_max_rad=0.175405 delta_max_deg=10.0499 joint=right_middle_PIP joint_index=6 from_rad=0.629361 to_rad=0.453957
[action 000467 chunk_step=0] raw=[-0.3405,1.1772] sent=[-0.3405,1.1772] limit_clips=0 step_clips=0 tracking_max=nan
[cmd 000702 kind=policy chunk=0233 chunk_step=1] delta_max_rad=0.107179 delta_max_deg=6.1409 joint=right_pinky_PIP joint_index=11 from_rad=0.532973 to_rad=0.640152
[action 000468 chunk_step=1] raw=[-0.3479,1.2818] sent=[-0.3479,1.2818] limit_clips=0 step_clips=0 tracking_max=nan
[cmd 000703 kind=inference_hold chunk=0234 chunk_step=-] delta_max_rad=0.087281 delta_max_deg=5.0008 joint=right_pinky_PIP joint_index=11 from_rad=0.640152 to_rad=0.552871
[latency] hand_policy inference_ms=10.180
[chunk 0234] inference=0.010s predicted=(2, 22)
[cmd 000704 kind=policy chunk=0234 chunk_step=0] delta_max_rad=0.195690 delta_max_deg=11.2122 joint=right_pinky_PIP joint_index=11 from_rad=0.552871 to_rad=0.748561
[action 000469 chunk_step=0] raw=[-0.3367,1.3543] sent=[-0.3367,1.3543] limit_clips=0 step_clips=0 tracking_max=nan
[cmd 000705 kind=policy chunk=0234 chunk_step=1] delta_max_rad=0.126274 delta_max_deg=7.2350 joint=right_pinky_PIP joint_index=11 from_rad=0.748561 to_rad=0.874835
[action 000470 chunk_step=1] raw=[-0.3407,1.3733] sent=[-0.3407,1.3733] limit_clips=0 step_clips=0 tracking_max=nan
[cmd 000706 kind=inference_hold chunk=0235 chunk_step=-] delta_max_rad=0.095180 delta_max_deg=5.4534 joint=right_pinky_PIP joint_index=11 from_rad=0.874835 to_rad=0.779655
[latency] hand_policy inference_ms=8.735
[chunk 0235] inference=0.009s predicted=(2, 22)
[cmd 000707 kind=policy chunk=0235 chunk_step=0] delta_max_rad=0.184474 delta_max_deg=10.5696 joint=right_pinky_PIP joint_index=11 from_rad=0.779655 to_rad=0.964130
[action 000471 chunk_step=0] raw=[-0.3477,1.3963] sent=[-0.3477,1.3963] limit_clips=0 step_clips=0 tracking_max=nan
[cmd 000708 kind=policy chunk=0235 chunk_step=1] delta_max_rad=0.111959 delta_max_deg=6.4148 joint=right_pinky_PIP joint_index=11 from_rad=0.964130 to_rad=1.076089
[action 000472 chunk_step=1] raw=[-0.3422,1.3839] sent=[-0.3422,1.3839] limit_clips=0 step_clips=0 tracking_max=nan
[cmd 000709 kind=inference_hold chunk=0236 chunk_step=-] delta_max_rad=0.090496 delta_max_deg=5.1850 joint=right_pinky_PIP joint_index=11 from_rad=1.076089 to_rad=0.985593
[latency] hand_policy inference_ms=8.521
[chunk 0236] inference=0.009s predicted=(2, 22)
[cmd 000710 kind=policy chunk=0236 chunk_step=0] delta_max_rad=0.193563 delta_max_deg=11.0904 joint=right_middle_MCP_FE joint_index=4 from_rad=0.265615 to_rad=0.459178
[action 000473 chunk_step=0] raw=[-0.3489,1.3851] sent=[-0.3489,1.3851] limit_clips=0 step_clips=0 tracking_max=nan
[cmd 000711 kind=policy chunk=0236 chunk_step=1] delta_max_rad=0.087253 delta_max_deg=4.9992 joint=right_pinky_MCP_AA joint_index=10 from_rad=0.055645 to_rad=0.142898
[action 000474 chunk_step=1] raw=[-0.3451,1.3963] sent=[-0.3451,1.3963] limit_clips=0 step_clips=0 tracking_max=nan
[cmd 000712 kind=inference_hold chunk=0237 chunk_step=-] delta_max_rad=0.088017 delta_max_deg=5.0430 joint=right_index_DIP joint_index=3 from_rad=1.396300 to_rad=1.308283
[latency] hand_policy inference_ms=10.195
[chunk 0237] inference=0.010s predicted=(2, 22)
[cmd 000713 kind=policy chunk=0237 chunk_step=0] delta_max_rad=0.138336 delta_max_deg=7.9261 joint=right_pinky_MCP_AA joint_index=10 from_rad=0.096987 to_rad=0.235323
[action 000475 chunk_step=0] raw=[-0.3444,1.3123] sent=[-0.3444,1.3123] limit_clips=0 step_clips=0 tracking_max=nan
[cmd 000714 kind=policy chunk=0237 chunk_step=1] delta_max_rad=0.111497 delta_max_deg=6.3883 joint=right_index_PIP joint_index=2 from_rad=0.669345 to_rad=0.557847
[action 000476 chunk_step=1] raw=[-0.3476,1.2359] sent=[-0.3476,1.2359] limit_clips=0 step_clips=0 tracking_max=nan
[cmd 000715 kind=inference_hold chunk=0238 chunk_step=-] delta_max_rad=0.081423 delta_max_deg=4.6652 joint=right_index_PIP joint_index=2 from_rad=0.557847 to_rad=0.639270
[latency] hand_policy inference_ms=9.692
[chunk 0238] inference=0.010s predicted=(2, 22)
[cmd 000716 kind=policy chunk=0238 chunk_step=0] delta_max_rad=0.201414 delta_max_deg=11.5402 joint=right_index_PIP joint_index=2 from_rad=0.639270 to_rad=0.437856
[action 000477 chunk_step=0] raw=[-0.3447,1.1799] sent=[-0.3447,1.1799] limit_clips=0 step_clips=0 tracking_max=nan
[cmd 000717 kind=policy chunk=0238 chunk_step=1] delta_max_rad=0.111412 delta_max_deg=6.3834 joint=right_pinky_PIP joint_index=11 from_rad=0.804228 to_rad=0.692816
[action 000478 chunk_step=1] raw=[-0.3469,1.1741] sent=[-0.3469,1.1741] limit_clips=0 step_clips=0 tracking_max=nan
[cmd 000718 kind=inference_hold chunk=0239 chunk_step=-] delta_max_rad=0.089079 delta_max_deg=5.1038 joint=right_pinky_PIP joint_index=11 from_rad=0.692816 to_rad=0.781895
[latency] hand_policy inference_ms=9.276
[chunk 0239] inference=0.009s predicted=(2, 22)
[cmd 000719 kind=policy chunk=0239 chunk_step=0] delta_max_rad=0.217845 delta_max_deg=12.4816 joint=right_pinky_PIP joint_index=11 from_rad=0.781895 to_rad=0.564051
[action 000479 chunk_step=0] raw=[-0.3491,1.1640] sent=[-0.3491,1.1640] limit_clips=0 step_clips=0 tracking_max=nan
[cmd 000720 kind=policy chunk=0239 chunk_step=1] delta_max_rad=0.115790 delta_max_deg=6.6343 joint=right_pinky_PIP joint_index=11 from_rad=0.564051 to_rad=0.448261
[action 000480 chunk_step=1] raw=[-0.3479,1.1515] sent=[-0.3479,1.1515] limit_clips=0 step_clips=0 tracking_max=nan
[cmd 000721 kind=inference_hold chunk=0240 chunk_step=-] delta_max_rad=0.099942 delta_max_deg=5.7263 joint=right_pinky_PIP joint_index=11 from_rad=0.448261 to_rad=0.548203
[latency] hand_policy inference_ms=8.551
[chunk 0240] inference=0.009s predicted=(2, 22)
[cmd 000722 kind=policy chunk=0240 chunk_step=0] delta_max_rad=0.194624 delta_max_deg=11.1511 joint=right_pinky_PIP joint_index=11 from_rad=0.548203 to_rad=0.353579
[action 000481 chunk_step=0] raw=[-0.3338,1.1296] sent=[-0.3338,1.1296] limit_clips=0 step_clips=0 tracking_max=nan
[cmd 000723 kind=policy chunk=0240 chunk_step=1] delta_max_rad=0.106930 delta_max_deg=6.1267 joint=right_thumb_IP joint_index=21 from_rad=0.208678 to_rad=0.315608
[action 000482 chunk_step=1] raw=[-0.2566,1.1608] sent=[-0.2566,1.1608] limit_clips=0 step_clips=0 tracking_max=nan
[cmd 000724 kind=inference_hold chunk=0241 chunk_step=-] delta_max_rad=0.081923 delta_max_deg=4.6939 joint=right_index_DIP joint_index=3 from_rad=0.656262 to_rad=0.738185
[latency] hand_policy inference_ms=9.804
[chunk 0241] inference=0.010s predicted=(2, 22)
[cmd 000725 kind=policy chunk=0241 chunk_step=0] delta_max_rad=0.199233 delta_max_deg=11.4152 joint=right_thumb_IP joint_index=21 from_rad=0.236133 to_rad=0.435366
[action 000483 chunk_step=0] raw=[-0.1910,1.2335] sent=[-0.1910,1.2335] limit_clips=0 step_clips=0 tracking_max=nan
[cmd 000726 kind=policy chunk=0241 chunk_step=1] delta_max_rad=0.097155 delta_max_deg=5.5666 joint=right_thumb_MCP_AA joint_index=20 from_rad=-0.160643 to_rad=-0.063488
[action 000484 chunk_step=1] raw=[-0.1832,1.2673] sent=[-0.1832,1.2673] limit_clips=0 step_clips=0 tracking_max=nan
[cmd 000727 kind=inference_hold chunk=0242 chunk_step=-] delta_max_rad=0.078270 delta_max_deg=4.4846 joint=right_thumb_IP joint_index=21 from_rad=0.528099 to_rad=0.449829
[latency] hand_policy inference_ms=10.081
[chunk 0242] inference=0.010s predicted=(2, 22)
[cmd 000728 kind=policy chunk=0242 chunk_step=0] delta_max_rad=0.186683 delta_max_deg=10.6962 joint=right_thumb_IP joint_index=21 from_rad=0.449829 to_rad=0.636512
[action 000485 chunk_step=0] raw=[-0.1439,1.3171] sent=[-0.1439,1.3171] limit_clips=0 step_clips=0 tracking_max=nan
[cmd 000729 kind=policy chunk=0242 chunk_step=1] delta_max_rad=0.105643 delta_max_deg=6.0529 joint=right_ring_PIP joint_index=15 from_rad=1.208528 to_rad=1.102885
[action 000486 chunk_step=1] raw=[-0.1681,1.2792] sent=[-0.1681,1.2792] limit_clips=0 step_clips=0 tracking_max=nan
[cmd 000730 kind=inference_hold chunk=0243 chunk_step=-] delta_max_rad=0.065003 delta_max_deg=3.7244 joint=right_thumb_MCP_AA joint_index=20 from_rad=0.096494 to_rad=0.031491
[latency] hand_policy inference_ms=8.969
[chunk 0243] inference=0.009s predicted=(2, 22)
[cmd 000731 kind=policy chunk=0243 chunk_step=0] delta_max_rad=0.179413 delta_max_deg=10.2796 joint=right_ring_PIP joint_index=15 from_rad=1.161345 to_rad=0.981932
[action 000487 chunk_step=0] raw=[-0.2385,1.1921] sent=[-0.2385,1.1921] limit_clips=0 step_clips=0 tracking_max=nan
[cmd 000732 kind=policy chunk=0243 chunk_step=1] delta_max_rad=0.102403 delta_max_deg=5.8673 joint=right_thumb_MCP_FE joint_index=19 from_rad=0.646961 to_rad=0.544558
[action 000488 chunk_step=1] raw=[-0.3112,1.0927] sent=[-0.3112,1.0927] limit_clips=0 step_clips=0 tracking_max=nan
[cmd 000733 kind=inference_hold chunk=0244 chunk_step=-] delta_max_rad=0.077293 delta_max_deg=4.4286 joint=right_middle_PIP joint_index=6 from_rad=0.479566 to_rad=0.556860
[latency] hand_policy inference_ms=8.558
[chunk 0244] inference=0.009s predicted=(2, 22)
[cmd 000734 kind=policy chunk=0244 chunk_step=0] delta_max_rad=0.188850 delta_max_deg=10.8203 joint=right_thumb_MCP_FE joint_index=19 from_rad=0.617496 to_rad=0.428646
[action 000489 chunk_step=0] raw=[-0.3437,1.1096] sent=[-0.3437,1.1096] limit_clips=0 step_clips=0 tracking_max=nan
[cmd 000735 kind=policy chunk=0244 chunk_step=1] delta_max_rad=0.107107 delta_max_deg=6.1368 joint=right_thumb_MCP_AA joint_index=20 from_rad=-0.115446 to_rad=-0.222553
[action 000490 chunk_step=1] raw=[-0.3491,1.1672] sent=[-0.3491,1.1672] limit_clips=0 step_clips=0 tracking_max=nan
[cmd 000736 kind=inference_hold chunk=0245 chunk_step=-] delta_max_rad=0.086118 delta_max_deg=4.9342 joint=right_thumb_MCP_FE joint_index=19 from_rad=0.335995 to_rad=0.422113
[latency] hand_policy inference_ms=10.003
[chunk 0245] inference=0.010s predicted=(2, 22)
[cmd 000737 kind=policy chunk=0245 chunk_step=0] delta_max_rad=0.183080 delta_max_deg=10.4897 joint=right_index_DIP joint_index=3 from_rad=1.000370 to_rad=1.183450
[action 000491 chunk_step=0] raw=[-0.3440,1.2204] sent=[-0.3440,1.2204] limit_clips=0 step_clips=0 tracking_max=nan
[cmd 000738 kind=policy chunk=0245 chunk_step=1] delta_max_rad=0.115895 delta_max_deg=6.6403 joint=right_pinky_PIP joint_index=11 from_rad=0.820556 to_rad=0.936451
[action 000492 chunk_step=1] raw=[-0.3464,1.2640] sent=[-0.3464,1.2640] limit_clips=0 step_clips=0 tracking_max=nan
[cmd 000739 kind=inference_hold chunk=0246 chunk_step=-] delta_max_rad=0.089116 delta_max_deg=5.1060 joint=right_pinky_PIP joint_index=11 from_rad=0.936451 to_rad=0.847335
[latency] hand_policy inference_ms=9.181
[chunk 0246] inference=0.009s predicted=(2, 22)
[cmd 000740 kind=policy chunk=0246 chunk_step=0] delta_max_rad=0.198539 delta_max_deg=11.3755 joint=right_pinky_PIP joint_index=11 from_rad=0.847335 to_rad=1.045874
[action 000493 chunk_step=0] raw=[-0.3491,1.3453] sent=[-0.3491,1.3453] limit_clips=0 step_clips=0 tracking_max=nan
[cmd 000741 kind=policy chunk=0246 chunk_step=1] delta_max_rad=0.115071 delta_max_deg=6.5931 joint=right_middle_MCP_FE joint_index=4 from_rad=0.434256 to_rad=0.549327
[action 000494 chunk_step=1] raw=[-0.3457,1.3723] sent=[-0.3457,1.3723] limit_clips=0 step_clips=0 tracking_max=nan
[cmd 000742 kind=inference_hold chunk=0247 chunk_step=-] delta_max_rad=0.088565 delta_max_deg=5.0744 joint=right_middle_MCP_FE joint_index=4 from_rad=0.549327 to_rad=0.460762
[latency] hand_policy inference_ms=8.486
[chunk 0247] inference=0.008s predicted=(2, 22)
[cmd 000743 kind=policy chunk=0247 chunk_step=0] delta_max_rad=0.189308 delta_max_deg=10.8466 joint=right_middle_MCP_FE joint_index=4 from_rad=0.460762 to_rad=0.650070
[action 000495 chunk_step=0] raw=[-0.3458,1.3875] sent=[-0.3458,1.3875] limit_clips=0 step_clips=0 tracking_max=nan
[cmd 000744 kind=policy chunk=0247 chunk_step=1] delta_max_rad=0.108221 delta_max_deg=6.2006 joint=right_pinky_MCP_AA joint_index=10 from_rad=0.093561 to_rad=0.201782
[action 000496 chunk_step=1] raw=[-0.3491,1.3346] sent=[-0.3491,1.3346] limit_clips=0 step_clips=0 tracking_max=nan
[cmd 000745 kind=inference_hold chunk=0248 chunk_step=-] delta_max_rad=0.077029 delta_max_deg=4.4134 joint=right_middle_PIP joint_index=6 from_rad=0.531932 to_rad=0.454903
[latency] hand_policy inference_ms=10.013
[chunk 0248] inference=0.010s predicted=(2, 22)
[cmd 000746 kind=policy chunk=0248 chunk_step=0] delta_max_rad=0.140561 delta_max_deg=8.0535 joint=right_middle_PIP joint_index=6 from_rad=0.454903 to_rad=0.595464
[action 000497 chunk_step=0] raw=[-0.3453,1.2615] sent=[-0.3453,1.2615] limit_clips=0 step_clips=0 tracking_max=nan
[cmd 000747 kind=policy chunk=0248 chunk_step=1] delta_max_rad=0.101727 delta_max_deg=5.8285 joint=right_index_PIP joint_index=2 from_rad=0.591254 to_rad=0.489527
[action 000498 chunk_step=1] raw=[-0.3457,1.2641] sent=[-0.3457,1.2641] limit_clips=0 step_clips=0 tracking_max=nan
[cmd 000748 kind=inference_hold chunk=0249 chunk_step=-] delta_max_rad=0.078823 delta_max_deg=4.5162 joint=right_index_PIP joint_index=2 from_rad=0.489527 to_rad=0.568350
[latency] hand_policy inference_ms=9.995
[chunk 0249] inference=0.010s predicted=(2, 22)
[cmd 000749 kind=policy chunk=0249 chunk_step=0] delta_max_rad=0.185048 delta_max_deg=10.6025 joint=right_index_PIP joint_index=2 from_rad=0.568350 to_rad=0.383302
[action 000499 chunk_step=0] raw=[-0.3491,1.2427] sent=[-0.3491,1.2427] limit_clips=0 step_clips=0 tracking_max=nan
[cmd 000750 kind=policy chunk=0249 chunk_step=1] delta_max_rad=0.105415 delta_max_deg=6.0398 joint=right_pinky_PIP joint_index=11 from_rad=0.841758 to_rad=0.736343
[action 000500 chunk_step=1] raw=[-0.3484,1.2273] sent=[-0.3484,1.2273] limit_clips=0 step_clips=0 tracking_max=nan
[cmd 000751 kind=inference_hold chunk=0250 chunk_step=-] delta_max_rad=0.087982 delta_max_deg=5.0410 joint=right_index_PIP joint_index=2 from_rad=0.284744 to_rad=0.372725
[latency] hand_policy inference_ms=8.673
[chunk 0250] inference=0.009s predicted=(2, 22)
[cmd 000752 kind=policy chunk=0250 chunk_step=0] delta_max_rad=0.190767 delta_max_deg=10.9301 joint=right_pinky_PIP joint_index=11 from_rad=0.819558 to_rad=0.628791
[action 000501 chunk_step=0] raw=[-0.3453,1.1936] sent=[-0.3453,1.1936] limit_clips=0 step_clips=0 tracking_max=nan
[cmd 000753 kind=policy chunk=0250 chunk_step=1] delta_max_rad=0.090657 delta_max_deg=5.1942 joint=right_pinky_PIP joint_index=11 from_rad=0.628791 to_rad=0.538135
[action 000502 chunk_step=1] raw=[-0.3455,1.2285] sent=[-0.3455,1.2285] limit_clips=0 step_clips=0 tracking_max=nan
[cmd 000754 kind=inference_hold chunk=0251 chunk_step=-] delta_max_rad=0.084658 delta_max_deg=4.8506 joint=right_pinky_PIP joint_index=11 from_rad=0.538135 to_rad=0.622793
[latency] hand_policy inference_ms=8.443
[chunk 0251] inference=0.008s predicted=(2, 22)
[cmd 000755 kind=policy chunk=0251 chunk_step=0] delta_max_rad=0.175280 delta_max_deg=10.0428 joint=right_pinky_PIP joint_index=11 from_rad=0.622793 to_rad=0.447513
[action 000503 chunk_step=0] raw=[-0.3491,1.2857] sent=[-0.3491,1.2857] limit_clips=0 step_clips=0 tracking_max=nan
[cmd 000756 kind=policy chunk=0251 chunk_step=1] delta_max_rad=0.089327 delta_max_deg=5.1181 joint=right_ring_MCP_FE joint_index=13 from_rad=0.093687 to_rad=0.004359
[action 000504 chunk_step=1] raw=[-0.3464,1.3431] sent=[-0.3464,1.3431] limit_clips=0 step_clips=0 tracking_max=nan
[cmd 000757 kind=inference_hold chunk=0252 chunk_step=-] delta_max_rad=0.082160 delta_max_deg=4.7074 joint=right_ring_MCP_FE joint_index=13 from_rad=0.004359 to_rad=0.086519
[latency] hand_policy inference_ms=10.254
[chunk 0252] inference=0.010s predicted=(2, 22)
[cmd 000758 kind=policy chunk=0252 chunk_step=0] delta_max_rad=0.127863 delta_max_deg=7.3260 joint=right_pinky_CMC joint_index=8 from_rad=0.034065 to_rad=0.161928
[action 000505 chunk_step=0] raw=[-0.3434,1.3900] sent=[-0.3434,1.3900] limit_clips=0 step_clips=0 tracking_max=nan
[cmd 000759 kind=policy chunk=0252 chunk_step=1] delta_max_rad=0.111510 delta_max_deg=6.3891 joint=right_ring_PIP joint_index=15 from_rad=1.195538 to_rad=1.084028
[action 000506 chunk_step=1] raw=[-0.3479,1.3813] sent=[-0.3479,1.3813] limit_clips=0 step_clips=0 tracking_max=nan
[cmd 000760 kind=inference_hold chunk=0253 chunk_step=-] delta_max_rad=0.079462 delta_max_deg=4.5529 joint=right_middle_DIP joint_index=7 from_rad=1.381308 to_rad=1.301845
[latency] hand_policy inference_ms=9.179
[chunk 0253] inference=0.009s predicted=(2, 22)
[cmd 000761 kind=policy chunk=0253 chunk_step=0] delta_max_rad=0.167493 delta_max_deg=9.5967 joint=right_ring_PIP joint_index=15 from_rad=1.151591 to_rad=0.984098
[action 000507 chunk_step=0] raw=[-0.3487,1.3638] sent=[-0.3487,1.3638] limit_clips=0 step_clips=0 tracking_max=nan
[cmd 000762 kind=policy chunk=0253 chunk_step=1] delta_max_rad=0.096865 delta_max_deg=5.5500 joint=right_pinky_PIP joint_index=11 from_rad=0.462194 to_rad=0.559059
[action 000508 chunk_step=1] raw=[-0.3491,1.3897] sent=[-0.3491,1.3897] limit_clips=0 step_clips=0 tracking_max=nan
[cmd 000763 kind=inference_hold chunk=0254 chunk_step=-] delta_max_rad=0.102443 delta_max_deg=5.8696 joint=right_index_DIP joint_index=3 from_rad=1.389744 to_rad=1.287300
[latency] hand_policy inference_ms=8.475
[chunk 0254] inference=0.008s predicted=(2, 22)
[cmd 000764 kind=policy chunk=0254 chunk_step=0] delta_max_rad=0.181183 delta_max_deg=10.3810 joint=right_pinky_DIP joint_index=12 from_rad=0.967928 to_rad=1.149111
[action 000509 chunk_step=0] raw=[-0.3480,1.3937] sent=[-0.3480,1.3937] limit_clips=0 step_clips=0 tracking_max=nan
[cmd 000765 kind=policy chunk=0254 chunk_step=1] delta_max_rad=0.099632 delta_max_deg=5.7085 joint=right_ring_PIP joint_index=15 from_rad=0.806999 to_rad=0.707367
[action 000510 chunk_step=1] raw=[-0.3475,1.3963] sent=[-0.3475,1.3963] limit_clips=0 step_clips=0 tracking_max=nan
[cmd 000766 kind=inference_hold chunk=0255 chunk_step=-] delta_max_rad=0.091697 delta_max_deg=5.2538 joint=right_index_DIP joint_index=3 from_rad=1.396300 to_rad=1.304603
[latency] hand_policy inference_ms=10.262
[chunk 0255] inference=0.010s predicted=(2, 22)
[cmd 000767 kind=policy chunk=0255 chunk_step=0] delta_max_rad=0.182962 delta_max_deg=10.4830 joint=right_ring_MCP_FE joint_index=13 from_rad=0.297520 to_rad=0.480483
[action 000511 chunk_step=0] raw=[-0.3491,1.3862] sent=[-0.3491,1.3862] limit_clips=0 step_clips=0 tracking_max=nan
[cmd 000768 kind=policy chunk=0255 chunk_step=1] delta_max_rad=0.091301 delta_max_deg=5.2312 joint=right_ring_MCP_FE joint_index=13 from_rad=0.480483 to_rad=0.571784
[action 000512 chunk_step=1] raw=[-0.3477,1.3829] sent=[-0.3477,1.3829] limit_clips=0 step_clips=0 tracking_max=nan
[cmd 000769 kind=inference_hold chunk=0256 chunk_step=-] delta_max_rad=0.085264 delta_max_deg=4.8852 joint=right_ring_MCP_FE joint_index=13 from_rad=0.571784 to_rad=0.486520
[latency] hand_policy inference_ms=9.896
[chunk 0256] inference=0.010s predicted=(2, 22)
[cmd 000770 kind=policy chunk=0256 chunk_step=0] delta_max_rad=0.138027 delta_max_deg=7.9084 joint=right_middle_PIP joint_index=6 from_rad=0.554745 to_rad=0.692772
[action 000513 chunk_step=0] raw=[-0.3491,1.2943] sent=[-0.3491,1.2943] limit_clips=0 step_clips=0 tracking_max=nan
[cmd 000771 kind=policy chunk=0256 chunk_step=1] delta_max_rad=0.111751 delta_max_deg=6.4028 joint=right_pinky_PIP joint_index=11 from_rad=0.699149 to_rad=0.587398
[action 000514 chunk_step=1] raw=[-0.3488,1.1981] sent=[-0.3488,1.1981] limit_clips=0 step_clips=0 tracking_max=nan
[cmd 000772 kind=inference_hold chunk=0257 chunk_step=-] delta_max_rad=0.071068 delta_max_deg=4.0719 joint=right_ring_PIP joint_index=15 from_rad=0.871358 to_rad=0.800290
[latency] hand_policy inference_ms=8.729
[chunk 0257] inference=0.009s predicted=(2, 22)
[cmd 000773 kind=policy chunk=0257 chunk_step=0] delta_max_rad=0.176145 delta_max_deg=10.0924 joint=right_ring_PIP joint_index=15 from_rad=0.800290 to_rad=0.976435
[action 000515 chunk_step=0] raw=[-0.3454,1.2480] sent=[-0.3454,1.2480] limit_clips=0 step_clips=0 tracking_max=nan
[cmd 000774 kind=policy chunk=0257 chunk_step=1] delta_max_rad=0.109663 delta_max_deg=6.2832 joint=right_index_PIP joint_index=2 from_rad=0.248944 to_rad=0.139281
[action 000516 chunk_step=1] raw=[-0.3446,1.3439] sent=[-0.3446,1.3439] limit_clips=0 step_clips=0 tracking_max=nan
[cmd 000775 kind=inference_hold chunk=0258 chunk_step=-] delta_max_rad=0.090336 delta_max_deg=5.1759 joint=right_middle_DIP joint_index=7 from_rad=1.343872 to_rad=1.253536
[latency] hand_policy inference_ms=8.468
[chunk 0258] inference=0.008s predicted=(2, 22)
[cmd 000776 kind=policy chunk=0258 chunk_step=0] delta_max_rad=0.203564 delta_max_deg=11.6633 joint=right_pinky_PIP joint_index=11 from_rad=0.465360 to_rad=0.261796
[action 000517 chunk_step=0] raw=[-0.3455,1.3843] sent=[-0.3455,1.3843] limit_clips=0 step_clips=0 tracking_max=nan
[cmd 000777 kind=policy chunk=0258 chunk_step=1] delta_max_rad=0.104531 delta_max_deg=5.9892 joint=right_thumb_IP joint_index=21 from_rad=0.378159 to_rad=0.482690
[action 000518 chunk_step=1] raw=[-0.3107,1.3780] sent=[-0.3107,1.3780] limit_clips=0 step_clips=0 tracking_max=nan
[cmd 000778 kind=inference_hold chunk=0259 chunk_step=-] delta_max_rad=0.088490 delta_max_deg=5.0701 joint=right_thumb_IP joint_index=21 from_rad=0.482690 to_rad=0.394201
[latency] hand_policy inference_ms=9.858
[chunk 0259] inference=0.010s predicted=(2, 22)
[cmd 000779 kind=policy chunk=0259 chunk_step=0] delta_max_rad=0.201818 delta_max_deg=11.5633 joint=right_thumb_IP joint_index=21 from_rad=0.394201 to_rad=0.596018
[action 000519 chunk_step=0] raw=[-0.2520,1.3793] sent=[-0.2520,1.3793] limit_clips=0 step_clips=0 tracking_max=nan
[cmd 000780 kind=policy chunk=0259 chunk_step=1] delta_max_rad=0.118719 delta_max_deg=6.8021 joint=right_thumb_IP joint_index=21 from_rad=0.596018 to_rad=0.714737
[action 000520 chunk_step=1] raw=[-0.1723,1.3745] sent=[-0.1723,1.3745] limit_clips=0 step_clips=0 tracking_max=nan
[cmd 000781 kind=inference_hold chunk=0260 chunk_step=-] delta_max_rad=0.097040 delta_max_deg=5.5600 joint=right_ring_DIP joint_index=16 from_rad=1.374547 to_rad=1.277507
[latency] hand_policy inference_ms=9.183
[chunk 0260] inference=0.009s predicted=(2, 22)
[cmd 000782 kind=policy chunk=0260 chunk_step=0] delta_max_rad=0.179745 delta_max_deg=10.2986 joint=right_thumb_IP joint_index=21 from_rad=0.620812 to_rad=0.800557
[action 000521 chunk_step=0] raw=[-0.1452,1.3883] sent=[-0.1452,1.3883] limit_clips=0 step_clips=0 tracking_max=nan
[cmd 000783 kind=policy chunk=0260 chunk_step=1] delta_max_rad=0.120723 delta_max_deg=6.9169 joint=right_ring_PIP joint_index=15 from_rad=1.273409 to_rad=1.152686
[action 000522 chunk_step=1] raw=[-0.2006,1.3265] sent=[-0.2006,1.3265] limit_clips=0 step_clips=0 tracking_max=nan
[cmd 000784 kind=inference_hold chunk=0261 chunk_step=-] delta_max_rad=0.071022 delta_max_deg=4.0693 joint=right_ring_PIP joint_index=15 from_rad=1.152686 to_rad=1.223708
[latency] hand_policy inference_ms=8.502
[chunk 0261] inference=0.009s predicted=(2, 22)
[cmd 000785 kind=policy chunk=0261 chunk_step=0] delta_max_rad=0.168108 delta_max_deg=9.6319 joint=right_middle_PIP joint_index=6 from_rad=0.893830 to_rad=0.725721
[action 000523 chunk_step=0] raw=[-0.2810,1.2181] sent=[-0.2810,1.2181] limit_clips=0 step_clips=0 tracking_max=nan
[cmd 000786 kind=policy chunk=0261 chunk_step=1] delta_max_rad=0.111404 delta_max_deg=6.3830 joint=right_pinky_PIP joint_index=11 from_rad=0.250144 to_rad=0.361548
[action 000524 chunk_step=1] raw=[-0.3471,1.1756] sent=[-0.3471,1.1756] limit_clips=0 step_clips=0 tracking_max=nan
[cmd 000787 kind=inference_hold chunk=0262 chunk_step=-] delta_max_rad=0.086195 delta_max_deg=4.9386 joint=right_middle_PIP joint_index=6 from_rad=0.627335 to_rad=0.713530
[latency] hand_policy inference_ms=9.796
[chunk 0262] inference=0.010s predicted=(2, 22)
[cmd 000788 kind=policy chunk=0262 chunk_step=0] delta_max_rad=0.177355 delta_max_deg=10.1617 joint=right_middle_PIP joint_index=6 from_rad=0.713530 to_rad=0.536174
[action 000525 chunk_step=0] raw=[-0.3457,1.2693] sent=[-0.3457,1.2693] limit_clips=0 step_clips=0 tracking_max=nan
[cmd 000789 kind=policy chunk=0262 chunk_step=1] delta_max_rad=0.102301 delta_max_deg=5.8614 joint=right_ring_PIP joint_index=15 from_rad=0.878936 to_rad=0.776635
[action 000526 chunk_step=1] raw=[-0.3485,1.3516] sent=[-0.3485,1.3516] limit_clips=0 step_clips=0 tracking_max=nan
[cmd 000790 kind=inference_hold chunk=0263 chunk_step=-] delta_max_rad=0.101782 delta_max_deg=5.8317 joint=right_index_DIP joint_index=3 from_rad=1.351553 to_rad=1.249771
[latency] hand_policy inference_ms=9.941
[chunk 0263] inference=0.010s predicted=(2, 22)
[cmd 000791 kind=policy chunk=0263 chunk_step=0] delta_max_rad=0.222048 delta_max_deg=12.7224 joint=right_index_PIP joint_index=2 from_rad=0.418743 to_rad=0.640791
[action 000527 chunk_step=0] raw=[-0.3476,1.3950] sent=[-0.3476,1.3950] limit_clips=0 step_clips=0 tracking_max=nan
[cmd 000792 kind=policy chunk=0263 chunk_step=1] delta_max_rad=0.118924 delta_max_deg=6.8139 joint=right_middle_MCP_FE joint_index=4 from_rad=0.207139 to_rad=0.326063
[action 000528 chunk_step=1] raw=[-0.3484,1.3932] sent=[-0.3484,1.3932] limit_clips=0 step_clips=0 tracking_max=nan
[cmd 000793 kind=inference_hold chunk=0264 chunk_step=-] delta_max_rad=0.095986 delta_max_deg=5.4996 joint=right_index_DIP joint_index=3 from_rad=1.393220 to_rad=1.297234
[latency] hand_policy inference_ms=8.927
[chunk 0264] inference=0.009s predicted=(2, 22)
[cmd 000794 kind=policy chunk=0264 chunk_step=0] delta_max_rad=0.209370 delta_max_deg=11.9960 joint=right_pinky_PIP joint_index=11 from_rad=0.670869 to_rad=0.880239
[action 000529 chunk_step=0] raw=[-0.3462,1.3735] sent=[-0.3462,1.3735] limit_clips=0 step_clips=0 tracking_max=nan
[cmd 000795 kind=policy chunk=0264 chunk_step=1] delta_max_rad=0.118985 delta_max_deg=6.8174 joint=right_ring_MCP_FE joint_index=13 from_rad=0.469729 to_rad=0.588714
[action 000530 chunk_step=1] raw=[-0.3435,1.3808] sent=[-0.3435,1.3808] limit_clips=0 step_clips=0 tracking_max=nan
[cmd 000796 kind=inference_hold chunk=0265 chunk_step=-] delta_max_rad=0.092092 delta_max_deg=5.2765 joint=right_ring_MCP_FE joint_index=13 from_rad=0.588714 to_rad=0.496623
[latency] hand_policy inference_ms=8.598
[chunk 0265] inference=0.009s predicted=(2, 22)
[cmd 000797 kind=policy chunk=0265 chunk_step=0] delta_max_rad=0.119285 delta_max_deg=6.8345 joint=right_ring_MCP_FE joint_index=13 from_rad=0.496623 to_rad=0.615908
[action 000531 chunk_step=0] raw=[-0.3462,1.3338] sent=[-0.3462,1.3338] limit_clips=0 step_clips=0 tracking_max=nan
[cmd 000798 kind=policy chunk=0265 chunk_step=1] delta_max_rad=0.102190 delta_max_deg=5.8551 joint=right_pinky_PIP joint_index=11 from_rad=0.898820 to_rad=0.796630
[action 000532 chunk_step=1] raw=[-0.3480,1.2425] sent=[-0.3480,1.2425] limit_clips=0 step_clips=0 tracking_max=nan
[cmd 000799 kind=inference_hold chunk=0266 chunk_step=-] delta_max_rad=0.060133 delta_max_deg=3.4454 joint=right_pinky_CMC joint_index=8 from_rad=0.088677 to_rad=0.148809
[latency] hand_policy inference_ms=10.123
[chunk 0266] inference=0.010s predicted=(2, 22)
[cmd 000800 kind=policy chunk=0266 chunk_step=0] delta_max_rad=0.146167 delta_max_deg=8.3748 joint=right_pinky_PIP joint_index=11 from_rad=0.843638 to_rad=0.697471
[action 000533 chunk_step=0] raw=[-0.3478,1.1557] sent=[-0.3478,1.1557] limit_clips=0 step_clips=0 tracking_max=nan
[cmd 000801 kind=policy chunk=0266 chunk_step=1] delta_max_rad=0.108212 delta_max_deg=6.2001 joint=right_thumb_MCP_FE joint_index=19 from_rad=0.606626 to_rad=0.714838
[action 000534 chunk_step=1] raw=[-0.3491,1.0902] sent=[-0.3491,1.0902] limit_clips=0 step_clips=0 tracking_max=nan
[cmd 000802 kind=inference_hold chunk=0267 chunk_step=-] delta_max_rad=0.074825 delta_max_deg=4.2871 joint=right_index_PIP joint_index=2 from_rad=0.501213 to_rad=0.576038
[latency] hand_policy inference_ms=8.747
[chunk 0267] inference=0.009s predicted=(2, 22)
[cmd 000803 kind=policy chunk=0267 chunk_step=0] delta_max_rad=0.176389 delta_max_deg=10.1063 joint=right_thumb_MCP_FE joint_index=19 from_rad=0.641330 to_rad=0.817718
[action 000535 chunk_step=0] raw=[-0.3474,1.0715] sent=[-0.3474,1.0715] limit_clips=0 step_clips=0 tracking_max=nan
[cmd 000804 kind=policy chunk=0267 chunk_step=1] delta_max_rad=0.100503 delta_max_deg=5.7584 joint=right_index_DIP joint_index=3 from_rad=0.974735 to_rad=0.874232
[action 000536 chunk_step=1] raw=[-0.3386,1.1275] sent=[-0.3386,1.1275] limit_clips=0 step_clips=0 tracking_max=nan
[cmd 000805 kind=inference_hold chunk=0268 chunk_step=-] delta_max_rad=0.078956 delta_max_deg=4.5239 joint=right_index_PIP joint_index=2 from_rad=0.316590 to_rad=0.395546
[latency] hand_policy inference_ms=8.605
[chunk 0268] inference=0.009s predicted=(2, 22)
[cmd 000806 kind=policy chunk=0268 chunk_step=0] delta_max_rad=0.189337 delta_max_deg=10.8482 joint=right_index_PIP joint_index=2 from_rad=0.395546 to_rad=0.206210
[action 000537 chunk_step=0] raw=[-0.3256,1.2110] sent=[-0.3256,1.2110] limit_clips=0 step_clips=0 tracking_max=nan
[cmd 000807 kind=policy chunk=0268 chunk_step=1] delta_max_rad=0.090408 delta_max_deg=5.1800 joint=right_ring_DIP joint_index=16 from_rad=1.187957 to_rad=1.278365
[action 000538 chunk_step=1] raw=[-0.2745,1.2784] sent=[-0.2745,1.2784] limit_clips=0 step_clips=0 tracking_max=nan
[cmd 000808 kind=inference_hold chunk=0269 chunk_step=-] delta_max_rad=0.074312 delta_max_deg=4.2578 joint=right_thumb_IP joint_index=21 from_rad=0.493141 to_rad=0.418828
[latency] hand_policy inference_ms=9.943
[chunk 0269] inference=0.010s predicted=(2, 22)
[cmd 000809 kind=policy chunk=0269 chunk_step=0] delta_max_rad=0.098002 delta_max_deg=5.6151 joint=right_pinky_MCP_AA joint_index=10 from_rad=0.305191 to_rad=0.207189
[action 000539 chunk_step=0] raw=[-0.2576,1.2840] sent=[-0.2576,1.2840] limit_clips=0 step_clips=0 tracking_max=nan
[cmd 000810 kind=policy chunk=0269 chunk_step=1] delta_max_rad=0.117578 delta_max_deg=6.7367 joint=right_ring_PIP joint_index=15 from_rad=1.143036 to_rad=1.025457
[action 000540 chunk_step=1] raw=[-0.3330,1.1998] sent=[-0.3330,1.1998] limit_clips=0 step_clips=0 tracking_max=nan
[cmd 000811 kind=inference_hold chunk=0270 chunk_step=-] delta_max_rad=0.063548 delta_max_deg=3.6410 joint=right_middle_PIP joint_index=6 from_rad=0.688114 to_rad=0.751662
[latency] hand_policy inference_ms=9.979
[chunk 0270] inference=0.010s predicted=(2, 22)
[cmd 000812 kind=policy chunk=0270 chunk_step=0] delta_max_rad=0.175069 delta_max_deg=10.0307 joint=right_ring_PIP joint_index=15 from_rad=1.085926 to_rad=0.910857
[action 000541 chunk_step=0] raw=[-0.3482,1.1031] sent=[-0.3482,1.1031] limit_clips=0 step_clips=0 tracking_max=nan
[cmd 000813 kind=policy chunk=0270 chunk_step=1] delta_max_rad=0.101360 delta_max_deg=5.8075 joint=right_pinky_PIP joint_index=11 from_rad=0.616751 to_rad=0.718112
[action 000542 chunk_step=1] raw=[-0.3482,1.1321] sent=[-0.3482,1.1321] limit_clips=0 step_clips=0 tracking_max=nan
[cmd 000814 kind=inference_hold chunk=0271 chunk_step=-] delta_max_rad=0.077877 delta_max_deg=4.4620 joint=right_thumb_MCP_FE joint_index=19 from_rad=0.629313 to_rad=0.707189
[latency] hand_policy inference_ms=8.846
[chunk 0271] inference=0.009s predicted=(2, 22)
[cmd 000815 kind=policy chunk=0271 chunk_step=0] delta_max_rad=0.174976 delta_max_deg=10.0254 joint=right_pinky_PIP joint_index=11 from_rad=0.641020 to_rad=0.815995
[action 000543 chunk_step=0] raw=[-0.3488,1.2229] sent=[-0.3488,1.2229] limit_clips=0 step_clips=0 tracking_max=nan
[cmd 000816 kind=policy chunk=0271 chunk_step=1] delta_max_rad=0.095479 delta_max_deg=5.4705 joint=right_ring_MCP_FE joint_index=13 from_rad=0.300713 to_rad=0.396192
[action 000544 chunk_step=1] raw=[-0.3479,1.2986] sent=[-0.3479,1.2986] limit_clips=0 step_clips=0 tracking_max=nan
[cmd 000817 kind=inference_hold chunk=0272 chunk_step=-] delta_max_rad=0.078969 delta_max_deg=4.5246 joint=right_thumb_IP joint_index=21 from_rad=0.025146 to_rad=0.104115
[latency] hand_policy inference_ms=8.556
[chunk 0272] inference=0.009s predicted=(2, 22)
[cmd 000818 kind=policy chunk=0272 chunk_step=0] delta_max_rad=0.169038 delta_max_deg=9.6851 joint=right_ring_MCP_FE joint_index=13 from_rad=0.326043 to_rad=0.495080
[action 000545 chunk_step=0] raw=[-0.3491,1.3693] sent=[-0.3491,1.3693] limit_clips=0 step_clips=0 tracking_max=nan
[cmd 000819 kind=policy chunk=0272 chunk_step=1] delta_max_rad=0.088396 delta_max_deg=5.0647 joint=right_ring_MCP_FE joint_index=13 from_rad=0.495080 to_rad=0.583476
[action 000546 chunk_step=1] raw=[-0.3491,1.3745] sent=[-0.3491,1.3745] limit_clips=0 step_clips=0 tracking_max=nan
[cmd 000820 kind=inference_hold chunk=0273 chunk_step=-] delta_max_rad=0.080726 delta_max_deg=4.6252 joint=right_index_DIP joint_index=3 from_rad=1.374478 to_rad=1.293752
[latency] hand_policy inference_ms=10.143
[chunk 0273] inference=0.010s predicted=(2, 22)
[cmd 000821 kind=policy chunk=0273 chunk_step=0] delta_max_rad=0.132901 delta_max_deg=7.6147 joint=right_pinky_MCP_AA joint_index=10 from_rad=0.179429 to_rad=0.312330
[action 000547 chunk_step=0] raw=[-0.3491,1.2786] sent=[-0.3491,1.2786] limit_clips=0 step_clips=0 tracking_max=nan
[cmd 000822 kind=policy chunk=0273 chunk_step=1] delta_max_rad=0.094180 delta_max_deg=5.3961 joint=right_pinky_PIP joint_index=11 from_rad=0.846156 to_rad=0.751976
[action 000548 chunk_step=1] raw=[-0.3484,1.1901] sent=[-0.3484,1.1901] limit_clips=0 step_clips=0 tracking_max=nan
[cmd 000823 kind=inference_hold chunk=0274 chunk_step=-] delta_max_rad=0.067033 delta_max_deg=3.8407 joint=right_index_PIP joint_index=2 from_rad=0.453220 to_rad=0.520253
[latency] hand_policy inference_ms=9.270
[chunk 0274] inference=0.009s predicted=(2, 22)
[cmd 000824 kind=policy chunk=0274 chunk_step=0] delta_max_rad=0.164896 delta_max_deg=9.4479 joint=right_pinky_PIP joint_index=11 from_rad=0.818143 to_rad=0.653247
[action 000549 chunk_step=0] raw=[-0.3452,1.1742] sent=[-0.3452,1.1742] limit_clips=0 step_clips=0 tracking_max=nan
[cmd 000825 kind=policy chunk=0274 chunk_step=1] delta_max_rad=0.098806 delta_max_deg=5.6612 joint=right_pinky_PIP joint_index=11 from_rad=0.653247 to_rad=0.554440
[action 000550 chunk_step=1] raw=[-0.3437,1.1613] sent=[-0.3437,1.1613] limit_clips=0 step_clips=0 tracking_max=nan
[cmd 000826 kind=inference_hold chunk=0275 chunk_step=-] delta_max_rad=0.077954 delta_max_deg=4.4664 joint=right_pinky_PIP joint_index=11 from_rad=0.554440 to_rad=0.632394
[latency] hand_policy inference_ms=8.532
[chunk 0275] inference=0.009s predicted=(2, 22)
[cmd 000827 kind=policy chunk=0275 chunk_step=0] delta_max_rad=0.192043 delta_max_deg=11.0033 joint=right_pinky_PIP joint_index=11 from_rad=0.632394 to_rad=0.440351
[action 000551 chunk_step=0] raw=[-0.3401,1.1764] sent=[-0.3401,1.1764] limit_clips=0 step_clips=0 tracking_max=nan
[cmd 000828 kind=policy chunk=0275 chunk_step=1] delta_max_rad=0.101680 delta_max_deg=5.8258 joint=right_thumb_IP joint_index=21 from_rad=0.204611 to_rad=0.306292
[action 000552 chunk_step=1] raw=[-0.2969,1.2306] sent=[-0.2969,1.2306] limit_clips=0 step_clips=0 tracking_max=nan
[cmd 000829 kind=inference_hold chunk=0276 chunk_step=-] delta_max_rad=0.090036 delta_max_deg=5.1587 joint=right_pinky_PIP joint_index=11 from_rad=0.338713 to_rad=0.428748
[latency] hand_policy inference_ms=9.867
[chunk 0276] inference=0.010s predicted=(2, 22)
[cmd 000830 kind=policy chunk=0276 chunk_step=0] delta_max_rad=0.180985 delta_max_deg=10.3697 joint=right_thumb_IP joint_index=21 from_rad=0.231414 to_rad=0.412399
[action 000553 chunk_step=0] raw=[-0.2452,1.3145] sent=[-0.2452,1.3145] limit_clips=0 step_clips=0 tracking_max=nan
[cmd 000831 kind=policy chunk=0276 chunk_step=1] delta_max_rad=0.110093 delta_max_deg=6.3079 joint=right_middle_PIP joint_index=6 from_rad=0.598563 to_rad=0.488470
[action 000554 chunk_step=1] raw=[-0.2313,1.3146] sent=[-0.2313,1.3146] limit_clips=0 step_clips=0 tracking_max=nan
[cmd 000832 kind=inference_hold chunk=0277 chunk_step=-] delta_max_rad=0.064993 delta_max_deg=3.7238 joint=right_pinky_CMC joint_index=8 from_rad=0.225932 to_rad=0.160939
[latency] hand_policy inference_ms=10.257
[chunk 0277] inference=0.010s predicted=(2, 22)
[cmd 000833 kind=policy chunk=0277 chunk_step=0] delta_max_rad=0.127494 delta_max_deg=7.3049 joint=right_middle_PIP joint_index=6 from_rad=0.545433 to_rad=0.417939
[action 000555 chunk_step=0] raw=[-0.3008,1.2092] sent=[-0.3008,1.2092] limit_clips=0 step_clips=0 tracking_max=nan
[cmd 000834 kind=policy chunk=0277 chunk_step=1] delta_max_rad=0.110151 delta_max_deg=6.3112 joint=right_pinky_PIP joint_index=11 from_rad=0.342159 to_rad=0.452311
[action 000556 chunk_step=1] raw=[-0.3447,1.1280] sent=[-0.3447,1.1280] limit_clips=0 step_clips=0 tracking_max=nan
[cmd 000835 kind=inference_hold chunk=0278 chunk_step=-] delta_max_rad=0.074977 delta_max_deg=4.2959 joint=right_index_DIP joint_index=3 from_rad=1.118853 to_rad=1.043876
[latency] hand_policy inference_ms=8.781
[chunk 0278] inference=0.009s predicted=(2, 22)
[cmd 000836 kind=policy chunk=0278 chunk_step=0] delta_max_rad=0.172587 delta_max_deg=9.8885 joint=right_index_PIP joint_index=2 from_rad=0.278960 to_rad=0.451547
[action 000557 chunk_step=0] raw=[-0.3491,1.2049] sent=[-0.3491,1.2049] limit_clips=0 step_clips=0 tracking_max=nan
[cmd 000837 kind=policy chunk=0278 chunk_step=1] delta_max_rad=0.102431 delta_max_deg=5.8689 joint=right_thumb_IP joint_index=21 from_rad=0.211314 to_rad=0.108883
[action 000558 chunk_step=1] raw=[-0.3491,1.3065] sent=[-0.3491,1.3065] limit_clips=0 step_clips=0 tracking_max=nan
[cmd 000838 kind=inference_hold chunk=0279 chunk_step=-] delta_max_rad=0.076461 delta_max_deg=4.3809 joint=right_index_DIP joint_index=3 from_rad=1.306537 to_rad=1.230076
[latency] hand_policy inference_ms=8.453
[chunk 0279] inference=0.008s predicted=(2, 22)
[cmd 000839 kind=policy chunk=0279 chunk_step=0] delta_max_rad=0.192930 delta_max_deg=11.0541 joint=right_pinky_DIP joint_index=12 from_rad=0.786025 to_rad=0.978955
[action 000559 chunk_step=0] raw=[-0.3482,1.3765] sent=[-0.3482,1.3765] limit_clips=0 step_clips=0 tracking_max=nan
[cmd 000840 kind=policy chunk=0279 chunk_step=1] delta_max_rad=0.114232 delta_max_deg=6.5450 joint=right_pinky_PIP joint_index=11 from_rad=0.715167 to_rad=0.829399
[action 000560 chunk_step=1] raw=[-0.3477,1.3929] sent=[-0.3477,1.3929] limit_clips=0 step_clips=0 tracking_max=nan
[cmd 000841 kind=inference_hold chunk=0280 chunk_step=-] delta_max_rad=0.098028 delta_max_deg=5.6166 joint=right_index_DIP joint_index=3 from_rad=1.392855 to_rad=1.294826
[latency] hand_policy inference_ms=10.270
[chunk 0280] inference=0.010s predicted=(2, 22)
[cmd 000842 kind=policy chunk=0280 chunk_step=0] delta_max_rad=0.194867 delta_max_deg=11.1650 joint=right_pinky_DIP joint_index=12 from_rad=0.997935 to_rad=1.192801
[action 000561 chunk_step=0] raw=[-0.3440,1.3854] sent=[-0.3440,1.3854] limit_clips=0 step_clips=0 tracking_max=nan
[cmd 000843 kind=policy chunk=0280 chunk_step=1] delta_max_rad=0.098964 delta_max_deg=5.6702 joint=right_middle_DIP joint_index=7 from_rad=0.738470 to_rad=0.837434
[action 000562 chunk_step=1] raw=[-0.3438,1.3082] sent=[-0.3438,1.3082] limit_clips=0 step_clips=0 tracking_max=nan
[cmd 000844 kind=inference_hold chunk=0281 chunk_step=-] delta_max_rad=0.079910 delta_max_deg=4.5785 joint=right_ring_MCP_FE joint_index=13 from_rad=0.584115 to_rad=0.504205
[latency] hand_policy inference_ms=9.674
[chunk 0281] inference=0.010s predicted=(2, 22)
[cmd 000845 kind=policy chunk=0281 chunk_step=0] delta_max_rad=0.160371 delta_max_deg=9.1886 joint=right_middle_PIP joint_index=6 from_rad=0.366752 to_rad=0.527123
[action 000563 chunk_step=0] raw=[-0.3468,1.2262] sent=[-0.3468,1.2262] limit_clips=0 step_clips=0 tracking_max=nan
[cmd 000846 kind=policy chunk=0281 chunk_step=1] delta_max_rad=0.112128 delta_max_deg=6.4245 joint=right_middle_MCP_FE joint_index=4 from_rad=0.608843 to_rad=0.496715
[action 000564 chunk_step=1] raw=[-0.3491,1.2156] sent=[-0.3491,1.2156] limit_clips=0 step_clips=0 tracking_max=nan
[cmd 000847 kind=inference_hold chunk=0282 chunk_step=-] delta_max_rad=0.069690 delta_max_deg=3.9929 joint=right_middle_DIP joint_index=7 from_rad=1.012963 to_rad=0.943273
[latency] hand_policy inference_ms=8.775
[chunk 0282] inference=0.009s predicted=(2, 22)
[cmd 000848 kind=policy chunk=0282 chunk_step=0] delta_max_rad=0.176942 delta_max_deg=10.1380 joint=right_pinky_PIP joint_index=11 from_rad=0.801934 to_rad=0.624992
[action 000565 chunk_step=0] raw=[-0.3442,1.1887] sent=[-0.3442,1.1887] limit_clips=0 step_clips=0 tracking_max=nan
[cmd 000849 kind=policy chunk=0282 chunk_step=1] delta_max_rad=0.104998 delta_max_deg=6.0159 joint=right_pinky_DIP joint_index=12 from_rad=0.974851 to_rad=0.869853
[action 000566 chunk_step=1] raw=[-0.3413,1.1908] sent=[-0.3413,1.1908] limit_clips=0 step_clips=0 tracking_max=nan
[cmd 000850 kind=inference_hold chunk=0283 chunk_step=-] delta_max_rad=0.088339 delta_max_deg=5.0615 joint=right_pinky_DIP joint_index=12 from_rad=0.869853 to_rad=0.958193
[latency] hand_policy inference_ms=8.603
[chunk 0283] inference=0.009s predicted=(2, 22)
[cmd 000851 kind=policy chunk=0283 chunk_step=0] delta_max_rad=0.185739 delta_max_deg=10.6421 joint=right_pinky_PIP joint_index=11 from_rad=0.616638 to_rad=0.430899
[action 000567 chunk_step=0] raw=[-0.3491,1.2835] sent=[-0.3491,1.2835] limit_clips=0 step_clips=0 tracking_max=nan
[cmd 000852 kind=policy chunk=0283 chunk_step=1] delta_max_rad=0.100219 delta_max_deg=5.7421 joint=right_ring_MCP_FE joint_index=13 from_rad=0.175993 to_rad=0.075774
[action 000568 chunk_step=1] raw=[-0.3442,1.3606] sent=[-0.3442,1.3606] limit_clips=0 step_clips=0 tracking_max=nan
[cmd 000853 kind=inference_hold chunk=0284 chunk_step=-] delta_max_rad=0.095543 delta_max_deg=5.4742 joint=right_middle_DIP joint_index=7 from_rad=1.360627 to_rad=1.265084
[latency] hand_policy inference_ms=10.213
[chunk 0284] inference=0.010s predicted=(2, 22)
[cmd 000854 kind=policy chunk=0284 chunk_step=0] delta_max_rad=0.186718 delta_max_deg=10.6982 joint=right_ring_MCP_FE joint_index=13 from_rad=0.152700 to_rad=-0.034017
[action 000569 chunk_step=0] raw=[-0.3482,1.3820] sent=[-0.3482,1.3820] limit_clips=0 step_clips=0 tracking_max=nan
[cmd 000855 kind=policy chunk=0284 chunk_step=1] delta_max_rad=0.092687 delta_max_deg=5.3106 joint=right_middle_PIP joint_index=6 from_rad=0.851967 to_rad=0.759281
[action 000570 chunk_step=1] raw=[-0.3453,1.3457] sent=[-0.3453,1.3457] limit_clips=0 step_clips=0 tracking_max=nan
[cmd 000856 kind=inference_hold chunk=0285 chunk_step=-] delta_max_rad=0.063201 delta_max_deg=3.6211 joint=right_pinky_CMC joint_index=8 from_rad=0.209784 to_rad=0.146583
[latency] hand_policy inference_ms=9.983
[chunk 0285] inference=0.010s predicted=(2, 22)
[cmd 000857 kind=policy chunk=0285 chunk_step=0] delta_max_rad=0.117671 delta_max_deg=6.7421 joint=right_index_DIP joint_index=3 from_rad=0.808142 to_rad=0.925813
[action 000571 chunk_step=0] raw=[-0.3480,1.2480] sent=[-0.3480,1.2480] limit_clips=0 step_clips=0 tracking_max=nan
[cmd 000858 kind=policy chunk=0285 chunk_step=1] delta_max_rad=0.102035 delta_max_deg=5.8462 joint=right_pinky_DIP joint_index=12 from_rad=0.602001 to_rad=0.704036
[action 000572 chunk_step=1] raw=[-0.3490,1.1578] sent=[-0.3490,1.1578] limit_clips=0 step_clips=0 tracking_max=nan
[cmd 000859 kind=inference_hold chunk=0286 chunk_step=-] delta_max_rad=0.070677 delta_max_deg=4.0495 joint=right_middle_PIP joint_index=6 from_rad=0.590222 to_rad=0.660900
[latency] hand_policy inference_ms=9.159
[chunk 0286] inference=0.009s predicted=(2, 22)
[cmd 000860 kind=policy chunk=0286 chunk_step=0] delta_max_rad=0.165904 delta_max_deg=9.5056 joint=right_index_DIP joint_index=3 from_rad=0.951315 to_rad=1.117220
[action 000573 chunk_step=0] raw=[-0.3491,1.1172] sent=[-0.3491,1.1172] limit_clips=0 step_clips=0 tracking_max=nan
[cmd 000861 kind=policy chunk=0286 chunk_step=1] delta_max_rad=0.097833 delta_max_deg=5.6054 joint=right_pinky_PIP joint_index=11 from_rad=0.546288 to_rad=0.644121
[action 000574 chunk_step=1] raw=[-0.3491,1.2045] sent=[-0.3491,1.2045] limit_clips=0 step_clips=0 tracking_max=nan
[cmd 000862 kind=inference_hold chunk=0287 chunk_step=-] delta_max_rad=0.072554 delta_max_deg=4.1570 joint=right_pinky_PIP joint_index=11 from_rad=0.644121 to_rad=0.571567
[latency] hand_policy inference_ms=8.471
[chunk 0287] inference=0.008s predicted=(2, 22)
[cmd 000863 kind=policy chunk=0287 chunk_step=0] delta_max_rad=0.173416 delta_max_deg=9.9360 joint=right_pinky_DIP joint_index=12 from_rad=0.829342 to_rad=1.002758
[action 000575 chunk_step=0] raw=[-0.3480,1.2838] sent=[-0.3480,1.2838] limit_clips=0 step_clips=0 tracking_max=nan
[cmd 000864 kind=policy chunk=0287 chunk_step=1] delta_max_rad=0.118030 delta_max_deg=6.7626 joint=right_ring_MCP_FE joint_index=13 from_rad=0.333786 to_rad=0.451815
[action 000576 chunk_step=1] raw=[-0.3486,1.3485] sent=[-0.3486,1.3485] limit_clips=0 step_clips=0 tracking_max=nan
[cmd 000865 kind=inference_hold chunk=0288 chunk_step=-] delta_max_rad=0.084987 delta_max_deg=4.8694 joint=right_ring_MCP_FE joint_index=13 from_rad=0.451815 to_rad=0.366828
[latency] hand_policy inference_ms=9.848
[chunk 0288] inference=0.010s predicted=(2, 22)
[cmd 000866 kind=policy chunk=0288 chunk_step=0] delta_max_rad=0.207832 delta_max_deg=11.9079 joint=right_ring_MCP_FE joint_index=13 from_rad=0.366828 to_rad=0.574660
[action 000577 chunk_step=0] raw=[-0.3447,1.3545] sent=[-0.3447,1.3545] limit_clips=0 step_clips=0 tracking_max=nan
[cmd 000867 kind=policy chunk=0288 chunk_step=1] delta_max_rad=0.109824 delta_max_deg=6.2924 joint=right_middle_DIP joint_index=7 from_rad=0.894623 to_rad=1.004447
[action 000578 chunk_step=1] raw=[-0.3491,1.2613] sent=[-0.3491,1.2613] limit_clips=0 step_clips=0 tracking_max=nan
[cmd 000868 kind=inference_hold chunk=0289 chunk_step=-] delta_max_rad=0.065152 delta_max_deg=3.7329 joint=right_ring_MCP_FE joint_index=13 from_rad=0.628688 to_rad=0.563536
[latency] hand_policy inference_ms=9.857
[chunk 0289] inference=0.010s predicted=(2, 22)
[cmd 000869 kind=policy chunk=0289 chunk_step=0] delta_max_rad=0.132805 delta_max_deg=7.6092 joint=right_index_PIP joint_index=2 from_rad=0.708575 to_rad=0.575770
[action 000579 chunk_step=0] raw=[-0.3469,1.2670] sent=[-0.3469,1.2670] limit_clips=0 step_clips=0 tracking_max=nan
[cmd 000870 kind=policy chunk=0289 chunk_step=1] delta_max_rad=0.104434 delta_max_deg=5.9836 joint=right_middle_DIP joint_index=7 from_rad=1.080018 to_rad=1.184452
[action 000580 chunk_step=1] raw=[-0.3451,1.2660] sent=[-0.3451,1.2660] limit_clips=0 step_clips=0 tracking_max=nan
[cmd 000871 kind=inference_hold chunk=0290 chunk_step=-] delta_max_rad=0.074994 delta_max_deg=4.2968 joint=right_middle_DIP joint_index=7 from_rad=1.184452 to_rad=1.109458
[latency] hand_policy inference_ms=9.381
[chunk 0290] inference=0.009s predicted=(2, 22)
[cmd 000872 kind=policy chunk=0290 chunk_step=0] delta_max_rad=0.176831 delta_max_deg=10.1317 joint=right_pinky_PIP joint_index=11 from_rad=0.719968 to_rad=0.543137
[action 000581 chunk_step=0] raw=[-0.3488,1.2712] sent=[-0.3488,1.2712] limit_clips=0 step_clips=0 tracking_max=nan
[cmd 000873 kind=policy chunk=0290 chunk_step=1] delta_max_rad=0.103858 delta_max_deg=5.9506 joint=right_index_DIP joint_index=3 from_rad=0.972705 to_rad=0.868847
[action 000582 chunk_step=1] raw=[-0.3490,1.3440] sent=[-0.3490,1.3440] limit_clips=0 step_clips=0 tracking_max=nan
[cmd 000874 kind=inference_hold chunk=0291 chunk_step=-] delta_max_rad=0.089628 delta_max_deg=5.1353 joint=right_pinky_PIP joint_index=11 from_rad=0.440023 to_rad=0.529652
[latency] hand_policy inference_ms=8.817
[chunk 0291] inference=0.009s predicted=(2, 22)
[cmd 000875 kind=policy chunk=0291 chunk_step=0] delta_max_rad=0.183887 delta_max_deg=10.5360 joint=right_ring_MCP_FE joint_index=13 from_rad=0.349574 to_rad=0.165687
[action 000583 chunk_step=0] raw=[-0.3466,1.3585] sent=[-0.3466,1.3585] limit_clips=0 step_clips=0 tracking_max=nan
[cmd 000876 kind=policy chunk=0291 chunk_step=1] delta_max_rad=0.099249 delta_max_deg=5.6866 joint=right_ring_MCP_FE joint_index=13 from_rad=0.165687 to_rad=0.066438
[action 000584 chunk_step=1] raw=[-0.3470,1.3922] sent=[-0.3470,1.3922] limit_clips=0 step_clips=0 tracking_max=nan
[cmd 000877 kind=inference_hold chunk=0292 chunk_step=-] delta_max_rad=0.092899 delta_max_deg=5.3227 joint=right_middle_DIP joint_index=7 from_rad=1.392218 to_rad=1.299319
[latency] hand_policy inference_ms=8.610
[chunk 0292] inference=0.009s predicted=(2, 22)
[cmd 000878 kind=policy chunk=0292 chunk_step=0] delta_max_rad=0.151616 delta_max_deg=8.6870 joint=right_pinky_CMC joint_index=8 from_rad=0.107696 to_rad=0.259313
[action 000585 chunk_step=0] raw=[-0.3481,1.3081] sent=[-0.3481,1.3081] limit_clips=0 step_clips=0 tracking_max=nan
[cmd 000879 kind=policy chunk=0292 chunk_step=1] delta_max_rad=0.109492 delta_max_deg=6.2735 joint=right_pinky_DIP joint_index=12 from_rad=0.701396 to_rad=0.810888
[action 000586 chunk_step=1] raw=[-0.3486,1.2162] sent=[-0.3486,1.2162] limit_clips=0 step_clips=0 tracking_max=nan
[cmd 000880 kind=inference_hold chunk=0293 chunk_step=-] delta_max_rad=0.065571 delta_max_deg=3.7569 joint=right_middle_PIP joint_index=6 from_rad=0.364212 to_rad=0.429783
[latency] hand_policy inference_ms=9.863
[chunk 0293] inference=0.010s predicted=(2, 22)
[cmd 000881 kind=policy chunk=0293 chunk_step=0] delta_max_rad=0.165024 delta_max_deg=9.4552 joint=right_ring_PIP joint_index=15 from_rad=0.943419 to_rad=0.778396
[action 000587 chunk_step=0] raw=[-0.3465,1.1666] sent=[-0.3465,1.1666] limit_clips=0 step_clips=0 tracking_max=nan
[cmd 000882 kind=policy chunk=0293 chunk_step=1] delta_max_rad=0.113484 delta_max_deg=6.5021 joint=right_thumb_IP joint_index=21 from_rad=0.211146 to_rad=0.097662
[action 000588 chunk_step=1] raw=[-0.3475,1.2180] sent=[-0.3475,1.2180] limit_clips=0 step_clips=0 tracking_max=nan
[cmd 000883 kind=inference_hold chunk=0294 chunk_step=-] delta_max_rad=0.080397 delta_max_deg=4.6064 joint=right_thumb_IP joint_index=21 from_rad=0.097662 to_rad=0.178060
[latency] hand_policy inference_ms=10.310
[chunk 0294] inference=0.010s predicted=(2, 22)
[cmd 000884 kind=policy chunk=0294 chunk_step=0] delta_max_rad=0.195365 delta_max_deg=11.1936 joint=right_index_PIP joint_index=2 from_rad=0.526288 to_rad=0.721653
[action 000589 chunk_step=0] raw=[-0.3465,1.3066] sent=[-0.3465,1.3066] limit_clips=0 step_clips=0 tracking_max=nan
[cmd 000885 kind=policy chunk=0294 chunk_step=1] delta_max_rad=0.111140 delta_max_deg=6.3679 joint=right_ring_MCP_FE joint_index=13 from_rad=0.416762 to_rad=0.527902
[action 000590 chunk_step=1] raw=[-0.3449,1.3768] sent=[-0.3449,1.3768] limit_clips=0 step_clips=0 tracking_max=nan
[cmd 000886 kind=inference_hold chunk=0295 chunk_step=-] delta_max_rad=0.098059 delta_max_deg=5.6183 joint=right_index_DIP joint_index=3 from_rad=1.376760 to_rad=1.278701
[latency] hand_policy inference_ms=8.747
[chunk 0295] inference=0.009s predicted=(2, 22)
[cmd 000887 kind=policy chunk=0295 chunk_step=0] delta_max_rad=0.159358 delta_max_deg=9.1305 joint=right_ring_MCP_FE joint_index=13 from_rad=0.443815 to_rad=0.603173
[action 000591 chunk_step=0] raw=[-0.3483,1.3603] sent=[-0.3483,1.3603] limit_clips=0 step_clips=0 tracking_max=nan
[cmd 000888 kind=policy chunk=0295 chunk_step=1] delta_max_rad=0.104129 delta_max_deg=5.9662 joint=right_index_DIP joint_index=3 from_rad=1.360306 to_rad=1.256177
[action 000592 chunk_step=1] raw=[-0.3482,1.2627] sent=[-0.3482,1.2627] limit_clips=0 step_clips=0 tracking_max=nan
[cmd 000889 kind=inference_hold chunk=0296 chunk_step=-] delta_max_rad=0.060642 delta_max_deg=3.4745 joint=right_middle_PIP joint_index=6 from_rad=0.445202 to_rad=0.384560
[latency] hand_policy inference_ms=8.431
[chunk 0296] inference=0.008s predicted=(2, 22)
[cmd 000890 kind=policy chunk=0296 chunk_step=0] delta_max_rad=0.146400 delta_max_deg=8.3881 joint=right_pinky_CMC joint_index=8 from_rad=0.161044 to_rad=0.014644
[action 000593 chunk_step=0] raw=[-0.3477,1.2289] sent=[-0.3477,1.2289] limit_clips=0 step_clips=0 tracking_max=nan
[cmd 000891 kind=policy chunk=0296 chunk_step=1] delta_max_rad=0.098642 delta_max_deg=5.6518 joint=right_pinky_PIP joint_index=11 from_rad=0.606150 to_rad=0.507508
[action 000594 chunk_step=1] raw=[-0.3484,1.1955] sent=[-0.3484,1.1955] limit_clips=0 step_clips=0 tracking_max=nan
[cmd 000892 kind=inference_hold chunk=0297 chunk_step=-] delta_max_rad=0.075999 delta_max_deg=4.3545 joint=right_pinky_PIP joint_index=11 from_rad=0.507508 to_rad=0.583507
[latency] hand_policy inference_ms=9.753
[chunk 0297] inference=0.010s predicted=(2, 22)
[cmd 000893 kind=policy chunk=0297 chunk_step=0] delta_max_rad=0.183080 delta_max_deg=10.4897 joint=right_pinky_PIP joint_index=11 from_rad=0.583507 to_rad=0.400427
[action 000595 chunk_step=0] raw=[-0.3491,1.2113] sent=[-0.3491,1.2113] limit_clips=0 step_clips=0 tracking_max=nan
[cmd 000894 kind=policy chunk=0297 chunk_step=1] delta_max_rad=0.115565 delta_max_deg=6.6214 joint=right_pinky_PIP joint_index=11 from_rad=0.400427 to_rad=0.284862
[action 000596 chunk_step=1] raw=[-0.3443,1.2267] sent=[-0.3443,1.2267] limit_clips=0 step_clips=0 tracking_max=nan
[cmd 000895 kind=inference_hold chunk=0298 chunk_step=-] delta_max_rad=0.090176 delta_max_deg=5.1667 joint=right_pinky_PIP joint_index=11 from_rad=0.284862 to_rad=0.375038
[latency] hand_policy inference_ms=9.015
[chunk 0298] inference=0.009s predicted=(2, 22)
[cmd 000896 kind=policy chunk=0298 chunk_step=0] delta_max_rad=0.184366 delta_max_deg=10.5634 joint=right_pinky_PIP joint_index=11 from_rad=0.375038 to_rad=0.190673
[action 000597 chunk_step=0] raw=[-0.3448,1.2556] sent=[-0.3448,1.2556] limit_clips=0 step_clips=0 tracking_max=nan
[cmd 000897 kind=policy chunk=0298 chunk_step=1] delta_max_rad=0.105024 delta_max_deg=6.0174 joint=right_thumb_IP joint_index=21 from_rad=0.490440 to_rad=0.595464
[action 000598 chunk_step=1] raw=[-0.3438,1.3235] sent=[-0.3438,1.3235] limit_clips=0 step_clips=0 tracking_max=nan
[cmd 000898 kind=inference_hold chunk=0299 chunk_step=-] delta_max_rad=0.082262 delta_max_deg=4.7133 joint=right_thumb_IP joint_index=21 from_rad=0.595464 to_rad=0.513202
[latency] hand_policy inference_ms=8.452
[chunk 0299] inference=0.008s predicted=(2, 22)
[cmd 000899 kind=policy chunk=0299 chunk_step=0] delta_max_rad=0.142383 delta_max_deg=8.1580 joint=right_pinky_CMC joint_index=8 from_rad=0.089474 to_rad=0.231857
[action 000599 chunk_step=0] raw=[-0.3373,1.3074] sent=[-0.3373,1.3074] limit_clips=0 step_clips=0 tracking_max=nan
[cmd 000900 kind=policy chunk=0299 chunk_step=1] delta_max_rad=0.120986 delta_max_deg=6.9320 joint=right_ring_PIP joint_index=15 from_rad=0.889234 to_rad=0.768248
[action 000600 chunk_step=1] raw=[-0.3473,1.2239] sent=[-0.3473,1.2239] limit_clips=0 step_clips=0 tracking_max=nan
[done] steps=600 chunks=300 elapsed=25.79s inference=2.76s joint_limit_clips=0 step_clips=0
[cmd 000901 kind=exit_hold chunk=0300 chunk_step=-] delta_max_rad=0.069247 delta_max_deg=3.9675 joint=right_middle_PIP joint_index=6 from_rad=0.276367 to_rad=0.345614
[cleanup] SharpA held at measured position
