[real] log: /media/frankagvl/U393/Dex_Diffuse/reports/hold_comparison_20260917/pair2_seed51_hold0.txt (keeping all runs; no retention limit)
[real] structured debug: /media/frankagvl/U393/Dex_Diffuse/reports/hold_comparison_20260917/pair2_seed51_hold0.jsonl
[real] started: 2026-09-17T15:54:50+08:00
[experiment] 空手无灯泡 holding 对照实验; 配对轮次=2/3; HOLD_DURING_INFERENCE=0; SEED=51; 每轮600动作/300chunk; chunk=2; 30Hz; 每轮ROTATE复位; TensorRT FP32; FUSED_DDIM=1; DDIM=4步; 不插值; 沿用软件限幅关闭配置; 完整TXT+JSONL记录; 比较纯策略跨chunk/内部跳变及含hold实际指令跳变; 三轮分别统计后等权平均; 排除初始化/首个策略动作/退出hold
WARNING:torch_tensorrt.dynamo.conversion.aten_ops_converters:Unable to import quantization op. Please install modelopt library (https://github.com/NVIDIA/TensorRT-Model-Optimizer?tab=readme-ov-file#installation) to add support for compiling quantized models
[real] python: /home/frankagvl/anaconda3/envs/dexIL/bin/python
[real] checkpoint: /media/frankagvl/U393/Dex_Diffuse/runs/obs_4-66.ckpt
[real] policy: obs=66 action=22 sampler=ddim inference_steps=4 chunk=2
[real] acceleration: tensorrt=1 precision=fp32 fused_ddim=1
[real] startup: robot_init.py (SharpA only) -> wait for Enter (if enabled) -> load model -> infer
[init] SharpA init_pose=ROTATE
[debug] structured record: /media/frankagvl/U393/Dex_Diffuse/reports/hold_comparison_20260917/pair2_seed51_hold0.jsonl
[hand] connecting to tcp://localhost:5570
[preflight] SharpA state OK: [1.1958999633789062, -0.26409998536109924, 0.2328999936580658, -0.31299999356269836, 0.37950000166893005, 0.7199000120162964, -0.1574999988079071, 0.7213000059127808, 1.2767000198364258, 0.4050000011920929, 0.19979999959468842, 0.36980000138282776, 0.9804999828338623, 0.33629998564720154, 0.29319998621940613, 0.6126999855041504, 0.9412999749183655, 0.25589999556541443, 0.940500020980835, 0.1362999975681305, 0.4544999897480011, 1.1605000495910645]
[init] moving SharpA to HAND_READY_JOINTS: 50 steps / 2s
[init] SharpA max error=0.0186 rad
[init] SharpA HAND_READY_JOINTS reached
[init] requested robot initialization completed
[real] LIVE: wait_for_enter=0; Ctrl-C holds measured hand qpos
[real] schedule: infer -> execute 2 targets at 30 Hz -> infer
[real] hold during inference: 0 (live only)
WARNING:torch_tensorrt.dynamo.conversion.aten_ops_converters:Unable to import quantization op. Please install modelopt library (https://github.com/NVIDIA/TensorRT-Model-Optimizer?tab=readme-ov-file#installation) to add support for compiling quantized models
[debug] structured record: /media/frankagvl/U393/Dex_Diffuse/reports/hold_comparison_20260917/pair2_seed51_hold0.jsonl
[hand] connecting to tcp://localhost:5570
[hand] SharpA server ready
[initial-pose] motion disabled; using measured qpos
[policy] loading /media/frankagvl/U393/Dex_Diffuse/runs/obs_4-66.ckpt
[policy] loaded EMA model; step=54316 epoch=74; spec={'obs_dim': 66, 'action_dim': 22, 'n_obs_steps': 4, 'n_pred_action_steps': 9, 'n_action_steps': 5, 'horizon': 12}; sampler=ddim inference_steps=4
[policy] preparing TensorRT FP32 UNet (load validated cache or compile)...
[TensorRT] loaded cached engine: /media/frankagvl/U393/Dex_Diffuse/runs/obs_4-66.unet.fp32.trt.pt
[policy] TensorRT UNet ready in 1.7s
WARNING: [Torch-TensorRT] - Using default stream in enqueueV3() may lead to performance issues due to additional calls to cudaStreamSynchronize() by TensorRT to ensure correct synchronization. Please use non-default stream instead.
[latency] hand_policy inference_ms=72.025
[policy] synthetic inference passed in 0.072s
[initial-state] measured policy-order qpos(rad)=[ 0.44133 , -0.053766,  0.83373 ,  0.050459,  0.444276, -0.057409,  0.672913,  0.109913,  0.030567,  0.788601, -0.015693,  0.835134,  0.020968,  0.336529,  0.096772,  0.960191,  0.354212,  1.034089, -0.102189,  0.355665, -0.311566,  0.010855]
[mode] LIVE; 66-D obs -> 22-D absolute SharpA targets; serial 2-step chunks at 30 Hz
[limits] joint_limits=False step_clamp=False max_tracking_error=0
[schedule] infer -> execute chunk with per-step state reads -> repeat
[latency] hand_policy inference_ms=10.129
[chunk 0000] inference=0.010s predicted=(2, 22)
[cmd 000001 kind=policy chunk=0000 chunk_step=0] delta_max_rad=nan delta_max_deg=nan reference=unknown
[action 000001 chunk_step=0] raw=[-0.3452,1.0735] sent=[-0.3452,1.0735] limit_clips=0 step_clips=0 tracking_max=nan
[cmd 000002 kind=policy chunk=0000 chunk_step=1] delta_max_rad=0.076096 delta_max_deg=4.3600 joint=right_index_DIP joint_index=3 from_rad=0.110061 to_rad=0.186157
[action 000002 chunk_step=1] raw=[-0.3425,1.0965] sent=[-0.3425,1.0965] limit_clips=0 step_clips=0 tracking_max=nan
[latency] hand_policy inference_ms=8.754
[chunk 0001] inference=0.009s predicted=(2, 22)
[cmd 000003 kind=policy chunk=0001 chunk_step=0] delta_max_rad=0.076878 delta_max_deg=4.4048 joint=right_pinky_DIP joint_index=12 from_rad=0.090665 to_rad=0.167544
[action 000003 chunk_step=0] raw=[-0.3428,1.0946] sent=[-0.3428,1.0946] limit_clips=0 step_clips=0 tracking_max=nan
[cmd 000004 kind=policy chunk=0001 chunk_step=1] delta_max_rad=0.099193 delta_max_deg=5.6833 joint=right_index_DIP joint_index=3 from_rad=0.257210 to_rad=0.356403
[action 000004 chunk_step=1] raw=[-0.3433,1.0933] sent=[-0.3433,1.0933] limit_clips=0 step_clips=0 tracking_max=nan
[latency] hand_policy inference_ms=8.695
[chunk 0002] inference=0.009s predicted=(2, 22)
[cmd 000005 kind=policy chunk=0002 chunk_step=0] delta_max_rad=0.087064 delta_max_deg=4.9884 joint=right_pinky_DIP joint_index=12 from_rad=0.245849 to_rad=0.332912
[action 000005 chunk_step=0] raw=[-0.3491,1.0780] sent=[-0.3491,1.0780] limit_clips=0 step_clips=0 tracking_max=nan
[cmd 000006 kind=policy chunk=0002 chunk_step=1] delta_max_rad=0.098807 delta_max_deg=5.6612 joint=right_pinky_DIP joint_index=12 from_rad=0.332912 to_rad=0.431719
[action 000006 chunk_step=1] raw=[-0.3479,1.0739] sent=[-0.3479,1.0739] limit_clips=0 step_clips=0 tracking_max=nan
[latency] hand_policy inference_ms=10.414
[chunk 0003] inference=0.010s predicted=(2, 22)
[cmd 000007 kind=policy chunk=0003 chunk_step=0] delta_max_rad=0.083012 delta_max_deg=4.7562 joint=right_pinky_DIP joint_index=12 from_rad=0.431719 to_rad=0.514731
[action 000007 chunk_step=0] raw=[-0.3491,1.0754] sent=[-0.3491,1.0754] limit_clips=0 step_clips=0 tracking_max=nan
[cmd 000008 kind=policy chunk=0003 chunk_step=1] delta_max_rad=0.071320 delta_max_deg=4.0863 joint=right_pinky_DIP joint_index=12 from_rad=0.514731 to_rad=0.586051
[action 000008 chunk_step=1] raw=[-0.3491,1.0822] sent=[-0.3491,1.0822] limit_clips=0 step_clips=0 tracking_max=nan
[latency] hand_policy inference_ms=9.543
[chunk 0004] inference=0.010s predicted=(2, 22)
[cmd 000009 kind=policy chunk=0004 chunk_step=0] delta_max_rad=0.065720 delta_max_deg=3.7655 joint=right_index_DIP joint_index=3 from_rad=0.667241 to_rad=0.732961
[action 000009 chunk_step=0] raw=[-0.3491,1.0884] sent=[-0.3491,1.0884] limit_clips=0 step_clips=0 tracking_max=nan
[cmd 000010 kind=policy chunk=0004 chunk_step=1] delta_max_rad=0.069467 delta_max_deg=3.9802 joint=right_pinky_DIP joint_index=12 from_rad=0.649855 to_rad=0.719322
[action 000010 chunk_step=1] raw=[-0.3485,1.0887] sent=[-0.3485,1.0887] limit_clips=0 step_clips=0 tracking_max=nan
[latency] hand_policy inference_ms=8.778
[chunk 0005] inference=0.009s predicted=(2, 22)
[cmd 000011 kind=policy chunk=0005 chunk_step=0] delta_max_rad=0.073250 delta_max_deg=4.1969 joint=right_pinky_DIP joint_index=12 from_rad=0.719322 to_rad=0.792572
[action 000011 chunk_step=0] raw=[-0.3491,1.0889] sent=[-0.3491,1.0889] limit_clips=0 step_clips=0 tracking_max=nan
[cmd 000012 kind=policy chunk=0005 chunk_step=1] delta_max_rad=0.076228 delta_max_deg=4.3676 joint=right_pinky_DIP joint_index=12 from_rad=0.792572 to_rad=0.868801
[action 000012 chunk_step=1] raw=[-0.3490,1.0892] sent=[-0.3490,1.0892] limit_clips=0 step_clips=0 tracking_max=nan
[latency] hand_policy inference_ms=9.025
[chunk 0006] inference=0.009s predicted=(2, 22)
[cmd 000013 kind=policy chunk=0006 chunk_step=0] delta_max_rad=0.056917 delta_max_deg=3.2611 joint=right_pinky_DIP joint_index=12 from_rad=0.868801 to_rad=0.925718
[action 000013 chunk_step=0] raw=[-0.3491,1.0884] sent=[-0.3491,1.0884] limit_clips=0 step_clips=0 tracking_max=nan
[cmd 000014 kind=policy chunk=0006 chunk_step=1] delta_max_rad=0.060523 delta_max_deg=3.4677 joint=right_pinky_DIP joint_index=12 from_rad=0.925718 to_rad=0.986241
[action 000014 chunk_step=1] raw=[-0.3485,1.0898] sent=[-0.3485,1.0898] limit_clips=0 step_clips=0 tracking_max=nan
[latency] hand_policy inference_ms=10.278
[chunk 0007] inference=0.010s predicted=(2, 22)
[cmd 000015 kind=policy chunk=0007 chunk_step=0] delta_max_rad=0.057343 delta_max_deg=3.2855 joint=right_pinky_DIP joint_index=12 from_rad=0.986241 to_rad=1.043585
[action 000015 chunk_step=0] raw=[-0.3491,1.0922] sent=[-0.3491,1.0922] limit_clips=0 step_clips=0 tracking_max=nan
[cmd 000016 kind=policy chunk=0007 chunk_step=1] delta_max_rad=0.052965 delta_max_deg=3.0347 joint=right_index_PIP joint_index=2 from_rad=0.370938 to_rad=0.317973
[action 000016 chunk_step=1] raw=[-0.3491,1.0975] sent=[-0.3491,1.0975] limit_clips=0 step_clips=0 tracking_max=nan
[latency] hand_policy inference_ms=9.696
[chunk 0008] inference=0.010s predicted=(2, 22)
[cmd 000017 kind=policy chunk=0008 chunk_step=0] delta_max_rad=0.065311 delta_max_deg=3.7421 joint=right_middle_DIP joint_index=7 from_rad=0.773455 to_rad=0.838766
[action 000017 chunk_step=0] raw=[-0.3491,1.1319] sent=[-0.3491,1.1319] limit_clips=0 step_clips=0 tracking_max=nan
[cmd 000018 kind=policy chunk=0008 chunk_step=1] delta_max_rad=0.072896 delta_max_deg=4.1767 joint=right_ring_DIP joint_index=16 from_rad=0.974311 to_rad=1.047208
[action 000018 chunk_step=1] raw=[-0.3485,1.1687] sent=[-0.3485,1.1687] limit_clips=0 step_clips=0 tracking_max=nan
[latency] hand_policy inference_ms=8.793
[chunk 0009] inference=0.009s predicted=(2, 22)
[cmd 000019 kind=policy chunk=0009 chunk_step=0] delta_max_rad=0.072360 delta_max_deg=4.1459 joint=right_pinky_PIP joint_index=11 from_rad=0.576469 to_rad=0.504110
[action 000019 chunk_step=0] raw=[-0.3491,1.2046] sent=[-0.3491,1.2046] limit_clips=0 step_clips=0 tracking_max=nan
[cmd 000020 kind=policy chunk=0009 chunk_step=1] delta_max_rad=0.086949 delta_max_deg=4.9818 joint=right_pinky_PIP joint_index=11 from_rad=0.504110 to_rad=0.417161
[action 000020 chunk_step=1] raw=[-0.3477,1.2400] sent=[-0.3477,1.2400] limit_clips=0 step_clips=0 tracking_max=nan
[latency] hand_policy inference_ms=9.134
[chunk 0010] inference=0.009s predicted=(2, 22)
[cmd 000021 kind=policy chunk=0010 chunk_step=0] delta_max_rad=0.091360 delta_max_deg=5.2346 joint=right_pinky_CMC joint_index=8 from_rad=0.068490 to_rad=0.159851
[action 000021 chunk_step=0] raw=[-0.3484,1.2521] sent=[-0.3484,1.2521] limit_clips=0 step_clips=0 tracking_max=nan
[cmd 000022 kind=policy chunk=0010 chunk_step=1] delta_max_rad=0.088511 delta_max_deg=5.0713 joint=right_pinky_CMC joint_index=8 from_rad=0.159851 to_rad=0.248362
[action 000022 chunk_step=1] raw=[-0.3478,1.2743] sent=[-0.3478,1.2743] limit_clips=0 step_clips=0 tracking_max=nan
[latency] hand_policy inference_ms=10.431
[chunk 0011] inference=0.010s predicted=(2, 22)
[cmd 000023 kind=policy chunk=0011 chunk_step=0] delta_max_rad=0.094675 delta_max_deg=5.4245 joint=right_ring_DIP joint_index=16 from_rad=1.027056 to_rad=0.932381
[action 000023 chunk_step=0] raw=[-0.3485,1.3240] sent=[-0.3485,1.3240] limit_clips=0 step_clips=0 tracking_max=nan
[cmd 000024 kind=policy chunk=0011 chunk_step=1] delta_max_rad=0.089764 delta_max_deg=5.1431 joint=right_ring_DIP joint_index=16 from_rad=0.932381 to_rad=0.842617
[action 000024 chunk_step=1] raw=[-0.3488,1.3588] sent=[-0.3488,1.3588] limit_clips=0 step_clips=0 tracking_max=nan
[latency] hand_policy inference_ms=9.613
[chunk 0012] inference=0.010s predicted=(2, 22)
[cmd 000025 kind=policy chunk=0012 chunk_step=0] delta_max_rad=0.092759 delta_max_deg=5.3147 joint=right_middle_DIP joint_index=7 from_rad=0.751477 to_rad=0.658718
[action 000025 chunk_step=0] raw=[-0.3487,1.3449] sent=[-0.3487,1.3449] limit_clips=0 step_clips=0 tracking_max=nan
[cmd 000026 kind=policy chunk=0012 chunk_step=1] delta_max_rad=0.062224 delta_max_deg=3.5652 joint=right_middle_DIP joint_index=7 from_rad=0.658718 to_rad=0.596494
[action 000026 chunk_step=1] raw=[-0.3485,1.2859] sent=[-0.3485,1.2859] limit_clips=0 step_clips=0 tracking_max=nan
[latency] hand_policy inference_ms=8.848
[chunk 0013] inference=0.009s predicted=(2, 22)
[cmd 000027 kind=policy chunk=0013 chunk_step=0] delta_max_rad=0.094179 delta_max_deg=5.3960 joint=right_pinky_DIP joint_index=12 from_rad=1.285855 to_rad=1.191677
[action 000027 chunk_step=0] raw=[-0.3491,1.1917] sent=[-0.3491,1.1917] limit_clips=0 step_clips=0 tracking_max=nan
[cmd 000028 kind=policy chunk=0013 chunk_step=1] delta_max_rad=0.099611 delta_max_deg=5.7073 joint=right_ring_DIP joint_index=16 from_rad=0.919975 to_rad=1.019586
[action 000028 chunk_step=1] raw=[-0.3479,1.1304] sent=[-0.3479,1.1304] limit_clips=0 step_clips=0 tracking_max=nan
[latency] hand_policy inference_ms=8.604
[chunk 0014] inference=0.009s predicted=(2, 22)
[cmd 000029 kind=policy chunk=0014 chunk_step=0] delta_max_rad=0.085139 delta_max_deg=4.8781 joint=right_ring_DIP joint_index=16 from_rad=1.019586 to_rad=1.104725
[action 000029 chunk_step=0] raw=[-0.3489,1.1047] sent=[-0.3489,1.1047] limit_clips=0 step_clips=0 tracking_max=nan
[cmd 000030 kind=policy chunk=0014 chunk_step=1] delta_max_rad=0.089190 delta_max_deg=5.1102 joint=right_ring_DIP joint_index=16 from_rad=1.104725 to_rad=1.193915
[action 000030 chunk_step=1] raw=[-0.3491,1.1939] sent=[-0.3491,1.1939] limit_clips=0 step_clips=0 tracking_max=nan
[latency] hand_policy inference_ms=10.474
[chunk 0015] inference=0.010s predicted=(2, 22)
[cmd 000031 kind=policy chunk=0015 chunk_step=0] delta_max_rad=0.084536 delta_max_deg=4.8436 joint=right_ring_DIP joint_index=16 from_rad=1.193915 to_rad=1.278451
[action 000031 chunk_step=0] raw=[-0.3320,1.2785] sent=[-0.3320,1.2785] limit_clips=0 step_clips=0 tracking_max=nan
[cmd 000032 kind=policy chunk=0015 chunk_step=1] delta_max_rad=0.102711 delta_max_deg=5.8849 joint=right_thumb_MCP_AA joint_index=20 from_rad=-0.332016 to_rad=-0.229306
[action 000032 chunk_step=1] raw=[-0.2293,1.3594] sent=[-0.2293,1.3594] limit_clips=0 step_clips=0 tracking_max=nan
[latency] hand_policy inference_ms=10.146
[chunk 0016] inference=0.010s predicted=(2, 22)
[cmd 000033 kind=policy chunk=0016 chunk_step=0] delta_max_rad=0.120610 delta_max_deg=6.9104 joint=right_thumb_MCP_AA joint_index=20 from_rad=-0.229306 to_rad=-0.108696
[action 000033 chunk_step=0] raw=[-0.1516,1.2803] sent=[-0.1516,1.2803] limit_clips=0 step_clips=0 tracking_max=nan
[cmd 000034 kind=policy chunk=0016 chunk_step=1] delta_max_rad=0.105814 delta_max_deg=6.0627 joint=right_pinky_DIP joint_index=12 from_rad=1.104014 to_rad=1.209827
[action 000034 chunk_step=1] raw=[-0.2367,1.2098] sent=[-0.2367,1.2098] limit_clips=0 step_clips=0 tracking_max=nan
[latency] hand_policy inference_ms=9.646
[chunk 0017] inference=0.010s predicted=(2, 22)
[cmd 000035 kind=policy chunk=0017 chunk_step=0] delta_max_rad=0.099252 delta_max_deg=5.6867 joint=right_thumb_MCP_FE joint_index=19 from_rad=0.895840 to_rad=0.796588
[action 000035 chunk_step=0] raw=[-0.3197,1.2863] sent=[-0.3197,1.2863] limit_clips=0 step_clips=0 tracking_max=nan
[cmd 000036 kind=policy chunk=0017 chunk_step=1] delta_max_rad=0.100761 delta_max_deg=5.7732 joint=right_thumb_MCP_FE joint_index=19 from_rad=0.796588 to_rad=0.695826
[action 000036 chunk_step=1] raw=[-0.3486,1.3594] sent=[-0.3486,1.3594] limit_clips=0 step_clips=0 tracking_max=nan
[latency] hand_policy inference_ms=8.805
[chunk 0018] inference=0.009s predicted=(2, 22)
[cmd 000037 kind=policy chunk=0018 chunk_step=0] delta_max_rad=0.109486 delta_max_deg=6.2731 joint=right_index_PIP joint_index=2 from_rad=0.328697 to_rad=0.438182
[action 000037 chunk_step=0] raw=[-0.3489,1.3894] sent=[-0.3489,1.3894] limit_clips=0 step_clips=0 tracking_max=nan
[cmd 000038 kind=policy chunk=0018 chunk_step=1] delta_max_rad=0.105615 delta_max_deg=6.0513 joint=right_thumb_MCP_FE joint_index=19 from_rad=0.599183 to_rad=0.493568
[action 000038 chunk_step=1] raw=[-0.3491,1.3963] sent=[-0.3491,1.3963] limit_clips=0 step_clips=0 tracking_max=nan
[latency] hand_policy inference_ms=10.104
[chunk 0019] inference=0.010s predicted=(2, 22)
[cmd 000039 kind=policy chunk=0019 chunk_step=0] delta_max_rad=0.108568 delta_max_deg=6.2205 joint=right_index_PIP joint_index=2 from_rad=0.524892 to_rad=0.633459
[action 000039 chunk_step=0] raw=[-0.3491,1.3963] sent=[-0.3491,1.3963] limit_clips=0 step_clips=0 tracking_max=nan
[cmd 000040 kind=policy chunk=0019 chunk_step=1] delta_max_rad=0.096295 delta_max_deg=5.5173 joint=right_ring_DIP joint_index=16 from_rad=0.723612 to_rad=0.627317
[action 000040 chunk_step=1] raw=[-0.3491,1.3957] sent=[-0.3491,1.3957] limit_clips=0 step_clips=0 tracking_max=nan
[latency] hand_policy inference_ms=9.958
[chunk 0020] inference=0.010s predicted=(2, 22)
[cmd 000041 kind=policy chunk=0020 chunk_step=0] delta_max_rad=0.109152 delta_max_deg=6.2540 joint=right_middle_PIP joint_index=6 from_rad=0.504525 to_rad=0.613678
[action 000041 chunk_step=0] raw=[-0.3491,1.3954] sent=[-0.3491,1.3954] limit_clips=0 step_clips=0 tracking_max=nan
[cmd 000042 kind=policy chunk=0020 chunk_step=1] delta_max_rad=0.092293 delta_max_deg=5.2880 joint=right_middle_DIP joint_index=7 from_rad=0.751454 to_rad=0.843747
[action 000042 chunk_step=1] raw=[-0.3491,1.3654] sent=[-0.3491,1.3654] limit_clips=0 step_clips=0 tracking_max=nan
[latency] hand_policy inference_ms=8.814
[chunk 0021] inference=0.009s predicted=(2, 22)
[cmd 000043 kind=policy chunk=0021 chunk_step=0] delta_max_rad=0.097549 delta_max_deg=5.5892 joint=right_middle_MCP_FE joint_index=4 from_rad=0.609140 to_rad=0.511590
[action 000043 chunk_step=0] raw=[-0.3459,1.3091] sent=[-0.3459,1.3091] limit_clips=0 step_clips=0 tracking_max=nan
[cmd 000044 kind=policy chunk=0021 chunk_step=1] delta_max_rad=0.103795 delta_max_deg=5.9470 joint=right_pinky_PIP joint_index=11 from_rad=0.591759 to_rad=0.487964
[action 000044 chunk_step=1] raw=[-0.3477,1.2571] sent=[-0.3477,1.2571] limit_clips=0 step_clips=0 tracking_max=nan
[latency] hand_policy inference_ms=9.329
[chunk 0022] inference=0.009s predicted=(2, 22)
[cmd 000045 kind=policy chunk=0022 chunk_step=0] delta_max_rad=0.107519 delta_max_deg=6.1604 joint=right_pinky_PIP joint_index=11 from_rad=0.487964 to_rad=0.380445
[action 000045 chunk_step=0] raw=[-0.3339,1.2074] sent=[-0.3339,1.2074] limit_clips=0 step_clips=0 tracking_max=nan
[cmd 000046 kind=policy chunk=0022 chunk_step=1] delta_max_rad=0.113769 delta_max_deg=6.5185 joint=right_index_PIP joint_index=2 from_rad=0.361574 to_rad=0.247804
[action 000046 chunk_step=1] raw=[-0.3181,1.1900] sent=[-0.3181,1.1900] limit_clips=0 step_clips=0 tracking_max=nan
[latency] hand_policy inference_ms=9.994
[chunk 0023] inference=0.010s predicted=(2, 22)
[cmd 000047 kind=policy chunk=0023 chunk_step=0] delta_max_rad=0.108881 delta_max_deg=6.2384 joint=right_index_PIP joint_index=2 from_rad=0.247804 to_rad=0.138923
[action 000047 chunk_step=0] raw=[-0.2756,1.2871] sent=[-0.2756,1.2871] limit_clips=0 step_clips=0 tracking_max=nan
[cmd 000048 kind=policy chunk=0023 chunk_step=1] delta_max_rad=0.107588 delta_max_deg=6.1643 joint=right_thumb_MCP_AA joint_index=20 from_rad=-0.191216 to_rad=-0.083627
[action 000048 chunk_step=1] raw=[-0.1952,1.3476] sent=[-0.1952,1.3476] limit_clips=0 step_clips=0 tracking_max=nan
[latency] hand_policy inference_ms=8.810
[chunk 0024] inference=0.009s predicted=(2, 22)
[cmd 000049 kind=policy chunk=0024 chunk_step=0] delta_max_rad=0.096105 delta_max_deg=5.5064 joint=right_ring_PIP joint_index=15 from_rad=1.071166 to_rad=0.975060
[action 000049 chunk_step=0] raw=[-0.2163,1.2986] sent=[-0.2163,1.2986] limit_clips=0 step_clips=0 tracking_max=nan
[cmd 000050 kind=policy chunk=0024 chunk_step=1] delta_max_rad=0.103139 delta_max_deg=5.9094 joint=right_thumb_MCP_FE joint_index=19 from_rad=0.681466 to_rad=0.578327
[action 000050 chunk_step=1] raw=[-0.3113,1.2531] sent=[-0.3113,1.2531] limit_clips=0 step_clips=0 tracking_max=nan
[latency] hand_policy inference_ms=8.878
[chunk 0025] inference=0.009s predicted=(2, 22)
[cmd 000051 kind=policy chunk=0025 chunk_step=0] delta_max_rad=0.108953 delta_max_deg=6.2425 joint=right_ring_PIP joint_index=15 from_rad=0.876721 to_rad=0.767768
[action 000051 chunk_step=0] raw=[-0.3491,1.3311] sent=[-0.3491,1.3311] limit_clips=0 step_clips=0 tracking_max=nan
[cmd 000052 kind=policy chunk=0025 chunk_step=1] delta_max_rad=0.095234 delta_max_deg=5.4565 joint=right_thumb_MCP_AA joint_index=20 from_rad=-0.214741 to_rad=-0.309975
[action 000052 chunk_step=1] raw=[-0.3488,1.3827] sent=[-0.3488,1.3827] limit_clips=0 step_clips=0 tracking_max=nan
[latency] hand_policy inference_ms=10.198
[chunk 0026] inference=0.010s predicted=(2, 22)
[cmd 000053 kind=policy chunk=0026 chunk_step=0] delta_max_rad=0.121919 delta_max_deg=6.9854 joint=right_index_PIP joint_index=2 from_rad=0.418686 to_rad=0.540605
[action 000053 chunk_step=0] raw=[-0.3490,1.3963] sent=[-0.3490,1.3963] limit_clips=0 step_clips=0 tracking_max=nan
[cmd 000054 kind=policy chunk=0026 chunk_step=1] delta_max_rad=0.106932 delta_max_deg=6.1267 joint=right_pinky_PIP joint_index=11 from_rad=0.470359 to_rad=0.577291
[action 000054 chunk_step=1] raw=[-0.3491,1.3963] sent=[-0.3491,1.3963] limit_clips=0 step_clips=0 tracking_max=nan
[latency] hand_policy inference_ms=8.784
[chunk 0027] inference=0.009s predicted=(2, 22)
[cmd 000055 kind=policy chunk=0027 chunk_step=0] delta_max_rad=0.123871 delta_max_deg=7.0973 joint=right_ring_MCP_FE joint_index=13 from_rad=0.502038 to_rad=0.625909
[action 000055 chunk_step=0] raw=[-0.3471,1.3945] sent=[-0.3471,1.3945] limit_clips=0 step_clips=0 tracking_max=nan
[cmd 000056 kind=policy chunk=0027 chunk_step=1] delta_max_rad=0.086368 delta_max_deg=4.9485 joint=right_ring_MCP_FE joint_index=13 from_rad=0.625909 to_rad=0.712277
[action 000056 chunk_step=1] raw=[-0.3475,1.3963] sent=[-0.3475,1.3963] limit_clips=0 step_clips=0 tracking_max=nan
[latency] hand_policy inference_ms=9.102
[chunk 0028] inference=0.009s predicted=(2, 22)
[cmd 000057 kind=policy chunk=0028 chunk_step=0] delta_max_rad=0.106393 delta_max_deg=6.0959 joint=right_pinky_MCP_AA joint_index=10 from_rad=0.070983 to_rad=0.177376
[action 000057 chunk_step=0] raw=[-0.3491,1.3423] sent=[-0.3491,1.3423] limit_clips=0 step_clips=0 tracking_max=nan
[cmd 000058 kind=policy chunk=0028 chunk_step=1] delta_max_rad=0.126612 delta_max_deg=7.2544 joint=right_middle_MCP_FE joint_index=4 from_rad=0.679406 to_rad=0.552793
[action 000058 chunk_step=1] raw=[-0.3461,1.2685] sent=[-0.3461,1.2685] limit_clips=0 step_clips=0 tracking_max=nan
[latency] hand_policy inference_ms=10.177
[chunk 0029] inference=0.010s predicted=(2, 22)
[cmd 000059 kind=policy chunk=0029 chunk_step=0] delta_max_rad=0.118398 delta_max_deg=6.7837 joint=right_middle_PIP joint_index=6 from_rad=0.513418 to_rad=0.631816
[action 000059 chunk_step=0] raw=[-0.3488,1.2491] sent=[-0.3488,1.2491] limit_clips=0 step_clips=0 tracking_max=nan
[cmd 000060 kind=policy chunk=0029 chunk_step=1] delta_max_rad=0.106308 delta_max_deg=6.0910 joint=right_thumb_IP joint_index=21 from_rad=0.386259 to_rad=0.492567
[action 000060 chunk_step=1] raw=[-0.3427,1.2116] sent=[-0.3427,1.2116] limit_clips=0 step_clips=0 tracking_max=nan
[latency] hand_policy inference_ms=8.728
[chunk 0030] inference=0.009s predicted=(2, 22)
[cmd 000061 kind=policy chunk=0030 chunk_step=0] delta_max_rad=0.114446 delta_max_deg=6.5573 joint=right_middle_PIP joint_index=6 from_rad=0.733898 to_rad=0.848343
[action 000061 chunk_step=0] raw=[-0.3311,1.1861] sent=[-0.3311,1.1861] limit_clips=0 step_clips=0 tracking_max=nan
[cmd 000062 kind=policy chunk=0030 chunk_step=1] delta_max_rad=0.110603 delta_max_deg=6.3371 joint=right_thumb_IP joint_index=21 from_rad=0.603958 to_rad=0.714560
[action 000062 chunk_step=1] raw=[-0.2891,1.2798] sent=[-0.2891,1.2798] limit_clips=0 step_clips=0 tracking_max=nan
[latency] hand_policy inference_ms=9.168
[chunk 0031] inference=0.009s predicted=(2, 22)
[cmd 000063 kind=policy chunk=0031 chunk_step=0] delta_max_rad=0.104052 delta_max_deg=5.9618 joint=right_middle_PIP joint_index=6 from_rad=0.924685 to_rad=1.028737
[action 000063 chunk_step=0] raw=[-0.2503,1.3645] sent=[-0.2503,1.3645] limit_clips=0 step_clips=0 tracking_max=nan
[cmd 000064 kind=policy chunk=0031 chunk_step=1] delta_max_rad=0.098391 delta_max_deg=5.6374 joint=right_ring_MCP_FE joint_index=13 from_rad=0.183285 to_rad=0.084893
[action 000064 chunk_step=1] raw=[-0.2062,1.3835] sent=[-0.2062,1.3835] limit_clips=0 step_clips=0 tracking_max=nan
[latency] hand_policy inference_ms=10.492
[chunk 0032] inference=0.010s predicted=(2, 22)
[cmd 000065 kind=policy chunk=0032 chunk_step=0] delta_max_rad=0.118478 delta_max_deg=6.7883 joint=right_thumb_MCP_AA joint_index=20 from_rad=-0.086131 to_rad=0.032347
[action 000065 chunk_step=0] raw=[-0.1594,1.3963] sent=[-0.1594,1.3963] limit_clips=0 step_clips=0 tracking_max=nan
[cmd 000066 kind=policy chunk=0032 chunk_step=1] delta_max_rad=0.115701 delta_max_deg=6.6292 joint=right_ring_PIP joint_index=15 from_rad=1.071657 to_rad=0.955956
[action 000066 chunk_step=1] raw=[-0.2291,1.3398] sent=[-0.2291,1.3398] limit_clips=0 step_clips=0 tracking_max=nan
[latency] hand_policy inference_ms=9.684
[chunk 0033] inference=0.010s predicted=(2, 22)
[cmd 000067 kind=policy chunk=0033 chunk_step=0] delta_max_rad=0.096865 delta_max_deg=5.5500 joint=right_middle_PIP joint_index=6 from_rad=0.961936 to_rad=0.865071
[action 000067 chunk_step=0] raw=[-0.3078,1.2456] sent=[-0.3078,1.2456] limit_clips=0 step_clips=0 tracking_max=nan
[cmd 000068 kind=policy chunk=0033 chunk_step=1] delta_max_rad=0.101149 delta_max_deg=5.7954 joint=right_index_DIP joint_index=3 from_rad=0.937636 to_rad=1.038785
[action 000068 chunk_step=1] raw=[-0.3382,1.1585] sent=[-0.3382,1.1585] limit_clips=0 step_clips=0 tracking_max=nan
[latency] hand_policy inference_ms=8.589
[chunk 0034] inference=0.009s predicted=(2, 22)
[cmd 000069 kind=policy chunk=0034 chunk_step=0] delta_max_rad=0.109922 delta_max_deg=6.2981 joint=right_index_PIP joint_index=2 from_rad=0.469332 to_rad=0.579254
[action 000069 chunk_step=0] raw=[-0.3478,1.1299] sent=[-0.3478,1.1299] limit_clips=0 step_clips=0 tracking_max=nan
[cmd 000070 kind=policy chunk=0034 chunk_step=1] delta_max_rad=0.099210 delta_max_deg=5.6843 joint=right_index_DIP joint_index=3 from_rad=1.129916 to_rad=1.229126
[action 000070 chunk_step=1] raw=[-0.3436,1.2291] sent=[-0.3436,1.2291] limit_clips=0 step_clips=0 tracking_max=nan
[latency] hand_policy inference_ms=10.464
[chunk 0035] inference=0.010s predicted=(2, 22)
[cmd 000071 kind=policy chunk=0035 chunk_step=0] delta_max_rad=0.099414 delta_max_deg=5.6960 joint=right_thumb_IP joint_index=21 from_rad=0.549106 to_rad=0.449692
[action 000071 chunk_step=0] raw=[-0.3487,1.3173] sent=[-0.3487,1.3173] limit_clips=0 step_clips=0 tracking_max=nan
[cmd 000072 kind=policy chunk=0035 chunk_step=1] delta_max_rad=0.109859 delta_max_deg=6.2945 joint=right_pinky_PIP joint_index=11 from_rad=0.758294 to_rad=0.868153
[action 000072 chunk_step=1] raw=[-0.3466,1.3873] sent=[-0.3466,1.3873] limit_clips=0 step_clips=0 tracking_max=nan
[latency] hand_policy inference_ms=9.619
[chunk 0036] inference=0.010s predicted=(2, 22)
[cmd 000073 kind=policy chunk=0036 chunk_step=0] delta_max_rad=0.125450 delta_max_deg=7.1878 joint=right_middle_MCP_FE joint_index=4 from_rad=0.271340 to_rad=0.396790
[action 000073 chunk_step=0] raw=[-0.3463,1.3963] sent=[-0.3463,1.3963] limit_clips=0 step_clips=0 tracking_max=nan
[cmd 000074 kind=policy chunk=0036 chunk_step=1] delta_max_rad=0.103277 delta_max_deg=5.9174 joint=right_middle_MCP_FE joint_index=4 from_rad=0.396790 to_rad=0.500068
[action 000074 chunk_step=1] raw=[-0.3448,1.3963] sent=[-0.3448,1.3963] limit_clips=0 step_clips=0 tracking_max=nan
[latency] hand_policy inference_ms=8.670
[chunk 0037] inference=0.009s predicted=(2, 22)
[cmd 000075 kind=policy chunk=0037 chunk_step=0] delta_max_rad=0.111466 delta_max_deg=6.3865 joint=right_middle_PIP joint_index=6 from_rad=0.621885 to_rad=0.733351
[action 000075 chunk_step=0] raw=[-0.3491,1.3284] sent=[-0.3491,1.3284] limit_clips=0 step_clips=0 tracking_max=nan
[cmd 000076 kind=policy chunk=0037 chunk_step=1] delta_max_rad=0.110517 delta_max_deg=6.3321 joint=right_pinky_PIP joint_index=11 from_rad=0.938330 to_rad=0.827813
[action 000076 chunk_step=1] raw=[-0.3491,1.2456] sent=[-0.3491,1.2456] limit_clips=0 step_clips=0 tracking_max=nan
[latency] hand_policy inference_ms=9.023
[chunk 0038] inference=0.009s predicted=(2, 22)
[cmd 000077 kind=policy chunk=0038 chunk_step=0] delta_max_rad=0.102748 delta_max_deg=5.8870 joint=right_ring_MCP_FE joint_index=13 from_rad=0.579883 to_rad=0.477135
[action 000077 chunk_step=0] raw=[-0.3463,1.1486] sent=[-0.3463,1.1486] limit_clips=0 step_clips=0 tracking_max=nan
[cmd 000078 kind=policy chunk=0038 chunk_step=1] delta_max_rad=0.109601 delta_max_deg=6.2796 joint=right_pinky_DIP joint_index=12 from_rad=1.067281 to_rad=0.957681
[action 000078 chunk_step=1] raw=[-0.3434,1.0805] sent=[-0.3434,1.0805] limit_clips=0 step_clips=0 tracking_max=nan
[latency] hand_policy inference_ms=10.529
[chunk 0039] inference=0.011s predicted=(2, 22)
[cmd 000079 kind=policy chunk=0039 chunk_step=0] delta_max_rad=0.098804 delta_max_deg=5.6610 joint=right_pinky_PIP joint_index=11 from_rad=0.645702 to_rad=0.546899
[action 000079 chunk_step=0] raw=[-0.3482,1.1721] sent=[-0.3482,1.1721] limit_clips=0 step_clips=0 tracking_max=nan
[cmd 000080 kind=policy chunk=0039 chunk_step=1] delta_max_rad=0.106091 delta_max_deg=6.0786 joint=right_pinky_PIP joint_index=11 from_rad=0.546899 to_rad=0.440808
[action 000080 chunk_step=1] raw=[-0.3366,1.2594] sent=[-0.3366,1.2594] limit_clips=0 step_clips=0 tracking_max=nan
[latency] hand_policy inference_ms=9.638
[chunk 0040] inference=0.010s predicted=(2, 22)
[cmd 000081 kind=policy chunk=0040 chunk_step=0] delta_max_rad=0.109824 delta_max_deg=6.2925 joint=right_ring_MCP_FE joint_index=13 from_rad=0.190432 to_rad=0.080608
[action 000081 chunk_step=0] raw=[-0.3394,1.3527] sent=[-0.3394,1.3527] limit_clips=0 step_clips=0 tracking_max=nan
[cmd 000082 kind=policy chunk=0040 chunk_step=1] delta_max_rad=0.091232 delta_max_deg=5.2272 joint=right_pinky_MCP_AA joint_index=10 from_rad=0.287586 to_rad=0.196354
[action 000082 chunk_step=1] raw=[-0.3291,1.3476] sent=[-0.3291,1.3476] limit_clips=0 step_clips=0 tracking_max=nan
[latency] hand_policy inference_ms=8.572
[chunk 0041] inference=0.009s predicted=(2, 22)
[cmd 000083 kind=policy chunk=0041 chunk_step=0] delta_max_rad=0.103505 delta_max_deg=5.9304 joint=right_thumb_MCP_FE joint_index=19 from_rad=0.783133 to_rad=0.679628
[action 000083 chunk_step=0] raw=[-0.3485,1.2555] sent=[-0.3485,1.2555] limit_clips=0 step_clips=0 tracking_max=nan
[cmd 000084 kind=policy chunk=0041 chunk_step=1] delta_max_rad=0.105337 delta_max_deg=6.0354 joint=right_thumb_MCP_FE joint_index=19 from_rad=0.679628 to_rad=0.574291
[action 000084 chunk_step=1] raw=[-0.3468,1.1740] sent=[-0.3468,1.1740] limit_clips=0 step_clips=0 tracking_max=nan
[latency] hand_policy inference_ms=10.392
[chunk 0042] inference=0.010s predicted=(2, 22)
[cmd 000085 kind=policy chunk=0042 chunk_step=0] delta_max_rad=0.098948 delta_max_deg=5.6693 joint=right_middle_PIP joint_index=6 from_rad=0.725154 to_rad=0.626206
[action 000085 chunk_step=0] raw=[-0.3491,1.1686] sent=[-0.3491,1.1686] limit_clips=0 step_clips=0 tracking_max=nan
[cmd 000086 kind=policy chunk=0042 chunk_step=1] delta_max_rad=0.099156 delta_max_deg=5.6812 joint=right_index_DIP joint_index=3 from_rad=1.168560 to_rad=1.267716
[action 000086 chunk_step=1] raw=[-0.3491,1.2677] sent=[-0.3491,1.2677] limit_clips=0 step_clips=0 tracking_max=nan
[latency] hand_policy inference_ms=9.599
[chunk 0043] inference=0.010s predicted=(2, 22)
[cmd 000087 kind=policy chunk=0043 chunk_step=0] delta_max_rad=0.102676 delta_max_deg=5.8829 joint=right_index_PIP joint_index=2 from_rad=0.644027 to_rad=0.746704
[action 000087 chunk_step=0] raw=[-0.3491,1.3590] sent=[-0.3491,1.3590] limit_clips=0 step_clips=0 tracking_max=nan
[cmd 000088 kind=policy chunk=0043 chunk_step=1] delta_max_rad=0.102121 delta_max_deg=5.8511 joint=right_middle_MCP_FE joint_index=4 from_rad=0.322857 to_rad=0.424979
[action 000088 chunk_step=1] raw=[-0.3490,1.3864] sent=[-0.3490,1.3864] limit_clips=0 step_clips=0 tracking_max=nan
[latency] hand_policy inference_ms=8.544
[chunk 0044] inference=0.009s predicted=(2, 22)
[cmd 000089 kind=policy chunk=0044 chunk_step=0] delta_max_rad=0.108211 delta_max_deg=6.2001 joint=right_ring_DIP joint_index=16 from_rad=0.788905 to_rad=0.680693
[action 000089 chunk_step=0] raw=[-0.3472,1.3919] sent=[-0.3472,1.3919] limit_clips=0 step_clips=0 tracking_max=nan
[cmd 000090 kind=policy chunk=0044 chunk_step=1] delta_max_rad=0.090655 delta_max_deg=5.1942 joint=right_ring_MCP_FE joint_index=13 from_rad=0.564531 to_rad=0.655186
[action 000090 chunk_step=1] raw=[-0.3447,1.3851] sent=[-0.3447,1.3851] limit_clips=0 step_clips=0 tracking_max=nan
[latency] hand_policy inference_ms=10.325
[chunk 0045] inference=0.010s predicted=(2, 22)
[cmd 000091 kind=policy chunk=0045 chunk_step=0] delta_max_rad=0.116224 delta_max_deg=6.6591 joint=right_middle_PIP joint_index=6 from_rad=0.541189 to_rad=0.657413
[action 000091 chunk_step=0] raw=[-0.3474,1.2993] sent=[-0.3474,1.2993] limit_clips=0 step_clips=0 tracking_max=nan
[cmd 000092 kind=policy chunk=0045 chunk_step=1] delta_max_rad=0.109499 delta_max_deg=6.2738 joint=right_index_PIP joint_index=2 from_rad=0.864656 to_rad=0.755157
[action 000092 chunk_step=1] raw=[-0.3469,1.2548] sent=[-0.3469,1.2548] limit_clips=0 step_clips=0 tracking_max=nan
[latency] hand_policy inference_ms=9.453
[chunk 0046] inference=0.009s predicted=(2, 22)
[cmd 000093 kind=policy chunk=0046 chunk_step=0] delta_max_rad=0.099829 delta_max_deg=5.7198 joint=right_index_PIP joint_index=2 from_rad=0.755157 to_rad=0.655327
[action 000093 chunk_step=0] raw=[-0.3482,1.1633] sent=[-0.3482,1.1633] limit_clips=0 step_clips=0 tracking_max=nan
[cmd 000094 kind=policy chunk=0046 chunk_step=1] delta_max_rad=0.097842 delta_max_deg=5.6060 joint=right_pinky_PIP joint_index=11 from_rad=0.762615 to_rad=0.664773
[action 000094 chunk_step=1] raw=[-0.3452,1.1516] sent=[-0.3452,1.1516] limit_clips=0 step_clips=0 tracking_max=nan
[latency] hand_policy inference_ms=8.848
[chunk 0047] inference=0.009s predicted=(2, 22)
[cmd 000095 kind=policy chunk=0047 chunk_step=0] delta_max_rad=0.110638 delta_max_deg=6.3391 joint=right_pinky_PIP joint_index=11 from_rad=0.664773 to_rad=0.554135
[action 000095 chunk_step=0] raw=[-0.3481,1.2177] sent=[-0.3481,1.2177] limit_clips=0 step_clips=0 tracking_max=nan
[cmd 000096 kind=policy chunk=0047 chunk_step=1] delta_max_rad=0.093773 delta_max_deg=5.3728 joint=right_pinky_PIP joint_index=11 from_rad=0.554135 to_rad=0.460362
[action 000096 chunk_step=1] raw=[-0.3429,1.2330] sent=[-0.3429,1.2330] limit_clips=0 step_clips=0 tracking_max=nan
[latency] hand_policy inference_ms=10.218
[chunk 0048] inference=0.010s predicted=(2, 22)
[cmd 000097 kind=policy chunk=0048 chunk_step=0] delta_max_rad=0.105914 delta_max_deg=6.0684 joint=right_ring_MCP_FE joint_index=13 from_rad=0.293763 to_rad=0.187849
[action 000097 chunk_step=0] raw=[-0.3471,1.2340] sent=[-0.3471,1.2340] limit_clips=0 step_clips=0 tracking_max=nan
[cmd 000098 kind=policy chunk=0048 chunk_step=1] delta_max_rad=0.094772 delta_max_deg=5.4300 joint=right_pinky_DIP joint_index=12 from_rad=0.843099 to_rad=0.748327
[action 000098 chunk_step=1] raw=[-0.3424,1.3228] sent=[-0.3424,1.3228] limit_clips=0 step_clips=0 tracking_max=nan
[latency] hand_policy inference_ms=9.484
[chunk 0049] inference=0.009s predicted=(2, 22)
[cmd 000099 kind=policy chunk=0049 chunk_step=0] delta_max_rad=0.099357 delta_max_deg=5.6927 joint=right_pinky_DIP joint_index=12 from_rad=0.748327 to_rad=0.648970
[action 000099 chunk_step=0] raw=[-0.3420,1.3644] sent=[-0.3420,1.3644] limit_clips=0 step_clips=0 tracking_max=nan
[cmd 000100 kind=policy chunk=0049 chunk_step=1] delta_max_rad=0.086439 delta_max_deg=4.9526 joint=right_pinky_CMC joint_index=8 from_rad=0.116084 to_rad=0.202524
[action 000100 chunk_step=1] raw=[-0.3418,1.3272] sent=[-0.3418,1.3272] limit_clips=0 step_clips=0 tracking_max=nan
[latency] hand_policy inference_ms=8.573
[chunk 0050] inference=0.009s predicted=(2, 22)
[cmd 000101 kind=policy chunk=0050 chunk_step=0] delta_max_rad=0.097125 delta_max_deg=5.5648 joint=right_ring_DIP joint_index=16 from_rad=1.327225 to_rad=1.230100
[action 000101 chunk_step=0] raw=[-0.3491,1.2301] sent=[-0.3491,1.2301] limit_clips=0 step_clips=0 tracking_max=nan
[cmd 000102 kind=policy chunk=0050 chunk_step=1] delta_max_rad=0.114029 delta_max_deg=6.5334 joint=right_pinky_PIP joint_index=11 from_rad=0.291787 to_rad=0.405816
[action 000102 chunk_step=1] raw=[-0.3491,1.2068] sent=[-0.3491,1.2068] limit_clips=0 step_clips=0 tracking_max=nan
[latency] hand_policy inference_ms=10.347
[chunk 0051] inference=0.010s predicted=(2, 22)
[cmd 000103 kind=policy chunk=0051 chunk_step=0] delta_max_rad=0.099748 delta_max_deg=5.7151 joint=right_thumb_MCP_FE joint_index=19 from_rad=0.434992 to_rad=0.335244
[action 000103 chunk_step=0] raw=[-0.3491,1.2673] sent=[-0.3491,1.2673] limit_clips=0 step_clips=0 tracking_max=nan
[cmd 000104 kind=policy chunk=0051 chunk_step=1] delta_max_rad=0.092941 delta_max_deg=5.3252 joint=right_pinky_PIP joint_index=11 from_rad=0.480061 to_rad=0.573003
[action 000104 chunk_step=1] raw=[-0.3491,1.2870] sent=[-0.3491,1.2870] limit_clips=0 step_clips=0 tracking_max=nan
[latency] hand_policy inference_ms=9.797
[chunk 0052] inference=0.010s predicted=(2, 22)
[cmd 000105 kind=policy chunk=0052 chunk_step=0] delta_max_rad=0.107276 delta_max_deg=6.1465 joint=right_pinky_DIP joint_index=12 from_rad=0.940410 to_rad=1.047687
[action 000105 chunk_step=0] raw=[-0.3491,1.2991] sent=[-0.3491,1.2991] limit_clips=0 step_clips=0 tracking_max=nan
[cmd 000106 kind=policy chunk=0052 chunk_step=1] delta_max_rad=0.107327 delta_max_deg=6.1494 joint=right_pinky_DIP joint_index=12 from_rad=1.047687 to_rad=1.155013
[action 000106 chunk_step=1] raw=[-0.3453,1.3054] sent=[-0.3453,1.3054] limit_clips=0 step_clips=0 tracking_max=nan
[latency] hand_policy inference_ms=8.519
[chunk 0053] inference=0.009s predicted=(2, 22)
[cmd 000107 kind=policy chunk=0053 chunk_step=0] delta_max_rad=0.115699 delta_max_deg=6.6290 joint=right_pinky_DIP joint_index=12 from_rad=1.155013 to_rad=1.270712
[action 000107 chunk_step=0] raw=[-0.3491,1.3221] sent=[-0.3491,1.3221] limit_clips=0 step_clips=0 tracking_max=nan
[cmd 000108 kind=policy chunk=0053 chunk_step=1] delta_max_rad=0.104299 delta_max_deg=5.9759 joint=right_index_PIP joint_index=2 from_rad=0.734867 to_rad=0.630568
[action 000108 chunk_step=1] raw=[-0.3491,1.3308] sent=[-0.3491,1.3308] limit_clips=0 step_clips=0 tracking_max=nan
[latency] hand_policy inference_ms=8.990
[chunk 0054] inference=0.009s predicted=(2, 22)
[cmd 000109 kind=policy chunk=0054 chunk_step=0] delta_max_rad=0.116847 delta_max_deg=6.6948 joint=right_middle_PIP joint_index=6 from_rad=0.771778 to_rad=0.654931
[action 000109 chunk_step=0] raw=[-0.3458,1.3076] sent=[-0.3458,1.3076] limit_clips=0 step_clips=0 tracking_max=nan
[cmd 000110 kind=policy chunk=0054 chunk_step=1] delta_max_rad=0.102102 delta_max_deg=5.8500 joint=right_index_DIP joint_index=3 from_rad=1.134699 to_rad=1.032596
[action 000110 chunk_step=1] raw=[-0.3464,1.2758] sent=[-0.3464,1.2758] limit_clips=0 step_clips=0 tracking_max=nan
[latency] hand_policy inference_ms=9.437
[chunk 0055] inference=0.009s predicted=(2, 22)
[cmd 000111 kind=policy chunk=0055 chunk_step=0] delta_max_rad=0.109822 delta_max_deg=6.2923 joint=right_pinky_DIP joint_index=12 from_rad=1.169571 to_rad=1.059749
[action 000111 chunk_step=0] raw=[-0.3452,1.2381] sent=[-0.3452,1.2381] limit_clips=0 step_clips=0 tracking_max=nan
[cmd 000112 kind=policy chunk=0055 chunk_step=1] delta_max_rad=0.104809 delta_max_deg=6.0051 joint=right_pinky_DIP joint_index=12 from_rad=1.059749 to_rad=0.954939
[action 000112 chunk_step=1] raw=[-0.3440,1.2566] sent=[-0.3440,1.2566] limit_clips=0 step_clips=0 tracking_max=nan
[latency] hand_policy inference_ms=8.292
[chunk 0056] inference=0.008s predicted=(2, 22)
[cmd 000113 kind=policy chunk=0056 chunk_step=0] delta_max_rad=0.121633 delta_max_deg=6.9690 joint=right_pinky_DIP joint_index=12 from_rad=0.954939 to_rad=0.833307
[action 000113 chunk_step=0] raw=[-0.3287,1.2604] sent=[-0.3287,1.2604] limit_clips=0 step_clips=0 tracking_max=nan
[cmd 000114 kind=policy chunk=0056 chunk_step=1] delta_max_rad=0.113616 delta_max_deg=6.5097 joint=right_pinky_DIP joint_index=12 from_rad=0.833307 to_rad=0.719690
[action 000114 chunk_step=1] raw=[-0.2875,1.2999] sent=[-0.2875,1.2999] limit_clips=0 step_clips=0 tracking_max=nan
[latency] hand_policy inference_ms=10.222
[chunk 0057] inference=0.010s predicted=(2, 22)
[cmd 000115 kind=policy chunk=0057 chunk_step=0] delta_max_rad=0.118393 delta_max_deg=6.7834 joint=right_thumb_IP joint_index=21 from_rad=0.662645 to_rad=0.781038
[action 000115 chunk_step=0] raw=[-0.2192,1.3326] sent=[-0.2192,1.3326] limit_clips=0 step_clips=0 tracking_max=nan
[cmd 000116 kind=policy chunk=0057 chunk_step=1] delta_max_rad=0.116536 delta_max_deg=6.6770 joint=right_ring_PIP joint_index=15 from_rad=0.979655 to_rad=0.863119
[action 000116 chunk_step=1] raw=[-0.1901,1.2416] sent=[-0.1901,1.2416] limit_clips=0 step_clips=0 tracking_max=nan
[latency] hand_policy inference_ms=9.412
[chunk 0058] inference=0.009s predicted=(2, 22)
[cmd 000117 kind=policy chunk=0058 chunk_step=0] delta_max_rad=0.119153 delta_max_deg=6.8270 joint=right_index_DIP joint_index=3 from_rad=0.869396 to_rad=0.988549
[action 000117 chunk_step=0] raw=[-0.2674,1.1520] sent=[-0.2674,1.1520] limit_clips=0 step_clips=0 tracking_max=nan
[cmd 000118 kind=policy chunk=0058 chunk_step=1] delta_max_rad=0.099069 delta_max_deg=5.6762 joint=right_ring_PIP joint_index=15 from_rad=0.766662 to_rad=0.667593
[action 000118 chunk_step=1] raw=[-0.3404,1.1260] sent=[-0.3404,1.1260] limit_clips=0 step_clips=0 tracking_max=nan
[latency] hand_policy inference_ms=8.664
[chunk 0059] inference=0.009s predicted=(2, 22)
[cmd 000119 kind=policy chunk=0059 chunk_step=0] delta_max_rad=0.115185 delta_max_deg=6.5996 joint=right_thumb_IP joint_index=21 from_rad=0.547148 to_rad=0.431964
[action 000119 chunk_step=0] raw=[-0.3491,1.1690] sent=[-0.3491,1.1690] limit_clips=0 step_clips=0 tracking_max=nan
[cmd 000120 kind=policy chunk=0059 chunk_step=1] delta_max_rad=0.104699 delta_max_deg=5.9988 joint=right_middle_MCP_FE joint_index=4 from_rad=0.474504 to_rad=0.579203
[action 000120 chunk_step=1] raw=[-0.3491,1.2622] sent=[-0.3491,1.2622] limit_clips=0 step_clips=0 tracking_max=nan
[latency] hand_policy inference_ms=10.183
[chunk 0060] inference=0.010s predicted=(2, 22)
[cmd 000121 kind=policy chunk=0060 chunk_step=0] delta_max_rad=0.115941 delta_max_deg=6.6429 joint=right_index_PIP joint_index=2 from_rad=0.653064 to_rad=0.769004
[action 000121 chunk_step=0] raw=[-0.3454,1.3209] sent=[-0.3454,1.3209] limit_clips=0 step_clips=0 tracking_max=nan
[cmd 000122 kind=policy chunk=0060 chunk_step=1] delta_max_rad=0.123028 delta_max_deg=7.0490 joint=right_ring_MCP_FE joint_index=13 from_rad=0.557261 to_rad=0.680289
[action 000122 chunk_step=1] raw=[-0.3470,1.3585] sent=[-0.3470,1.3585] limit_clips=0 step_clips=0 tracking_max=nan
[latency] hand_policy inference_ms=8.497
[chunk 0061] inference=0.008s predicted=(2, 22)
[cmd 000123 kind=policy chunk=0061 chunk_step=0] delta_max_rad=0.112488 delta_max_deg=6.4451 joint=right_thumb_MCP_FE joint_index=19 from_rad=0.136150 to_rad=0.248639
[action 000123 chunk_step=0] raw=[-0.3447,1.3559] sent=[-0.3447,1.3559] limit_clips=0 step_clips=0 tracking_max=nan
[cmd 000124 kind=policy chunk=0061 chunk_step=1] delta_max_rad=0.099288 delta_max_deg=5.6888 joint=right_ring_DIP joint_index=16 from_rad=0.775427 to_rad=0.874715
[action 000124 chunk_step=1] raw=[-0.3438,1.3142] sent=[-0.3438,1.3142] limit_clips=0 step_clips=0 tracking_max=nan
[latency] hand_policy inference_ms=8.813
[chunk 0062] inference=0.009s predicted=(2, 22)
[cmd 000125 kind=policy chunk=0062 chunk_step=0] delta_max_rad=0.103800 delta_max_deg=5.9473 joint=right_pinky_DIP joint_index=12 from_rad=0.999473 to_rad=0.895672
[action 000125 chunk_step=0] raw=[-0.3446,1.2545] sent=[-0.3446,1.2545] limit_clips=0 step_clips=0 tracking_max=nan
[cmd 000126 kind=policy chunk=0062 chunk_step=1] delta_max_rad=0.099455 delta_max_deg=5.6983 joint=right_ring_DIP joint_index=16 from_rad=0.974394 to_rad=1.073849
[action 000126 chunk_step=1] raw=[-0.3457,1.2233] sent=[-0.3457,1.2233] limit_clips=0 step_clips=0 tracking_max=nan
[latency] hand_policy inference_ms=9.778
[chunk 0063] inference=0.010s predicted=(2, 22)
[cmd 000127 kind=policy chunk=0063 chunk_step=0] delta_max_rad=0.099727 delta_max_deg=5.7140 joint=right_index_PIP joint_index=2 from_rad=0.459061 to_rad=0.359334
[action 000127 chunk_step=0] raw=[-0.3481,1.1823] sent=[-0.3481,1.1823] limit_clips=0 step_clips=0 tracking_max=nan
[cmd 000128 kind=policy chunk=0063 chunk_step=1] delta_max_rad=0.099269 delta_max_deg=5.6877 joint=right_index_PIP joint_index=2 from_rad=0.359334 to_rad=0.260064
[action 000128 chunk_step=1] raw=[-0.3448,1.2413] sent=[-0.3448,1.2413] limit_clips=0 step_clips=0 tracking_max=nan
[latency] hand_policy inference_ms=8.573
[chunk 0064] inference=0.009s predicted=(2, 22)
[cmd 000129 kind=policy chunk=0064 chunk_step=0] delta_max_rad=0.105167 delta_max_deg=6.0256 joint=right_index_PIP joint_index=2 from_rad=0.260064 to_rad=0.154898
[action 000129 chunk_step=0] raw=[-0.3480,1.3162] sent=[-0.3480,1.3162] limit_clips=0 step_clips=0 tracking_max=nan
[cmd 000130 kind=policy chunk=0064 chunk_step=1] delta_max_rad=0.092793 delta_max_deg=5.3167 joint=right_ring_MCP_FE joint_index=13 from_rad=0.267014 to_rad=0.174221
[action 000130 chunk_step=1] raw=[-0.3417,1.3659] sent=[-0.3417,1.3659] limit_clips=0 step_clips=0 tracking_max=nan
[latency] hand_policy inference_ms=8.780
[chunk 0065] inference=0.009s predicted=(2, 22)
[cmd 000131 kind=policy chunk=0065 chunk_step=0] delta_max_rad=0.099368 delta_max_deg=5.6934 joint=right_index_DIP joint_index=3 from_rad=0.824099 to_rad=0.923467
[action 000131 chunk_step=0] raw=[-0.3410,1.3858] sent=[-0.3410,1.3858] limit_clips=0 step_clips=0 tracking_max=nan
[cmd 000132 kind=policy chunk=0065 chunk_step=1] delta_max_rad=0.099477 delta_max_deg=5.6996 joint=right_ring_PIP joint_index=15 from_rad=1.028081 to_rad=0.928605
[action 000132 chunk_step=1] raw=[-0.3447,1.3141] sent=[-0.3447,1.3141] limit_clips=0 step_clips=0 tracking_max=nan
[latency] hand_policy inference_ms=9.833
[chunk 0066] inference=0.010s predicted=(2, 22)
[cmd 000133 kind=policy chunk=0066 chunk_step=0] delta_max_rad=0.098237 delta_max_deg=5.6286 joint=right_index_DIP joint_index=3 from_rad=1.002937 to_rad=1.101174
[action 000133 chunk_step=0] raw=[-0.3491,1.2257] sent=[-0.3491,1.2257] limit_clips=0 step_clips=0 tracking_max=nan
[cmd 000134 kind=policy chunk=0066 chunk_step=1] delta_max_rad=0.109115 delta_max_deg=6.2518 joint=right_pinky_PIP joint_index=11 from_rad=0.350798 to_rad=0.459912
[action 000134 chunk_step=1] raw=[-0.3479,1.1874] sent=[-0.3479,1.1874] limit_clips=0 step_clips=0 tracking_max=nan
[latency] hand_policy inference_ms=8.515
[chunk 0067] inference=0.009s predicted=(2, 22)
[cmd 000135 kind=policy chunk=0067 chunk_step=0] delta_max_rad=0.097318 delta_max_deg=5.5759 joint=right_ring_MCP_FE joint_index=13 from_rad=0.262309 to_rad=0.359627
[action 000135 chunk_step=0] raw=[-0.3491,1.2732] sent=[-0.3491,1.2732] limit_clips=0 step_clips=0 tracking_max=nan
[cmd 000136 kind=policy chunk=0067 chunk_step=1] delta_max_rad=0.102731 delta_max_deg=5.8861 joint=right_ring_MCP_FE joint_index=13 from_rad=0.359627 to_rad=0.462358
[action 000136 chunk_step=1] raw=[-0.3482,1.3543] sent=[-0.3482,1.3543] limit_clips=0 step_clips=0 tracking_max=nan
[latency] hand_policy inference_ms=8.984
[chunk 0068] inference=0.009s predicted=(2, 22)
[cmd 000137 kind=policy chunk=0068 chunk_step=0] delta_max_rad=0.107753 delta_max_deg=6.1738 joint=right_index_PIP joint_index=2 from_rad=0.566620 to_rad=0.674373
[action 000137 chunk_step=0] raw=[-0.3472,1.3929] sent=[-0.3472,1.3929] limit_clips=0 step_clips=0 tracking_max=nan
[cmd 000138 kind=policy chunk=0068 chunk_step=1] delta_max_rad=0.111530 delta_max_deg=6.3902 joint=right_ring_MCP_FE joint_index=13 from_rad=0.555882 to_rad=0.667412
[action 000138 chunk_step=1] raw=[-0.3479,1.3870] sent=[-0.3479,1.3870] limit_clips=0 step_clips=0 tracking_max=nan
[latency] hand_policy inference_ms=9.386
[chunk 0069] inference=0.009s predicted=(2, 22)
[cmd 000139 kind=policy chunk=0069 chunk_step=0] delta_max_rad=0.110321 delta_max_deg=6.3209 joint=right_middle_PIP joint_index=6 from_rad=0.525698 to_rad=0.636019
[action 000139 chunk_step=0] raw=[-0.3458,1.3323] sent=[-0.3458,1.3323] limit_clips=0 step_clips=0 tracking_max=nan
[cmd 000140 kind=policy chunk=0069 chunk_step=1] delta_max_rad=0.102203 delta_max_deg=5.8558 joint=right_ring_DIP joint_index=16 from_rad=0.773863 to_rad=0.876066
[action 000140 chunk_step=1] raw=[-0.3466,1.3211] sent=[-0.3466,1.3211] limit_clips=0 step_clips=0 tracking_max=nan
[latency] hand_policy inference_ms=8.290
[chunk 0070] inference=0.008s predicted=(2, 22)
[cmd 000141 kind=policy chunk=0070 chunk_step=0] delta_max_rad=0.092814 delta_max_deg=5.3179 joint=right_ring_MCP_FE joint_index=13 from_rad=0.698023 to_rad=0.605209
[action 000141 chunk_step=0] raw=[-0.3465,1.2742] sent=[-0.3465,1.2742] limit_clips=0 step_clips=0 tracking_max=nan
[cmd 000142 kind=policy chunk=0070 chunk_step=1] delta_max_rad=0.104352 delta_max_deg=5.9789 joint=right_index_DIP joint_index=3 from_rad=1.114519 to_rad=1.010167
[action 000142 chunk_step=1] raw=[-0.3479,1.3362] sent=[-0.3479,1.3362] limit_clips=0 step_clips=0 tracking_max=nan
[latency] hand_policy inference_ms=10.072
[chunk 0071] inference=0.010s predicted=(2, 22)
[cmd 000143 kind=policy chunk=0071 chunk_step=0] delta_max_rad=0.099670 delta_max_deg=5.7106 joint=right_ring_MCP_FE joint_index=13 from_rad=0.512734 to_rad=0.413065
[action 000143 chunk_step=0] raw=[-0.3467,1.3657] sent=[-0.3467,1.3657] limit_clips=0 step_clips=0 tracking_max=nan
[cmd 000144 kind=policy chunk=0071 chunk_step=1] delta_max_rad=0.101180 delta_max_deg=5.7972 joint=right_ring_MCP_FE joint_index=13 from_rad=0.413065 to_rad=0.311885
[action 000144 chunk_step=1] raw=[-0.3428,1.3585] sent=[-0.3428,1.3585] limit_clips=0 step_clips=0 tracking_max=nan
[latency] hand_policy inference_ms=9.458
[chunk 0072] inference=0.009s predicted=(2, 22)
[cmd 000145 kind=policy chunk=0072 chunk_step=0] delta_max_rad=0.113054 delta_max_deg=6.4775 joint=right_ring_MCP_FE joint_index=13 from_rad=0.311885 to_rad=0.198831
[action 000145 chunk_step=0] raw=[-0.3491,1.3738] sent=[-0.3491,1.3738] limit_clips=0 step_clips=0 tracking_max=nan
[cmd 000146 kind=policy chunk=0072 chunk_step=1] delta_max_rad=0.111674 delta_max_deg=6.3985 joint=right_pinky_PIP joint_index=11 from_rad=0.210331 to_rad=0.098657
[action 000146 chunk_step=1] raw=[-0.3473,1.3963] sent=[-0.3473,1.3963] limit_clips=0 step_clips=0 tracking_max=nan
[latency] hand_policy inference_ms=8.695
[chunk 0073] inference=0.009s predicted=(2, 22)
[cmd 000147 kind=policy chunk=0073 chunk_step=0] delta_max_rad=0.093165 delta_max_deg=5.3379 joint=right_pinky_MCP_AA joint_index=10 from_rad=0.295572 to_rad=0.202407
[action 000147 chunk_step=0] raw=[-0.3488,1.3963] sent=[-0.3488,1.3963] limit_clips=0 step_clips=0 tracking_max=nan
[cmd 000148 kind=policy chunk=0073 chunk_step=1] delta_max_rad=0.116624 delta_max_deg=6.6820 joint=right_ring_PIP joint_index=15 from_rad=0.930589 to_rad=0.813965
[action 000148 chunk_step=1] raw=[-0.3486,1.3730] sent=[-0.3486,1.3730] limit_clips=0 step_clips=0 tracking_max=nan
[latency] hand_policy inference_ms=10.316
[chunk 0074] inference=0.010s predicted=(2, 22)
[cmd 000149 kind=policy chunk=0074 chunk_step=0] delta_max_rad=0.103963 delta_max_deg=5.9567 joint=right_index_PIP joint_index=2 from_rad=0.263924 to_rad=0.367887
[action 000149 chunk_step=0] raw=[-0.3484,1.3644] sent=[-0.3484,1.3644] limit_clips=0 step_clips=0 tracking_max=nan
[cmd 000150 kind=policy chunk=0074 chunk_step=1] delta_max_rad=0.097549 delta_max_deg=5.5892 joint=right_index_DIP joint_index=3 from_rad=1.130188 to_rad=1.227737
[action 000150 chunk_step=1] raw=[-0.3476,1.3685] sent=[-0.3476,1.3685] limit_clips=0 step_clips=0 tracking_max=nan
[latency] hand_policy inference_ms=8.561
[chunk 0075] inference=0.009s predicted=(2, 22)
[cmd 000151 kind=policy chunk=0075 chunk_step=0] delta_max_rad=0.099402 delta_max_deg=5.6953 joint=right_index_PIP joint_index=2 from_rad=0.462935 to_rad=0.562337
[action 000151 chunk_step=0] raw=[-0.3477,1.3479] sent=[-0.3477,1.3479] limit_clips=0 step_clips=0 tracking_max=nan
[cmd 000152 kind=policy chunk=0075 chunk_step=1] delta_max_rad=0.129380 delta_max_deg=7.4129 joint=right_pinky_PIP joint_index=11 from_rad=0.417351 to_rad=0.546730
[action 000152 chunk_step=1] raw=[-0.3484,1.3712] sent=[-0.3484,1.3712] limit_clips=0 step_clips=0 tracking_max=nan
[latency] hand_policy inference_ms=8.809
[chunk 0076] inference=0.009s predicted=(2, 22)
[cmd 000153 kind=policy chunk=0076 chunk_step=0] delta_max_rad=0.113684 delta_max_deg=6.5136 joint=right_ring_MCP_FE joint_index=13 from_rad=0.551239 to_rad=0.664923
[action 000153 chunk_step=0] raw=[-0.3464,1.3649] sent=[-0.3464,1.3649] limit_clips=0 step_clips=0 tracking_max=nan
[cmd 000154 kind=policy chunk=0076 chunk_step=1] delta_max_rad=0.108093 delta_max_deg=6.1933 joint=right_pinky_MCP_AA joint_index=10 from_rad=0.188072 to_rad=0.296165
[action 000154 chunk_step=1] raw=[-0.3448,1.3890] sent=[-0.3448,1.3890] limit_clips=0 step_clips=0 tracking_max=nan
[latency] hand_policy inference_ms=10.075
[chunk 0077] inference=0.010s predicted=(2, 22)
[cmd 000155 kind=policy chunk=0077 chunk_step=0] delta_max_rad=0.109705 delta_max_deg=6.2856 joint=right_ring_DIP joint_index=16 from_rad=0.887959 to_rad=0.997664
[action 000155 chunk_step=0] raw=[-0.3434,1.3799] sent=[-0.3434,1.3799] limit_clips=0 step_clips=0 tracking_max=nan
[cmd 000156 kind=policy chunk=0077 chunk_step=1] delta_max_rad=0.102095 delta_max_deg=5.8496 joint=right_ring_MCP_FE joint_index=13 from_rad=0.596650 to_rad=0.494554
[action 000156 chunk_step=1] raw=[-0.3429,1.3921] sent=[-0.3429,1.3921] limit_clips=0 step_clips=0 tracking_max=nan
[latency] hand_policy inference_ms=8.575
[chunk 0078] inference=0.009s predicted=(2, 22)
[cmd 000157 kind=policy chunk=0078 chunk_step=0] delta_max_rad=0.095682 delta_max_deg=5.4822 joint=right_index_DIP joint_index=3 from_rad=1.017646 to_rad=0.921964
[action 000157 chunk_step=0] raw=[-0.3487,1.3886] sent=[-0.3487,1.3886] limit_clips=0 step_clips=0 tracking_max=nan
[cmd 000158 kind=policy chunk=0078 chunk_step=1] delta_max_rad=0.105801 delta_max_deg=6.0619 joint=right_index_PIP joint_index=2 from_rad=0.217083 to_rad=0.111282
[action 000158 chunk_step=1] raw=[-0.3418,1.3940] sent=[-0.3418,1.3940] limit_clips=0 step_clips=0 tracking_max=nan
[latency] hand_policy inference_ms=9.020
[chunk 0079] inference=0.009s predicted=(2, 22)
[cmd 000159 kind=policy chunk=0079 chunk_step=0] delta_max_rad=0.099263 delta_max_deg=5.6873 joint=right_ring_MCP_FE joint_index=13 from_rad=0.311865 to_rad=0.212603
[action 000159 chunk_step=0] raw=[-0.3491,1.3963] sent=[-0.3491,1.3963] limit_clips=0 step_clips=0 tracking_max=nan
[cmd 000160 kind=policy chunk=0079 chunk_step=1] delta_max_rad=0.100336 delta_max_deg=5.7488 joint=right_thumb_IP joint_index=21 from_rad=0.621845 to_rad=0.722180
[action 000160 chunk_step=1] raw=[-0.3240,1.3945] sent=[-0.3240,1.3945] limit_clips=0 step_clips=0 tracking_max=nan
[latency] hand_policy inference_ms=9.860
[chunk 0080] inference=0.010s predicted=(2, 22)
[cmd 000161 kind=policy chunk=0080 chunk_step=0] delta_max_rad=0.104526 delta_max_deg=5.9889 joint=right_pinky_DIP joint_index=12 from_rad=0.812577 to_rad=0.708052
[action 000161 chunk_step=0] raw=[-0.3397,1.3963] sent=[-0.3397,1.3963] limit_clips=0 step_clips=0 tracking_max=nan
[cmd 000162 kind=policy chunk=0080 chunk_step=1] delta_max_rad=0.095675 delta_max_deg=5.4818 joint=right_middle_PIP joint_index=6 from_rad=0.556793 to_rad=0.461118
[action 000162 chunk_step=1] raw=[-0.3401,1.3449] sent=[-0.3401,1.3449] limit_clips=0 step_clips=0 tracking_max=nan
[latency] hand_policy inference_ms=8.551
[chunk 0081] inference=0.009s predicted=(2, 22)
[cmd 000163 kind=policy chunk=0081 chunk_step=0] delta_max_rad=0.095992 delta_max_deg=5.5000 joint=right_ring_PIP joint_index=15 from_rad=1.017652 to_rad=0.921659
[action 000163 chunk_step=0] raw=[-0.3487,1.2512] sent=[-0.3487,1.2512] limit_clips=0 step_clips=0 tracking_max=nan
[cmd 000164 kind=policy chunk=0081 chunk_step=1] delta_max_rad=0.115345 delta_max_deg=6.6088 joint=right_pinky_PIP joint_index=11 from_rad=0.136827 to_rad=0.252172
[action 000164 chunk_step=1] raw=[-0.3491,1.1832] sent=[-0.3491,1.1832] limit_clips=0 step_clips=0 tracking_max=nan
[latency] hand_policy inference_ms=8.909
[chunk 0082] inference=0.009s predicted=(2, 22)
[cmd 000165 kind=policy chunk=0082 chunk_step=0] delta_max_rad=0.095936 delta_max_deg=5.4967 joint=right_ring_DIP joint_index=16 from_rad=1.159709 to_rad=1.063774
[action 000165 chunk_step=0] raw=[-0.3471,1.2792] sent=[-0.3471,1.2792] limit_clips=0 step_clips=0 tracking_max=nan
[cmd 000166 kind=policy chunk=0082 chunk_step=1] delta_max_rad=0.100443 delta_max_deg=5.7550 joint=right_ring_PIP joint_index=15 from_rad=0.750752 to_rad=0.650309
[action 000166 chunk_step=1] raw=[-0.3482,1.3651] sent=[-0.3482,1.3651] limit_clips=0 step_clips=0 tracking_max=nan
[latency] hand_policy inference_ms=9.776
[chunk 0083] inference=0.010s predicted=(2, 22)
[cmd 000167 kind=policy chunk=0083 chunk_step=0] delta_max_rad=0.111992 delta_max_deg=6.4167 joint=right_pinky_DIP joint_index=12 from_rad=0.974319 to_rad=1.086312
[action 000167 chunk_step=0] raw=[-0.3475,1.3963] sent=[-0.3475,1.3963] limit_clips=0 step_clips=0 tracking_max=nan
[cmd 000168 kind=policy chunk=0083 chunk_step=1] delta_max_rad=0.119328 delta_max_deg=6.8370 joint=right_ring_MCP_FE joint_index=13 from_rad=0.407222 to_rad=0.526550
[action 000168 chunk_step=1] raw=[-0.3491,1.3875] sent=[-0.3491,1.3875] limit_clips=0 step_clips=0 tracking_max=nan
[latency] hand_policy inference_ms=8.530
[chunk 0084] inference=0.009s predicted=(2, 22)
[cmd 000169 kind=policy chunk=0084 chunk_step=0] delta_max_rad=0.116226 delta_max_deg=6.6593 joint=right_ring_MCP_FE joint_index=13 from_rad=0.526550 to_rad=0.642776
[action 000169 chunk_step=0] raw=[-0.3471,1.3920] sent=[-0.3471,1.3920] limit_clips=0 step_clips=0 tracking_max=nan
[cmd 000170 kind=policy chunk=0084 chunk_step=1] delta_max_rad=0.123039 delta_max_deg=7.0496 joint=right_pinky_MCP_AA joint_index=10 from_rad=0.144435 to_rad=0.267474
[action 000170 chunk_step=1] raw=[-0.3460,1.2841] sent=[-0.3460,1.2841] limit_clips=0 step_clips=0 tracking_max=nan
[latency] hand_policy inference_ms=8.979
[chunk 0085] inference=0.009s predicted=(2, 22)
[cmd 000171 kind=policy chunk=0085 chunk_step=0] delta_max_rad=0.099684 delta_max_deg=5.7114 joint=right_middle_MCP_FE joint_index=4 from_rad=0.694018 to_rad=0.594334
[action 000171 chunk_step=0] raw=[-0.3477,1.2546] sent=[-0.3477,1.2546] limit_clips=0 step_clips=0 tracking_max=nan
[cmd 000172 kind=policy chunk=0085 chunk_step=1] delta_max_rad=0.103934 delta_max_deg=5.9550 joint=right_ring_MCP_FE joint_index=13 from_rad=0.606061 to_rad=0.502128
[action 000172 chunk_step=1] raw=[-0.3470,1.2558] sent=[-0.3470,1.2558] limit_clips=0 step_clips=0 tracking_max=nan
[latency] hand_policy inference_ms=9.496
[chunk 0086] inference=0.009s predicted=(2, 22)
[cmd 000173 kind=policy chunk=0086 chunk_step=0] delta_max_rad=0.102961 delta_max_deg=5.8992 joint=right_ring_MCP_FE joint_index=13 from_rad=0.502128 to_rad=0.399166
[action 000173 chunk_step=0] raw=[-0.3464,1.2503] sent=[-0.3464,1.2503] limit_clips=0 step_clips=0 tracking_max=nan
[cmd 000174 kind=policy chunk=0086 chunk_step=1] delta_max_rad=0.110975 delta_max_deg=6.3584 joint=right_pinky_PIP joint_index=11 from_rad=0.443736 to_rad=0.332761
[action 000174 chunk_step=1] raw=[-0.3460,1.2873] sent=[-0.3460,1.2873] limit_clips=0 step_clips=0 tracking_max=nan
[latency] hand_policy inference_ms=8.565
[chunk 0087] inference=0.009s predicted=(2, 22)
[cmd 000175 kind=policy chunk=0087 chunk_step=0] delta_max_rad=0.113544 delta_max_deg=6.5056 joint=right_pinky_DIP joint_index=12 from_rad=0.909518 to_rad=0.795973
[action 000175 chunk_step=0] raw=[-0.3489,1.3449] sent=[-0.3489,1.3449] limit_clips=0 step_clips=0 tracking_max=nan
[cmd 000176 kind=policy chunk=0087 chunk_step=1] delta_max_rad=0.103503 delta_max_deg=5.9303 joint=right_ring_MCP_FE joint_index=13 from_rad=0.187097 to_rad=0.083594
[action 000176 chunk_step=1] raw=[-0.3468,1.3684] sent=[-0.3468,1.3684] limit_clips=0 step_clips=0 tracking_max=nan
[latency] hand_policy inference_ms=10.232
[chunk 0088] inference=0.010s predicted=(2, 22)
[cmd 000177 kind=policy chunk=0088 chunk_step=0] delta_max_rad=0.106526 delta_max_deg=6.1035 joint=right_pinky_DIP joint_index=12 from_rad=0.692506 to_rad=0.585979
[action 000177 chunk_step=0] raw=[-0.3478,1.3310] sent=[-0.3478,1.3310] limit_clips=0 step_clips=0 tracking_max=nan
[cmd 000178 kind=policy chunk=0088 chunk_step=1] delta_max_rad=0.104585 delta_max_deg=5.9923 joint=right_thumb_IP joint_index=21 from_rad=0.734968 to_rad=0.630384
[action 000178 chunk_step=1] raw=[-0.3485,1.2400] sent=[-0.3485,1.2400] limit_clips=0 step_clips=0 tracking_max=nan
[latency] hand_policy inference_ms=9.543
[chunk 0089] inference=0.010s predicted=(2, 22)
[cmd 000179 kind=policy chunk=0089 chunk_step=0] delta_max_rad=0.109636 delta_max_deg=6.2817 joint=right_index_PIP joint_index=2 from_rad=0.322963 to_rad=0.432599
[action 000179 chunk_step=0] raw=[-0.3491,1.2484] sent=[-0.3491,1.2484] limit_clips=0 step_clips=0 tracking_max=nan
[cmd 000180 kind=policy chunk=0089 chunk_step=1] delta_max_rad=0.107889 delta_max_deg=6.1816 joint=right_pinky_PIP joint_index=11 from_rad=0.348397 to_rad=0.456286
[action 000180 chunk_step=1] raw=[-0.3483,1.3411] sent=[-0.3483,1.3411] limit_clips=0 step_clips=0 tracking_max=nan
[latency] hand_policy inference_ms=8.925
[chunk 0090] inference=0.009s predicted=(2, 22)
[cmd 000181 kind=policy chunk=0090 chunk_step=0] delta_max_rad=0.101555 delta_max_deg=5.8187 joint=right_pinky_DIP joint_index=12 from_rad=0.801740 to_rad=0.903295
[action 000181 chunk_step=0] raw=[-0.3484,1.3958] sent=[-0.3484,1.3958] limit_clips=0 step_clips=0 tracking_max=nan
[cmd 000182 kind=policy chunk=0090 chunk_step=1] delta_max_rad=0.106378 delta_max_deg=6.0950 joint=right_ring_MCP_FE joint_index=13 from_rad=0.441942 to_rad=0.548320
[action 000182 chunk_step=1] raw=[-0.3491,1.3870] sent=[-0.3491,1.3870] limit_clips=0 step_clips=0 tracking_max=nan
[latency] hand_policy inference_ms=9.852
[chunk 0091] inference=0.010s predicted=(2, 22)
[cmd 000183 kind=policy chunk=0091 chunk_step=0] delta_max_rad=0.115783 delta_max_deg=6.6339 joint=right_middle_PIP joint_index=6 from_rad=0.426837 to_rad=0.542619
[action 000183 chunk_step=0] raw=[-0.3398,1.3327] sent=[-0.3398,1.3327] limit_clips=0 step_clips=0 tracking_max=nan
[cmd 000184 kind=policy chunk=0091 chunk_step=1] delta_max_rad=0.105834 delta_max_deg=6.0638 joint=right_ring_DIP joint_index=16 from_rad=0.793962 to_rad=0.899796
[action 000184 chunk_step=1] raw=[-0.3489,1.3091] sent=[-0.3489,1.3091] limit_clips=0 step_clips=0 tracking_max=nan
[latency] hand_policy inference_ms=9.529
[chunk 0092] inference=0.010s predicted=(2, 22)
[cmd 000185 kind=policy chunk=0092 chunk_step=0] delta_max_rad=0.100412 delta_max_deg=5.7532 joint=right_pinky_PIP joint_index=11 from_rad=0.622233 to_rad=0.521821
[action 000185 chunk_step=0] raw=[-0.3468,1.2915] sent=[-0.3468,1.2915] limit_clips=0 step_clips=0 tracking_max=nan
[cmd 000186 kind=policy chunk=0092 chunk_step=1] delta_max_rad=0.100939 delta_max_deg=5.7834 joint=right_index_DIP joint_index=3 from_rad=1.146160 to_rad=1.045221
[action 000186 chunk_step=1] raw=[-0.3486,1.3002] sent=[-0.3486,1.3002] limit_clips=0 step_clips=0 tracking_max=nan
[latency] hand_policy inference_ms=8.576
[chunk 0093] inference=0.009s predicted=(2, 22)
[cmd 000187 kind=policy chunk=0093 chunk_step=0] delta_max_rad=0.117132 delta_max_deg=6.7112 joint=right_pinky_PIP joint_index=11 from_rad=0.429957 to_rad=0.312825
[action 000187 chunk_step=0] raw=[-0.3471,1.3417] sent=[-0.3471,1.3417] limit_clips=0 step_clips=0 tracking_max=nan
[cmd 000188 kind=policy chunk=0093 chunk_step=1] delta_max_rad=0.098223 delta_max_deg=5.6277 joint=right_ring_DIP joint_index=16 from_rad=1.155059 to_rad=1.253282
[action 000188 chunk_step=1] raw=[-0.3446,1.3614] sent=[-0.3446,1.3614] limit_clips=0 step_clips=0 tracking_max=nan
[latency] hand_policy inference_ms=10.673
[chunk 0094] inference=0.011s predicted=(2, 22)
[cmd 000189 kind=policy chunk=0094 chunk_step=0] delta_max_rad=0.117718 delta_max_deg=6.7447 joint=right_pinky_PIP joint_index=11 from_rad=0.222382 to_rad=0.104664
[action 000189 chunk_step=0] raw=[-0.3491,1.3657] sent=[-0.3491,1.3657] limit_clips=0 step_clips=0 tracking_max=nan
[cmd 000190 kind=policy chunk=0094 chunk_step=1] delta_max_rad=0.119568 delta_max_deg=6.8507 joint=right_pinky_DIP joint_index=12 from_rad=0.614863 to_rad=0.495295
[action 000190 chunk_step=1] raw=[-0.3465,1.3881] sent=[-0.3465,1.3881] limit_clips=0 step_clips=0 tracking_max=nan
[latency] hand_policy inference_ms=9.898
[chunk 0095] inference=0.010s predicted=(2, 22)
[cmd 000191 kind=policy chunk=0095 chunk_step=0] delta_max_rad=0.095798 delta_max_deg=5.4888 joint=right_middle_PIP joint_index=6 from_rad=0.456160 to_rad=0.360362
[action 000191 chunk_step=0] raw=[-0.3473,1.3781] sent=[-0.3473,1.3781] limit_clips=0 step_clips=0 tracking_max=nan
[cmd 000192 kind=policy chunk=0095 chunk_step=1] delta_max_rad=0.112359 delta_max_deg=6.4377 joint=right_middle_DIP joint_index=7 from_rad=1.299960 to_rad=1.187601
[action 000192 chunk_step=1] raw=[-0.3483,1.2960] sent=[-0.3483,1.2960] limit_clips=0 step_clips=0 tracking_max=nan
[latency] hand_policy inference_ms=8.793
[chunk 0096] inference=0.009s predicted=(2, 22)
[cmd 000193 kind=policy chunk=0096 chunk_step=0] delta_max_rad=0.104227 delta_max_deg=5.9718 joint=right_pinky_PIP joint_index=11 from_rad=0.102834 to_rad=0.207061
[action 000193 chunk_step=0] raw=[-0.3470,1.2031] sent=[-0.3470,1.2031] limit_clips=0 step_clips=0 tracking_max=nan
[cmd 000194 kind=policy chunk=0096 chunk_step=1] delta_max_rad=0.100188 delta_max_deg=5.7404 joint=right_index_DIP joint_index=3 from_rad=1.188339 to_rad=1.288528
[action 000194 chunk_step=1] raw=[-0.3447,1.2885] sent=[-0.3447,1.2885] limit_clips=0 step_clips=0 tracking_max=nan
[latency] hand_policy inference_ms=10.214
[chunk 0097] inference=0.010s predicted=(2, 22)
[cmd 000195 kind=policy chunk=0097 chunk_step=0] delta_max_rad=0.107524 delta_max_deg=6.1606 joint=right_middle_MCP_FE joint_index=4 from_rad=0.477067 to_rad=0.584590
[action 000195 chunk_step=0] raw=[-0.3491,1.3740] sent=[-0.3491,1.3740] limit_clips=0 step_clips=0 tracking_max=nan
[cmd 000196 kind=policy chunk=0097 chunk_step=1] delta_max_rad=0.116227 delta_max_deg=6.6593 joint=right_thumb_IP joint_index=21 from_rad=0.302926 to_rad=0.186699
[action 000196 chunk_step=1] raw=[-0.3490,1.3934] sent=[-0.3490,1.3934] limit_clips=0 step_clips=0 tracking_max=nan
[latency] hand_policy inference_ms=9.940
[chunk 0098] inference=0.010s predicted=(2, 22)
[cmd 000197 kind=policy chunk=0098 chunk_step=0] delta_max_rad=0.109389 delta_max_deg=6.2675 joint=right_ring_MCP_FE joint_index=13 from_rad=0.491694 to_rad=0.601083
[action 000197 chunk_step=0] raw=[-0.3485,1.3894] sent=[-0.3485,1.3894] limit_clips=0 step_clips=0 tracking_max=nan
[cmd 000198 kind=policy chunk=0098 chunk_step=1] delta_max_rad=0.114922 delta_max_deg=6.5846 joint=right_middle_DIP joint_index=7 from_rad=0.982688 to_rad=1.097610
[action 000198 chunk_step=1] raw=[-0.3491,1.3193] sent=[-0.3491,1.3193] limit_clips=0 step_clips=0 tracking_max=nan
[latency] hand_policy inference_ms=8.591
[chunk 0099] inference=0.009s predicted=(2, 22)
[cmd 000199 kind=policy chunk=0099 chunk_step=0] delta_max_rad=0.096815 delta_max_deg=5.5471 joint=right_ring_DIP joint_index=16 from_rad=0.828217 to_rad=0.925032
[action 000199 chunk_step=0] raw=[-0.3468,1.3295] sent=[-0.3468,1.3295] limit_clips=0 step_clips=0 tracking_max=nan
[cmd 000200 kind=policy chunk=0099 chunk_step=1] delta_max_rad=0.105237 delta_max_deg=6.0296 joint=right_ring_DIP joint_index=16 from_rad=0.925032 to_rad=1.030269
[action 000200 chunk_step=1] raw=[-0.3462,1.3274] sent=[-0.3462,1.3274] limit_clips=0 step_clips=0 tracking_max=nan
[latency] hand_policy inference_ms=10.255
[chunk 0100] inference=0.010s predicted=(2, 22)
[cmd 000201 kind=policy chunk=0100 chunk_step=0] delta_max_rad=0.104027 delta_max_deg=5.9603 joint=right_ring_MCP_FE joint_index=13 from_rad=0.593882 to_rad=0.489855
[action 000201 chunk_step=0] raw=[-0.3441,1.3542] sent=[-0.3441,1.3542] limit_clips=0 step_clips=0 tracking_max=nan
[cmd 000202 kind=policy chunk=0100 chunk_step=1] delta_max_rad=0.101657 delta_max_deg=5.8245 joint=right_index_PIP joint_index=2 from_rad=0.346624 to_rad=0.244966
[action 000202 chunk_step=1] raw=[-0.3421,1.3852] sent=[-0.3421,1.3852] limit_clips=0 step_clips=0 tracking_max=nan
[latency] hand_policy inference_ms=9.654
[chunk 0101] inference=0.010s predicted=(2, 22)
[cmd 000203 kind=policy chunk=0101 chunk_step=0] delta_max_rad=0.103201 delta_max_deg=5.9130 joint=right_thumb_IP joint_index=21 from_rad=0.333625 to_rad=0.436825
[action 000203 chunk_step=0] raw=[-0.3476,1.3847] sent=[-0.3476,1.3847] limit_clips=0 step_clips=0 tracking_max=nan
[cmd 000204 kind=policy chunk=0101 chunk_step=1] delta_max_rad=0.110320 delta_max_deg=6.3209 joint=right_thumb_IP joint_index=21 from_rad=0.436825 to_rad=0.547145
[action 000204 chunk_step=1] raw=[-0.3440,1.3869] sent=[-0.3440,1.3869] limit_clips=0 step_clips=0 tracking_max=nan
[latency] hand_policy inference_ms=8.495
[chunk 0102] inference=0.008s predicted=(2, 22)
[cmd 000205 kind=policy chunk=0102 chunk_step=0] delta_max_rad=0.108570 delta_max_deg=6.2206 joint=right_thumb_IP joint_index=21 from_rad=0.547145 to_rad=0.655715
[action 000205 chunk_step=0] raw=[-0.3462,1.3904] sent=[-0.3462,1.3904] limit_clips=0 step_clips=0 tracking_max=nan
[cmd 000206 kind=policy chunk=0102 chunk_step=1] delta_max_rad=0.088578 delta_max_deg=5.0751 joint=right_index_DIP joint_index=3 from_rad=0.880490 to_rad=0.969067
[action 000206 chunk_step=1] raw=[-0.3386,1.3757] sent=[-0.3386,1.3757] limit_clips=0 step_clips=0 tracking_max=nan
[latency] hand_policy inference_ms=10.513
[chunk 0103] inference=0.011s predicted=(2, 22)
[cmd 000207 kind=policy chunk=0103 chunk_step=0] delta_max_rad=0.111758 delta_max_deg=6.4032 joint=right_thumb_IP joint_index=21 from_rad=0.659465 to_rad=0.547707
[action 000207 chunk_step=0] raw=[-0.3455,1.2816] sent=[-0.3455,1.2816] limit_clips=0 step_clips=0 tracking_max=nan
[cmd 000208 kind=policy chunk=0103 chunk_step=1] delta_max_rad=0.107359 delta_max_deg=6.1512 joint=right_ring_PIP joint_index=15 from_rad=0.764573 to_rad=0.657214
[action 000208 chunk_step=1] raw=[-0.3491,1.2134] sent=[-0.3491,1.2134] limit_clips=0 step_clips=0 tracking_max=nan
[latency] hand_policy inference_ms=9.493
[chunk 0104] inference=0.009s predicted=(2, 22)
[cmd 000209 kind=policy chunk=0104 chunk_step=0] delta_max_rad=0.108879 delta_max_deg=6.2383 joint=right_index_PIP joint_index=2 from_rad=0.381945 to_rad=0.490825
[action 000209 chunk_step=0] raw=[-0.3491,1.2495] sent=[-0.3491,1.2495] limit_clips=0 step_clips=0 tracking_max=nan
[cmd 000210 kind=policy chunk=0104 chunk_step=1] delta_max_rad=0.101009 delta_max_deg=5.7874 joint=right_thumb_IP joint_index=21 from_rad=0.371858 to_rad=0.270849
[action 000210 chunk_step=1] raw=[-0.3475,1.3424] sent=[-0.3475,1.3424] limit_clips=0 step_clips=0 tracking_max=nan
[latency] hand_policy inference_ms=8.745
[chunk 0105] inference=0.009s predicted=(2, 22)
[cmd 000211 kind=policy chunk=0105 chunk_step=0] delta_max_rad=0.105445 delta_max_deg=6.0416 joint=right_thumb_IP joint_index=21 from_rad=0.270849 to_rad=0.165404
[action 000211 chunk_step=0] raw=[-0.3489,1.3963] sent=[-0.3489,1.3963] limit_clips=0 step_clips=0 tracking_max=nan
[cmd 000212 kind=policy chunk=0105 chunk_step=1] delta_max_rad=0.111347 delta_max_deg=6.3797 joint=right_ring_MCP_FE joint_index=13 from_rad=0.494355 to_rad=0.605702
[action 000212 chunk_step=1] raw=[-0.3470,1.3857] sent=[-0.3470,1.3857] limit_clips=0 step_clips=0 tracking_max=nan
[latency] hand_policy inference_ms=10.411
[chunk 0106] inference=0.010s predicted=(2, 22)
[cmd 000213 kind=policy chunk=0106 chunk_step=0] delta_max_rad=0.101896 delta_max_deg=5.8382 joint=right_middle_PIP joint_index=6 from_rad=0.296986 to_rad=0.398883
[action 000213 chunk_step=0] raw=[-0.3480,1.3794] sent=[-0.3480,1.3794] limit_clips=0 step_clips=0 tracking_max=nan
[cmd 000214 kind=policy chunk=0106 chunk_step=1] delta_max_rad=0.104601 delta_max_deg=5.9932 joint=right_pinky_MCP_AA joint_index=10 from_rad=0.142965 to_rad=0.247566
[action 000214 chunk_step=1] raw=[-0.3490,1.3716] sent=[-0.3490,1.3716] limit_clips=0 step_clips=0 tracking_max=nan
[latency] hand_policy inference_ms=8.644
[chunk 0107] inference=0.009s predicted=(2, 22)
[cmd 000215 kind=policy chunk=0107 chunk_step=0] delta_max_rad=0.106357 delta_max_deg=6.0938 joint=right_pinky_MCP_FE joint_index=9 from_rad=0.885602 to_rad=0.991959
[action 000215 chunk_step=0] raw=[-0.3474,1.3647] sent=[-0.3474,1.3647] limit_clips=0 step_clips=0 tracking_max=nan
[cmd 000216 kind=policy chunk=0107 chunk_step=1] delta_max_rad=0.097539 delta_max_deg=5.5886 joint=right_index_DIP joint_index=3 from_rad=1.187521 to_rad=1.089982
[action 000216 chunk_step=1] raw=[-0.3467,1.3663] sent=[-0.3467,1.3663] limit_clips=0 step_clips=0 tracking_max=nan
[latency] hand_policy inference_ms=8.943
[chunk 0108] inference=0.009s predicted=(2, 22)
[cmd 000217 kind=policy chunk=0108 chunk_step=0] delta_max_rad=0.108974 delta_max_deg=6.2437 joint=right_ring_MCP_FE joint_index=13 from_rad=0.545287 to_rad=0.436313
[action 000217 chunk_step=0] raw=[-0.3466,1.3531] sent=[-0.3466,1.3531] limit_clips=0 step_clips=0 tracking_max=nan
[cmd 000218 kind=policy chunk=0108 chunk_step=1] delta_max_rad=0.104708 delta_max_deg=5.9993 joint=right_index_PIP joint_index=2 from_rad=0.401066 to_rad=0.296358
[action 000218 chunk_step=1] raw=[-0.3437,1.3515] sent=[-0.3437,1.3515] limit_clips=0 step_clips=0 tracking_max=nan
[latency] hand_policy inference_ms=9.997
[chunk 0109] inference=0.010s predicted=(2, 22)
[cmd 000219 kind=policy chunk=0109 chunk_step=0] delta_max_rad=0.100973 delta_max_deg=5.7853 joint=right_ring_MCP_FE joint_index=13 from_rad=0.340959 to_rad=0.239986
[action 000219 chunk_step=0] raw=[-0.3483,1.3477] sent=[-0.3483,1.3477] limit_clips=0 step_clips=0 tracking_max=nan
[cmd 000220 kind=policy chunk=0109 chunk_step=1] delta_max_rad=0.108321 delta_max_deg=6.2063 joint=right_pinky_DIP joint_index=12 from_rad=0.631162 to_rad=0.522840
[action 000220 chunk_step=1] raw=[-0.3475,1.3594] sent=[-0.3475,1.3594] limit_clips=0 step_clips=0 tracking_max=nan
[latency] hand_policy inference_ms=8.717
[chunk 0110] inference=0.009s predicted=(2, 22)
[cmd 000221 kind=policy chunk=0110 chunk_step=0] delta_max_rad=0.110790 delta_max_deg=6.3478 joint=right_thumb_IP joint_index=21 from_rad=0.469251 to_rad=0.580041
[action 000221 chunk_step=0] raw=[-0.3455,1.3834] sent=[-0.3455,1.3834] limit_clips=0 step_clips=0 tracking_max=nan
[cmd 000222 kind=policy chunk=0110 chunk_step=1] delta_max_rad=0.105790 delta_max_deg=6.0613 joint=right_middle_PIP joint_index=6 from_rad=0.414982 to_rad=0.309192
[action 000222 chunk_step=1] raw=[-0.3491,1.3337] sent=[-0.3491,1.3337] limit_clips=0 step_clips=0 tracking_max=nan
[latency] hand_policy inference_ms=9.042
[chunk 0111] inference=0.009s predicted=(2, 22)
[cmd 000223 kind=policy chunk=0111 chunk_step=0] delta_max_rad=0.101014 delta_max_deg=5.7877 joint=right_thumb_IP joint_index=21 from_rad=0.578884 to_rad=0.477870
[action 000223 chunk_step=0] raw=[-0.3486,1.2776] sent=[-0.3486,1.2776] limit_clips=0 step_clips=0 tracking_max=nan
[cmd 000224 kind=policy chunk=0111 chunk_step=1] delta_max_rad=0.117792 delta_max_deg=6.7490 joint=right_pinky_PIP joint_index=11 from_rad=0.091754 to_rad=0.209545
[action 000224 chunk_step=1] raw=[-0.3491,1.2659] sent=[-0.3491,1.2659] limit_clips=0 step_clips=0 tracking_max=nan
[latency] hand_policy inference_ms=10.102
[chunk 0112] inference=0.010s predicted=(2, 22)
[cmd 000225 kind=policy chunk=0112 chunk_step=0] delta_max_rad=0.111172 delta_max_deg=6.3697 joint=right_index_PIP joint_index=2 from_rad=0.467332 to_rad=0.578504
[action 000225 chunk_step=0] raw=[-0.3491,1.3677] sent=[-0.3491,1.3677] limit_clips=0 step_clips=0 tracking_max=nan
[cmd 000226 kind=policy chunk=0112 chunk_step=1] delta_max_rad=0.103668 delta_max_deg=5.9397 joint=right_middle_MCP_FE joint_index=4 from_rad=0.491953 to_rad=0.595620
[action 000226 chunk_step=1] raw=[-0.3474,1.3963] sent=[-0.3474,1.3963] limit_clips=0 step_clips=0 tracking_max=nan
[latency] hand_policy inference_ms=8.714
[chunk 0113] inference=0.009s predicted=(2, 22)
[cmd 000227 kind=policy chunk=0113 chunk_step=0] delta_max_rad=0.112334 delta_max_deg=6.4362 joint=right_index_PIP joint_index=2 from_rad=0.670191 to_rad=0.782524
[action 000227 chunk_step=0] raw=[-0.3445,1.3963] sent=[-0.3445,1.3963] limit_clips=0 step_clips=0 tracking_max=nan
[cmd 000228 kind=policy chunk=0113 chunk_step=1] delta_max_rad=0.113790 delta_max_deg=6.5197 joint=right_ring_MCP_FE joint_index=13 from_rad=0.464541 to_rad=0.578331
[action 000228 chunk_step=1] raw=[-0.3470,1.3648] sent=[-0.3470,1.3648] limit_clips=0 step_clips=0 tracking_max=nan
[latency] hand_policy inference_ms=8.989
[chunk 0114] inference=0.009s predicted=(2, 22)
[cmd 000229 kind=policy chunk=0114 chunk_step=0] delta_max_rad=0.103728 delta_max_deg=5.9432 joint=right_ring_PIP joint_index=15 from_rad=0.486164 to_rad=0.589892
[action 000229 chunk_step=0] raw=[-0.3491,1.3754] sent=[-0.3491,1.3754] limit_clips=0 step_clips=0 tracking_max=nan
[cmd 000230 kind=policy chunk=0114 chunk_step=1] delta_max_rad=0.098290 delta_max_deg=5.6316 joint=right_pinky_PIP joint_index=11 from_rad=0.561897 to_rad=0.463607
[action 000230 chunk_step=1] raw=[-0.3468,1.3474] sent=[-0.3468,1.3474] limit_clips=0 step_clips=0 tracking_max=nan
[latency] hand_policy inference_ms=9.549
[chunk 0115] inference=0.010s predicted=(2, 22)
[cmd 000231 kind=policy chunk=0115 chunk_step=0] delta_max_rad=0.097288 delta_max_deg=5.5742 joint=right_ring_DIP joint_index=16 from_rad=0.958153 to_rad=1.055441
[action 000231 chunk_step=0] raw=[-0.3448,1.3078] sent=[-0.3448,1.3078] limit_clips=0 step_clips=0 tracking_max=nan
[cmd 000232 kind=policy chunk=0115 chunk_step=1] delta_max_rad=0.100430 delta_max_deg=5.7542 joint=right_thumb_IP joint_index=21 from_rad=0.184091 to_rad=0.284521
[action 000232 chunk_step=1] raw=[-0.3415,1.3175] sent=[-0.3415,1.3175] limit_clips=0 step_clips=0 tracking_max=nan
[latency] hand_policy inference_ms=8.394
[chunk 0116] inference=0.008s predicted=(2, 22)
[cmd 000233 kind=policy chunk=0116 chunk_step=0] delta_max_rad=0.107326 delta_max_deg=6.1494 joint=right_thumb_IP joint_index=21 from_rad=0.284521 to_rad=0.391847
[action 000233 chunk_step=0] raw=[-0.3427,1.3760] sent=[-0.3427,1.3760] limit_clips=0 step_clips=0 tracking_max=nan
[cmd 000234 kind=policy chunk=0116 chunk_step=1] delta_max_rad=0.112400 delta_max_deg=6.4400 joint=right_thumb_IP joint_index=21 from_rad=0.391847 to_rad=0.504247
[action 000234 chunk_step=1] raw=[-0.2965,1.3780] sent=[-0.2965,1.3780] limit_clips=0 step_clips=0 tracking_max=nan
[latency] hand_policy inference_ms=10.426
[chunk 0117] inference=0.010s predicted=(2, 22)
[cmd 000235 kind=policy chunk=0117 chunk_step=0] delta_max_rad=0.115771 delta_max_deg=6.6332 joint=right_thumb_IP joint_index=21 from_rad=0.504247 to_rad=0.620018
[action 000235 chunk_step=0] raw=[-0.2281,1.3783] sent=[-0.2281,1.3783] limit_clips=0 step_clips=0 tracking_max=nan
[cmd 000236 kind=policy chunk=0117 chunk_step=1] delta_max_rad=0.108537 delta_max_deg=6.2187 joint=right_thumb_IP joint_index=21 from_rad=0.620018 to_rad=0.728556
[action 000236 chunk_step=1] raw=[-0.2159,1.3872] sent=[-0.2159,1.3872] limit_clips=0 step_clips=0 tracking_max=nan
[latency] hand_policy inference_ms=9.410
[chunk 0118] inference=0.009s predicted=(2, 22)
[cmd 000237 kind=policy chunk=0118 chunk_step=0] delta_max_rad=0.124481 delta_max_deg=7.1322 joint=right_thumb_IP joint_index=21 from_rad=0.728556 to_rad=0.853037
[action 000237 chunk_step=0] raw=[-0.1832,1.3907] sent=[-0.1832,1.3907] limit_clips=0 step_clips=0 tracking_max=nan
[cmd 000238 kind=policy chunk=0118 chunk_step=1] delta_max_rad=0.111711 delta_max_deg=6.4006 joint=right_thumb_MCP_AA joint_index=20 from_rad=-0.031556 to_rad=0.080155
[action 000238 chunk_step=1] raw=[-0.1497,1.3963] sent=[-0.1497,1.3963] limit_clips=0 step_clips=0 tracking_max=nan
[latency] hand_policy inference_ms=8.898
[chunk 0119] inference=0.009s predicted=(2, 22)
[cmd 000239 kind=policy chunk=0119 chunk_step=0] delta_max_rad=0.109346 delta_max_deg=6.2651 joint=right_pinky_DIP joint_index=12 from_rad=0.308867 to_rad=0.199521
[action 000239 chunk_step=0] raw=[-0.1736,1.3680] sent=[-0.1736,1.3680] limit_clips=0 step_clips=0 tracking_max=nan
[cmd 000240 kind=policy chunk=0119 chunk_step=1] delta_max_rad=0.106811 delta_max_deg=6.1198 joint=right_pinky_PIP joint_index=11 from_rad=0.188032 to_rad=0.294843
[action 000240 chunk_step=1] raw=[-0.2491,1.3028] sent=[-0.2491,1.3028] limit_clips=0 step_clips=0 tracking_max=nan
[latency] hand_policy inference_ms=10.097
[chunk 0120] inference=0.010s predicted=(2, 22)
[cmd 000241 kind=policy chunk=0120 chunk_step=0] delta_max_rad=0.108768 delta_max_deg=6.2320 joint=right_ring_DIP joint_index=16 from_rad=1.302803 to_rad=1.194035
[action 000241 chunk_step=0] raw=[-0.3227,1.1940] sent=[-0.3227,1.1940] limit_clips=0 step_clips=0 tracking_max=nan
[cmd 000242 kind=policy chunk=0120 chunk_step=1] delta_max_rad=0.106392 delta_max_deg=6.0958 joint=right_thumb_MCP_AA joint_index=20 from_rad=0.031476 to_rad=-0.074916
[action 000242 chunk_step=1] raw=[-0.3420,1.1251] sent=[-0.3420,1.1251] limit_clips=0 step_clips=0 tracking_max=nan
[latency] hand_policy inference_ms=8.614
[chunk 0121] inference=0.009s predicted=(2, 22)
[cmd 000243 kind=policy chunk=0121 chunk_step=0] delta_max_rad=0.115039 delta_max_deg=6.5912 joint=right_index_DIP joint_index=3 from_rad=0.989854 to_rad=1.104893
[action 000243 chunk_step=0] raw=[-0.3491,1.1704] sent=[-0.3491,1.1704] limit_clips=0 step_clips=0 tracking_max=nan
[cmd 000244 kind=policy chunk=0121 chunk_step=1] delta_max_rad=0.106007 delta_max_deg=6.0738 joint=right_index_PIP joint_index=2 from_rad=0.518283 to_rad=0.624290
[action 000244 chunk_step=1] raw=[-0.3382,1.2226] sent=[-0.3382,1.2226] limit_clips=0 step_clips=0 tracking_max=nan
[latency] hand_policy inference_ms=8.809
[chunk 0122] inference=0.009s predicted=(2, 22)
[cmd 000245 kind=policy chunk=0122 chunk_step=0] delta_max_rad=0.135357 delta_max_deg=7.7554 joint=right_index_PIP joint_index=2 from_rad=0.624290 to_rad=0.759648
[action 000245 chunk_step=0] raw=[-0.3283,1.2892] sent=[-0.3283,1.2892] limit_clips=0 step_clips=0 tracking_max=nan
[cmd 000246 kind=policy chunk=0122 chunk_step=1] delta_max_rad=0.107226 delta_max_deg=6.1436 joint=right_pinky_PIP joint_index=11 from_rad=0.748832 to_rad=0.856058
[action 000246 chunk_step=1] raw=[-0.3390,1.3532] sent=[-0.3390,1.3532] limit_clips=0 step_clips=0 tracking_max=nan
[latency] hand_policy inference_ms=10.022
[chunk 0123] inference=0.010s predicted=(2, 22)
[cmd 000247 kind=policy chunk=0123 chunk_step=0] delta_max_rad=0.090820 delta_max_deg=5.2036 joint=right_middle_MCP_FE joint_index=4 from_rad=0.433961 to_rad=0.524782
[action 000247 chunk_step=0] raw=[-0.3447,1.3963] sent=[-0.3447,1.3963] limit_clips=0 step_clips=0 tracking_max=nan
[cmd 000248 kind=policy chunk=0123 chunk_step=1] delta_max_rad=0.093739 delta_max_deg=5.3709 joint=right_pinky_MCP_AA joint_index=10 from_rad=0.088347 to_rad=0.182087
[action 000248 chunk_step=1] raw=[-0.3454,1.3229] sent=[-0.3454,1.3229] limit_clips=0 step_clips=0 tracking_max=nan
[latency] hand_policy inference_ms=8.737
[chunk 0124] inference=0.009s predicted=(2, 22)
[cmd 000249 kind=policy chunk=0124 chunk_step=0] delta_max_rad=0.102986 delta_max_deg=5.9007 joint=right_index_PIP joint_index=2 from_rad=0.779336 to_rad=0.676350
[action 000249 chunk_step=0] raw=[-0.3416,1.2446] sent=[-0.3416,1.2446] limit_clips=0 step_clips=0 tracking_max=nan
[cmd 000250 kind=policy chunk=0124 chunk_step=1] delta_max_rad=0.100366 delta_max_deg=5.7505 joint=right_thumb_MCP_FE joint_index=19 from_rad=0.327083 to_rad=0.427448
[action 000250 chunk_step=1] raw=[-0.3436,1.2327] sent=[-0.3436,1.2327] limit_clips=0 step_clips=0 tracking_max=nan
[latency] hand_policy inference_ms=8.998
[chunk 0125] inference=0.009s predicted=(2, 22)
[cmd 000251 kind=policy chunk=0125 chunk_step=0] delta_max_rad=0.098875 delta_max_deg=5.6651 joint=right_index_PIP joint_index=2 from_rad=0.608805 to_rad=0.509930
[action 000251 chunk_step=0] raw=[-0.3482,1.2297] sent=[-0.3482,1.2297] limit_clips=0 step_clips=0 tracking_max=nan
[cmd 000252 kind=policy chunk=0125 chunk_step=1] delta_max_rad=0.111013 delta_max_deg=6.3606 joint=right_index_PIP joint_index=2 from_rad=0.509930 to_rad=0.398917
[action 000252 chunk_step=1] raw=[-0.3465,1.2099] sent=[-0.3465,1.2099] limit_clips=0 step_clips=0 tracking_max=nan
[latency] hand_policy inference_ms=9.680
[chunk 0126] inference=0.010s predicted=(2, 22)
[cmd 000253 kind=policy chunk=0126 chunk_step=0] delta_max_rad=0.103733 delta_max_deg=5.9434 joint=right_pinky_PIP joint_index=11 from_rad=0.535613 to_rad=0.431880
[action 000253 chunk_step=0] raw=[-0.3491,1.1829] sent=[-0.3491,1.1829] limit_clips=0 step_clips=0 tracking_max=nan
[cmd 000254 kind=policy chunk=0126 chunk_step=1] delta_max_rad=0.109179 delta_max_deg=6.2555 joint=right_index_PIP joint_index=2 from_rad=0.301507 to_rad=0.192328
[action 000254 chunk_step=1] raw=[-0.3161,1.2534] sent=[-0.3161,1.2534] limit_clips=0 step_clips=0 tracking_max=nan
[latency] hand_policy inference_ms=8.563
[chunk 0127] inference=0.009s predicted=(2, 22)
[cmd 000255 kind=policy chunk=0127 chunk_step=0] delta_max_rad=0.089405 delta_max_deg=5.1225 joint=right_index_PIP joint_index=2 from_rad=0.192328 to_rad=0.102923
[action 000255 chunk_step=0] raw=[-0.2774,1.3421] sent=[-0.2774,1.3421] limit_clips=0 step_clips=0 tracking_max=nan
[cmd 000256 kind=policy chunk=0127 chunk_step=1] delta_max_rad=0.101821 delta_max_deg=5.8339 joint=right_index_DIP joint_index=3 from_rad=0.730581 to_rad=0.832402
[action 000256 chunk_step=1] raw=[-0.2211,1.3729] sent=[-0.2211,1.3729] limit_clips=0 step_clips=0 tracking_max=nan
[latency] hand_policy inference_ms=10.047
[chunk 0128] inference=0.010s predicted=(2, 22)
[cmd 000257 kind=policy chunk=0128 chunk_step=0] delta_max_rad=0.102493 delta_max_deg=5.8724 joint=right_middle_DIP joint_index=7 from_rad=1.372922 to_rad=1.270429
[action 000257 chunk_step=0] raw=[-0.2424,1.2704] sent=[-0.2424,1.2704] limit_clips=0 step_clips=0 tracking_max=nan
[cmd 000258 kind=policy chunk=0128 chunk_step=1] delta_max_rad=0.100676 delta_max_deg=5.7683 joint=right_thumb_IP joint_index=21 from_rad=0.303459 to_rad=0.202783
[action 000258 chunk_step=1] raw=[-0.3249,1.1903] sent=[-0.3249,1.1903] limit_clips=0 step_clips=0 tracking_max=nan
[latency] hand_policy inference_ms=10.003
[chunk 0129] inference=0.010s predicted=(2, 22)
[cmd 000259 kind=policy chunk=0129 chunk_step=0] delta_max_rad=0.100021 delta_max_deg=5.7308 joint=right_index_DIP joint_index=3 from_rad=1.012208 to_rad=1.112228
[action 000259 chunk_step=0] raw=[-0.3491,1.1143] sent=[-0.3491,1.1143] limit_clips=0 step_clips=0 tracking_max=nan
[cmd 000260 kind=policy chunk=0129 chunk_step=1] delta_max_rad=0.094233 delta_max_deg=5.3991 joint=right_pinky_PIP joint_index=11 from_rad=0.590376 to_rad=0.684608
[action 000260 chunk_step=1] raw=[-0.3491,1.1986] sent=[-0.3491,1.1986] limit_clips=0 step_clips=0 tracking_max=nan
[latency] hand_policy inference_ms=8.703
[chunk 0130] inference=0.009s predicted=(2, 22)
[cmd 000261 kind=policy chunk=0130 chunk_step=0] delta_max_rad=0.115460 delta_max_deg=6.6153 joint=right_pinky_DIP joint_index=12 from_rad=0.585815 to_rad=0.701275
[action 000261 chunk_step=0] raw=[-0.3491,1.2822] sent=[-0.3491,1.2822] limit_clips=0 step_clips=0 tracking_max=nan
[cmd 000262 kind=policy chunk=0130 chunk_step=1] delta_max_rad=0.094746 delta_max_deg=5.4285 joint=right_ring_MCP_FE joint_index=13 from_rad=0.316128 to_rad=0.410874
[action 000262 chunk_step=1] raw=[-0.3483,1.3592] sent=[-0.3483,1.3592] limit_clips=0 step_clips=0 tracking_max=nan
[latency] hand_policy inference_ms=10.340
[chunk 0131] inference=0.010s predicted=(2, 22)
[cmd 000263 kind=policy chunk=0131 chunk_step=0] delta_max_rad=0.098784 delta_max_deg=5.6599 joint=right_ring_MCP_FE joint_index=13 from_rad=0.410874 to_rad=0.509659
[action 000263 chunk_step=0] raw=[-0.3472,1.3862] sent=[-0.3472,1.3862] limit_clips=0 step_clips=0 tracking_max=nan
[cmd 000264 kind=policy chunk=0131 chunk_step=1] delta_max_rad=0.090028 delta_max_deg=5.1582 joint=right_pinky_CMC joint_index=8 from_rad=0.260643 to_rad=0.170615
[action 000264 chunk_step=1] raw=[-0.3473,1.3397] sent=[-0.3473,1.3397] limit_clips=0 step_clips=0 tracking_max=nan
[latency] hand_policy inference_ms=9.481
[chunk 0132] inference=0.009s predicted=(2, 22)
[cmd 000265 kind=policy chunk=0132 chunk_step=0] delta_max_rad=0.101058 delta_max_deg=5.7902 joint=right_index_PIP joint_index=2 from_rad=0.634537 to_rad=0.533479
[action 000265 chunk_step=0] raw=[-0.3459,1.2511] sent=[-0.3459,1.2511] limit_clips=0 step_clips=0 tracking_max=nan
[cmd 000266 kind=policy chunk=0132 chunk_step=1] delta_max_rad=0.104834 delta_max_deg=6.0065 joint=right_ring_MCP_FE joint_index=13 from_rad=0.493595 to_rad=0.388761
[action 000266 chunk_step=1] raw=[-0.3452,1.1930] sent=[-0.3452,1.1930] limit_clips=0 step_clips=0 tracking_max=nan
[latency] hand_policy inference_ms=8.531
[chunk 0133] inference=0.009s predicted=(2, 22)
[cmd 000267 kind=policy chunk=0133 chunk_step=0] delta_max_rad=0.101825 delta_max_deg=5.8342 joint=right_ring_PIP joint_index=15 from_rad=0.896931 to_rad=0.998756
[action 000267 chunk_step=0] raw=[-0.3475,1.2364] sent=[-0.3475,1.2364] limit_clips=0 step_clips=0 tracking_max=nan
[cmd 000268 kind=policy chunk=0133 chunk_step=1] delta_max_rad=0.107277 delta_max_deg=6.1465 joint=right_pinky_PIP joint_index=11 from_rad=0.645394 to_rad=0.538117
[action 000268 chunk_step=1] raw=[-0.3467,1.3142] sent=[-0.3467,1.3142] limit_clips=0 step_clips=0 tracking_max=nan
[latency] hand_policy inference_ms=8.995
[chunk 0134] inference=0.009s predicted=(2, 22)
[cmd 000269 kind=policy chunk=0134 chunk_step=0] delta_max_rad=0.108222 delta_max_deg=6.2007 joint=right_thumb_IP joint_index=21 from_rad=0.211552 to_rad=0.319775
[action 000269 chunk_step=0] raw=[-0.3491,1.3728] sent=[-0.3491,1.3728] limit_clips=0 step_clips=0 tracking_max=nan
[cmd 000270 kind=policy chunk=0134 chunk_step=1] delta_max_rad=0.107406 delta_max_deg=6.1539 joint=right_ring_MCP_FE joint_index=13 from_rad=0.113458 to_rad=0.006052
[action 000270 chunk_step=1] raw=[-0.3312,1.3888] sent=[-0.3312,1.3888] limit_clips=0 step_clips=0 tracking_max=nan
[latency] hand_policy inference_ms=9.446
[chunk 0135] inference=0.009s predicted=(2, 22)
[cmd 000271 kind=policy chunk=0135 chunk_step=0] delta_max_rad=0.107483 delta_max_deg=6.1583 joint=right_pinky_DIP joint_index=12 from_rad=0.490532 to_rad=0.383050
[action 000271 chunk_step=0] raw=[-0.3265,1.3876] sent=[-0.3265,1.3876] limit_clips=0 step_clips=0 tracking_max=nan
[cmd 000272 kind=policy chunk=0135 chunk_step=1] delta_max_rad=0.118064 delta_max_deg=6.7646 joint=right_ring_PIP joint_index=15 from_rad=1.161630 to_rad=1.043566
[action 000272 chunk_step=1] raw=[-0.3412,1.3030] sent=[-0.3412,1.3030] limit_clips=0 step_clips=0 tracking_max=nan
[latency] hand_policy inference_ms=8.522
[chunk 0136] inference=0.009s predicted=(2, 22)
[cmd 000273 kind=policy chunk=0136 chunk_step=0] delta_max_rad=0.111147 delta_max_deg=6.3682 joint=right_ring_PIP joint_index=15 from_rad=1.043566 to_rad=0.932419
[action 000273 chunk_step=0] raw=[-0.3491,1.2213] sent=[-0.3491,1.2213] limit_clips=0 step_clips=0 tracking_max=nan
[cmd 000274 kind=policy chunk=0136 chunk_step=1] delta_max_rad=0.098969 delta_max_deg=5.6705 joint=right_ring_DIP joint_index=16 from_rad=1.173301 to_rad=1.074331
[action 000274 chunk_step=1] raw=[-0.3491,1.3198] sent=[-0.3491,1.3198] limit_clips=0 step_clips=0 tracking_max=nan
[latency] hand_policy inference_ms=10.089
[chunk 0137] inference=0.010s predicted=(2, 22)
[cmd 000275 kind=policy chunk=0137 chunk_step=0] delta_max_rad=0.093213 delta_max_deg=5.3407 joint=right_pinky_DIP joint_index=12 from_rad=0.521093 to_rad=0.614306
[action 000275 chunk_step=0] raw=[-0.3488,1.3889] sent=[-0.3488,1.3889] limit_clips=0 step_clips=0 tracking_max=nan
[cmd 000276 kind=policy chunk=0137 chunk_step=1] delta_max_rad=0.109055 delta_max_deg=6.2484 joint=right_thumb_IP joint_index=21 from_rad=0.224746 to_rad=0.115691
[action 000276 chunk_step=1] raw=[-0.3484,1.3935] sent=[-0.3484,1.3935] limit_clips=0 step_clips=0 tracking_max=nan
[latency] hand_policy inference_ms=9.385
[chunk 0138] inference=0.009s predicted=(2, 22)
[cmd 000277 kind=policy chunk=0138 chunk_step=0] delta_max_rad=0.107851 delta_max_deg=6.1794 joint=right_middle_MCP_FE joint_index=4 from_rad=0.498805 to_rad=0.606656
[action 000277 chunk_step=0] raw=[-0.3453,1.3846] sent=[-0.3453,1.3846] limit_clips=0 step_clips=0 tracking_max=nan
[cmd 000278 kind=policy chunk=0138 chunk_step=1] delta_max_rad=0.122455 delta_max_deg=7.0161 joint=right_ring_MCP_FE joint_index=13 from_rad=0.371132 to_rad=0.493587
[action 000278 chunk_step=1] raw=[-0.3491,1.3172] sent=[-0.3491,1.3172] limit_clips=0 step_clips=0 tracking_max=nan
[latency] hand_policy inference_ms=8.671
[chunk 0139] inference=0.009s predicted=(2, 22)
[cmd 000279 kind=policy chunk=0139 chunk_step=0] delta_max_rad=0.102007 delta_max_deg=5.8446 joint=right_index_MCP_AA joint_index=1 from_rad=-0.212624 to_rad=-0.314631
[action 000279 chunk_step=0] raw=[-0.3474,1.2518] sent=[-0.3474,1.2518] limit_clips=0 step_clips=0 tracking_max=nan
[cmd 000280 kind=policy chunk=0139 chunk_step=1] delta_max_rad=0.096932 delta_max_deg=5.5538 joint=right_index_DIP joint_index=3 from_rad=1.228942 to_rad=1.132010
[action 000280 chunk_step=1] raw=[-0.3475,1.2515] sent=[-0.3475,1.2515] limit_clips=0 step_clips=0 tracking_max=nan
[latency] hand_policy inference_ms=10.449
[chunk 0140] inference=0.010s predicted=(2, 22)
[cmd 000281 kind=policy chunk=0140 chunk_step=0] delta_max_rad=0.090771 delta_max_deg=5.2008 joint=right_ring_DIP joint_index=16 from_rad=0.883977 to_rad=0.974748
[action 000281 chunk_step=0] raw=[-0.3441,1.3169] sent=[-0.3441,1.3169] limit_clips=0 step_clips=0 tracking_max=nan
[cmd 000282 kind=policy chunk=0140 chunk_step=1] delta_max_rad=0.103173 delta_max_deg=5.9114 joint=right_index_PIP joint_index=2 from_rad=0.382975 to_rad=0.279802
[action 000282 chunk_step=1] raw=[-0.3464,1.3669] sent=[-0.3464,1.3669] limit_clips=0 step_clips=0 tracking_max=nan
[latency] hand_policy inference_ms=9.468
[chunk 0141] inference=0.009s predicted=(2, 22)
[cmd 000283 kind=policy chunk=0141 chunk_step=0] delta_max_rad=0.103564 delta_max_deg=5.9338 joint=right_index_PIP joint_index=2 from_rad=0.279802 to_rad=0.176238
[action 000283 chunk_step=0] raw=[-0.3488,1.3871] sent=[-0.3488,1.3871] limit_clips=0 step_clips=0 tracking_max=nan
[cmd 000284 kind=policy chunk=0141 chunk_step=1] delta_max_rad=0.104574 delta_max_deg=5.9916 joint=right_ring_MCP_FE joint_index=13 from_rad=0.272832 to_rad=0.168258
[action 000284 chunk_step=1] raw=[-0.3474,1.3935] sent=[-0.3474,1.3935] limit_clips=0 step_clips=0 tracking_max=nan
[latency] hand_policy inference_ms=8.591
[chunk 0142] inference=0.009s predicted=(2, 22)
[cmd 000285 kind=policy chunk=0142 chunk_step=0] delta_max_rad=0.129654 delta_max_deg=7.4286 joint=right_pinky_DIP joint_index=12 from_rad=0.655228 to_rad=0.525574
[action 000285 chunk_step=0] raw=[-0.3471,1.3820] sent=[-0.3471,1.3820] limit_clips=0 step_clips=0 tracking_max=nan
[cmd 000286 kind=policy chunk=0142 chunk_step=1] delta_max_rad=0.103539 delta_max_deg=5.9323 joint=right_middle_PIP joint_index=6 from_rad=0.365255 to_rad=0.261716
[action 000286 chunk_step=1] raw=[-0.3477,1.2900] sent=[-0.3477,1.2900] limit_clips=0 step_clips=0 tracking_max=nan
[latency] hand_policy inference_ms=10.326
[chunk 0143] inference=0.010s predicted=(2, 22)
[cmd 000287 kind=policy chunk=0143 chunk_step=0] delta_max_rad=0.100466 delta_max_deg=5.7563 joint=right_thumb_IP joint_index=21 from_rad=0.470572 to_rad=0.370106
[action 000287 chunk_step=0] raw=[-0.3491,1.2754] sent=[-0.3491,1.2754] limit_clips=0 step_clips=0 tracking_max=nan
[cmd 000288 kind=policy chunk=0143 chunk_step=1] delta_max_rad=0.107634 delta_max_deg=6.1670 joint=right_ring_PIP joint_index=15 from_rad=0.718448 to_rad=0.610813
[action 000288 chunk_step=1] raw=[-0.3491,1.3612] sent=[-0.3491,1.3612] limit_clips=0 step_clips=0 tracking_max=nan
[latency] hand_policy inference_ms=9.424
[chunk 0144] inference=0.009s predicted=(2, 22)
[cmd 000289 kind=policy chunk=0144 chunk_step=0] delta_max_rad=0.114858 delta_max_deg=6.5809 joint=right_thumb_IP joint_index=21 from_rad=0.295344 to_rad=0.180486
[action 000289 chunk_step=0] raw=[-0.3491,1.3963] sent=[-0.3491,1.3963] limit_clips=0 step_clips=0 tracking_max=nan
[cmd 000290 kind=policy chunk=0144 chunk_step=1] delta_max_rad=0.106955 delta_max_deg=6.1281 joint=right_pinky_PIP joint_index=11 from_rad=0.541737 to_rad=0.648693
[action 000290 chunk_step=1] raw=[-0.3491,1.3921] sent=[-0.3491,1.3921] limit_clips=0 step_clips=0 tracking_max=nan
[latency] hand_policy inference_ms=8.360
[chunk 0145] inference=0.008s predicted=(2, 22)
[cmd 000291 kind=policy chunk=0145 chunk_step=0] delta_max_rad=0.110312 delta_max_deg=6.3204 joint=right_ring_MCP_FE joint_index=13 from_rad=0.464382 to_rad=0.574694
[action 000291 chunk_step=0] raw=[-0.3443,1.3657] sent=[-0.3443,1.3657] limit_clips=0 step_clips=0 tracking_max=nan
[cmd 000292 kind=policy chunk=0145 chunk_step=1] delta_max_rad=0.112637 delta_max_deg=6.4536 joint=right_index_PIP joint_index=2 from_rad=0.621409 to_rad=0.508772
[action 000292 chunk_step=1] raw=[-0.3459,1.2807] sent=[-0.3459,1.2807] limit_clips=0 step_clips=0 tracking_max=nan
[latency] hand_policy inference_ms=9.964
[chunk 0146] inference=0.010s predicted=(2, 22)
[cmd 000293 kind=policy chunk=0146 chunk_step=0] delta_max_rad=0.099988 delta_max_deg=5.7289 joint=right_ring_DIP joint_index=16 from_rad=0.817399 to_rad=0.917387
[action 000293 chunk_step=0] raw=[-0.3478,1.2983] sent=[-0.3478,1.2983] limit_clips=0 step_clips=0 tracking_max=nan
[cmd 000294 kind=policy chunk=0146 chunk_step=1] delta_max_rad=0.101603 delta_max_deg=5.8214 joint=right_index_DIP joint_index=3 from_rad=1.183220 to_rad=1.081616
[action 000294 chunk_step=1] raw=[-0.3462,1.3465] sent=[-0.3462,1.3465] limit_clips=0 step_clips=0 tracking_max=nan
[latency] hand_policy inference_ms=9.465
[chunk 0147] inference=0.009s predicted=(2, 22)
[cmd 000295 kind=policy chunk=0147 chunk_step=0] delta_max_rad=0.099298 delta_max_deg=5.6893 joint=right_ring_MCP_FE joint_index=13 from_rad=0.474412 to_rad=0.375114
[action 000295 chunk_step=0] raw=[-0.3491,1.3670] sent=[-0.3491,1.3670] limit_clips=0 step_clips=0 tracking_max=nan
[cmd 000296 kind=policy chunk=0147 chunk_step=1] delta_max_rad=0.099183 delta_max_deg=5.6828 joint=right_index_PIP joint_index=2 from_rad=0.274702 to_rad=0.175518
[action 000296 chunk_step=1] raw=[-0.3491,1.3736] sent=[-0.3491,1.3736] limit_clips=0 step_clips=0 tracking_max=nan
[latency] hand_policy inference_ms=8.367
[chunk 0148] inference=0.008s predicted=(2, 22)
[cmd 000297 kind=policy chunk=0148 chunk_step=0] delta_max_rad=0.102454 delta_max_deg=5.8702 joint=right_ring_MCP_FE joint_index=13 from_rad=0.281394 to_rad=0.178940
[action 000297 chunk_step=0] raw=[-0.3486,1.3815] sent=[-0.3486,1.3815] limit_clips=0 step_clips=0 tracking_max=nan
[cmd 000298 kind=policy chunk=0148 chunk_step=1] delta_max_rad=0.087164 delta_max_deg=4.9941 joint=right_pinky_CMC joint_index=8 from_rad=0.085423 to_rad=0.172586
[action 000298 chunk_step=1] raw=[-0.3435,1.3963] sent=[-0.3435,1.3963] limit_clips=0 step_clips=0 tracking_max=nan
[latency] hand_policy inference_ms=10.166
[chunk 0149] inference=0.010s predicted=(2, 22)
[cmd 000299 kind=policy chunk=0149 chunk_step=0] delta_max_rad=0.100615 delta_max_deg=5.7648 joint=right_pinky_MCP_AA joint_index=10 from_rad=0.247226 to_rad=0.146611
[action 000299 chunk_step=0] raw=[-0.3468,1.3630] sent=[-0.3468,1.3630] limit_clips=0 step_clips=0 tracking_max=nan
[cmd 000300 kind=policy chunk=0149 chunk_step=1] delta_max_rad=0.109415 delta_max_deg=6.2690 joint=right_pinky_DIP joint_index=12 from_rad=0.743257 to_rad=0.852672
[action 000300 chunk_step=1] raw=[-0.3491,1.3192] sent=[-0.3491,1.3192] limit_clips=0 step_clips=0 tracking_max=nan
[latency] hand_policy inference_ms=9.266
[chunk 0150] inference=0.009s predicted=(2, 22)
[cmd 000301 kind=policy chunk=0150 chunk_step=0] delta_max_rad=0.105014 delta_max_deg=6.0168 joint=right_index_PIP joint_index=2 from_rad=0.339128 to_rad=0.444141
[action 000301 chunk_step=0] raw=[-0.3485,1.2724] sent=[-0.3485,1.2724] limit_clips=0 step_clips=0 tracking_max=nan
[cmd 000302 kind=policy chunk=0150 chunk_step=1] delta_max_rad=0.103424 delta_max_deg=5.9258 joint=right_pinky_PIP joint_index=11 from_rad=0.390905 to_rad=0.494329
[action 000302 chunk_step=1] raw=[-0.3471,1.3589] sent=[-0.3471,1.3589] limit_clips=0 step_clips=0 tracking_max=nan
[latency] hand_policy inference_ms=8.552
[chunk 0151] inference=0.009s predicted=(2, 22)
[cmd 000303 kind=policy chunk=0151 chunk_step=0] delta_max_rad=0.104520 delta_max_deg=5.9886 joint=right_pinky_PIP joint_index=11 from_rad=0.494329 to_rad=0.598849
[action 000303 chunk_step=0] raw=[-0.3467,1.3960] sent=[-0.3467,1.3960] limit_clips=0 step_clips=0 tracking_max=nan
[cmd 000304 kind=policy chunk=0151 chunk_step=1] delta_max_rad=0.102623 delta_max_deg=5.8799 joint=right_pinky_DIP joint_index=12 from_rad=1.140831 to_rad=1.243455
[action 000304 chunk_step=1] raw=[-0.3476,1.3701] sent=[-0.3476,1.3701] limit_clips=0 step_clips=0 tracking_max=nan
[latency] hand_policy inference_ms=10.364
[chunk 0152] inference=0.010s predicted=(2, 22)
[cmd 000305 kind=policy chunk=0152 chunk_step=0] delta_max_rad=0.101105 delta_max_deg=5.7929 joint=right_index_DIP joint_index=3 from_rad=1.370144 to_rad=1.269040
[action 000305 chunk_step=0] raw=[-0.3491,1.2690] sent=[-0.3491,1.2690] limit_clips=0 step_clips=0 tracking_max=nan
[cmd 000306 kind=policy chunk=0152 chunk_step=1] delta_max_rad=0.109379 delta_max_deg=6.2669 joint=right_pinky_PIP joint_index=11 from_rad=0.638785 to_rad=0.529406
[action 000306 chunk_step=1] raw=[-0.3465,1.2304] sent=[-0.3465,1.2304] limit_clips=0 step_clips=0 tracking_max=nan
[latency] hand_policy inference_ms=9.615
[chunk 0153] inference=0.010s predicted=(2, 22)
[cmd 000307 kind=policy chunk=0153 chunk_step=0] delta_max_rad=0.101146 delta_max_deg=5.7953 joint=right_ring_MCP_FE joint_index=13 from_rad=0.561872 to_rad=0.460726
[action 000307 chunk_step=0] raw=[-0.3447,1.3028] sent=[-0.3447,1.3028] limit_clips=0 step_clips=0 tracking_max=nan
[cmd 000308 kind=policy chunk=0153 chunk_step=1] delta_max_rad=0.096795 delta_max_deg=5.5460 joint=right_index_DIP joint_index=3 from_rad=1.088951 to_rad=0.992156
[action 000308 chunk_step=1] raw=[-0.3459,1.3362] sent=[-0.3459,1.3362] limit_clips=0 step_clips=0 tracking_max=nan
[latency] hand_policy inference_ms=8.504
[chunk 0154] inference=0.009s predicted=(2, 22)
[cmd 000309 kind=policy chunk=0154 chunk_step=0] delta_max_rad=0.111026 delta_max_deg=6.3613 joint=right_pinky_PIP joint_index=11 from_rad=0.337980 to_rad=0.226954
[action 000309 chunk_step=0] raw=[-0.3480,1.3772] sent=[-0.3480,1.3772] limit_clips=0 step_clips=0 tracking_max=nan
[cmd 000310 kind=policy chunk=0154 chunk_step=1] delta_max_rad=0.101127 delta_max_deg=5.7941 joint=right_ring_MCP_FE joint_index=13 from_rad=0.278756 to_rad=0.177630
[action 000310 chunk_step=1] raw=[-0.3481,1.3937] sent=[-0.3481,1.3937] limit_clips=0 step_clips=0 tracking_max=nan
[latency] hand_policy inference_ms=10.394
[chunk 0155] inference=0.010s predicted=(2, 22)
[cmd 000311 kind=policy chunk=0155 chunk_step=0] delta_max_rad=0.091699 delta_max_deg=5.2540 joint=right_pinky_MCP_AA joint_index=10 from_rad=0.342825 to_rad=0.251126
[action 000311 chunk_step=0] raw=[-0.3483,1.3909] sent=[-0.3483,1.3909] limit_clips=0 step_clips=0 tracking_max=nan
[cmd 000312 kind=policy chunk=0155 chunk_step=1] delta_max_rad=0.120311 delta_max_deg=6.8933 joint=right_ring_PIP joint_index=15 from_rad=0.965005 to_rad=0.844693
[action 000312 chunk_step=1] raw=[-0.3484,1.3052] sent=[-0.3484,1.3052] limit_clips=0 step_clips=0 tracking_max=nan
[latency] hand_policy inference_ms=9.581
[chunk 0156] inference=0.010s predicted=(2, 22)
[cmd 000313 kind=policy chunk=0156 chunk_step=0] delta_max_rad=0.094323 delta_max_deg=5.4043 joint=right_index_PIP joint_index=2 from_rad=0.331362 to_rad=0.425685
[action 000313 chunk_step=0] raw=[-0.3480,1.2347] sent=[-0.3480,1.2347] limit_clips=0 step_clips=0 tracking_max=nan
[cmd 000314 kind=policy chunk=0156 chunk_step=1] delta_max_rad=0.097442 delta_max_deg=5.5830 joint=right_index_PIP joint_index=2 from_rad=0.425685 to_rad=0.523127
[action 000314 chunk_step=1] raw=[-0.3489,1.2223] sent=[-0.3489,1.2223] limit_clips=0 step_clips=0 tracking_max=nan
[latency] hand_policy inference_ms=8.731
[chunk 0157] inference=0.009s predicted=(2, 22)
[cmd 000315 kind=policy chunk=0157 chunk_step=0] delta_max_rad=0.104375 delta_max_deg=5.9803 joint=right_index_PIP joint_index=2 from_rad=0.523127 to_rad=0.627503
[action 000315 chunk_step=0] raw=[-0.3469,1.3095] sent=[-0.3469,1.3095] limit_clips=0 step_clips=0 tracking_max=nan
[cmd 000316 kind=policy chunk=0157 chunk_step=1] delta_max_rad=0.120143 delta_max_deg=6.8837 joint=right_pinky_DIP joint_index=12 from_rad=1.159768 to_rad=1.279910
[action 000316 chunk_step=1] raw=[-0.3486,1.3656] sent=[-0.3486,1.3656] limit_clips=0 step_clips=0 tracking_max=nan
[latency] hand_policy inference_ms=10.263
[chunk 0158] inference=0.010s predicted=(2, 22)
[cmd 000317 kind=policy chunk=0158 chunk_step=0] delta_max_rad=0.123881 delta_max_deg=7.0979 joint=right_pinky_PIP joint_index=11 from_rad=0.556490 to_rad=0.680372
[action 000317 chunk_step=0] raw=[-0.3465,1.3784] sent=[-0.3465,1.3784] limit_clips=0 step_clips=0 tracking_max=nan
[cmd 000318 kind=policy chunk=0158 chunk_step=1] delta_max_rad=0.101283 delta_max_deg=5.8031 joint=right_index_PIP joint_index=2 from_rad=0.786544 to_rad=0.685261
[action 000318 chunk_step=1] raw=[-0.3488,1.3702] sent=[-0.3488,1.3702] limit_clips=0 step_clips=0 tracking_max=nan
[latency] hand_policy inference_ms=9.880
[chunk 0159] inference=0.010s predicted=(2, 22)
[cmd 000319 kind=policy chunk=0159 chunk_step=0] delta_max_rad=0.107419 delta_max_deg=6.1547 joint=right_ring_PIP joint_index=15 from_rad=0.677246 to_rad=0.784665
[action 000319 chunk_step=0] raw=[-0.3470,1.3067] sent=[-0.3470,1.3067] limit_clips=0 step_clips=0 tracking_max=nan
[cmd 000320 kind=policy chunk=0159 chunk_step=1] delta_max_rad=0.113282 delta_max_deg=6.4906 joint=right_ring_MCP_FE joint_index=13 from_rad=0.598157 to_rad=0.484875
[action 000320 chunk_step=1] raw=[-0.3472,1.2305] sent=[-0.3472,1.2305] limit_clips=0 step_clips=0 tracking_max=nan
[latency] hand_policy inference_ms=8.526
[chunk 0160] inference=0.009s predicted=(2, 22)
[cmd 000321 kind=policy chunk=0160 chunk_step=0] delta_max_rad=0.109714 delta_max_deg=6.2861 joint=right_pinky_PIP joint_index=11 from_rad=0.479080 to_rad=0.369367
[action 000321 chunk_step=0] raw=[-0.3485,1.2475] sent=[-0.3485,1.2475] limit_clips=0 step_clips=0 tracking_max=nan
[cmd 000322 kind=policy chunk=0160 chunk_step=1] delta_max_rad=0.104729 delta_max_deg=6.0006 joint=right_pinky_PIP joint_index=11 from_rad=0.369367 to_rad=0.264637
[action 000322 chunk_step=1] raw=[-0.3379,1.3464] sent=[-0.3379,1.3464] limit_clips=0 step_clips=0 tracking_max=nan
[latency] hand_policy inference_ms=10.207
[chunk 0161] inference=0.010s predicted=(2, 22)
[cmd 000323 kind=policy chunk=0161 chunk_step=0] delta_max_rad=0.106399 delta_max_deg=6.0962 joint=right_pinky_PIP joint_index=11 from_rad=0.264637 to_rad=0.158239
[action 000323 chunk_step=0] raw=[-0.3229,1.3867] sent=[-0.3229,1.3867] limit_clips=0 step_clips=0 tracking_max=nan
[cmd 000324 kind=policy chunk=0161 chunk_step=1] delta_max_rad=0.094414 delta_max_deg=5.4095 joint=right_ring_DIP joint_index=16 from_rad=1.251609 to_rad=1.346023
[action 000324 chunk_step=1] raw=[-0.2605,1.3915] sent=[-0.2605,1.3915] limit_clips=0 step_clips=0 tracking_max=nan
[latency] hand_policy inference_ms=9.613
[chunk 0162] inference=0.010s predicted=(2, 22)
[cmd 000325 kind=policy chunk=0162 chunk_step=0] delta_max_rad=0.115257 delta_max_deg=6.6037 joint=right_thumb_IP joint_index=21 from_rad=0.420119 to_rad=0.535375
[action 000325 chunk_step=0] raw=[-0.2262,1.3918] sent=[-0.2262,1.3918] limit_clips=0 step_clips=0 tracking_max=nan
[cmd 000326 kind=policy chunk=0162 chunk_step=1] delta_max_rad=0.104579 delta_max_deg=5.9919 joint=right_thumb_IP joint_index=21 from_rad=0.535375 to_rad=0.639954
[action 000326 chunk_step=1] raw=[-0.1961,1.3963] sent=[-0.1961,1.3963] limit_clips=0 step_clips=0 tracking_max=nan
[latency] hand_policy inference_ms=8.580
[chunk 0163] inference=0.009s predicted=(2, 22)
[cmd 000327 kind=policy chunk=0163 chunk_step=0] delta_max_rad=0.110280 delta_max_deg=6.3186 joint=right_pinky_DIP joint_index=12 from_rad=0.694933 to_rad=0.584653
[action 000327 chunk_step=0] raw=[-0.1658,1.3885] sent=[-0.1658,1.3885] limit_clips=0 step_clips=0 tracking_max=nan
[cmd 000328 kind=policy chunk=0163 chunk_step=1] delta_max_rad=0.107942 delta_max_deg=6.1846 joint=right_index_DIP joint_index=3 from_rad=0.713867 to_rad=0.821809
[action 000328 chunk_step=1] raw=[-0.2189,1.3182] sent=[-0.2189,1.3182] limit_clips=0 step_clips=0 tracking_max=nan
[latency] hand_policy inference_ms=10.458
[chunk 0164] inference=0.010s predicted=(2, 22)
[cmd 000329 kind=policy chunk=0164 chunk_step=0] delta_max_rad=0.099651 delta_max_deg=5.7096 joint=right_pinky_PIP joint_index=11 from_rad=0.126143 to_rad=0.225794
[action 000329 chunk_step=0] raw=[-0.3038,1.2191] sent=[-0.3038,1.2191] limit_clips=0 step_clips=0 tracking_max=nan
[cmd 000330 kind=policy chunk=0164 chunk_step=1] delta_max_rad=0.095555 delta_max_deg=5.4749 joint=right_index_DIP joint_index=3 from_rad=0.915820 to_rad=1.011375
[action 000330 chunk_step=1] raw=[-0.3469,1.1338] sent=[-0.3469,1.1338] limit_clips=0 step_clips=0 tracking_max=nan
[latency] hand_policy inference_ms=9.577
[chunk 0165] inference=0.010s predicted=(2, 22)
[cmd 000331 kind=policy chunk=0165 chunk_step=0] delta_max_rad=0.111982 delta_max_deg=6.4161 joint=right_pinky_PIP joint_index=11 from_rad=0.312927 to_rad=0.424909
[action 000331 chunk_step=0] raw=[-0.3488,1.1062] sent=[-0.3488,1.1062] limit_clips=0 step_clips=0 tracking_max=nan
[cmd 000332 kind=policy chunk=0165 chunk_step=1] delta_max_rad=0.114499 delta_max_deg=6.5603 joint=right_pinky_PIP joint_index=11 from_rad=0.424909 to_rad=0.539407
[action 000332 chunk_step=1] raw=[-0.3491,1.2025] sent=[-0.3491,1.2025] limit_clips=0 step_clips=0 tracking_max=nan
[latency] hand_policy inference_ms=8.794
[chunk 0166] inference=0.009s predicted=(2, 22)
[cmd 000333 kind=policy chunk=0166 chunk_step=0] delta_max_rad=0.114470 delta_max_deg=6.5587 joint=right_pinky_DIP joint_index=12 from_rad=0.631892 to_rad=0.746362
[action 000333 chunk_step=0] raw=[-0.3476,1.2838] sent=[-0.3476,1.2838] limit_clips=0 step_clips=0 tracking_max=nan
[cmd 000334 kind=policy chunk=0166 chunk_step=1] delta_max_rad=0.113076 delta_max_deg=6.4788 joint=right_pinky_PIP joint_index=11 from_rad=0.625513 to_rad=0.738589
[action 000334 chunk_step=1] raw=[-0.3491,1.3539] sent=[-0.3491,1.3539] limit_clips=0 step_clips=0 tracking_max=nan
[latency] hand_policy inference_ms=10.186
[chunk 0167] inference=0.010s predicted=(2, 22)
[cmd 000335 kind=policy chunk=0167 chunk_step=0] delta_max_rad=0.113786 delta_max_deg=6.5195 joint=right_ring_MCP_FE joint_index=13 from_rad=0.419798 to_rad=0.533584
[action 000335 chunk_step=0] raw=[-0.3453,1.3834] sent=[-0.3453,1.3834] limit_clips=0 step_clips=0 tracking_max=nan
[cmd 000336 kind=policy chunk=0167 chunk_step=1] delta_max_rad=0.107214 delta_max_deg=6.1429 joint=right_thumb_MCP_FE joint_index=19 from_rad=0.300013 to_rad=0.407227
[action 000336 chunk_step=1] raw=[-0.3447,1.3622] sent=[-0.3447,1.3622] limit_clips=0 step_clips=0 tracking_max=nan
[latency] hand_policy inference_ms=9.692
[chunk 0168] inference=0.010s predicted=(2, 22)
[cmd 000337 kind=policy chunk=0168 chunk_step=0] delta_max_rad=0.115143 delta_max_deg=6.5972 joint=right_ring_DIP joint_index=16 from_rad=0.668450 to_rad=0.783593
[action 000337 chunk_step=0] raw=[-0.3491,1.2685] sent=[-0.3491,1.2685] limit_clips=0 step_clips=0 tracking_max=nan
[cmd 000338 kind=policy chunk=0168 chunk_step=1] delta_max_rad=0.106676 delta_max_deg=6.1121 joint=right_index_PIP joint_index=2 from_rad=0.815770 to_rad=0.709093
[action 000338 chunk_step=1] raw=[-0.3477,1.1768] sent=[-0.3477,1.1768] limit_clips=0 step_clips=0 tracking_max=nan
[latency] hand_policy inference_ms=8.446
[chunk 0169] inference=0.008s predicted=(2, 22)
[cmd 000339 kind=policy chunk=0169 chunk_step=0] delta_max_rad=0.095366 delta_max_deg=5.4641 joint=right_index_PIP joint_index=2 from_rad=0.709093 to_rad=0.613727
[action 000339 chunk_step=0] raw=[-0.3430,1.1540] sent=[-0.3430,1.1540] limit_clips=0 step_clips=0 tracking_max=nan
[cmd 000340 kind=policy chunk=0169 chunk_step=1] delta_max_rad=0.119568 delta_max_deg=6.8508 joint=right_pinky_PIP joint_index=11 from_rad=0.558523 to_rad=0.438955
[action 000340 chunk_step=1] raw=[-0.3428,1.1678] sent=[-0.3428,1.1678] limit_clips=0 step_clips=0 tracking_max=nan
[latency] hand_policy inference_ms=10.240
[chunk 0170] inference=0.010s predicted=(2, 22)
[cmd 000341 kind=policy chunk=0170 chunk_step=0] delta_max_rad=0.122450 delta_max_deg=7.0159 joint=right_index_PIP joint_index=2 from_rad=0.522462 to_rad=0.400012
[action 000341 chunk_step=0] raw=[-0.3374,1.2258] sent=[-0.3374,1.2258] limit_clips=0 step_clips=0 tracking_max=nan
[cmd 000342 kind=policy chunk=0170 chunk_step=1] delta_max_rad=0.103849 delta_max_deg=5.9501 joint=right_thumb_IP joint_index=21 from_rad=0.530575 to_rad=0.634424
[action 000342 chunk_step=1] raw=[-0.3015,1.2624] sent=[-0.3015,1.2624] limit_clips=0 step_clips=0 tracking_max=nan
[latency] hand_policy inference_ms=9.536
[chunk 0171] inference=0.010s predicted=(2, 22)
[cmd 000343 kind=policy chunk=0171 chunk_step=0] delta_max_rad=0.110042 delta_max_deg=6.3050 joint=right_thumb_IP joint_index=21 from_rad=0.634424 to_rad=0.744466
[action 000343 chunk_step=0] raw=[-0.2618,1.3146] sent=[-0.2618,1.3146] limit_clips=0 step_clips=0 tracking_max=nan
[cmd 000344 kind=policy chunk=0171 chunk_step=1] delta_max_rad=0.088146 delta_max_deg=5.0504 joint=right_pinky_CMC joint_index=8 from_rad=0.054576 to_rad=0.142722
[action 000344 chunk_step=1] raw=[-0.2006,1.3497] sent=[-0.2006,1.3497] limit_clips=0 step_clips=0 tracking_max=nan
[latency] hand_policy inference_ms=8.422
[chunk 0172] inference=0.008s predicted=(2, 22)
[cmd 000345 kind=policy chunk=0172 chunk_step=0] delta_max_rad=0.098602 delta_max_deg=5.6495 joint=right_index_DIP joint_index=3 from_rad=0.852412 to_rad=0.951013
[action 000345 chunk_step=0] raw=[-0.2209,1.2579] sent=[-0.2209,1.2579] limit_clips=0 step_clips=0 tracking_max=nan
[cmd 000346 kind=policy chunk=0172 chunk_step=1] delta_max_rad=0.101138 delta_max_deg=5.7948 joint=right_thumb_MCP_AA joint_index=20 from_rad=-0.195062 to_rad=-0.296200
[action 000346 chunk_step=1] raw=[-0.2962,1.1736] sent=[-0.2962,1.1736] limit_clips=0 step_clips=0 tracking_max=nan
[latency] hand_policy inference_ms=10.183
[chunk 0173] inference=0.010s predicted=(2, 22)
[cmd 000347 kind=policy chunk=0173 chunk_step=0] delta_max_rad=0.097772 delta_max_deg=5.6019 joint=right_thumb_IP joint_index=21 from_rad=0.704414 to_rad=0.606642
[action 000347 chunk_step=0] raw=[-0.3418,1.1412] sent=[-0.3418,1.1412] limit_clips=0 step_clips=0 tracking_max=nan
[cmd 000348 kind=policy chunk=0173 chunk_step=1] delta_max_rad=0.097258 delta_max_deg=5.5725 joint=right_pinky_PIP joint_index=11 from_rad=0.356433 to_rad=0.453691
[action 000348 chunk_step=1] raw=[-0.3468,1.2355] sent=[-0.3468,1.2355] limit_clips=0 step_clips=0 tracking_max=nan
[latency] hand_policy inference_ms=9.530
[chunk 0174] inference=0.010s predicted=(2, 22)
[cmd 000349 kind=policy chunk=0174 chunk_step=0] delta_max_rad=0.131792 delta_max_deg=7.5511 joint=right_index_PIP joint_index=2 from_rad=0.582319 to_rad=0.714112
[action 000349 chunk_step=0] raw=[-0.3475,1.3349] sent=[-0.3475,1.3349] limit_clips=0 step_clips=0 tracking_max=nan
[cmd 000350 kind=policy chunk=0174 chunk_step=1] delta_max_rad=0.105907 delta_max_deg=6.0680 joint=right_pinky_PIP joint_index=11 from_rad=0.560670 to_rad=0.666577
[action 000350 chunk_step=1] raw=[-0.3479,1.3963] sent=[-0.3479,1.3963] limit_clips=0 step_clips=0 tracking_max=nan
[latency] hand_policy inference_ms=8.452
[chunk 0175] inference=0.008s predicted=(2, 22)
[cmd 000351 kind=policy chunk=0175 chunk_step=0] delta_max_rad=0.113252 delta_max_deg=6.4889 joint=right_pinky_PIP joint_index=11 from_rad=0.666577 to_rad=0.779829
[action 000351 chunk_step=0] raw=[-0.3482,1.3939] sent=[-0.3482,1.3939] limit_clips=0 step_clips=0 tracking_max=nan
[cmd 000352 kind=policy chunk=0175 chunk_step=1] delta_max_rad=0.105950 delta_max_deg=6.0705 joint=right_ring_MCP_FE joint_index=13 from_rad=0.409167 to_rad=0.515117
[action 000352 chunk_step=1] raw=[-0.3491,1.3925] sent=[-0.3491,1.3925] limit_clips=0 step_clips=0 tracking_max=nan
[latency] hand_policy inference_ms=10.479
[chunk 0176] inference=0.010s predicted=(2, 22)
[cmd 000353 kind=policy chunk=0176 chunk_step=0] delta_max_rad=0.098619 delta_max_deg=5.6504 joint=right_middle_PIP joint_index=6 from_rad=0.431019 to_rad=0.529638
[action 000353 chunk_step=0] raw=[-0.3462,1.3848] sent=[-0.3462,1.3848] limit_clips=0 step_clips=0 tracking_max=nan
[cmd 000354 kind=policy chunk=0176 chunk_step=1] delta_max_rad=0.101982 delta_max_deg=5.8431 joint=right_index_DIP joint_index=3 from_rad=1.384812 to_rad=1.282830
[action 000354 chunk_step=1] raw=[-0.3457,1.2828] sent=[-0.3457,1.2828] limit_clips=0 step_clips=0 tracking_max=nan
[latency] hand_policy inference_ms=9.545
[chunk 0177] inference=0.010s predicted=(2, 22)
[cmd 000355 kind=policy chunk=0177 chunk_step=0] delta_max_rad=0.107268 delta_max_deg=6.1460 joint=right_index_PIP joint_index=2 from_rad=0.880354 to_rad=0.773085
[action 000355 chunk_step=0] raw=[-0.3452,1.1871] sent=[-0.3452,1.1871] limit_clips=0 step_clips=0 tracking_max=nan
[cmd 000356 kind=policy chunk=0177 chunk_step=1] delta_max_rad=0.101768 delta_max_deg=5.8309 joint=right_index_PIP joint_index=2 from_rad=0.773085 to_rad=0.671318
[action 000356 chunk_step=1] raw=[-0.3434,1.1270] sent=[-0.3434,1.1270] limit_clips=0 step_clips=0 tracking_max=nan
[latency] hand_policy inference_ms=8.561
[chunk 0178] inference=0.009s predicted=(2, 22)
[cmd 000357 kind=policy chunk=0178 chunk_step=0] delta_max_rad=0.100007 delta_max_deg=5.7300 joint=right_index_PIP joint_index=2 from_rad=0.671318 to_rad=0.571311
[action 000357 chunk_step=0] raw=[-0.3483,1.1569] sent=[-0.3483,1.1569] limit_clips=0 step_clips=0 tracking_max=nan
[cmd 000358 kind=policy chunk=0178 chunk_step=1] delta_max_rad=0.105005 delta_max_deg=6.0164 joint=right_index_DIP joint_index=3 from_rad=1.006624 to_rad=0.901619
[action 000358 chunk_step=1] raw=[-0.3463,1.2049] sent=[-0.3463,1.2049] limit_clips=0 step_clips=0 tracking_max=nan
[latency] hand_policy inference_ms=10.528
[chunk 0179] inference=0.011s predicted=(2, 22)
[cmd 000359 kind=policy chunk=0179 chunk_step=0] delta_max_rad=0.104056 delta_max_deg=5.9620 joint=right_ring_MCP_FE joint_index=13 from_rad=0.244533 to_rad=0.140476
[action 000359 chunk_step=0] raw=[-0.3315,1.2419] sent=[-0.3315,1.2419] limit_clips=0 step_clips=0 tracking_max=nan
[cmd 000360 kind=policy chunk=0179 chunk_step=1] delta_max_rad=0.100155 delta_max_deg=5.7384 joint=right_ring_MCP_FE joint_index=13 from_rad=0.140476 to_rad=0.040322
[action 000360 chunk_step=1] raw=[-0.2795,1.3235] sent=[-0.2795,1.3235] limit_clips=0 step_clips=0 tracking_max=nan
[latency] hand_policy inference_ms=9.689
[chunk 0180] inference=0.010s predicted=(2, 22)
[cmd 000361 kind=policy chunk=0180 chunk_step=0] delta_max_rad=0.117968 delta_max_deg=6.7591 joint=right_thumb_IP joint_index=21 from_rad=0.661546 to_rad=0.779515
[action 000361 chunk_step=0] raw=[-0.2046,1.3705] sent=[-0.2046,1.3705] limit_clips=0 step_clips=0 tracking_max=nan
[cmd 000362 kind=policy chunk=0180 chunk_step=1] delta_max_rad=0.109194 delta_max_deg=6.2564 joint=right_thumb_MCP_AA joint_index=20 from_rad=-0.204608 to_rad=-0.095414
[action 000362 chunk_step=1] raw=[-0.1324,1.3484] sent=[-0.1324,1.3484] limit_clips=0 step_clips=0 tracking_max=nan
[latency] hand_policy inference_ms=8.960
[chunk 0181] inference=0.009s predicted=(2, 22)
[cmd 000363 kind=policy chunk=0181 chunk_step=0] delta_max_rad=0.100347 delta_max_deg=5.7495 joint=right_ring_DIP joint_index=16 from_rad=1.348385 to_rad=1.248038
[action 000363 chunk_step=0] raw=[-0.1960,1.2480] sent=[-0.1960,1.2480] limit_clips=0 step_clips=0 tracking_max=nan
[cmd 000364 kind=policy chunk=0181 chunk_step=1] delta_max_rad=0.101260 delta_max_deg=5.8018 joint=right_pinky_PIP joint_index=11 from_rad=0.316252 to_rad=0.417512
[action 000364 chunk_step=1] raw=[-0.2721,1.1582] sent=[-0.2721,1.1582] limit_clips=0 step_clips=0 tracking_max=nan
[latency] hand_policy inference_ms=9.687
[chunk 0182] inference=0.010s predicted=(2, 22)
[cmd 000365 kind=policy chunk=0182 chunk_step=0] delta_max_rad=0.101628 delta_max_deg=5.8229 joint=right_pinky_PIP joint_index=11 from_rad=0.417512 to_rad=0.519140
[action 000365 chunk_step=0] raw=[-0.3343,1.0690] sent=[-0.3343,1.0690] limit_clips=0 step_clips=0 tracking_max=nan
[cmd 000366 kind=policy chunk=0182 chunk_step=1] delta_max_rad=0.098336 delta_max_deg=5.6343 joint=right_pinky_PIP joint_index=11 from_rad=0.519140 to_rad=0.617477
[action 000366 chunk_step=1] raw=[-0.3462,1.1012] sent=[-0.3462,1.1012] limit_clips=0 step_clips=0 tracking_max=nan
[latency] hand_policy inference_ms=9.673
[chunk 0183] inference=0.010s predicted=(2, 22)
[cmd 000367 kind=policy chunk=0183 chunk_step=0] delta_max_rad=0.128293 delta_max_deg=7.3507 joint=right_index_PIP joint_index=2 from_rad=0.598743 to_rad=0.727036
[action 000367 chunk_step=0] raw=[-0.3491,1.2054] sent=[-0.3491,1.2054] limit_clips=0 step_clips=0 tracking_max=nan
[cmd 000368 kind=policy chunk=0183 chunk_step=1] delta_max_rad=0.107966 delta_max_deg=6.1860 joint=right_pinky_PIP joint_index=11 from_rad=0.727123 to_rad=0.835089
[action 000368 chunk_step=1] raw=[-0.3462,1.2851] sent=[-0.3462,1.2851] limit_clips=0 step_clips=0 tracking_max=nan
[latency] hand_policy inference_ms=8.743
[chunk 0184] inference=0.009s predicted=(2, 22)
[cmd 000369 kind=policy chunk=0184 chunk_step=0] delta_max_rad=0.110289 delta_max_deg=6.3191 joint=right_pinky_DIP joint_index=12 from_rad=1.042817 to_rad=1.153105
[action 000369 chunk_step=0] raw=[-0.3491,1.3496] sent=[-0.3491,1.3496] limit_clips=0 step_clips=0 tracking_max=nan
[cmd 000370 kind=policy chunk=0184 chunk_step=1] delta_max_rad=0.126697 delta_max_deg=7.2592 joint=right_ring_MCP_FE joint_index=13 from_rad=0.432970 to_rad=0.559668
[action 000370 chunk_step=1] raw=[-0.3469,1.3596] sent=[-0.3469,1.3596] limit_clips=0 step_clips=0 tracking_max=nan
[latency] hand_policy inference_ms=10.139
[chunk 0185] inference=0.010s predicted=(2, 22)
[cmd 000371 kind=policy chunk=0185 chunk_step=0] delta_max_rad=0.099519 delta_max_deg=5.7020 joint=right_index_PIP joint_index=2 from_rad=0.949137 to_rad=0.849618
[action 000371 chunk_step=0] raw=[-0.3480,1.2801] sent=[-0.3480,1.2801] limit_clips=0 step_clips=0 tracking_max=nan
[cmd 000372 kind=policy chunk=0185 chunk_step=1] delta_max_rad=0.108340 delta_max_deg=6.2074 joint=right_pinky_PIP joint_index=11 from_rad=0.960561 to_rad=0.852221
[action 000372 chunk_step=1] raw=[-0.3481,1.2387] sent=[-0.3481,1.2387] limit_clips=0 step_clips=0 tracking_max=nan
[latency] hand_policy inference_ms=9.596
[chunk 0186] inference=0.010s predicted=(2, 22)
[cmd 000373 kind=policy chunk=0186 chunk_step=0] delta_max_rad=0.101957 delta_max_deg=5.8417 joint=right_pinky_PIP joint_index=11 from_rad=0.852221 to_rad=0.750264
[action 000373 chunk_step=0] raw=[-0.3441,1.2238] sent=[-0.3441,1.2238] limit_clips=0 step_clips=0 tracking_max=nan
[cmd 000374 kind=policy chunk=0186 chunk_step=1] delta_max_rad=0.094857 delta_max_deg=5.4349 joint=right_pinky_DIP joint_index=12 from_rad=1.147383 to_rad=1.052526
[action 000374 chunk_step=1] raw=[-0.3446,1.2680] sent=[-0.3446,1.2680] limit_clips=0 step_clips=0 tracking_max=nan
[latency] hand_policy inference_ms=8.501
[chunk 0187] inference=0.009s predicted=(2, 22)
[cmd 000375 kind=policy chunk=0187 chunk_step=0] delta_max_rad=0.102841 delta_max_deg=5.8923 joint=right_pinky_PIP joint_index=11 from_rad=0.658886 to_rad=0.556046
[action 000375 chunk_step=0] raw=[-0.3424,1.2772] sent=[-0.3424,1.2772] limit_clips=0 step_clips=0 tracking_max=nan
[cmd 000376 kind=policy chunk=0187 chunk_step=1] delta_max_rad=0.108014 delta_max_deg=6.1887 joint=right_pinky_PIP joint_index=11 from_rad=0.556046 to_rad=0.448032
[action 000376 chunk_step=1] raw=[-0.3054,1.2656] sent=[-0.3054,1.2656] limit_clips=0 step_clips=0 tracking_max=nan
[latency] hand_policy inference_ms=10.264
[chunk 0188] inference=0.010s predicted=(2, 22)
[cmd 000377 kind=policy chunk=0188 chunk_step=0] delta_max_rad=0.111585 delta_max_deg=6.3934 joint=right_pinky_DIP joint_index=12 from_rad=0.876648 to_rad=0.765063
[action 000377 chunk_step=0] raw=[-0.2755,1.2999] sent=[-0.2755,1.2999] limit_clips=0 step_clips=0 tracking_max=nan
[cmd 000378 kind=policy chunk=0188 chunk_step=1] delta_max_rad=0.103870 delta_max_deg=5.9513 joint=right_pinky_PIP joint_index=11 from_rad=0.344501 to_rad=0.240631
[action 000378 chunk_step=1] raw=[-0.2103,1.3649] sent=[-0.2103,1.3649] limit_clips=0 step_clips=0 tracking_max=nan
[latency] hand_policy inference_ms=9.637
[chunk 0189] inference=0.010s predicted=(2, 22)
[cmd 000379 kind=policy chunk=0189 chunk_step=0] delta_max_rad=0.096206 delta_max_deg=5.5122 joint=right_pinky_DIP joint_index=12 from_rad=0.680280 to_rad=0.584074
[action 000379 chunk_step=0] raw=[-0.1690,1.3798] sent=[-0.1690,1.3798] limit_clips=0 step_clips=0 tracking_max=nan
[cmd 000380 kind=policy chunk=0189 chunk_step=1] delta_max_rad=0.118491 delta_max_deg=6.7891 joint=right_ring_PIP joint_index=15 from_rad=1.075865 to_rad=0.957374
[action 000380 chunk_step=1] raw=[-0.2105,1.2813] sent=[-0.2105,1.2813] limit_clips=0 step_clips=0 tracking_max=nan
[latency] hand_policy inference_ms=8.722
[chunk 0190] inference=0.009s predicted=(2, 22)
[cmd 000381 kind=policy chunk=0190 chunk_step=0] delta_max_rad=0.103301 delta_max_deg=5.9187 joint=right_index_DIP joint_index=3 from_rad=1.014594 to_rad=1.117896
[action 000381 chunk_step=0] raw=[-0.3080,1.1891] sent=[-0.3080,1.1891] limit_clips=0 step_clips=0 tracking_max=nan
[cmd 000382 kind=policy chunk=0190 chunk_step=1] delta_max_rad=0.109368 delta_max_deg=6.2663 joint=right_pinky_PIP joint_index=11 from_rad=0.276692 to_rad=0.386060
[action 000382 chunk_step=1] raw=[-0.3491,1.2004] sent=[-0.3491,1.2004] limit_clips=0 step_clips=0 tracking_max=nan
[latency] hand_policy inference_ms=10.039
[chunk 0191] inference=0.010s predicted=(2, 22)
[cmd 000383 kind=policy chunk=0191 chunk_step=0] delta_max_rad=0.100408 delta_max_deg=5.7529 joint=right_thumb_IP joint_index=21 from_rad=0.600532 to_rad=0.500124
[action 000383 chunk_step=0] raw=[-0.3491,1.2879] sent=[-0.3491,1.2879] limit_clips=0 step_clips=0 tracking_max=nan
[cmd 000384 kind=policy chunk=0191 chunk_step=1] delta_max_rad=0.094695 delta_max_deg=5.4256 joint=right_pinky_DIP joint_index=12 from_rad=0.788684 to_rad=0.883379
[action 000384 chunk_step=1] raw=[-0.3487,1.3545] sent=[-0.3487,1.3545] limit_clips=0 step_clips=0 tracking_max=nan
[latency] hand_policy inference_ms=9.673
[chunk 0192] inference=0.010s predicted=(2, 22)
[cmd 000385 kind=policy chunk=0192 chunk_step=0] delta_max_rad=0.121994 delta_max_deg=6.9898 joint=right_pinky_DIP joint_index=12 from_rad=0.883379 to_rad=1.005373
[action 000385 chunk_step=0] raw=[-0.3491,1.3882] sent=[-0.3491,1.3882] limit_clips=0 step_clips=0 tracking_max=nan
[cmd 000386 kind=policy chunk=0192 chunk_step=1] delta_max_rad=0.117139 delta_max_deg=6.7115 joint=right_pinky_DIP joint_index=12 from_rad=1.005373 to_rad=1.122512
[action 000386 chunk_step=1] raw=[-0.3491,1.3817] sent=[-0.3491,1.3817] limit_clips=0 step_clips=0 tracking_max=nan
[latency] hand_policy inference_ms=8.789
[chunk 0193] inference=0.009s predicted=(2, 22)
[cmd 000387 kind=policy chunk=0193 chunk_step=0] delta_max_rad=0.112056 delta_max_deg=6.4203 joint=right_ring_MCP_FE joint_index=13 from_rad=0.552537 to_rad=0.664593
[action 000387 chunk_step=0] raw=[-0.3458,1.3493] sent=[-0.3458,1.3493] limit_clips=0 step_clips=0 tracking_max=nan
[cmd 000388 kind=policy chunk=0193 chunk_step=1] delta_max_rad=0.112836 delta_max_deg=6.4651 joint=right_index_PIP joint_index=2 from_rad=0.865155 to_rad=0.752318
[action 000388 chunk_step=1] raw=[-0.3422,1.3102] sent=[-0.3422,1.3102] limit_clips=0 step_clips=0 tracking_max=nan
[latency] hand_policy inference_ms=9.003
[chunk 0194] inference=0.009s predicted=(2, 22)
[cmd 000389 kind=policy chunk=0194 chunk_step=0] delta_max_rad=0.098076 delta_max_deg=5.6193 joint=right_pinky_PIP joint_index=11 from_rad=0.698165 to_rad=0.600089
[action 000389 chunk_step=0] raw=[-0.3488,1.2973] sent=[-0.3488,1.2973] limit_clips=0 step_clips=0 tracking_max=nan
[cmd 000390 kind=policy chunk=0194 chunk_step=1] delta_max_rad=0.104438 delta_max_deg=5.9839 joint=right_middle_DIP joint_index=7 from_rad=1.070412 to_rad=1.174850
[action 000390 chunk_step=1] raw=[-0.3478,1.2891] sent=[-0.3478,1.2891] limit_clips=0 step_clips=0 tracking_max=nan
[latency] hand_policy inference_ms=9.644
[chunk 0195] inference=0.010s predicted=(2, 22)
[cmd 000391 kind=policy chunk=0195 chunk_step=0] delta_max_rad=0.108241 delta_max_deg=6.2017 joint=right_index_DIP joint_index=3 from_rad=1.057965 to_rad=0.949724
[action 000391 chunk_step=0] raw=[-0.3460,1.2586] sent=[-0.3460,1.2586] limit_clips=0 step_clips=0 tracking_max=nan
[cmd 000392 kind=policy chunk=0195 chunk_step=1] delta_max_rad=0.096277 delta_max_deg=5.5163 joint=right_index_PIP joint_index=2 from_rad=0.487586 to_rad=0.391309
[action 000392 chunk_step=1] raw=[-0.3429,1.3260] sent=[-0.3429,1.3260] limit_clips=0 step_clips=0 tracking_max=nan
[latency] hand_policy inference_ms=8.731
[chunk 0196] inference=0.009s predicted=(2, 22)
[cmd 000393 kind=policy chunk=0196 chunk_step=0] delta_max_rad=0.121850 delta_max_deg=6.9815 joint=right_thumb_IP joint_index=21 from_rad=0.573952 to_rad=0.695803
[action 000393 chunk_step=0] raw=[-0.3472,1.3626] sent=[-0.3472,1.3626] limit_clips=0 step_clips=0 tracking_max=nan
[cmd 000394 kind=policy chunk=0196 chunk_step=1] delta_max_rad=0.094381 delta_max_deg=5.4076 joint=right_thumb_IP joint_index=21 from_rad=0.695803 to_rad=0.790184
[action 000394 chunk_step=1] raw=[-0.3260,1.3513] sent=[-0.3260,1.3513] limit_clips=0 step_clips=0 tracking_max=nan
[latency] hand_policy inference_ms=10.232
[chunk 0197] inference=0.010s predicted=(2, 22)
[cmd 000395 kind=policy chunk=0197 chunk_step=0] delta_max_rad=0.127200 delta_max_deg=7.2880 joint=right_thumb_IP joint_index=21 from_rad=0.790184 to_rad=0.917384
[action 000395 chunk_step=0] raw=[-0.3311,1.3739] sent=[-0.3311,1.3739] limit_clips=0 step_clips=0 tracking_max=nan
[cmd 000396 kind=policy chunk=0197 chunk_step=1] delta_max_rad=0.089263 delta_max_deg=5.1144 joint=right_pinky_CMC joint_index=8 from_rad=0.080685 to_rad=0.169948
[action 000396 chunk_step=1] raw=[-0.3238,1.3943] sent=[-0.3238,1.3943] limit_clips=0 step_clips=0 tracking_max=nan
[latency] hand_policy inference_ms=9.499
[chunk 0198] inference=0.009s predicted=(2, 22)
[cmd 000397 kind=policy chunk=0198 chunk_step=0] delta_max_rad=0.112608 delta_max_deg=6.4520 joint=right_middle_PIP joint_index=6 from_rad=0.660024 to_rad=0.547415
[action 000397 chunk_step=0] raw=[-0.3491,1.3507] sent=[-0.3491,1.3507] limit_clips=0 step_clips=0 tracking_max=nan
[cmd 000398 kind=policy chunk=0198 chunk_step=1] delta_max_rad=0.097123 delta_max_deg=5.5648 joint=right_thumb_IP joint_index=21 from_rad=0.952764 to_rad=0.855641
[action 000398 chunk_step=1] raw=[-0.3472,1.2620] sent=[-0.3472,1.2620] limit_clips=0 step_clips=0 tracking_max=nan
[latency] hand_policy inference_ms=8.652
[chunk 0199] inference=0.009s predicted=(2, 22)
[cmd 000399 kind=policy chunk=0199 chunk_step=0] delta_max_rad=0.106468 delta_max_deg=6.1002 joint=right_middle_DIP joint_index=7 from_rad=1.123954 to_rad=1.017486
[action 000399 chunk_step=0] raw=[-0.3463,1.1873] sent=[-0.3463,1.1873] limit_clips=0 step_clips=0 tracking_max=nan
[cmd 000400 kind=policy chunk=0199 chunk_step=1] delta_max_rad=0.107246 delta_max_deg=6.1448 joint=right_pinky_PIP joint_index=11 from_rad=0.365643 to_rad=0.472889
[action 000400 chunk_step=1] raw=[-0.3457,1.2806] sent=[-0.3457,1.2806] limit_clips=0 step_clips=0 tracking_max=nan
[latency] hand_policy inference_ms=10.193
[chunk 0200] inference=0.010s predicted=(2, 22)
[cmd 000401 kind=policy chunk=0200 chunk_step=0] delta_max_rad=0.107087 delta_max_deg=6.1357 joint=right_pinky_PIP joint_index=11 from_rad=0.472889 to_rad=0.579976
[action 000401 chunk_step=0] raw=[-0.3485,1.3717] sent=[-0.3485,1.3717] limit_clips=0 step_clips=0 tracking_max=nan
[cmd 000402 kind=policy chunk=0200 chunk_step=1] delta_max_rad=0.102426 delta_max_deg=5.8686 joint=right_ring_MCP_FE joint_index=13 from_rad=0.268594 to_rad=0.371021
[action 000402 chunk_step=1] raw=[-0.3463,1.3941] sent=[-0.3463,1.3941] limit_clips=0 step_clips=0 tracking_max=nan
[latency] hand_policy inference_ms=9.550
[chunk 0201] inference=0.010s predicted=(2, 22)
[cmd 000403 kind=policy chunk=0201 chunk_step=0] delta_max_rad=0.111950 delta_max_deg=6.4143 joint=right_ring_MCP_FE joint_index=13 from_rad=0.371021 to_rad=0.482971
[action 000403 chunk_step=0] raw=[-0.3437,1.3905] sent=[-0.3437,1.3905] limit_clips=0 step_clips=0 tracking_max=nan
[cmd 000404 kind=policy chunk=0201 chunk_step=1] delta_max_rad=0.109454 delta_max_deg=6.2712 joint=right_ring_MCP_FE joint_index=13 from_rad=0.482971 to_rad=0.592424
[action 000404 chunk_step=1] raw=[-0.3456,1.3128] sent=[-0.3456,1.3128] limit_clips=0 step_clips=0 tracking_max=nan
[latency] hand_policy inference_ms=8.673
[chunk 0202] inference=0.009s predicted=(2, 22)
[cmd 000405 kind=policy chunk=0202 chunk_step=0] delta_max_rad=0.114738 delta_max_deg=6.5740 joint=right_ring_DIP joint_index=16 from_rad=0.817943 to_rad=0.932681
[action 000405 chunk_step=0] raw=[-0.3474,1.2683] sent=[-0.3474,1.2683] limit_clips=0 step_clips=0 tracking_max=nan
[cmd 000406 kind=policy chunk=0202 chunk_step=1] delta_max_rad=0.098812 delta_max_deg=5.6615 joint=right_ring_PIP joint_index=15 from_rad=0.553953 to_rad=0.652765
[action 000406 chunk_step=1] raw=[-0.3446,1.2547] sent=[-0.3446,1.2547] limit_clips=0 step_clips=0 tracking_max=nan
[latency] hand_policy inference_ms=10.311
[chunk 0203] inference=0.010s predicted=(2, 22)
[cmd 000407 kind=policy chunk=0203 chunk_step=0] delta_max_rad=0.096014 delta_max_deg=5.5012 joint=right_ring_DIP joint_index=16 from_rad=1.031153 to_rad=1.127167
[action 000407 chunk_step=0] raw=[-0.3443,1.2788] sent=[-0.3443,1.2788] limit_clips=0 step_clips=0 tracking_max=nan
[cmd 000408 kind=policy chunk=0203 chunk_step=1] delta_max_rad=0.097842 delta_max_deg=5.6060 joint=right_thumb_IP joint_index=21 from_rad=0.555271 to_rad=0.653113
[action 000408 chunk_step=1] raw=[-0.3452,1.3286] sent=[-0.3452,1.3286] limit_clips=0 step_clips=0 tracking_max=nan
[latency] hand_policy inference_ms=9.667
[chunk 0204] inference=0.010s predicted=(2, 22)
[cmd 000409 kind=policy chunk=0204 chunk_step=0] delta_max_rad=0.117253 delta_max_deg=6.7181 joint=right_thumb_IP joint_index=21 from_rad=0.653113 to_rad=0.770366
[action 000409 chunk_step=0] raw=[-0.3474,1.3543] sent=[-0.3474,1.3543] limit_clips=0 step_clips=0 tracking_max=nan
[cmd 000410 kind=policy chunk=0204 chunk_step=1] delta_max_rad=0.100099 delta_max_deg=5.7352 joint=right_ring_MCP_FE joint_index=13 from_rad=0.272947 to_rad=0.172849
[action 000410 chunk_step=1] raw=[-0.3460,1.3694] sent=[-0.3460,1.3694] limit_clips=0 step_clips=0 tracking_max=nan
[latency] hand_policy inference_ms=8.837
[chunk 0205] inference=0.009s predicted=(2, 22)
[cmd 000411 kind=policy chunk=0205 chunk_step=0] delta_max_rad=0.111314 delta_max_deg=6.3778 joint=right_thumb_IP joint_index=21 from_rad=0.849347 to_rad=0.960661
[action 000411 chunk_step=0] raw=[-0.3483,1.3941] sent=[-0.3483,1.3941] limit_clips=0 step_clips=0 tracking_max=nan
[cmd 000412 kind=policy chunk=0205 chunk_step=1] delta_max_rad=0.102573 delta_max_deg=5.8770 joint=right_middle_PIP joint_index=6 from_rad=0.490896 to_rad=0.388323
[action 000412 chunk_step=1] raw=[-0.3448,1.3963] sent=[-0.3448,1.3963] limit_clips=0 step_clips=0 tracking_max=nan
[latency] hand_policy inference_ms=10.452
[chunk 0206] inference=0.010s predicted=(2, 22)
[cmd 000413 kind=policy chunk=0206 chunk_step=0] delta_max_rad=0.108656 delta_max_deg=6.2255 joint=right_ring_PIP joint_index=15 from_rad=0.919779 to_rad=0.811123
[action 000413 chunk_step=0] raw=[-0.3488,1.3215] sent=[-0.3488,1.3215] limit_clips=0 step_clips=0 tracking_max=nan
[cmd 000414 kind=policy chunk=0206 chunk_step=1] delta_max_rad=0.106726 delta_max_deg=6.1149 joint=right_pinky_DIP joint_index=12 from_rad=0.773885 to_rad=0.880611
[action 000414 chunk_step=1] raw=[-0.3475,1.2295] sent=[-0.3475,1.2295] limit_clips=0 step_clips=0 tracking_max=nan
[latency] hand_policy inference_ms=9.641
[chunk 0207] inference=0.010s predicted=(2, 22)
[cmd 000415 kind=policy chunk=0207 chunk_step=0] delta_max_rad=0.110459 delta_max_deg=6.3288 joint=right_index_PIP joint_index=2 from_rad=0.481402 to_rad=0.591861
[action 000415 chunk_step=0] raw=[-0.3491,1.3017] sent=[-0.3491,1.3017] limit_clips=0 step_clips=0 tracking_max=nan
[cmd 000416 kind=policy chunk=0207 chunk_step=1] delta_max_rad=0.098415 delta_max_deg=5.6387 joint=right_middle_MCP_FE joint_index=4 from_rad=0.387560 to_rad=0.485975
[action 000416 chunk_step=1] raw=[-0.3488,1.3782] sent=[-0.3488,1.3782] limit_clips=0 step_clips=0 tracking_max=nan
[latency] hand_policy inference_ms=8.442
[chunk 0208] inference=0.008s predicted=(2, 22)
[cmd 000417 kind=policy chunk=0208 chunk_step=0] delta_max_rad=0.095783 delta_max_deg=5.4879 joint=right_ring_DIP joint_index=16 from_rad=1.055550 to_rad=0.959767
[action 000417 chunk_step=0] raw=[-0.3465,1.3963] sent=[-0.3465,1.3963] limit_clips=0 step_clips=0 tracking_max=nan
[cmd 000418 kind=policy chunk=0208 chunk_step=1] delta_max_rad=0.105601 delta_max_deg=6.0505 joint=right_ring_MCP_FE joint_index=13 from_rad=0.419139 to_rad=0.524740
[action 000418 chunk_step=1] raw=[-0.3472,1.3405] sent=[-0.3472,1.3405] limit_clips=0 step_clips=0 tracking_max=nan
[latency] hand_policy inference_ms=10.359
[chunk 0209] inference=0.010s predicted=(2, 22)
[cmd 000419 kind=policy chunk=0209 chunk_step=0] delta_max_rad=0.113035 delta_max_deg=6.4764 joint=right_pinky_MCP_AA joint_index=10 from_rad=0.214185 to_rad=0.327219
[action 000419 chunk_step=0] raw=[-0.3488,1.3348] sent=[-0.3488,1.3348] limit_clips=0 step_clips=0 tracking_max=nan
[cmd 000420 kind=policy chunk=0209 chunk_step=1] delta_max_rad=0.106296 delta_max_deg=6.0903 joint=right_middle_DIP joint_index=7 from_rad=1.201267 to_rad=1.307563
[action 000420 chunk_step=1] raw=[-0.3474,1.3403] sent=[-0.3474,1.3403] limit_clips=0 step_clips=0 tracking_max=nan
[latency] hand_policy inference_ms=9.607
[chunk 0210] inference=0.010s predicted=(2, 22)
[cmd 000421 kind=policy chunk=0210 chunk_step=0] delta_max_rad=0.089871 delta_max_deg=5.1492 joint=right_index_DIP joint_index=3 from_rad=1.160088 to_rad=1.070217
[action 000421 chunk_step=0] raw=[-0.3464,1.3771] sent=[-0.3464,1.3771] limit_clips=0 step_clips=0 tracking_max=nan
[cmd 000422 kind=policy chunk=0210 chunk_step=1] delta_max_rad=0.102809 delta_max_deg=5.8905 joint=right_index_DIP joint_index=3 from_rad=1.070217 to_rad=0.967407
[action 000422 chunk_step=1] raw=[-0.3466,1.3939] sent=[-0.3466,1.3939] limit_clips=0 step_clips=0 tracking_max=nan
[latency] hand_policy inference_ms=8.862
[chunk 0211] inference=0.009s predicted=(2, 22)
[cmd 000423 kind=policy chunk=0211 chunk_step=0] delta_max_rad=0.101730 delta_max_deg=5.8287 joint=right_ring_MCP_FE joint_index=13 from_rad=0.408591 to_rad=0.306861
[action 000423 chunk_step=0] raw=[-0.3486,1.3924] sent=[-0.3486,1.3924] limit_clips=0 step_clips=0 tracking_max=nan
[cmd 000424 kind=policy chunk=0211 chunk_step=1] delta_max_rad=0.112796 delta_max_deg=6.4627 joint=right_ring_MCP_FE joint_index=13 from_rad=0.306861 to_rad=0.194065
[action 000424 chunk_step=1] raw=[-0.3432,1.3908] sent=[-0.3432,1.3908] limit_clips=0 step_clips=0 tracking_max=nan
[latency] hand_policy inference_ms=10.364
[chunk 0212] inference=0.010s predicted=(2, 22)
[cmd 000425 kind=policy chunk=0212 chunk_step=0] delta_max_rad=0.106199 delta_max_deg=6.0848 joint=right_ring_MCP_FE joint_index=13 from_rad=0.194065 to_rad=0.087866
[action 000425 chunk_step=0] raw=[-0.3490,1.3906] sent=[-0.3490,1.3906] limit_clips=0 step_clips=0 tracking_max=nan
[cmd 000426 kind=policy chunk=0212 chunk_step=1] delta_max_rad=0.086350 delta_max_deg=4.9475 joint=right_pinky_CMC joint_index=8 from_rad=0.098767 to_rad=0.185117
[action 000426 chunk_step=1] raw=[-0.3440,1.3963] sent=[-0.3440,1.3963] limit_clips=0 step_clips=0 tracking_max=nan
[latency] hand_policy inference_ms=9.558
[chunk 0213] inference=0.010s predicted=(2, 22)
[cmd 000427 kind=policy chunk=0213 chunk_step=0] delta_max_rad=0.098146 delta_max_deg=5.6234 joint=right_index_DIP joint_index=3 from_rad=0.916093 to_rad=1.014239
[action 000427 chunk_step=0] raw=[-0.3457,1.3379] sent=[-0.3457,1.3379] limit_clips=0 step_clips=0 tracking_max=nan
[cmd 000428 kind=policy chunk=0213 chunk_step=1] delta_max_rad=0.101299 delta_max_deg=5.8040 joint=right_ring_PIP joint_index=15 from_rad=0.873390 to_rad=0.772091
[action 000428 chunk_step=1] raw=[-0.3467,1.2523] sent=[-0.3467,1.2523] limit_clips=0 step_clips=0 tracking_max=nan
[latency] hand_policy inference_ms=8.484
[chunk 0214] inference=0.008s predicted=(2, 22)
[cmd 000429 kind=policy chunk=0214 chunk_step=0] delta_max_rad=0.100295 delta_max_deg=5.7465 joint=right_index_PIP joint_index=2 from_rad=0.419302 to_rad=0.519597
[action 000429 chunk_step=0] raw=[-0.3491,1.2035] sent=[-0.3491,1.2035] limit_clips=0 step_clips=0 tracking_max=nan
[cmd 000430 kind=policy chunk=0214 chunk_step=1] delta_max_rad=0.105007 delta_max_deg=6.0165 joint=right_pinky_PIP joint_index=11 from_rad=0.193461 to_rad=0.298468
[action 000430 chunk_step=1] raw=[-0.3476,1.3014] sent=[-0.3476,1.3014] limit_clips=0 step_clips=0 tracking_max=nan
[latency] hand_policy inference_ms=10.285
[chunk 0215] inference=0.010s predicted=(2, 22)
[cmd 000431 kind=policy chunk=0215 chunk_step=0] delta_max_rad=0.106346 delta_max_deg=6.0932 joint=right_thumb_IP joint_index=21 from_rad=0.633205 to_rad=0.526859
[action 000431 chunk_step=0] raw=[-0.3478,1.3761] sent=[-0.3478,1.3761] limit_clips=0 step_clips=0 tracking_max=nan
[cmd 000432 kind=policy chunk=0215 chunk_step=1] delta_max_rad=0.103259 delta_max_deg=5.9163 joint=right_thumb_IP joint_index=21 from_rad=0.526859 to_rad=0.423600
[action 000432 chunk_step=1] raw=[-0.3478,1.3778] sent=[-0.3478,1.3778] limit_clips=0 step_clips=0 tracking_max=nan
[latency] hand_policy inference_ms=9.569
[chunk 0216] inference=0.010s predicted=(2, 22)
[cmd 000433 kind=policy chunk=0216 chunk_step=0] delta_max_rad=0.104449 delta_max_deg=5.9845 joint=right_ring_MCP_FE joint_index=13 from_rad=0.463087 to_rad=0.567536
[action 000433 chunk_step=0] raw=[-0.3491,1.3427] sent=[-0.3491,1.3427] limit_clips=0 step_clips=0 tracking_max=nan
[cmd 000434 kind=policy chunk=0216 chunk_step=1] delta_max_rad=0.105063 delta_max_deg=6.0197 joint=right_middle_DIP joint_index=7 from_rad=0.955127 to_rad=1.060190
[action 000434 chunk_step=1] raw=[-0.3458,1.3819] sent=[-0.3458,1.3819] limit_clips=0 step_clips=0 tracking_max=nan
[latency] hand_policy inference_ms=8.561
[chunk 0217] inference=0.009s predicted=(2, 22)
[cmd 000435 kind=policy chunk=0217 chunk_step=0] delta_max_rad=0.100288 delta_max_deg=5.7461 joint=right_pinky_PIP joint_index=11 from_rad=0.522052 to_rad=0.421764
[action 000435 chunk_step=0] raw=[-0.3466,1.3804] sent=[-0.3466,1.3804] limit_clips=0 step_clips=0 tracking_max=nan
[cmd 000436 kind=policy chunk=0217 chunk_step=1] delta_max_rad=0.111086 delta_max_deg=6.3648 joint=right_pinky_PIP joint_index=11 from_rad=0.421764 to_rad=0.310678
[action 000436 chunk_step=1] raw=[-0.3470,1.3492] sent=[-0.3470,1.3492] limit_clips=0 step_clips=0 tracking_max=nan
[latency] hand_policy inference_ms=10.236
[chunk 0218] inference=0.010s predicted=(2, 22)
[cmd 000437 kind=policy chunk=0218 chunk_step=0] delta_max_rad=0.106641 delta_max_deg=6.1101 joint=right_pinky_PIP joint_index=11 from_rad=0.310678 to_rad=0.204037
[action 000437 chunk_step=0] raw=[-0.3470,1.3260] sent=[-0.3470,1.3260] limit_clips=0 step_clips=0 tracking_max=nan
[cmd 000438 kind=policy chunk=0218 chunk_step=1] delta_max_rad=0.094816 delta_max_deg=5.4326 joint=right_ring_DIP joint_index=16 from_rad=1.110234 to_rad=1.205051
[action 000438 chunk_step=1] raw=[-0.3491,1.3116] sent=[-0.3491,1.3116] limit_clips=0 step_clips=0 tracking_max=nan
[latency] hand_policy inference_ms=9.667
[chunk 0219] inference=0.010s predicted=(2, 22)
[cmd 000439 kind=policy chunk=0219 chunk_step=0] delta_max_rad=0.108184 delta_max_deg=6.1985 joint=right_thumb_IP joint_index=21 from_rad=0.357788 to_rad=0.465972
[action 000439 chunk_step=0] raw=[-0.3485,1.3205] sent=[-0.3485,1.3205] limit_clips=0 step_clips=0 tracking_max=nan
[cmd 000440 kind=policy chunk=0219 chunk_step=1] delta_max_rad=0.096042 delta_max_deg=5.5028 joint=right_pinky_DIP joint_index=12 from_rad=1.089670 to_rad=0.993628
[action 000440 chunk_step=1] raw=[-0.3380,1.3702] sent=[-0.3380,1.3702] limit_clips=0 step_clips=0 tracking_max=nan
[latency] hand_policy inference_ms=8.550
[chunk 0220] inference=0.009s predicted=(2, 22)
[cmd 000441 kind=policy chunk=0220 chunk_step=0] delta_max_rad=0.090143 delta_max_deg=5.1648 joint=right_pinky_CMC joint_index=8 from_rad=0.119897 to_rad=0.210041
[action 000441 chunk_step=0] raw=[-0.3430,1.3941] sent=[-0.3430,1.3941] limit_clips=0 step_clips=0 tracking_max=nan
[cmd 000442 kind=policy chunk=0220 chunk_step=1] delta_max_rad=0.106953 delta_max_deg=6.1279 joint=right_index_DIP joint_index=3 from_rad=0.892705 to_rad=0.999658
[action 000442 chunk_step=1] raw=[-0.3438,1.3297] sent=[-0.3438,1.3297] limit_clips=0 step_clips=0 tracking_max=nan
[latency] hand_policy inference_ms=10.276
[chunk 0221] inference=0.010s predicted=(2, 22)
[cmd 000443 kind=policy chunk=0221 chunk_step=0] delta_max_rad=0.094602 delta_max_deg=5.4203 joint=right_index_DIP joint_index=3 from_rad=0.999658 to_rad=1.094260
[action 000443 chunk_step=0] raw=[-0.3481,1.2562] sent=[-0.3481,1.2562] limit_clips=0 step_clips=0 tracking_max=nan
[cmd 000444 kind=policy chunk=0221 chunk_step=1] delta_max_rad=0.101328 delta_max_deg=5.8057 joint=right_pinky_DIP joint_index=12 from_rad=0.920696 to_rad=1.022025
[action 000444 chunk_step=1] raw=[-0.3491,1.2260] sent=[-0.3491,1.2260] limit_clips=0 step_clips=0 tracking_max=nan
[latency] hand_policy inference_ms=9.579
[chunk 0222] inference=0.010s predicted=(2, 22)
[cmd 000445 kind=policy chunk=0222 chunk_step=0] delta_max_rad=0.111021 delta_max_deg=6.3610 joint=right_thumb_MCP_FE joint_index=19 from_rad=0.287707 to_rad=0.176687
[action 000445 chunk_step=0] raw=[-0.3475,1.2657] sent=[-0.3475,1.2657] limit_clips=0 step_clips=0 tracking_max=nan
[cmd 000446 kind=policy chunk=0222 chunk_step=1] delta_max_rad=0.113288 delta_max_deg=6.4909 joint=right_thumb_IP joint_index=21 from_rad=0.343345 to_rad=0.230057
[action 000446 chunk_step=1] raw=[-0.3468,1.3571] sent=[-0.3468,1.3571] limit_clips=0 step_clips=0 tracking_max=nan
[latency] hand_policy inference_ms=8.774
[chunk 0223] inference=0.009s predicted=(2, 22)
[cmd 000447 kind=policy chunk=0223 chunk_step=0] delta_max_rad=0.105496 delta_max_deg=6.0445 joint=right_pinky_DIP joint_index=12 from_rad=1.176982 to_rad=1.282478
[action 000447 chunk_step=0] raw=[-0.3465,1.3948] sent=[-0.3465,1.3948] limit_clips=0 step_clips=0 tracking_max=nan
[cmd 000448 kind=policy chunk=0223 chunk_step=1] delta_max_rad=0.115764 delta_max_deg=6.6328 joint=right_ring_MCP_FE joint_index=13 from_rad=0.495273 to_rad=0.611038
[action 000448 chunk_step=1] raw=[-0.3467,1.3813] sent=[-0.3467,1.3813] limit_clips=0 step_clips=0 tracking_max=nan
[latency] hand_policy inference_ms=10.322
[chunk 0224] inference=0.010s predicted=(2, 22)
[cmd 000449 kind=policy chunk=0224 chunk_step=0] delta_max_rad=0.107485 delta_max_deg=6.1584 joint=right_middle_PIP joint_index=6 from_rad=0.237174 to_rad=0.344658
[action 000449 chunk_step=0] raw=[-0.3489,1.3632] sent=[-0.3489,1.3632] limit_clips=0 step_clips=0 tracking_max=nan
[cmd 000450 kind=policy chunk=0224 chunk_step=1] delta_max_rad=0.106877 delta_max_deg=6.1236 joint=right_index_DIP joint_index=3 from_rad=1.329120 to_rad=1.222242
[action 000450 chunk_step=1] raw=[-0.3475,1.3288] sent=[-0.3475,1.3288] limit_clips=0 step_clips=0 tracking_max=nan
[latency] hand_policy inference_ms=8.620
[chunk 0225] inference=0.009s predicted=(2, 22)
[cmd 000451 kind=policy chunk=0225 chunk_step=0] delta_max_rad=0.105052 delta_max_deg=6.0190 joint=right_middle_MCP_FE joint_index=4 from_rad=0.648863 to_rad=0.543812
[action 000451 chunk_step=0] raw=[-0.3480,1.2587] sent=[-0.3480,1.2587] limit_clips=0 step_clips=0 tracking_max=nan
[cmd 000452 kind=policy chunk=0225 chunk_step=1] delta_max_rad=0.095901 delta_max_deg=5.4947 joint=right_index_DIP joint_index=3 from_rad=1.129334 to_rad=1.033433
[action 000452 chunk_step=1] raw=[-0.3484,1.3439] sent=[-0.3484,1.3439] limit_clips=0 step_clips=0 tracking_max=nan
[latency] hand_policy inference_ms=8.872
[chunk 0226] inference=0.009s predicted=(2, 22)
[cmd 000453 kind=policy chunk=0226 chunk_step=0] delta_max_rad=0.101039 delta_max_deg=5.7891 joint=right_pinky_DIP joint_index=12 from_rad=1.161573 to_rad=1.060534
[action 000453 chunk_step=0] raw=[-0.3491,1.3868] sent=[-0.3491,1.3868] limit_clips=0 step_clips=0 tracking_max=nan
[cmd 000454 kind=policy chunk=0226 chunk_step=1] delta_max_rad=0.112552 delta_max_deg=6.4487 joint=right_index_PIP joint_index=2 from_rad=0.378688 to_rad=0.266137
[action 000454 chunk_step=1] raw=[-0.3491,1.3865] sent=[-0.3491,1.3865] limit_clips=0 step_clips=0 tracking_max=nan
[latency] hand_policy inference_ms=10.365
[chunk 0227] inference=0.010s predicted=(2, 22)
[cmd 000455 kind=policy chunk=0227 chunk_step=0] delta_max_rad=0.129000 delta_max_deg=7.3912 joint=right_pinky_DIP joint_index=12 from_rad=0.956594 to_rad=0.827593
[action 000455 chunk_step=0] raw=[-0.3491,1.3913] sent=[-0.3491,1.3913] limit_clips=0 step_clips=0 tracking_max=nan
[cmd 000456 kind=policy chunk=0227 chunk_step=1] delta_max_rad=0.100323 delta_max_deg=5.7481 joint=right_ring_MCP_FE joint_index=13 from_rad=0.296899 to_rad=0.196576
[action 000456 chunk_step=1] raw=[-0.3444,1.3767] sent=[-0.3444,1.3767] limit_clips=0 step_clips=0 tracking_max=nan
[latency] hand_policy inference_ms=8.708
[chunk 0228] inference=0.009s predicted=(2, 22)
[cmd 000457 kind=policy chunk=0228 chunk_step=0] delta_max_rad=0.099964 delta_max_deg=5.7275 joint=right_ring_DIP joint_index=16 from_rad=1.354334 to_rad=1.254370
[action 000457 chunk_step=0] raw=[-0.3467,1.2904] sent=[-0.3467,1.2904] limit_clips=0 step_clips=0 tracking_max=nan
[cmd 000458 kind=policy chunk=0228 chunk_step=1] delta_max_rad=0.098903 delta_max_deg=5.6668 joint=right_thumb_IP joint_index=21 from_rad=0.556017 to_rad=0.457114
[action 000458 chunk_step=1] raw=[-0.3475,1.1928] sent=[-0.3475,1.1928] limit_clips=0 step_clips=0 tracking_max=nan
[latency] hand_policy inference_ms=8.852
[chunk 0229] inference=0.009s predicted=(2, 22)
[cmd 000459 kind=policy chunk=0229 chunk_step=0] delta_max_rad=0.110212 delta_max_deg=6.3147 joint=right_index_PIP joint_index=2 from_rad=0.353479 to_rad=0.463691
[action 000459 chunk_step=0] raw=[-0.3475,1.2110] sent=[-0.3475,1.2110] limit_clips=0 step_clips=0 tracking_max=nan
[cmd 000460 kind=policy chunk=0229 chunk_step=1] delta_max_rad=0.110222 delta_max_deg=6.3152 joint=right_index_DIP joint_index=3 from_rad=1.198984 to_rad=1.309206
[action 000460 chunk_step=1] raw=[-0.3485,1.3092] sent=[-0.3485,1.3092] limit_clips=0 step_clips=0 tracking_max=nan
[latency] hand_policy inference_ms=10.442
[chunk 0230] inference=0.010s predicted=(2, 22)
[cmd 000461 kind=policy chunk=0230 chunk_step=0] delta_max_rad=0.115700 delta_max_deg=6.6291 joint=right_index_PIP joint_index=2 from_rad=0.566425 to_rad=0.682126
[action 000461 chunk_step=0] raw=[-0.3462,1.3791] sent=[-0.3462,1.3791] limit_clips=0 step_clips=0 tracking_max=nan
[cmd 000462 kind=policy chunk=0230 chunk_step=1] delta_max_rad=0.094411 delta_max_deg=5.4093 joint=right_middle_MCP_FE joint_index=4 from_rad=0.464840 to_rad=0.559251
[action 000462 chunk_step=1] raw=[-0.3477,1.3906] sent=[-0.3477,1.3906] limit_clips=0 step_clips=0 tracking_max=nan
[latency] hand_policy inference_ms=8.633
[chunk 0231] inference=0.009s predicted=(2, 22)
[cmd 000463 kind=policy chunk=0231 chunk_step=0] delta_max_rad=0.106337 delta_max_deg=6.0926 joint=right_middle_PIP joint_index=6 from_rad=0.281308 to_rad=0.387644
[action 000463 chunk_step=0] raw=[-0.3464,1.3543] sent=[-0.3464,1.3543] limit_clips=0 step_clips=0 tracking_max=nan
[cmd 000464 kind=policy chunk=0231 chunk_step=1] delta_max_rad=0.104380 delta_max_deg=5.9806 joint=right_pinky_MCP_AA joint_index=10 from_rad=0.207982 to_rad=0.312363
[action 000464 chunk_step=1] raw=[-0.3478,1.3581] sent=[-0.3478,1.3581] limit_clips=0 step_clips=0 tracking_max=nan
[latency] hand_policy inference_ms=9.328
[chunk 0232] inference=0.009s predicted=(2, 22)
[cmd 000465 kind=policy chunk=0232 chunk_step=0] delta_max_rad=0.091512 delta_max_deg=5.2433 joint=right_pinky_CMC joint_index=8 from_rad=0.129015 to_rad=0.037502
[action 000465 chunk_step=0] raw=[-0.3424,1.3269] sent=[-0.3424,1.3269] limit_clips=0 step_clips=0 tracking_max=nan
[cmd 000466 kind=policy chunk=0232 chunk_step=1] delta_max_rad=0.098613 delta_max_deg=5.6501 joint=right_index_DIP joint_index=3 from_rad=1.134449 to_rad=1.035836
[action 000466 chunk_step=1] raw=[-0.3427,1.3061] sent=[-0.3427,1.3061] limit_clips=0 step_clips=0 tracking_max=nan
[latency] hand_policy inference_ms=10.287
[chunk 0233] inference=0.010s predicted=(2, 22)
[cmd 000467 kind=policy chunk=0233 chunk_step=0] delta_max_rad=0.102687 delta_max_deg=5.8835 joint=right_index_PIP joint_index=2 from_rad=0.401543 to_rad=0.298857
[action 000467 chunk_step=0] raw=[-0.3487,1.3270] sent=[-0.3487,1.3270] limit_clips=0 step_clips=0 tracking_max=nan
[cmd 000468 kind=policy chunk=0233 chunk_step=1] delta_max_rad=0.102280 delta_max_deg=5.8602 joint=right_index_PIP joint_index=2 from_rad=0.298857 to_rad=0.196576
[action 000468 chunk_step=1] raw=[-0.3386,1.3548] sent=[-0.3386,1.3548] limit_clips=0 step_clips=0 tracking_max=nan
[latency] hand_policy inference_ms=9.504
[chunk 0234] inference=0.010s predicted=(2, 22)
[cmd 000469 kind=policy chunk=0234 chunk_step=0] delta_max_rad=0.132663 delta_max_deg=7.6010 joint=right_pinky_DIP joint_index=12 from_rad=1.060218 to_rad=0.927555
[action 000469 chunk_step=0] raw=[-0.3252,1.3622] sent=[-0.3252,1.3622] limit_clips=0 step_clips=0 tracking_max=nan
[cmd 000470 kind=policy chunk=0234 chunk_step=1] delta_max_rad=0.120351 delta_max_deg=6.8956 joint=right_thumb_IP joint_index=21 from_rad=0.407461 to_rad=0.527812
[action 000470 chunk_step=1] raw=[-0.2629,1.3963] sent=[-0.2629,1.3963] limit_clips=0 step_clips=0 tracking_max=nan
[latency] hand_policy inference_ms=8.864
[chunk 0235] inference=0.009s predicted=(2, 22)
[cmd 000471 kind=policy chunk=0235 chunk_step=0] delta_max_rad=0.108362 delta_max_deg=6.2087 joint=right_pinky_DIP joint_index=12 from_rad=0.809804 to_rad=0.701442
[action 000471 chunk_step=0] raw=[-0.2365,1.3814] sent=[-0.2365,1.3814] limit_clips=0 step_clips=0 tracking_max=nan
[cmd 000472 kind=policy chunk=0235 chunk_step=1] delta_max_rad=0.119578 delta_max_deg=6.8513 joint=right_ring_PIP joint_index=15 from_rad=0.943060 to_rad=0.823482
[action 000472 chunk_step=1] raw=[-0.2630,1.3092] sent=[-0.2630,1.3092] limit_clips=0 step_clips=0 tracking_max=nan
[latency] hand_policy inference_ms=10.274
[chunk 0236] inference=0.010s predicted=(2, 22)
[cmd 000473 kind=policy chunk=0236 chunk_step=0] delta_max_rad=0.101330 delta_max_deg=5.8058 joint=right_middle_DIP joint_index=7 from_rad=1.217365 to_rad=1.116035
[action 000473 chunk_step=0] raw=[-0.3408,1.2185] sent=[-0.3408,1.2185] limit_clips=0 step_clips=0 tracking_max=nan
[cmd 000474 kind=policy chunk=0236 chunk_step=1] delta_max_rad=0.108723 delta_max_deg=6.2293 joint=right_pinky_PIP joint_index=11 from_rad=0.164911 to_rad=0.273634
[action 000474 chunk_step=1] raw=[-0.3477,1.1654] sent=[-0.3477,1.1654] limit_clips=0 step_clips=0 tracking_max=nan
[latency] hand_policy inference_ms=9.486
[chunk 0237] inference=0.009s predicted=(2, 22)
[cmd 000475 kind=policy chunk=0237 chunk_step=0] delta_max_rad=0.119535 delta_max_deg=6.8489 joint=right_index_PIP joint_index=2 from_rad=0.406442 to_rad=0.525978
[action 000475 chunk_step=0] raw=[-0.3491,1.2372] sent=[-0.3491,1.2372] limit_clips=0 step_clips=0 tracking_max=nan
[cmd 000476 kind=policy chunk=0237 chunk_step=1] delta_max_rad=0.104708 delta_max_deg=5.9993 joint=right_ring_MCP_FE joint_index=13 from_rad=0.289620 to_rad=0.394328
[action 000476 chunk_step=1] raw=[-0.3491,1.3334] sent=[-0.3491,1.3334] limit_clips=0 step_clips=0 tracking_max=nan
[latency] hand_policy inference_ms=8.509
[chunk 0238] inference=0.009s predicted=(2, 22)
[cmd 000477 kind=policy chunk=0238 chunk_step=0] delta_max_rad=0.115826 delta_max_deg=6.6363 joint=right_pinky_DIP joint_index=12 from_rad=0.983158 to_rad=1.098985
[action 000477 chunk_step=0] raw=[-0.3491,1.3848] sent=[-0.3491,1.3848] limit_clips=0 step_clips=0 tracking_max=nan
[cmd 000478 kind=policy chunk=0238 chunk_step=1] delta_max_rad=0.117486 delta_max_deg=6.7315 joint=right_ring_MCP_FE joint_index=13 from_rad=0.502859 to_rad=0.620345
[action 000478 chunk_step=1] raw=[-0.3481,1.3902] sent=[-0.3481,1.3902] limit_clips=0 step_clips=0 tracking_max=nan
[latency] hand_policy inference_ms=10.240
[chunk 0239] inference=0.010s predicted=(2, 22)
[cmd 000479 kind=policy chunk=0239 chunk_step=0] delta_max_rad=0.119650 delta_max_deg=6.8555 joint=right_ring_MCP_FE joint_index=13 from_rad=0.620345 to_rad=0.739996
[action 000479 chunk_step=0] raw=[-0.3478,1.3952] sent=[-0.3478,1.3952] limit_clips=0 step_clips=0 tracking_max=nan
[cmd 000480 kind=policy chunk=0239 chunk_step=1] delta_max_rad=0.103417 delta_max_deg=5.9253 joint=right_middle_PIP joint_index=6 from_rad=0.349754 to_rad=0.453170
[action 000480 chunk_step=1] raw=[-0.3456,1.3283] sent=[-0.3456,1.3283] limit_clips=0 step_clips=0 tracking_max=nan
[latency] hand_policy inference_ms=9.550
[chunk 0240] inference=0.010s predicted=(2, 22)
[cmd 000481 kind=policy chunk=0240 chunk_step=0] delta_max_rad=0.096088 delta_max_deg=5.5054 joint=right_pinky_MCP_AA joint_index=10 from_rad=0.203429 to_rad=0.299517
[action 000481 chunk_step=0] raw=[-0.3480,1.3151] sent=[-0.3480,1.3151] limit_clips=0 step_clips=0 tracking_max=nan
[cmd 000482 kind=policy chunk=0240 chunk_step=1] delta_max_rad=0.104203 delta_max_deg=5.9704 joint=right_ring_DIP joint_index=16 from_rad=0.906503 to_rad=1.010705
[action 000482 chunk_step=1] raw=[-0.3468,1.2932] sent=[-0.3468,1.2932] limit_clips=0 step_clips=0 tracking_max=nan
[latency] hand_policy inference_ms=8.648
[chunk 0241] inference=0.009s predicted=(2, 22)
[cmd 000483 kind=policy chunk=0241 chunk_step=0] delta_max_rad=0.103548 delta_max_deg=5.9329 joint=right_ring_MCP_FE joint_index=13 from_rad=0.612873 to_rad=0.509325
[action 000483 chunk_step=0] raw=[-0.3437,1.2699] sent=[-0.3437,1.2699] limit_clips=0 step_clips=0 tracking_max=nan
[cmd 000484 kind=policy chunk=0241 chunk_step=1] delta_max_rad=0.118797 delta_max_deg=6.8066 joint=right_pinky_PIP joint_index=11 from_rad=0.407333 to_rad=0.288536
[action 000484 chunk_step=1] raw=[-0.3369,1.2553] sent=[-0.3369,1.2553] limit_clips=0 step_clips=0 tracking_max=nan
[latency] hand_policy inference_ms=10.234
[chunk 0242] inference=0.010s predicted=(2, 22)
[cmd 000485 kind=policy chunk=0242 chunk_step=0] delta_max_rad=0.129229 delta_max_deg=7.4043 joint=right_pinky_PIP joint_index=11 from_rad=0.288536 to_rad=0.159307
[action 000485 chunk_step=0] raw=[-0.3484,1.2816] sent=[-0.3484,1.2816] limit_clips=0 step_clips=0 tracking_max=nan
[cmd 000486 kind=policy chunk=0242 chunk_step=1] delta_max_rad=0.101827 delta_max_deg=5.8343 joint=right_ring_MCP_FE joint_index=13 from_rad=0.334288 to_rad=0.232461
[action 000486 chunk_step=1] raw=[-0.3125,1.3532] sent=[-0.3125,1.3532] limit_clips=0 step_clips=0 tracking_max=nan
[latency] hand_policy inference_ms=9.661
[chunk 0243] inference=0.010s predicted=(2, 22)
[cmd 000487 kind=policy chunk=0243 chunk_step=0] delta_max_rad=0.091443 delta_max_deg=5.2393 joint=right_ring_MCP_FE joint_index=13 from_rad=0.232461 to_rad=0.141017
[action 000487 chunk_step=0] raw=[-0.2598,1.3943] sent=[-0.2598,1.3943] limit_clips=0 step_clips=0 tracking_max=nan
[cmd 000488 kind=policy chunk=0243 chunk_step=1] delta_max_rad=0.092448 delta_max_deg=5.2969 joint=right_pinky_MCP_AA joint_index=10 from_rad=0.308460 to_rad=0.216011
[action 000488 chunk_step=1] raw=[-0.2126,1.3696] sent=[-0.2126,1.3696] limit_clips=0 step_clips=0 tracking_max=nan
[latency] hand_policy inference_ms=8.415
[chunk 0244] inference=0.008s predicted=(2, 22)
[cmd 000489 kind=policy chunk=0244 chunk_step=0] delta_max_rad=0.105321 delta_max_deg=6.0344 joint=right_middle_DIP joint_index=7 from_rad=1.227358 to_rad=1.122037
[action 000489 chunk_step=0] raw=[-0.2687,1.2720] sent=[-0.2687,1.2720] limit_clips=0 step_clips=0 tracking_max=nan
[cmd 000490 kind=policy chunk=0244 chunk_step=1] delta_max_rad=0.112428 delta_max_deg=6.4417 joint=right_thumb_MCP_FE joint_index=19 from_rad=0.440813 to_rad=0.328385
[action 000490 chunk_step=1] raw=[-0.3375,1.1884] sent=[-0.3375,1.1884] limit_clips=0 step_clips=0 tracking_max=nan
[latency] hand_policy inference_ms=10.341
[chunk 0245] inference=0.010s predicted=(2, 22)
[cmd 000491 kind=policy chunk=0245 chunk_step=0] delta_max_rad=0.105305 delta_max_deg=6.0335 joint=right_index_DIP joint_index=3 from_rad=1.188412 to_rad=1.293717
[action 000491 chunk_step=0] raw=[-0.3491,1.2937] sent=[-0.3491,1.2937] limit_clips=0 step_clips=0 tracking_max=nan
[cmd 000492 kind=policy chunk=0245 chunk_step=1] delta_max_rad=0.102186 delta_max_deg=5.8548 joint=right_thumb_IP joint_index=21 from_rad=0.225425 to_rad=0.123240
[action 000492 chunk_step=1] raw=[-0.3491,1.3819] sent=[-0.3491,1.3819] limit_clips=0 step_clips=0 tracking_max=nan
[latency] hand_policy inference_ms=9.718
[chunk 0246] inference=0.010s predicted=(2, 22)
[cmd 000493 kind=policy chunk=0246 chunk_step=0] delta_max_rad=0.115023 delta_max_deg=6.5903 joint=right_pinky_DIP joint_index=12 from_rad=1.008766 to_rad=1.123789
[action 000493 chunk_step=0] raw=[-0.3488,1.3963] sent=[-0.3488,1.3963] limit_clips=0 step_clips=0 tracking_max=nan
[cmd 000494 kind=policy chunk=0246 chunk_step=1] delta_max_rad=0.120711 delta_max_deg=6.9162 joint=right_ring_MCP_FE joint_index=13 from_rad=0.476314 to_rad=0.597025
[action 000494 chunk_step=1] raw=[-0.3466,1.3963] sent=[-0.3466,1.3963] limit_clips=0 step_clips=0 tracking_max=nan
[latency] hand_policy inference_ms=8.617
[chunk 0247] inference=0.009s predicted=(2, 22)
[cmd 000495 kind=policy chunk=0247 chunk_step=0] delta_max_rad=0.108087 delta_max_deg=6.1929 joint=right_middle_PIP joint_index=6 from_rad=0.580128 to_rad=0.688215
[action 000495 chunk_step=0] raw=[-0.3481,1.3216] sent=[-0.3481,1.3216] limit_clips=0 step_clips=0 tracking_max=nan
[cmd 000496 kind=policy chunk=0247 chunk_step=1] delta_max_rad=0.111714 delta_max_deg=6.4007 joint=right_pinky_MCP_AA joint_index=10 from_rad=0.163243 to_rad=0.274957
[action 000496 chunk_step=1] raw=[-0.3491,1.3187] sent=[-0.3491,1.3187] limit_clips=0 step_clips=0 tracking_max=nan
[latency] hand_policy inference_ms=10.148
[chunk 0248] inference=0.010s predicted=(2, 22)
[cmd 000497 kind=policy chunk=0248 chunk_step=0] delta_max_rad=0.101164 delta_max_deg=5.7963 joint=right_ring_MCP_FE joint_index=13 from_rad=0.621804 to_rad=0.520640
[action 000497 chunk_step=0] raw=[-0.3453,1.2933] sent=[-0.3453,1.2933] limit_clips=0 step_clips=0 tracking_max=nan
[cmd 000498 kind=policy chunk=0248 chunk_step=1] delta_max_rad=0.097219 delta_max_deg=5.5702 joint=right_index_DIP joint_index=3 from_rad=1.140267 to_rad=1.043048
[action 000498 chunk_step=1] raw=[-0.3434,1.2723] sent=[-0.3434,1.2723] limit_clips=0 step_clips=0 tracking_max=nan
[latency] hand_policy inference_ms=9.645
[chunk 0249] inference=0.010s predicted=(2, 22)
[cmd 000499 kind=policy chunk=0249 chunk_step=0] delta_max_rad=0.097520 delta_max_deg=5.5875 joint=right_ring_MCP_FE joint_index=13 from_rad=0.445934 to_rad=0.348414
[action 000499 chunk_step=0] raw=[-0.3438,1.2495] sent=[-0.3438,1.2495] limit_clips=0 step_clips=0 tracking_max=nan
[cmd 000500 kind=policy chunk=0249 chunk_step=1] delta_max_rad=0.101788 delta_max_deg=5.8320 joint=right_index_PIP joint_index=2 from_rad=0.423257 to_rad=0.321469
[action 000500 chunk_step=1] raw=[-0.3431,1.3169] sent=[-0.3431,1.3169] limit_clips=0 step_clips=0 tracking_max=nan
[latency] hand_policy inference_ms=8.401
[chunk 0250] inference=0.008s predicted=(2, 22)
[cmd 000501 kind=policy chunk=0250 chunk_step=0] delta_max_rad=0.115937 delta_max_deg=6.6427 joint=right_pinky_DIP joint_index=12 from_rad=0.848814 to_rad=0.732877
[action 000501 chunk_step=0] raw=[-0.3491,1.3701] sent=[-0.3491,1.3701] limit_clips=0 step_clips=0 tracking_max=nan
[cmd 000502 kind=policy chunk=0250 chunk_step=1] delta_max_rad=0.110124 delta_max_deg=6.3097 joint=right_pinky_DIP joint_index=12 from_rad=0.732877 to_rad=0.622753
[action 000502 chunk_step=1] raw=[-0.3450,1.3963] sent=[-0.3450,1.3963] limit_clips=0 step_clips=0 tracking_max=nan
[latency] hand_policy inference_ms=10.593
[chunk 0251] inference=0.011s predicted=(2, 22)
[cmd 000503 kind=policy chunk=0251 chunk_step=0] delta_max_rad=0.116546 delta_max_deg=6.6776 joint=right_thumb_IP joint_index=21 from_rad=0.568459 to_rad=0.451913
[action 000503 chunk_step=0] raw=[-0.3455,1.3002] sent=[-0.3455,1.3002] limit_clips=0 step_clips=0 tracking_max=nan
[cmd 000504 kind=policy chunk=0251 chunk_step=1] delta_max_rad=0.106786 delta_max_deg=6.1184 joint=right_pinky_PIP joint_index=11 from_rad=0.020880 to_rad=0.127666
[action 000504 chunk_step=1] raw=[-0.3466,1.2102] sent=[-0.3466,1.2102] limit_clips=0 step_clips=0 tracking_max=nan
[latency] hand_policy inference_ms=9.490
[chunk 0252] inference=0.009s predicted=(2, 22)
[cmd 000505 kind=policy chunk=0252 chunk_step=0] delta_max_rad=0.100466 delta_max_deg=5.7563 joint=right_ring_MCP_FE joint_index=13 from_rad=0.227205 to_rad=0.327672
[action 000505 chunk_step=0] raw=[-0.3469,1.2283] sent=[-0.3469,1.2283] limit_clips=0 step_clips=0 tracking_max=nan
[cmd 000506 kind=policy chunk=0252 chunk_step=1] delta_max_rad=0.108774 delta_max_deg=6.2323 joint=right_thumb_IP joint_index=21 from_rad=0.292107 to_rad=0.183333
[action 000506 chunk_step=1] raw=[-0.3465,1.3164] sent=[-0.3465,1.3164] limit_clips=0 step_clips=0 tracking_max=nan
[latency] hand_policy inference_ms=8.566
[chunk 0253] inference=0.009s predicted=(2, 22)
[cmd 000507 kind=policy chunk=0253 chunk_step=0] delta_max_rad=0.105279 delta_max_deg=6.0321 joint=right_middle_MCP_FE joint_index=4 from_rad=0.549144 to_rad=0.654424
[action 000507 chunk_step=0] raw=[-0.3455,1.3744] sent=[-0.3455,1.3744] limit_clips=0 step_clips=0 tracking_max=nan
[cmd 000508 kind=policy chunk=0253 chunk_step=1] delta_max_rad=0.124036 delta_max_deg=7.1067 joint=right_ring_MCP_FE joint_index=13 from_rad=0.515038 to_rad=0.639073
[action 000508 chunk_step=1] raw=[-0.3484,1.3438] sent=[-0.3484,1.3438] limit_clips=0 step_clips=0 tracking_max=nan
[latency] hand_policy inference_ms=10.362
[chunk 0254] inference=0.010s predicted=(2, 22)
[cmd 000509 kind=policy chunk=0254 chunk_step=0] delta_max_rad=0.111350 delta_max_deg=6.3799 joint=right_pinky_MCP_AA joint_index=10 from_rad=0.206191 to_rad=0.317541
[action 000509 chunk_step=0] raw=[-0.3484,1.3009] sent=[-0.3484,1.3009] limit_clips=0 step_clips=0 tracking_max=nan
[cmd 000510 kind=policy chunk=0254 chunk_step=1] delta_max_rad=0.103923 delta_max_deg=5.9543 joint=right_pinky_PIP joint_index=11 from_rad=0.459078 to_rad=0.355155
[action 000510 chunk_step=1] raw=[-0.3475,1.3107] sent=[-0.3475,1.3107] limit_clips=0 step_clips=0 tracking_max=nan
[latency] hand_policy inference_ms=9.520
[chunk 0255] inference=0.010s predicted=(2, 22)
[cmd 000511 kind=policy chunk=0255 chunk_step=0] delta_max_rad=0.101587 delta_max_deg=5.8205 joint=right_ring_PIP joint_index=15 from_rad=0.680697 to_rad=0.782285
[action 000511 chunk_step=0] raw=[-0.3440,1.3007] sent=[-0.3440,1.3007] limit_clips=0 step_clips=0 tracking_max=nan
[cmd 000512 kind=policy chunk=0255 chunk_step=1] delta_max_rad=0.108798 delta_max_deg=6.2336 joint=right_index_DIP joint_index=3 from_rad=1.077659 to_rad=0.968861
[action 000512 chunk_step=1] raw=[-0.3426,1.3396] sent=[-0.3426,1.3396] limit_clips=0 step_clips=0 tracking_max=nan
[latency] hand_policy inference_ms=8.764
[chunk 0256] inference=0.009s predicted=(2, 22)
[cmd 000513 kind=policy chunk=0256 chunk_step=0] delta_max_rad=0.116842 delta_max_deg=6.6946 joint=right_pinky_DIP joint_index=12 from_rad=0.818095 to_rad=0.701253
[action 000513 chunk_step=0] raw=[-0.3490,1.3963] sent=[-0.3490,1.3963] limit_clips=0 step_clips=0 tracking_max=nan
[cmd 000514 kind=policy chunk=0256 chunk_step=1] delta_max_rad=0.102080 delta_max_deg=5.8488 joint=right_thumb_IP joint_index=21 from_rad=0.325308 to_rad=0.427388
[action 000514 chunk_step=1] raw=[-0.3429,1.3963] sent=[-0.3429,1.3963] limit_clips=0 step_clips=0 tracking_max=nan
[latency] hand_policy inference_ms=8.917
[chunk 0257] inference=0.009s predicted=(2, 22)
[cmd 000515 kind=policy chunk=0257 chunk_step=0] delta_max_rad=0.134154 delta_max_deg=7.6865 joint=right_thumb_IP joint_index=21 from_rad=0.427388 to_rad=0.561542
[action 000515 chunk_step=0] raw=[-0.3491,1.3839] sent=[-0.3491,1.3839] limit_clips=0 step_clips=0 tracking_max=nan
[cmd 000516 kind=policy chunk=0257 chunk_step=1] delta_max_rad=0.105938 delta_max_deg=6.0698 joint=right_middle_PIP joint_index=6 from_rad=0.727906 to_rad=0.621969
[action 000516 chunk_step=1] raw=[-0.3441,1.3779] sent=[-0.3441,1.3779] limit_clips=0 step_clips=0 tracking_max=nan
[latency] hand_policy inference_ms=10.158
[chunk 0258] inference=0.010s predicted=(2, 22)
[cmd 000517 kind=policy chunk=0258 chunk_step=0] delta_max_rad=0.104965 delta_max_deg=6.0141 joint=right_middle_DIP joint_index=7 from_rad=1.335028 to_rad=1.230063
[action 000517 chunk_step=0] raw=[-0.3482,1.2839] sent=[-0.3482,1.2839] limit_clips=0 step_clips=0 tracking_max=nan
[cmd 000518 kind=policy chunk=0258 chunk_step=1] delta_max_rad=0.108583 delta_max_deg=6.2214 joint=right_pinky_PIP joint_index=11 from_rad=0.126778 to_rad=0.235361
[action 000518 chunk_step=1] raw=[-0.3491,1.1896] sent=[-0.3491,1.1896] limit_clips=0 step_clips=0 tracking_max=nan
[latency] hand_policy inference_ms=8.679
[chunk 0259] inference=0.009s predicted=(2, 22)
[cmd 000519 kind=policy chunk=0259 chunk_step=0] delta_max_rad=0.106151 delta_max_deg=6.0820 joint=right_index_DIP joint_index=3 from_rad=1.056782 to_rad=1.162932
[action 000519 chunk_step=0] raw=[-0.3491,1.1629] sent=[-0.3491,1.1629] limit_clips=0 step_clips=0 tracking_max=nan
[cmd 000520 kind=policy chunk=0259 chunk_step=1] delta_max_rad=0.112140 delta_max_deg=6.4251 joint=right_pinky_PIP joint_index=11 from_rad=0.329438 to_rad=0.441578
[action 000520 chunk_step=1] raw=[-0.3491,1.2502] sent=[-0.3491,1.2502] limit_clips=0 step_clips=0 tracking_max=nan
[latency] hand_policy inference_ms=8.910
[chunk 0260] inference=0.009s predicted=(2, 22)
[cmd 000521 kind=policy chunk=0260 chunk_step=0] delta_max_rad=0.121574 delta_max_deg=6.9657 joint=right_pinky_DIP joint_index=12 from_rad=0.699513 to_rad=0.821086
[action 000521 chunk_step=0] raw=[-0.3462,1.3361] sent=[-0.3462,1.3361] limit_clips=0 step_clips=0 tracking_max=nan
[cmd 000522 kind=policy chunk=0260 chunk_step=1] delta_max_rad=0.128355 delta_max_deg=7.3542 joint=right_pinky_PIP joint_index=11 from_rad=0.562051 to_rad=0.690407
[action 000522 chunk_step=1] raw=[-0.3471,1.3650] sent=[-0.3471,1.3650] limit_clips=0 step_clips=0 tracking_max=nan
[latency] hand_policy inference_ms=10.011
[chunk 0261] inference=0.010s predicted=(2, 22)
[cmd 000523 kind=policy chunk=0261 chunk_step=0] delta_max_rad=0.099713 delta_max_deg=5.7131 joint=right_ring_MCP_FE joint_index=13 from_rad=0.655424 to_rad=0.755138
[action 000523 chunk_step=0] raw=[-0.3478,1.3070] sent=[-0.3478,1.3070] limit_clips=0 step_clips=0 tracking_max=nan
[cmd 000524 kind=policy chunk=0261 chunk_step=1] delta_max_rad=0.112606 delta_max_deg=6.4518 joint=right_index_PIP joint_index=2 from_rad=0.799989 to_rad=0.687383
[action 000524 chunk_step=1] raw=[-0.3474,1.2746] sent=[-0.3474,1.2746] limit_clips=0 step_clips=0 tracking_max=nan
[latency] hand_policy inference_ms=8.744
[chunk 0262] inference=0.009s predicted=(2, 22)
[cmd 000525 kind=policy chunk=0262 chunk_step=0] delta_max_rad=0.098594 delta_max_deg=5.6490 joint=right_ring_DIP joint_index=16 from_rad=0.881165 to_rad=0.979760
[action 000525 chunk_step=0] raw=[-0.3477,1.2572] sent=[-0.3477,1.2572] limit_clips=0 step_clips=0 tracking_max=nan
[cmd 000526 kind=policy chunk=0262 chunk_step=1] delta_max_rad=0.115507 delta_max_deg=6.6181 joint=right_index_DIP joint_index=3 from_rad=1.116401 to_rad=1.000894
[action 000526 chunk_step=1] raw=[-0.3460,1.2393] sent=[-0.3460,1.2393] limit_clips=0 step_clips=0 tracking_max=nan
[latency] hand_policy inference_ms=8.915
[chunk 0263] inference=0.009s predicted=(2, 22)
[cmd 000527 kind=policy chunk=0263 chunk_step=0] delta_max_rad=0.102187 delta_max_deg=5.8549 joint=right_index_DIP joint_index=3 from_rad=1.000894 to_rad=0.898707
[action 000527 chunk_step=0] raw=[-0.3491,1.2283] sent=[-0.3491,1.2283] limit_clips=0 step_clips=0 tracking_max=nan
[cmd 000528 kind=policy chunk=0263 chunk_step=1] delta_max_rad=0.101008 delta_max_deg=5.7873 joint=right_index_PIP joint_index=2 from_rad=0.425126 to_rad=0.324118
[action 000528 chunk_step=1] raw=[-0.3386,1.2776] sent=[-0.3386,1.2776] limit_clips=0 step_clips=0 tracking_max=nan
[latency] hand_policy inference_ms=10.279
[chunk 0264] inference=0.010s predicted=(2, 22)
[cmd 000529 kind=policy chunk=0264 chunk_step=0] delta_max_rad=0.111722 delta_max_deg=6.4012 joint=right_pinky_DIP joint_index=12 from_rad=0.589615 to_rad=0.477893
[action 000529 chunk_step=0] raw=[-0.3449,1.3286] sent=[-0.3449,1.3286] limit_clips=0 step_clips=0 tracking_max=nan
[cmd 000530 kind=policy chunk=0264 chunk_step=1] delta_max_rad=0.116127 delta_max_deg=6.6536 joint=right_pinky_DIP joint_index=12 from_rad=0.477893 to_rad=0.361767
[action 000530 chunk_step=1] raw=[-0.3376,1.3833] sent=[-0.3376,1.3833] limit_clips=0 step_clips=0 tracking_max=nan
[latency] hand_policy inference_ms=9.919
[chunk 0265] inference=0.010s predicted=(2, 22)
[cmd 000531 kind=policy chunk=0265 chunk_step=0] delta_max_rad=0.100485 delta_max_deg=5.7574 joint=right_index_DIP joint_index=3 from_rad=0.794360 to_rad=0.894845
[action 000531 chunk_step=0] raw=[-0.3481,1.3602] sent=[-0.3481,1.3602] limit_clips=0 step_clips=0 tracking_max=nan
[cmd 000532 kind=policy chunk=0265 chunk_step=1] delta_max_rad=0.107670 delta_max_deg=6.1690 joint=right_middle_DIP joint_index=7 from_rad=1.306448 to_rad=1.198778
[action 000532 chunk_step=1] raw=[-0.3452,1.2786] sent=[-0.3452,1.2786] limit_clips=0 step_clips=0 tracking_max=nan
[latency] hand_policy inference_ms=8.770
[chunk 0266] inference=0.009s predicted=(2, 22)
[cmd 000533 kind=policy chunk=0266 chunk_step=0] delta_max_rad=0.106055 delta_max_deg=6.0765 joint=right_index_DIP joint_index=3 from_rad=0.981671 to_rad=1.087726
[action 000533 chunk_step=0] raw=[-0.3461,1.1806] sent=[-0.3461,1.1806] limit_clips=0 step_clips=0 tracking_max=nan
[cmd 000534 kind=policy chunk=0266 chunk_step=1] delta_max_rad=0.110228 delta_max_deg=6.3156 joint=right_pinky_PIP joint_index=11 from_rad=0.309378 to_rad=0.419605
[action 000534 chunk_step=1] raw=[-0.3461,1.1853] sent=[-0.3461,1.1853] limit_clips=0 step_clips=0 tracking_max=nan
[latency] hand_policy inference_ms=9.005
[chunk 0267] inference=0.009s predicted=(2, 22)
[cmd 000535 kind=policy chunk=0267 chunk_step=0] delta_max_rad=0.104140 delta_max_deg=5.9668 joint=right_index_PIP joint_index=2 from_rad=0.564604 to_rad=0.668743
[action 000535 chunk_step=0] raw=[-0.3469,1.2751] sent=[-0.3469,1.2751] limit_clips=0 step_clips=0 tracking_max=nan
[cmd 000536 kind=policy chunk=0267 chunk_step=1] delta_max_rad=0.116051 delta_max_deg=6.6492 joint=right_thumb_IP joint_index=21 from_rad=0.266862 to_rad=0.150811
[action 000536 chunk_step=1] raw=[-0.3454,1.3502] sent=[-0.3454,1.3502] limit_clips=0 step_clips=0 tracking_max=nan
[latency] hand_policy inference_ms=9.942
[chunk 0268] inference=0.010s predicted=(2, 22)
[cmd 000537 kind=policy chunk=0268 chunk_step=0] delta_max_rad=0.104384 delta_max_deg=5.9808 joint=right_ring_MCP_FE joint_index=13 from_rad=0.514632 to_rad=0.619016
[action 000537 chunk_step=0] raw=[-0.3420,1.3817] sent=[-0.3420,1.3817] limit_clips=0 step_clips=0 tracking_max=nan
[cmd 000538 kind=policy chunk=0268 chunk_step=1] delta_max_rad=0.108182 delta_max_deg=6.1984 joint=right_middle_PIP joint_index=6 from_rad=0.355705 to_rad=0.463886
[action 000538 chunk_step=1] raw=[-0.3475,1.3010] sent=[-0.3475,1.3010] limit_clips=0 step_clips=0 tracking_max=nan
[latency] hand_policy inference_ms=8.762
[chunk 0269] inference=0.009s predicted=(2, 22)
[cmd 000539 kind=policy chunk=0269 chunk_step=0] delta_max_rad=0.105855 delta_max_deg=6.0651 joint=right_ring_DIP joint_index=16 from_rad=0.832686 to_rad=0.938541
[action 000539 chunk_step=0] raw=[-0.3457,1.2863] sent=[-0.3457,1.2863] limit_clips=0 step_clips=0 tracking_max=nan
[cmd 000540 kind=policy chunk=0269 chunk_step=1] delta_max_rad=0.108638 delta_max_deg=6.2245 joint=right_pinky_PIP joint_index=11 from_rad=0.593937 to_rad=0.485300
[action 000540 chunk_step=1] raw=[-0.3468,1.2726] sent=[-0.3468,1.2726] limit_clips=0 step_clips=0 tracking_max=nan
[latency] hand_policy inference_ms=9.042
[chunk 0270] inference=0.009s predicted=(2, 22)
[cmd 000541 kind=policy chunk=0270 chunk_step=0] delta_max_rad=0.107834 delta_max_deg=6.1784 joint=right_ring_MCP_FE joint_index=13 from_rad=0.567350 to_rad=0.459516
[action 000541 chunk_step=0] raw=[-0.3486,1.2593] sent=[-0.3486,1.2593] limit_clips=0 step_clips=0 tracking_max=nan
[cmd 000542 kind=policy chunk=0270 chunk_step=1] delta_max_rad=0.104672 delta_max_deg=5.9973 joint=right_index_PIP joint_index=2 from_rad=0.496248 to_rad=0.391576
[action 000542 chunk_step=1] raw=[-0.3465,1.3527] sent=[-0.3465,1.3527] limit_clips=0 step_clips=0 tracking_max=nan
[latency] hand_policy inference_ms=10.459
[chunk 0271] inference=0.010s predicted=(2, 22)
[cmd 000543 kind=policy chunk=0271 chunk_step=0] delta_max_rad=0.100552 delta_max_deg=5.7612 joint=right_pinky_PIP joint_index=11 from_rad=0.310100 to_rad=0.209548
[action 000543 chunk_step=0] raw=[-0.3466,1.3797] sent=[-0.3466,1.3797] limit_clips=0 step_clips=0 tracking_max=nan
[cmd 000544 kind=policy chunk=0271 chunk_step=1] delta_max_rad=0.106188 delta_max_deg=6.0841 joint=right_thumb_IP joint_index=21 from_rad=0.340897 to_rad=0.447086
[action 000544 chunk_step=1] raw=[-0.3264,1.3838] sent=[-0.3264,1.3838] limit_clips=0 step_clips=0 tracking_max=nan
[latency] hand_policy inference_ms=9.592
[chunk 0272] inference=0.010s predicted=(2, 22)
[cmd 000545 kind=policy chunk=0272 chunk_step=0] delta_max_rad=0.093696 delta_max_deg=5.3684 joint=right_ring_MCP_FE joint_index=13 from_rad=0.190970 to_rad=0.097274
[action 000545 chunk_step=0] raw=[-0.3127,1.3826] sent=[-0.3127,1.3826] limit_clips=0 step_clips=0 tracking_max=nan
[cmd 000546 kind=policy chunk=0272 chunk_step=1] delta_max_rad=0.094254 delta_max_deg=5.4004 joint=right_thumb_IP joint_index=21 from_rad=0.537829 to_rad=0.632084
[action 000546 chunk_step=1] raw=[-0.2680,1.3963] sent=[-0.2680,1.3963] limit_clips=0 step_clips=0 tracking_max=nan
[latency] hand_policy inference_ms=8.667
[chunk 0273] inference=0.009s predicted=(2, 22)
[cmd 000547 kind=policy chunk=0273 chunk_step=0] delta_max_rad=0.089433 delta_max_deg=5.1241 joint=right_pinky_MCP_AA joint_index=10 from_rad=0.287961 to_rad=0.198528
[action 000547 chunk_step=0] raw=[-0.2378,1.3755] sent=[-0.2378,1.3755] limit_clips=0 step_clips=0 tracking_max=nan
[cmd 000548 kind=policy chunk=0273 chunk_step=1] delta_max_rad=0.105601 delta_max_deg=6.0505 joint=right_ring_PIP joint_index=15 from_rad=0.983193 to_rad=0.877592
[action 000548 chunk_step=1] raw=[-0.2819,1.3051] sent=[-0.2819,1.3051] limit_clips=0 step_clips=0 tracking_max=nan
[latency] hand_policy inference_ms=8.925
[chunk 0274] inference=0.009s predicted=(2, 22)
[cmd 000549 kind=policy chunk=0274 chunk_step=0] delta_max_rad=0.096966 delta_max_deg=5.5558 joint=right_index_DIP joint_index=3 from_rad=1.045103 to_rad=1.142069
[action 000549 chunk_step=0] raw=[-0.3384,1.2084] sent=[-0.3384,1.2084] limit_clips=0 step_clips=0 tracking_max=nan
[cmd 000550 kind=policy chunk=0274 chunk_step=1] delta_max_rad=0.099388 delta_max_deg=5.6945 joint=right_index_PIP joint_index=2 from_rad=0.410702 to_rad=0.510090
[action 000550 chunk_step=1] raw=[-0.3484,1.2233] sent=[-0.3484,1.2233] limit_clips=0 step_clips=0 tracking_max=nan
[latency] hand_policy inference_ms=9.923
[chunk 0275] inference=0.010s predicted=(2, 22)
[cmd 000551 kind=policy chunk=0275 chunk_step=0] delta_max_rad=0.103898 delta_max_deg=5.9529 joint=right_pinky_PIP joint_index=11 from_rad=0.298575 to_rad=0.402473
[action 000551 chunk_step=0] raw=[-0.3486,1.3079] sent=[-0.3486,1.3079] limit_clips=0 step_clips=0 tracking_max=nan
[cmd 000552 kind=policy chunk=0275 chunk_step=1] delta_max_rad=0.109287 delta_max_deg=6.2617 joint=right_ring_MCP_FE joint_index=13 from_rad=0.344984 to_rad=0.454272
[action 000552 chunk_step=1] raw=[-0.3491,1.3750] sent=[-0.3491,1.3750] limit_clips=0 step_clips=0 tracking_max=nan
[latency] hand_policy inference_ms=8.671
[chunk 0276] inference=0.009s predicted=(2, 22)
[cmd 000553 kind=policy chunk=0276 chunk_step=0] delta_max_rad=0.116950 delta_max_deg=6.7007 joint=right_ring_MCP_FE joint_index=13 from_rad=0.454272 to_rad=0.571221
[action 000553 chunk_step=0] raw=[-0.3439,1.3767] sent=[-0.3439,1.3767] limit_clips=0 step_clips=0 tracking_max=nan
[cmd 000554 kind=policy chunk=0276 chunk_step=1] delta_max_rad=0.088164 delta_max_deg=5.0514 joint=right_middle_PIP joint_index=6 from_rad=0.328457 to_rad=0.416621
[action 000554 chunk_step=1] raw=[-0.3457,1.3024] sent=[-0.3457,1.3024] limit_clips=0 step_clips=0 tracking_max=nan
[latency] hand_policy inference_ms=8.893
[chunk 0277] inference=0.009s predicted=(2, 22)
[cmd 000555 kind=policy chunk=0277 chunk_step=0] delta_max_rad=0.114392 delta_max_deg=6.5542 joint=right_ring_PIP joint_index=15 from_rad=0.542777 to_rad=0.657169
[action 000555 chunk_step=0] raw=[-0.3475,1.2622] sent=[-0.3475,1.2622] limit_clips=0 step_clips=0 tracking_max=nan
[cmd 000556 kind=policy chunk=0277 chunk_step=1] delta_max_rad=0.106674 delta_max_deg=6.1119 joint=right_pinky_PIP joint_index=11 from_rad=0.518843 to_rad=0.412170
[action 000556 chunk_step=1] raw=[-0.3467,1.2284] sent=[-0.3467,1.2284] limit_clips=0 step_clips=0 tracking_max=nan
[latency] hand_policy inference_ms=10.333
[chunk 0278] inference=0.010s predicted=(2, 22)
[cmd 000557 kind=policy chunk=0278 chunk_step=0] delta_max_rad=0.105687 delta_max_deg=6.0554 joint=right_index_DIP joint_index=3 from_rad=1.120189 to_rad=1.014502
[action 000557 chunk_step=0] raw=[-0.3462,1.3091] sent=[-0.3462,1.3091] limit_clips=0 step_clips=0 tracking_max=nan
[cmd 000558 kind=policy chunk=0278 chunk_step=1] delta_max_rad=0.111556 delta_max_deg=6.3917 joint=right_index_DIP joint_index=3 from_rad=1.014502 to_rad=0.902945
[action 000558 chunk_step=1] raw=[-0.3415,1.3768] sent=[-0.3415,1.3768] limit_clips=0 step_clips=0 tracking_max=nan
[latency] hand_policy inference_ms=9.556
[chunk 0279] inference=0.010s predicted=(2, 22)
[cmd 000559 kind=policy chunk=0279 chunk_step=0] delta_max_rad=0.118959 delta_max_deg=6.8158 joint=right_pinky_DIP joint_index=12 from_rad=0.971397 to_rad=0.852438
[action 000559 chunk_step=0] raw=[-0.3491,1.3810] sent=[-0.3491,1.3810] limit_clips=0 step_clips=0 tracking_max=nan
[cmd 000560 kind=policy chunk=0279 chunk_step=1] delta_max_rad=0.106056 delta_max_deg=6.0766 joint=right_thumb_IP joint_index=21 from_rad=0.548540 to_rad=0.654596
[action 000560 chunk_step=1] raw=[-0.3030,1.3915] sent=[-0.3030,1.3915] limit_clips=0 step_clips=0 tracking_max=nan
[latency] hand_policy inference_ms=8.691
[chunk 0280] inference=0.009s predicted=(2, 22)
[cmd 000561 kind=policy chunk=0280 chunk_step=0] delta_max_rad=0.115668 delta_max_deg=6.6273 joint=right_pinky_DIP joint_index=12 from_rad=0.752135 to_rad=0.636468
[action 000561 chunk_step=0] raw=[-0.2971,1.3933] sent=[-0.2971,1.3933] limit_clips=0 step_clips=0 tracking_max=nan
[cmd 000562 kind=policy chunk=0280 chunk_step=1] delta_max_rad=0.109050 delta_max_deg=6.2481 joint=right_thumb_IP joint_index=21 from_rad=0.754679 to_rad=0.863728
[action 000562 chunk_step=1] raw=[-0.2587,1.3963] sent=[-0.2587,1.3963] limit_clips=0 step_clips=0 tracking_max=nan
[latency] hand_policy inference_ms=9.115
[chunk 0281] inference=0.009s predicted=(2, 22)
[cmd 000563 kind=policy chunk=0281 chunk_step=0] delta_max_rad=0.108507 delta_max_deg=6.2170 joint=right_pinky_DIP joint_index=12 from_rad=0.537434 to_rad=0.428927
[action 000563 chunk_step=0] raw=[-0.2331,1.3963] sent=[-0.2331,1.3963] limit_clips=0 step_clips=0 tracking_max=nan
[cmd 000564 kind=policy chunk=0281 chunk_step=1] delta_max_rad=0.111781 delta_max_deg=6.4046 joint=right_ring_PIP joint_index=15 from_rad=1.137792 to_rad=1.026010
[action 000564 chunk_step=1] raw=[-0.2523,1.3645] sent=[-0.2523,1.3645] limit_clips=0 step_clips=0 tracking_max=nan
[latency] hand_policy inference_ms=10.027
[chunk 0282] inference=0.010s predicted=(2, 22)
[cmd 000565 kind=policy chunk=0282 chunk_step=0] delta_max_rad=0.115962 delta_max_deg=6.6441 joint=right_pinky_PIP joint_index=11 from_rad=0.059078 to_rad=0.175040
[action 000565 chunk_step=0] raw=[-0.3407,1.2665] sent=[-0.3407,1.2665] limit_clips=0 step_clips=0 tracking_max=nan
[cmd 000566 kind=policy chunk=0282 chunk_step=1] delta_max_rad=0.109525 delta_max_deg=6.2753 joint=right_pinky_PIP joint_index=11 from_rad=0.175040 to_rad=0.284564
[action 000566 chunk_step=1] raw=[-0.3491,1.1820] sent=[-0.3491,1.1820] limit_clips=0 step_clips=0 tracking_max=nan
[latency] hand_policy inference_ms=8.780
[chunk 0283] inference=0.009s predicted=(2, 22)
[cmd 000567 kind=policy chunk=0283 chunk_step=0] delta_max_rad=0.113755 delta_max_deg=6.5177 joint=right_index_PIP joint_index=2 from_rad=0.465228 to_rad=0.578983
[action 000567 chunk_step=0] raw=[-0.3491,1.1094] sent=[-0.3491,1.1094] limit_clips=0 step_clips=0 tracking_max=nan
[cmd 000568 kind=policy chunk=0283 chunk_step=1] delta_max_rad=0.105080 delta_max_deg=6.0207 joint=right_pinky_PIP joint_index=11 from_rad=0.383858 to_rad=0.488938
[action 000568 chunk_step=1] raw=[-0.3491,1.1478] sent=[-0.3491,1.1478] limit_clips=0 step_clips=0 tracking_max=nan
[latency] hand_policy inference_ms=8.953
[chunk 0284] inference=0.009s predicted=(2, 22)
[cmd 000569 kind=policy chunk=0284 chunk_step=0] delta_max_rad=0.126185 delta_max_deg=7.2298 joint=right_index_PIP joint_index=2 from_rad=0.673686 to_rad=0.799871
[action 000569 chunk_step=0] raw=[-0.3491,1.2386] sent=[-0.3491,1.2386] limit_clips=0 step_clips=0 tracking_max=nan
[cmd 000570 kind=policy chunk=0284 chunk_step=1] delta_max_rad=0.116627 delta_max_deg=6.6822 joint=right_ring_MCP_FE joint_index=13 from_rad=0.313982 to_rad=0.430609
[action 000570 chunk_step=1] raw=[-0.3490,1.3280] sent=[-0.3490,1.3280] limit_clips=0 step_clips=0 tracking_max=nan
[latency] hand_policy inference_ms=10.226
[chunk 0285] inference=0.010s predicted=(2, 22)
[cmd 000571 kind=policy chunk=0285 chunk_step=0] delta_max_rad=0.117981 delta_max_deg=6.7598 joint=right_ring_MCP_FE joint_index=13 from_rad=0.430609 to_rad=0.548590
[action 000571 chunk_step=0] raw=[-0.3479,1.3638] sent=[-0.3479,1.3638] limit_clips=0 step_clips=0 tracking_max=nan
[cmd 000572 kind=policy chunk=0285 chunk_step=1] delta_max_rad=0.115725 delta_max_deg=6.6306 joint=right_ring_MCP_FE joint_index=13 from_rad=0.548590 to_rad=0.664315
[action 000572 chunk_step=1] raw=[-0.3478,1.3763] sent=[-0.3478,1.3763] limit_clips=0 step_clips=0 tracking_max=nan
[latency] hand_policy inference_ms=9.532
[chunk 0286] inference=0.010s predicted=(2, 22)
[cmd 000573 kind=policy chunk=0286 chunk_step=0] delta_max_rad=0.105242 delta_max_deg=6.0299 joint=right_ring_PIP joint_index=15 from_rad=0.439677 to_rad=0.544919
[action 000573 chunk_step=0] raw=[-0.3462,1.3051] sent=[-0.3462,1.3051] limit_clips=0 step_clips=0 tracking_max=nan
[cmd 000574 kind=policy chunk=0286 chunk_step=1] delta_max_rad=0.104703 delta_max_deg=5.9990 joint=right_ring_DIP joint_index=16 from_rad=0.790061 to_rad=0.894764
[action 000574 chunk_step=1] raw=[-0.3460,1.2791] sent=[-0.3460,1.2791] limit_clips=0 step_clips=0 tracking_max=nan
[latency] hand_policy inference_ms=8.568
[chunk 0287] inference=0.009s predicted=(2, 22)
[cmd 000575 kind=policy chunk=0287 chunk_step=0] delta_max_rad=0.094957 delta_max_deg=5.4406 joint=right_index_DIP joint_index=3 from_rad=1.184422 to_rad=1.089466
[action 000575 chunk_step=0] raw=[-0.3475,1.2550] sent=[-0.3475,1.2550] limit_clips=0 step_clips=0 tracking_max=nan
[cmd 000576 kind=policy chunk=0287 chunk_step=1] delta_max_rad=0.103237 delta_max_deg=5.9150 joint=right_index_DIP joint_index=3 from_rad=1.089466 to_rad=0.986229
[action 000576 chunk_step=1] raw=[-0.3483,1.2177] sent=[-0.3483,1.2177] limit_clips=0 step_clips=0 tracking_max=nan
[latency] hand_policy inference_ms=9.491
[chunk 0288] inference=0.009s predicted=(2, 22)
[cmd 000577 kind=policy chunk=0288 chunk_step=0] delta_max_rad=0.106430 delta_max_deg=6.0980 joint=right_pinky_PIP joint_index=11 from_rad=0.500914 to_rad=0.394484
[action 000577 chunk_step=0] raw=[-0.3424,1.2031] sent=[-0.3424,1.2031] limit_clips=0 step_clips=0 tracking_max=nan
[cmd 000578 kind=policy chunk=0288 chunk_step=1] delta_max_rad=0.104120 delta_max_deg=5.9656 joint=right_pinky_PIP joint_index=11 from_rad=0.394484 to_rad=0.290365
[action 000578 chunk_step=1] raw=[-0.3360,1.2287] sent=[-0.3360,1.2287] limit_clips=0 step_clips=0 tracking_max=nan
[latency] hand_policy inference_ms=9.810
[chunk 0289] inference=0.010s predicted=(2, 22)
[cmd 000579 kind=policy chunk=0289 chunk_step=0] delta_max_rad=0.108858 delta_max_deg=6.2371 joint=right_pinky_PIP joint_index=11 from_rad=0.290365 to_rad=0.181506
[action 000579 chunk_step=0] raw=[-0.3449,1.3092] sent=[-0.3449,1.3092] limit_clips=0 step_clips=0 tracking_max=nan
[cmd 000580 kind=policy chunk=0289 chunk_step=1] delta_max_rad=0.087866 delta_max_deg=5.0344 joint=right_ring_MCP_FE joint_index=13 from_rad=0.177218 to_rad=0.089352
[action 000580 chunk_step=1] raw=[-0.3056,1.3587] sent=[-0.3056,1.3587] limit_clips=0 step_clips=0 tracking_max=nan
[latency] hand_policy inference_ms=8.850
[chunk 0290] inference=0.009s predicted=(2, 22)
[cmd 000581 kind=policy chunk=0290 chunk_step=0] delta_max_rad=0.093266 delta_max_deg=5.3438 joint=right_pinky_DIP joint_index=12 from_rad=0.578615 to_rad=0.485349
[action 000581 chunk_step=0] raw=[-0.2580,1.3794] sent=[-0.2580,1.3794] limit_clips=0 step_clips=0 tracking_max=nan
[cmd 000582 kind=policy chunk=0290 chunk_step=1] delta_max_rad=0.101719 delta_max_deg=5.8281 joint=right_pinky_MCP_AA joint_index=10 from_rad=0.270775 to_rad=0.169056
[action 000582 chunk_step=1] raw=[-0.2710,1.3192] sent=[-0.2710,1.3192] limit_clips=0 step_clips=0 tracking_max=nan
[latency] hand_policy inference_ms=8.818
[chunk 0291] inference=0.009s predicted=(2, 22)
[cmd 000583 kind=policy chunk=0291 chunk_step=0] delta_max_rad=0.103379 delta_max_deg=5.9232 joint=right_middle_DIP joint_index=7 from_rad=1.145400 to_rad=1.042021
[action 000583 chunk_step=0] raw=[-0.3442,1.2251] sent=[-0.3442,1.2251] limit_clips=0 step_clips=0 tracking_max=nan
[cmd 000584 kind=policy chunk=0291 chunk_step=1] delta_max_rad=0.101726 delta_max_deg=5.8285 joint=right_index_DIP joint_index=3 from_rad=0.977693 to_rad=1.079419
[action 000584 chunk_step=1] raw=[-0.3491,1.1410] sent=[-0.3491,1.1410] limit_clips=0 step_clips=0 tracking_max=nan
[latency] hand_policy inference_ms=10.339
[chunk 0292] inference=0.010s predicted=(2, 22)
[cmd 000585 kind=policy chunk=0292 chunk_step=0] delta_max_rad=0.107011 delta_max_deg=6.1313 joint=right_index_PIP joint_index=2 from_rad=0.558783 to_rad=0.665795
[action 000585 chunk_step=0] raw=[-0.3491,1.1772] sent=[-0.3491,1.1772] limit_clips=0 step_clips=0 tracking_max=nan
[cmd 000586 kind=policy chunk=0292 chunk_step=1] delta_max_rad=0.100763 delta_max_deg=5.7733 joint=right_pinky_PIP joint_index=11 from_rad=0.364671 to_rad=0.465434
[action 000586 chunk_step=1] raw=[-0.3491,1.2736] sent=[-0.3491,1.2736] limit_clips=0 step_clips=0 tracking_max=nan
[latency] hand_policy inference_ms=9.520
[chunk 0293] inference=0.010s predicted=(2, 22)
[cmd 000587 kind=policy chunk=0293 chunk_step=0] delta_max_rad=0.118299 delta_max_deg=6.7780 joint=right_pinky_DIP joint_index=12 from_rad=0.713945 to_rad=0.832243
[action 000587 chunk_step=0] raw=[-0.3488,1.3615] sent=[-0.3488,1.3615] limit_clips=0 step_clips=0 tracking_max=nan
[cmd 000588 kind=policy chunk=0293 chunk_step=1] delta_max_rad=0.123573 delta_max_deg=7.0802 joint=right_ring_MCP_FE joint_index=13 from_rad=0.449046 to_rad=0.572619
[action 000588 chunk_step=1] raw=[-0.3464,1.3866] sent=[-0.3464,1.3866] limit_clips=0 step_clips=0 tracking_max=nan
[latency] hand_policy inference_ms=8.682
[chunk 0294] inference=0.009s predicted=(2, 22)
[cmd 000589 kind=policy chunk=0294 chunk_step=0] delta_max_rad=0.130207 delta_max_deg=7.4603 joint=right_ring_MCP_FE joint_index=13 from_rad=0.572619 to_rad=0.702825
[action 000589 chunk_step=0] raw=[-0.3491,1.3838] sent=[-0.3491,1.3838] limit_clips=0 step_clips=0 tracking_max=nan
[cmd 000590 kind=policy chunk=0294 chunk_step=1] delta_max_rad=0.100934 delta_max_deg=5.7831 joint=right_pinky_MCP_AA joint_index=10 from_rad=0.097387 to_rad=0.198321
[action 000590 chunk_step=1] raw=[-0.3491,1.2882] sent=[-0.3491,1.2882] limit_clips=0 step_clips=0 tracking_max=nan
[latency] hand_policy inference_ms=9.162
[chunk 0295] inference=0.009s predicted=(2, 22)
[cmd 000591 kind=policy chunk=0295 chunk_step=0] delta_max_rad=0.101988 delta_max_deg=5.8435 joint=right_pinky_PIP joint_index=11 from_rad=0.651938 to_rad=0.549949
[action 000591 chunk_step=0] raw=[-0.3463,1.2200] sent=[-0.3463,1.2200] limit_clips=0 step_clips=0 tracking_max=nan
[cmd 000592 kind=policy chunk=0295 chunk_step=1] delta_max_rad=0.105725 delta_max_deg=6.0576 joint=right_ring_DIP joint_index=16 from_rad=0.924072 to_rad=1.029797
[action 000592 chunk_step=1] raw=[-0.3481,1.2043] sent=[-0.3481,1.2043] limit_clips=0 step_clips=0 tracking_max=nan
[latency] hand_policy inference_ms=10.056
[chunk 0296] inference=0.010s predicted=(2, 22)
[cmd 000593 kind=policy chunk=0296 chunk_step=0] delta_max_rad=0.101533 delta_max_deg=5.8174 joint=right_index_PIP joint_index=2 from_rad=0.673910 to_rad=0.572378
[action 000593 chunk_step=0] raw=[-0.3491,1.1842] sent=[-0.3491,1.1842] limit_clips=0 step_clips=0 tracking_max=nan
[cmd 000594 kind=policy chunk=0296 chunk_step=1] delta_max_rad=0.118109 delta_max_deg=6.7671 joint=right_index_PIP joint_index=2 from_rad=0.572378 to_rad=0.454269
[action 000594 chunk_step=1] raw=[-0.3412,1.2482] sent=[-0.3412,1.2482] limit_clips=0 step_clips=0 tracking_max=nan
[latency] hand_policy inference_ms=8.764
[chunk 0297] inference=0.009s predicted=(2, 22)
[cmd 000595 kind=policy chunk=0297 chunk_step=0] delta_max_rad=0.110136 delta_max_deg=6.3103 joint=right_index_PIP joint_index=2 from_rad=0.454269 to_rad=0.344133
[action 000595 chunk_step=0] raw=[-0.3348,1.3407] sent=[-0.3348,1.3407] limit_clips=0 step_clips=0 tracking_max=nan
[cmd 000596 kind=policy chunk=0297 chunk_step=1] delta_max_rad=0.101375 delta_max_deg=5.8083 joint=right_thumb_IP joint_index=21 from_rad=0.350153 to_rad=0.451528
[action 000596 chunk_step=1] raw=[-0.2625,1.3892] sent=[-0.2625,1.3892] limit_clips=0 step_clips=0 tracking_max=nan
[latency] hand_policy inference_ms=8.894
[chunk 0298] inference=0.009s predicted=(2, 22)
[cmd 000597 kind=policy chunk=0298 chunk_step=0] delta_max_rad=0.107702 delta_max_deg=6.1709 joint=right_ring_MCP_FE joint_index=13 from_rad=0.169956 to_rad=0.062255
[action 000597 chunk_step=0] raw=[-0.1907,1.3956] sent=[-0.1907,1.3956] limit_clips=0 step_clips=0 tracking_max=nan
[cmd 000598 kind=policy chunk=0298 chunk_step=1] delta_max_rad=0.102158 delta_max_deg=5.8532 joint=right_pinky_MCP_AA joint_index=10 from_rad=0.313922 to_rad=0.211764
[action 000598 chunk_step=1] raw=[-0.1507,1.3694] sent=[-0.1507,1.3694] limit_clips=0 step_clips=0 tracking_max=nan
[latency] hand_policy inference_ms=10.286
[chunk 0299] inference=0.010s predicted=(2, 22)
[cmd 000599 kind=policy chunk=0299 chunk_step=0] delta_max_rad=0.102571 delta_max_deg=5.8769 joint=right_ring_PIP joint_index=15 from_rad=1.100358 to_rad=0.997787
[action 000599 chunk_step=0] raw=[-0.2274,1.2773] sent=[-0.2274,1.2773] limit_clips=0 step_clips=0 tracking_max=nan
[cmd 000600 kind=policy chunk=0299 chunk_step=1] delta_max_rad=0.098623 delta_max_deg=5.6507 joint=right_thumb_MCP_FE joint_index=19 from_rad=0.596031 to_rad=0.497408
[action 000600 chunk_step=1] raw=[-0.2992,1.1926] sent=[-0.2992,1.1926] limit_clips=0 step_clips=0 tracking_max=nan
[done] steps=600 chunks=300 elapsed=26.94s inference=2.82s joint_limit_clips=0 step_clips=0
[cmd 000601 kind=exit_hold chunk=0300 chunk_step=-] delta_max_rad=0.073295 delta_max_deg=4.1995 joint=right_index_DIP joint_index=3 from_rad=1.006268 to_rad=0.932973
[cleanup] SharpA held at measured position
