[real] log: /media/frankagvl/U393/Dex_Diffuse/reports/hold_comparison_20260917/pair3_seed52_hold1.txt (keeping all runs; no retention limit)
[real] structured debug: /media/frankagvl/U393/Dex_Diffuse/reports/hold_comparison_20260917/pair3_seed52_hold1.jsonl
[real] started: 2026-09-17T15:55:55+08:00
[experiment] 空手无灯泡 holding 对照实验; 配对轮次=3/3; HOLD_DURING_INFERENCE=1; SEED=52; 每轮600动作/300chunk; chunk=2; 30Hz; 每轮ROTATE复位; TensorRT FP32; FUSED_DDIM=1; DDIM=4步; 不插值; 沿用软件限幅关闭配置; 完整TXT+JSONL记录; 比较纯策略跨chunk/内部跳变及含hold实际指令跳变; 三轮分别统计后等权平均; 排除初始化/首个策略动作/退出hold
WARNING:torch_tensorrt.dynamo.conversion.aten_ops_converters:Unable to import quantization op. Please install modelopt library (https://github.com/NVIDIA/TensorRT-Model-Optimizer?tab=readme-ov-file#installation) to add support for compiling quantized models
[real] python: /home/frankagvl/anaconda3/envs/dexIL/bin/python
[real] checkpoint: /media/frankagvl/U393/Dex_Diffuse/runs/obs_4-66.ckpt
[real] policy: obs=66 action=22 sampler=ddim inference_steps=4 chunk=2
[real] acceleration: tensorrt=1 precision=fp32 fused_ddim=1
[real] startup: robot_init.py (SharpA only) -> wait for Enter (if enabled) -> load model -> infer
[init] SharpA init_pose=ROTATE
[debug] structured record: /media/frankagvl/U393/Dex_Diffuse/reports/hold_comparison_20260917/pair3_seed52_hold1.jsonl
[hand] connecting to tcp://localhost:5570
[preflight] SharpA state OK: [1.1353000402450562, -0.19040000438690186, 0.5238999724388123, -0.31439998745918274, 0.3513000011444092, 0.5109999775886536, -0.2770000100135803, 0.5264999866485596, 1.035599946975708, 0.4357999861240387, 0.041099999099969864, 0.5181000232696533, 1.2767000198364258, 0.4438000023365021, 0.1932000070810318, 0.7946000099182129, 1.0321999788284302, 0.02290000021457672, 1.1210999488830566, 0.3093999922275543, 0.39410001039505005, 0.9772999882698059]
[init] moving SharpA to HAND_READY_JOINTS: 50 steps / 2s
[init] SharpA max error=0.0142 rad
[init] SharpA HAND_READY_JOINTS reached
[init] requested robot initialization completed
[real] LIVE: wait_for_enter=0; Ctrl-C holds measured hand qpos
[real] schedule: infer -> execute 2 targets at 30 Hz -> infer
[real] hold during inference: 1 (live only)
WARNING:torch_tensorrt.dynamo.conversion.aten_ops_converters:Unable to import quantization op. Please install modelopt library (https://github.com/NVIDIA/TensorRT-Model-Optimizer?tab=readme-ov-file#installation) to add support for compiling quantized models
[debug] structured record: /media/frankagvl/U393/Dex_Diffuse/reports/hold_comparison_20260917/pair3_seed52_hold1.jsonl
[hand] connecting to tcp://localhost:5570
[hand] SharpA server ready
[initial-pose] motion disabled; using measured qpos
[policy] loading /media/frankagvl/U393/Dex_Diffuse/runs/obs_4-66.ckpt
[policy] loaded EMA model; step=54316 epoch=74; spec={'obs_dim': 66, 'action_dim': 22, 'n_obs_steps': 4, 'n_pred_action_steps': 9, 'n_action_steps': 5, 'horizon': 12}; sampler=ddim inference_steps=4
[policy] preparing TensorRT FP32 UNet (load validated cache or compile)...
[TensorRT] loaded cached engine: /media/frankagvl/U393/Dex_Diffuse/runs/obs_4-66.unet.fp32.trt.pt
[policy] TensorRT UNet ready in 1.0s
WARNING: [Torch-TensorRT] - Using default stream in enqueueV3() may lead to performance issues due to additional calls to cudaStreamSynchronize() by TensorRT to ensure correct synchronization. Please use non-default stream instead.
[latency] hand_policy inference_ms=46.627
[policy] synthetic inference passed in 0.047s
[initial-state] measured policy-order qpos(rad)=[ 0.434247, -0.060819,  0.833688,  0.050416,  0.442489, -0.059207,  0.672923,  0.109924,  0.023214,  0.786896, -0.013993,  0.835143,  0.020953,  0.341915,  0.091364,  0.96019 ,  0.354227,  1.041922, -0.097054,  0.366775, -0.31171 ,  0.010845]
[mode] LIVE; 66-D obs -> 22-D absolute SharpA targets; serial 2-step chunks at 30 Hz
[limits] joint_limits=False step_clamp=False max_tracking_error=0
[schedule] hold measured qpos -> infer -> execute chunk with per-step state reads -> repeat
[cmd 000001 kind=inference_hold chunk=0000 chunk_step=-] delta_max_rad=nan delta_max_deg=nan reference=unknown
[latency] hand_policy inference_ms=8.559
[chunk 0000] inference=0.009s predicted=(2, 22)
[cmd 000002 kind=policy chunk=0000 chunk_step=0] delta_max_rad=0.078154 delta_max_deg=4.4779 joint=right_ring_DIP joint_index=16 from_rad=0.354227 to_rad=0.432381
[action 000001 chunk_step=0] raw=[-0.3334,1.0774] sent=[-0.3334,1.0774] limit_clips=0 step_clips=0 tracking_max=nan
[cmd 000003 kind=policy chunk=0000 chunk_step=1] delta_max_rad=0.091807 delta_max_deg=5.2601 joint=right_index_PIP joint_index=2 from_rad=0.822741 to_rad=0.730934
[action 000002 chunk_step=1] raw=[-0.3449,1.0822] sent=[-0.3449,1.0822] limit_clips=0 step_clips=0 tracking_max=nan
[cmd 000004 kind=inference_hold chunk=0001 chunk_step=-] delta_max_rad=0.049010 delta_max_deg=2.8081 joint=right_pinky_DIP joint_index=12 from_rad=0.135059 to_rad=0.086049
[latency] hand_policy inference_ms=8.947
[chunk 0001] inference=0.009s predicted=(2, 22)
[cmd 000005 kind=policy chunk=0001 chunk_step=0] delta_max_rad=0.120898 delta_max_deg=6.9269 joint=right_pinky_PIP joint_index=11 from_rad=0.777135 to_rad=0.656238
[action 000003 chunk_step=0] raw=[-0.3470,1.0964] sent=[-0.3470,1.0964] limit_clips=0 step_clips=0 tracking_max=nan
[cmd 000006 kind=policy chunk=0001 chunk_step=1] delta_max_rad=0.109270 delta_max_deg=6.2607 joint=right_index_DIP joint_index=3 from_rad=0.238996 to_rad=0.348266
[action 000004 chunk_step=1] raw=[-0.3475,1.1107] sent=[-0.3475,1.1107] limit_clips=0 step_clips=0 tracking_max=nan
[cmd 000007 kind=inference_hold chunk=0002 chunk_step=-] delta_max_rad=0.073876 delta_max_deg=4.2328 joint=right_index_DIP joint_index=3 from_rad=0.348266 to_rad=0.274390
[latency] hand_policy inference_ms=10.251
[chunk 0002] inference=0.010s predicted=(2, 22)
[cmd 000008 kind=policy chunk=0002 chunk_step=0] delta_max_rad=0.149809 delta_max_deg=8.5834 joint=right_middle_DIP joint_index=7 from_rad=0.328873 to_rad=0.478682
[action 000005 chunk_step=0] raw=[-0.3491,1.1187] sent=[-0.3491,1.1187] limit_clips=0 step_clips=0 tracking_max=nan
[cmd 000009 kind=policy chunk=0002 chunk_step=1] delta_max_rad=0.095728 delta_max_deg=5.4848 joint=right_index_DIP joint_index=3 from_rad=0.420361 to_rad=0.516089
[action 000006 chunk_step=1] raw=[-0.3490,1.1220] sent=[-0.3490,1.1220] limit_clips=0 step_clips=0 tracking_max=nan
[cmd 000010 kind=inference_hold chunk=0003 chunk_step=-] delta_max_rad=0.073294 delta_max_deg=4.1995 joint=right_index_DIP joint_index=3 from_rad=0.516089 to_rad=0.442795
[latency] hand_policy inference_ms=9.436
[chunk 0003] inference=0.009s predicted=(2, 22)
[cmd 000011 kind=policy chunk=0003 chunk_step=0] delta_max_rad=0.152881 delta_max_deg=8.7594 joint=right_index_DIP joint_index=3 from_rad=0.442795 to_rad=0.595675
[action 000007 chunk_step=0] raw=[-0.3491,1.1357] sent=[-0.3491,1.1357] limit_clips=0 step_clips=0 tracking_max=nan
[cmd 000012 kind=policy chunk=0003 chunk_step=1] delta_max_rad=0.096090 delta_max_deg=5.5055 joint=right_thumb_CMC_FE joint_index=17 from_rad=1.135684 to_rad=1.231774
[action 000008 chunk_step=1] raw=[-0.3479,1.2318] sent=[-0.3479,1.2318] limit_clips=0 step_clips=0 tracking_max=nan
[cmd 000013 kind=inference_hold chunk=0004 chunk_step=-] delta_max_rad=0.068465 delta_max_deg=3.9228 joint=right_pinky_DIP joint_index=12 from_rad=0.604698 to_rad=0.536233
[latency] hand_policy inference_ms=8.543
[chunk 0004] inference=0.009s predicted=(2, 22)
[cmd 000014 kind=policy chunk=0004 chunk_step=0] delta_max_rad=0.160226 delta_max_deg=9.1803 joint=right_index_PIP joint_index=2 from_rad=0.600595 to_rad=0.440369
[action 000009 chunk_step=0] raw=[-0.3491,1.3282] sent=[-0.3491,1.3282] limit_clips=0 step_clips=0 tracking_max=nan
[cmd 000015 kind=policy chunk=0004 chunk_step=1] delta_max_rad=0.096530 delta_max_deg=5.5308 joint=right_ring_PIP joint_index=15 from_rad=1.004765 to_rad=1.101295
[action 000010 chunk_step=1] raw=[-0.3256,1.3330] sent=[-0.3256,1.3330] limit_clips=0 step_clips=0 tracking_max=nan
[cmd 000016 kind=inference_hold chunk=0005 chunk_step=-] delta_max_rad=0.076132 delta_max_deg=4.3620 joint=right_middle_DIP joint_index=7 from_rad=0.880975 to_rad=0.804843
[latency] hand_policy inference_ms=8.904
[chunk 0005] inference=0.009s predicted=(2, 22)
[cmd 000017 kind=policy chunk=0005 chunk_step=0] delta_max_rad=0.167014 delta_max_deg=9.5692 joint=right_pinky_DIP joint_index=12 from_rad=0.706124 to_rad=0.873139
[action 000011 chunk_step=0] raw=[-0.3329,1.3011] sent=[-0.3329,1.3011] limit_clips=0 step_clips=0 tracking_max=nan
[cmd 000018 kind=policy chunk=0005 chunk_step=1] delta_max_rad=0.087143 delta_max_deg=4.9929 joint=right_pinky_MCP_FE joint_index=9 from_rad=0.946362 to_rad=1.033505
[action 000012 chunk_step=1] raw=[-0.2820,1.2926] sent=[-0.2820,1.2926] limit_clips=0 step_clips=0 tracking_max=nan
[cmd 000019 kind=inference_hold chunk=0006 chunk_step=-] delta_max_rad=0.077951 delta_max_deg=4.4663 joint=right_pinky_MCP_AA joint_index=10 from_rad=0.335903 to_rad=0.257952
[latency] hand_policy inference_ms=9.914
[chunk 0006] inference=0.010s predicted=(2, 22)
[cmd 000020 kind=policy chunk=0006 chunk_step=0] delta_max_rad=0.160191 delta_max_deg=9.1783 joint=right_ring_DIP joint_index=16 from_rad=0.709383 to_rad=0.869573
[action 000013 chunk_step=0] raw=[-0.2757,1.2977] sent=[-0.2757,1.2977] limit_clips=0 step_clips=0 tracking_max=nan
[cmd 000021 kind=policy chunk=0006 chunk_step=1] delta_max_rad=0.094795 delta_max_deg=5.4313 joint=right_thumb_IP joint_index=21 from_rad=0.247801 to_rad=0.342595
[action 000014 chunk_step=1] raw=[-0.2860,1.2980] sent=[-0.2860,1.2980] limit_clips=0 step_clips=0 tracking_max=nan
[cmd 000022 kind=inference_hold chunk=0007 chunk_step=-] delta_max_rad=0.072943 delta_max_deg=4.1793 joint=right_thumb_IP joint_index=21 from_rad=0.342595 to_rad=0.269653
[latency] hand_policy inference_ms=8.561
[chunk 0007] inference=0.009s predicted=(2, 22)
[cmd 000023 kind=policy chunk=0007 chunk_step=0] delta_max_rad=0.149461 delta_max_deg=8.5635 joint=right_index_DIP joint_index=3 from_rad=0.761091 to_rad=0.910552
[action 000015 chunk_step=0] raw=[-0.3296,1.2409] sent=[-0.3296,1.2409] limit_clips=0 step_clips=0 tracking_max=nan
[cmd 000024 kind=policy chunk=0007 chunk_step=1] delta_max_rad=0.097804 delta_max_deg=5.6038 joint=right_ring_DIP joint_index=16 from_rad=0.884140 to_rad=0.786336
[action 000016 chunk_step=1] raw=[-0.3480,1.1781] sent=[-0.3480,1.1781] limit_clips=0 step_clips=0 tracking_max=nan
[cmd 000025 kind=inference_hold chunk=0008 chunk_step=-] delta_max_rad=0.077156 delta_max_deg=4.4207 joint=right_index_DIP joint_index=3 from_rad=1.000541 to_rad=0.923385
[latency] hand_policy inference_ms=8.760
[chunk 0008] inference=0.009s predicted=(2, 22)
[cmd 000026 kind=policy chunk=0008 chunk_step=0] delta_max_rad=0.160981 delta_max_deg=9.2236 joint=right_index_PIP joint_index=2 from_rad=0.474611 to_rad=0.635593
[action 000017 chunk_step=0] raw=[-0.3491,1.1653] sent=[-0.3491,1.1653] limit_clips=0 step_clips=0 tracking_max=nan
[cmd 000027 kind=policy chunk=0008 chunk_step=1] delta_max_rad=0.103983 delta_max_deg=5.9578 joint=right_middle_MCP_FE joint_index=4 from_rad=0.234334 to_rad=0.338316
[action 000018 chunk_step=1] raw=[-0.3489,1.1886] sent=[-0.3489,1.1886] limit_clips=0 step_clips=0 tracking_max=nan
[cmd 000028 kind=inference_hold chunk=0009 chunk_step=-] delta_max_rad=0.078932 delta_max_deg=4.5225 joint=right_index_DIP joint_index=3 from_rad=1.185601 to_rad=1.106668
[latency] hand_policy inference_ms=9.726
[chunk 0009] inference=0.010s predicted=(2, 22)
[cmd 000029 kind=policy chunk=0009 chunk_step=0] delta_max_rad=0.210192 delta_max_deg=12.0431 joint=right_index_PIP joint_index=2 from_rad=0.650626 to_rad=0.860818
[action 000019 chunk_step=0] raw=[-0.3419,1.2586] sent=[-0.3419,1.2586] limit_clips=0 step_clips=0 tracking_max=nan
[cmd 000030 kind=policy chunk=0009 chunk_step=1] delta_max_rad=0.120752 delta_max_deg=6.9186 joint=right_ring_MCP_FE joint_index=13 from_rad=0.380580 to_rad=0.501332
[action 000020 chunk_step=1] raw=[-0.3481,1.3269] sent=[-0.3481,1.3269] limit_clips=0 step_clips=0 tracking_max=nan
[cmd 000031 kind=inference_hold chunk=0010 chunk_step=-] delta_max_rad=0.097452 delta_max_deg=5.5836 joint=right_ring_MCP_FE joint_index=13 from_rad=0.501332 to_rad=0.403880
[latency] hand_policy inference_ms=8.726
[chunk 0010] inference=0.009s predicted=(2, 22)
[cmd 000032 kind=policy chunk=0010 chunk_step=0] delta_max_rad=0.149788 delta_max_deg=8.5822 joint=right_middle_PIP joint_index=6 from_rad=0.607135 to_rad=0.756923
[action 000021 chunk_step=0] raw=[-0.3470,1.3182] sent=[-0.3470,1.3182] limit_clips=0 step_clips=0 tracking_max=nan
[cmd 000033 kind=policy chunk=0010 chunk_step=1] delta_max_rad=0.115851 delta_max_deg=6.6378 joint=right_pinky_PIP joint_index=11 from_rad=0.673738 to_rad=0.557888
[action 000022 chunk_step=1] raw=[-0.3491,1.2456] sent=[-0.3491,1.2456] limit_clips=0 step_clips=0 tracking_max=nan
[cmd 000034 kind=inference_hold chunk=0011 chunk_step=-] delta_max_rad=0.056182 delta_max_deg=3.2190 joint=right_index_MCP_AA joint_index=1 from_rad=-0.305870 to_rad=-0.249689
[latency] hand_policy inference_ms=8.833
[chunk 0011] inference=0.009s predicted=(2, 22)
[cmd 000035 kind=policy chunk=0011 chunk_step=0] delta_max_rad=0.151537 delta_max_deg=8.6824 joint=right_index_PIP joint_index=2 from_rad=0.780996 to_rad=0.629459
[action 000023 chunk_step=0] raw=[-0.3486,1.1762] sent=[-0.3486,1.1762] limit_clips=0 step_clips=0 tracking_max=nan
[cmd 000036 kind=policy chunk=0011 chunk_step=1] delta_max_rad=0.107594 delta_max_deg=6.1647 joint=right_thumb_IP joint_index=21 from_rad=0.192075 to_rad=0.299670
[action 000024 chunk_step=1] raw=[-0.3455,1.2020] sent=[-0.3455,1.2020] limit_clips=0 step_clips=0 tracking_max=nan
[cmd 000037 kind=inference_hold chunk=0012 chunk_step=-] delta_max_rad=0.083009 delta_max_deg=4.7561 joint=right_thumb_IP joint_index=21 from_rad=0.299670 to_rad=0.216661
[latency] hand_policy inference_ms=10.319
[chunk 0012] inference=0.010s predicted=(2, 22)
[cmd 000038 kind=policy chunk=0012 chunk_step=0] delta_max_rad=0.178604 delta_max_deg=10.2333 joint=right_index_PIP joint_index=2 from_rad=0.616709 to_rad=0.438105
[action 000025 chunk_step=0] raw=[-0.3491,1.1991] sent=[-0.3491,1.1991] limit_clips=0 step_clips=0 tracking_max=nan
[cmd 000039 kind=policy chunk=0012 chunk_step=1] delta_max_rad=0.108541 delta_max_deg=6.2189 joint=right_pinky_DIP joint_index=12 from_rad=0.953324 to_rad=0.844783
[action 000026 chunk_step=1] raw=[-0.3285,1.2596] sent=[-0.3285,1.2596] limit_clips=0 step_clips=0 tracking_max=nan
[cmd 000040 kind=inference_hold chunk=0013 chunk_step=-] delta_max_rad=0.086255 delta_max_deg=4.9420 joint=right_pinky_DIP joint_index=12 from_rad=0.844783 to_rad=0.931038
[latency] hand_policy inference_ms=8.486
[chunk 0013] inference=0.008s predicted=(2, 22)
[cmd 000041 kind=policy chunk=0013 chunk_step=0] delta_max_rad=0.205487 delta_max_deg=11.7735 joint=right_thumb_IP joint_index=21 from_rad=0.402962 to_rad=0.608448
[action 000027 chunk_step=0] raw=[-0.2829,1.3036] sent=[-0.2829,1.3036] limit_clips=0 step_clips=0 tracking_max=nan
[cmd 000042 kind=policy chunk=0013 chunk_step=1] delta_max_rad=0.100531 delta_max_deg=5.7600 joint=right_thumb_IP joint_index=21 from_rad=0.608448 to_rad=0.708979
[action 000028 chunk_step=1] raw=[-0.2096,1.3267] sent=[-0.2096,1.3267] limit_clips=0 step_clips=0 tracking_max=nan
[cmd 000043 kind=inference_hold chunk=0014 chunk_step=-] delta_max_rad=0.089990 delta_max_deg=5.1560 joint=right_thumb_IP joint_index=21 from_rad=0.708979 to_rad=0.618989
[latency] hand_policy inference_ms=8.774
[chunk 0014] inference=0.009s predicted=(2, 22)
[cmd 000044 kind=policy chunk=0014 chunk_step=0] delta_max_rad=0.226101 delta_max_deg=12.9546 joint=right_thumb_IP joint_index=21 from_rad=0.618989 to_rad=0.845090
[action 000029 chunk_step=0] raw=[-0.1825,1.3374] sent=[-0.1825,1.3374] limit_clips=0 step_clips=0 tracking_max=nan
[cmd 000045 kind=policy chunk=0014 chunk_step=1] delta_max_rad=0.092338 delta_max_deg=5.2906 joint=right_thumb_MCP_AA joint_index=20 from_rad=-0.128625 to_rad=-0.036288
[action 000030 chunk_step=1] raw=[-0.1749,1.3392] sent=[-0.1749,1.3392] limit_clips=0 step_clips=0 tracking_max=nan
[cmd 000046 kind=inference_hold chunk=0015 chunk_step=-] delta_max_rad=0.075341 delta_max_deg=4.3167 joint=right_pinky_DIP joint_index=12 from_rad=0.428095 to_rad=0.503436
[latency] hand_policy inference_ms=10.265
[chunk 0015] inference=0.010s predicted=(2, 22)
[cmd 000047 kind=policy chunk=0015 chunk_step=0] delta_max_rad=0.144079 delta_max_deg=8.2551 joint=right_middle_PIP joint_index=6 from_rad=0.828924 to_rad=0.684846
[action 000031 chunk_step=0] raw=[-0.2384,1.2313] sent=[-0.2384,1.2313] limit_clips=0 step_clips=0 tracking_max=nan
[cmd 000048 kind=policy chunk=0015 chunk_step=1] delta_max_rad=0.121610 delta_max_deg=6.9677 joint=right_pinky_PIP joint_index=11 from_rad=0.180477 to_rad=0.302086
[action 000032 chunk_step=1] raw=[-0.3043,1.1507] sent=[-0.3043,1.1507] limit_clips=0 step_clips=0 tracking_max=nan
[cmd 000049 kind=inference_hold chunk=0016 chunk_step=-] delta_max_rad=0.076965 delta_max_deg=4.4098 joint=right_pinky_PIP joint_index=11 from_rad=0.302086 to_rad=0.225121
[latency] hand_policy inference_ms=9.543
[chunk 0016] inference=0.010s predicted=(2, 22)
[cmd 000050 kind=policy chunk=0016 chunk_step=0] delta_max_rad=0.165326 delta_max_deg=9.4725 joint=right_thumb_MCP_FE joint_index=19 from_rad=0.812075 to_rad=0.646749
[action 000033 chunk_step=0] raw=[-0.3457,1.0596] sent=[-0.3457,1.0596] limit_clips=0 step_clips=0 tracking_max=nan
[cmd 000051 kind=policy chunk=0016 chunk_step=1] delta_max_rad=0.100963 delta_max_deg=5.7847 joint=right_thumb_MCP_AA joint_index=20 from_rad=-0.216051 to_rad=-0.317014
[action 000034 chunk_step=1] raw=[-0.3468,1.0786] sent=[-0.3468,1.0786] limit_clips=0 step_clips=0 tracking_max=nan
[cmd 000052 kind=inference_hold chunk=0017 chunk_step=-] delta_max_rad=0.080172 delta_max_deg=4.5935 joint=right_pinky_PIP joint_index=11 from_rad=0.484565 to_rad=0.404393
[latency] hand_policy inference_ms=8.577
[chunk 0017] inference=0.009s predicted=(2, 22)
[cmd 000053 kind=policy chunk=0017 chunk_step=0] delta_max_rad=0.180363 delta_max_deg=10.3340 joint=right_index_DIP joint_index=3 from_rad=1.002351 to_rad=1.182714
[action 000035 chunk_step=0] raw=[-0.3480,1.1827] sent=[-0.3480,1.1827] limit_clips=0 step_clips=0 tracking_max=nan
[cmd 000054 kind=policy chunk=0017 chunk_step=1] delta_max_rad=0.110023 delta_max_deg=6.3039 joint=right_pinky_PIP joint_index=11 from_rad=0.582853 to_rad=0.692876
[action 000036 chunk_step=1] raw=[-0.3431,1.2510] sent=[-0.3431,1.2510] limit_clips=0 step_clips=0 tracking_max=nan
[cmd 000055 kind=inference_hold chunk=0018 chunk_step=-] delta_max_rad=0.089265 delta_max_deg=5.1145 joint=right_pinky_PIP joint_index=11 from_rad=0.692876 to_rad=0.603611
[latency] hand_policy inference_ms=8.739
[chunk 0018] inference=0.009s predicted=(2, 22)
[cmd 000056 kind=policy chunk=0018 chunk_step=0] delta_max_rad=0.192063 delta_max_deg=11.0044 joint=right_pinky_PIP joint_index=11 from_rad=0.603611 to_rad=0.795674
[action 000037 chunk_step=0] raw=[-0.3491,1.3324] sent=[-0.3491,1.3324] limit_clips=0 step_clips=0 tracking_max=nan
[cmd 000057 kind=policy chunk=0018 chunk_step=1] delta_max_rad=0.117565 delta_max_deg=6.7360 joint=right_middle_MCP_FE joint_index=4 from_rad=0.348865 to_rad=0.466431
[action 000038 chunk_step=1] raw=[-0.3469,1.3557] sent=[-0.3469,1.3557] limit_clips=0 step_clips=0 tracking_max=nan
[cmd 000058 kind=inference_hold chunk=0019 chunk_step=-] delta_max_rad=0.098527 delta_max_deg=5.6452 joint=right_middle_MCP_FE joint_index=4 from_rad=0.466431 to_rad=0.367903
[latency] hand_policy inference_ms=9.761
[chunk 0019] inference=0.010s predicted=(2, 22)
[cmd 000059 kind=policy chunk=0019 chunk_step=0] delta_max_rad=0.202475 delta_max_deg=11.6010 joint=right_middle_MCP_FE joint_index=4 from_rad=0.367903 to_rad=0.570379
[action 000039 chunk_step=0] raw=[-0.3486,1.3918] sent=[-0.3486,1.3918] limit_clips=0 step_clips=0 tracking_max=nan
[cmd 000060 kind=policy chunk=0019 chunk_step=1] delta_max_rad=0.108269 delta_max_deg=6.2034 joint=right_middle_DIP joint_index=7 from_rad=0.672882 to_rad=0.781152
[action 000040 chunk_step=1] raw=[-0.3467,1.3121] sent=[-0.3467,1.3121] limit_clips=0 step_clips=0 tracking_max=nan
[cmd 000061 kind=inference_hold chunk=0020 chunk_step=-] delta_max_rad=0.070685 delta_max_deg=4.0500 joint=right_middle_PIP joint_index=6 from_rad=0.614194 to_rad=0.543508
[latency] hand_policy inference_ms=8.471
[chunk 0020] inference=0.008s predicted=(2, 22)
[cmd 000062 kind=policy chunk=0020 chunk_step=0] delta_max_rad=0.159630 delta_max_deg=9.1461 joint=right_ring_PIP joint_index=15 from_rad=0.795166 to_rad=0.954795
[action 000041 chunk_step=0] raw=[-0.3462,1.2326] sent=[-0.3462,1.2326] limit_clips=0 step_clips=0 tracking_max=nan
[cmd 000063 kind=policy chunk=0020 chunk_step=1] delta_max_rad=0.116715 delta_max_deg=6.6873 joint=right_pinky_PIP joint_index=11 from_rad=0.836982 to_rad=0.720267
[action 000042 chunk_step=1] raw=[-0.3449,1.2003] sent=[-0.3449,1.2003] limit_clips=0 step_clips=0 tracking_max=nan
[cmd 000064 kind=inference_hold chunk=0021 chunk_step=-] delta_max_rad=0.072343 delta_max_deg=4.1449 joint=right_middle_DIP joint_index=7 from_rad=0.970273 to_rad=0.897931
[latency] hand_policy inference_ms=8.830
[chunk 0021] inference=0.009s predicted=(2, 22)
[cmd 000065 kind=policy chunk=0021 chunk_step=0] delta_max_rad=0.176026 delta_max_deg=10.0855 joint=right_pinky_PIP joint_index=11 from_rad=0.790641 to_rad=0.614615
[action 000043 chunk_step=0] raw=[-0.3441,1.1768] sent=[-0.3441,1.1768] limit_clips=0 step_clips=0 tracking_max=nan
[cmd 000066 kind=policy chunk=0021 chunk_step=1] delta_max_rad=0.099185 delta_max_deg=5.6829 joint=right_pinky_PIP joint_index=11 from_rad=0.614615 to_rad=0.515430
[action 000044 chunk_step=1] raw=[-0.3472,1.1887] sent=[-0.3472,1.1887] limit_clips=0 step_clips=0 tracking_max=nan
[cmd 000067 kind=inference_hold chunk=0022 chunk_step=-] delta_max_rad=0.082213 delta_max_deg=4.7105 joint=right_pinky_PIP joint_index=11 from_rad=0.515430 to_rad=0.597643
[latency] hand_policy inference_ms=10.268
[chunk 0022] inference=0.010s predicted=(2, 22)
[cmd 000068 kind=policy chunk=0022 chunk_step=0] delta_max_rad=0.204967 delta_max_deg=11.7438 joint=right_index_PIP joint_index=2 from_rad=0.607491 to_rad=0.402524
[action 000045 chunk_step=0] raw=[-0.3476,1.2229] sent=[-0.3476,1.2229] limit_clips=0 step_clips=0 tracking_max=nan
[cmd 000069 kind=policy chunk=0022 chunk_step=1] delta_max_rad=0.110506 delta_max_deg=6.3315 joint=right_pinky_PIP joint_index=11 from_rad=0.398986 to_rad=0.288479
[action 000046 chunk_step=1] raw=[-0.3480,1.2567] sent=[-0.3480,1.2567] limit_clips=0 step_clips=0 tracking_max=nan
[cmd 000070 kind=inference_hold chunk=0023 chunk_step=-] delta_max_rad=0.091170 delta_max_deg=5.2236 joint=right_pinky_PIP joint_index=11 from_rad=0.288479 to_rad=0.379649
[latency] hand_policy inference_ms=9.417
[chunk 0023] inference=0.009s predicted=(2, 22)
[cmd 000071 kind=policy chunk=0023 chunk_step=0] delta_max_rad=0.180112 delta_max_deg=10.3197 joint=right_pinky_PIP joint_index=11 from_rad=0.379649 to_rad=0.199537
[action 000047 chunk_step=0] raw=[-0.3475,1.2526] sent=[-0.3475,1.2526] limit_clips=0 step_clips=0 tracking_max=nan
[cmd 000072 kind=policy chunk=0023 chunk_step=1] delta_max_rad=0.116590 delta_max_deg=6.6801 joint=right_ring_PIP joint_index=15 from_rad=1.138744 to_rad=1.022153
[action 000048 chunk_step=1] raw=[-0.3482,1.1834] sent=[-0.3482,1.1834] limit_clips=0 step_clips=0 tracking_max=nan
[cmd 000073 kind=inference_hold chunk=0024 chunk_step=-] delta_max_rad=0.079131 delta_max_deg=4.5339 joint=right_middle_PIP joint_index=6 from_rad=0.508774 to_rad=0.587905
[latency] hand_policy inference_ms=8.671
[chunk 0024] inference=0.009s predicted=(2, 22)
[cmd 000074 kind=policy chunk=0024 chunk_step=0] delta_max_rad=0.168530 delta_max_deg=9.6560 joint=right_middle_PIP joint_index=6 from_rad=0.587905 to_rad=0.419376
[action 000049 chunk_step=0] raw=[-0.3466,1.1556] sent=[-0.3466,1.1556] limit_clips=0 step_clips=0 tracking_max=nan
[cmd 000075 kind=policy chunk=0024 chunk_step=1] delta_max_rad=0.100478 delta_max_deg=5.7570 joint=right_pinky_PIP joint_index=11 from_rad=0.331981 to_rad=0.432459
[action 000050 chunk_step=1] raw=[-0.3481,1.2158] sent=[-0.3481,1.2158] limit_clips=0 step_clips=0 tracking_max=nan
[cmd 000076 kind=inference_hold chunk=0025 chunk_step=-] delta_max_rad=0.070411 delta_max_deg=4.0343 joint=right_index_DIP joint_index=3 from_rad=1.215795 to_rad=1.145384
[latency] hand_policy inference_ms=8.900
[chunk 0025] inference=0.009s predicted=(2, 22)
[cmd 000077 kind=policy chunk=0025 chunk_step=0] delta_max_rad=0.189813 delta_max_deg=10.8755 joint=right_ring_PIP joint_index=15 from_rad=0.910812 to_rad=0.720999
[action 000051 chunk_step=0] raw=[-0.3477,1.3000] sent=[-0.3477,1.3000] limit_clips=0 step_clips=0 tracking_max=nan
[cmd 000078 kind=policy chunk=0025 chunk_step=1] delta_max_rad=0.111079 delta_max_deg=6.3643 joint=right_ring_MCP_FE joint_index=13 from_rad=0.354114 to_rad=0.465193
[action 000052 chunk_step=1] raw=[-0.3461,1.3139] sent=[-0.3461,1.3139] limit_clips=0 step_clips=0 tracking_max=nan
[cmd 000079 kind=inference_hold chunk=0026 chunk_step=-] delta_max_rad=0.083115 delta_max_deg=4.7621 joint=right_ring_MCP_FE joint_index=13 from_rad=0.465193 to_rad=0.382078
[latency] hand_policy inference_ms=9.724
[chunk 0026] inference=0.010s predicted=(2, 22)
[cmd 000080 kind=policy chunk=0026 chunk_step=0] delta_max_rad=0.186324 delta_max_deg=10.6756 joint=right_ring_MCP_FE joint_index=13 from_rad=0.382078 to_rad=0.568403
[action 000053 chunk_step=0] raw=[-0.3457,1.2813] sent=[-0.3457,1.2813] limit_clips=0 step_clips=0 tracking_max=nan
[cmd 000081 kind=policy chunk=0026 chunk_step=1] delta_max_rad=0.100863 delta_max_deg=5.7790 joint=right_index_DIP joint_index=3 from_rad=1.229731 to_rad=1.128868
[action 000054 chunk_step=1] raw=[-0.3464,1.3104] sent=[-0.3464,1.3104] limit_clips=0 step_clips=0 tracking_max=nan
[cmd 000082 kind=inference_hold chunk=0027 chunk_step=-] delta_max_rad=0.072956 delta_max_deg=4.1800 joint=right_pinky_MCP_AA joint_index=10 from_rad=0.339039 to_rad=0.266083
[latency] hand_policy inference_ms=8.571
[chunk 0027] inference=0.009s predicted=(2, 22)
[cmd 000083 kind=policy chunk=0027 chunk_step=0] delta_max_rad=0.158848 delta_max_deg=9.1013 joint=right_pinky_CMC joint_index=8 from_rad=0.194087 to_rad=0.035239
[action 000055 chunk_step=0] raw=[-0.3455,1.3258] sent=[-0.3455,1.3258] limit_clips=0 step_clips=0 tracking_max=nan
[cmd 000084 kind=policy chunk=0027 chunk_step=1] delta_max_rad=0.098310 delta_max_deg=5.6327 joint=right_ring_MCP_FE joint_index=13 from_rad=0.473923 to_rad=0.375614
[action 000056 chunk_step=1] raw=[-0.3491,1.3350] sent=[-0.3491,1.3350] limit_clips=0 step_clips=0 tracking_max=nan
[cmd 000085 kind=inference_hold chunk=0028 chunk_step=-] delta_max_rad=0.070347 delta_max_deg=4.0306 joint=right_index_PIP joint_index=2 from_rad=0.344367 to_rad=0.414714
[latency] hand_policy inference_ms=9.044
[chunk 0028] inference=0.009s predicted=(2, 22)
[cmd 000086 kind=policy chunk=0028 chunk_step=0] delta_max_rad=0.162860 delta_max_deg=9.3312 joint=right_index_PIP joint_index=2 from_rad=0.414714 to_rad=0.251854
[action 000057 chunk_step=0] raw=[-0.3478,1.3841] sent=[-0.3478,1.3841] limit_clips=0 step_clips=0 tracking_max=nan
[cmd 000087 kind=policy chunk=0028 chunk_step=1] delta_max_rad=0.098536 delta_max_deg=5.6457 joint=right_ring_MCP_FE joint_index=13 from_rad=0.278971 to_rad=0.180435
[action 000058 chunk_step=1] raw=[-0.3485,1.3950] sent=[-0.3485,1.3950] limit_clips=0 step_clips=0 tracking_max=nan
[cmd 000088 kind=inference_hold chunk=0029 chunk_step=-] delta_max_rad=0.096581 delta_max_deg=5.5337 joint=right_middle_DIP joint_index=7 from_rad=1.394987 to_rad=1.298405
[latency] hand_policy inference_ms=10.085
[chunk 0029] inference=0.010s predicted=(2, 22)
[cmd 000089 kind=policy chunk=0029 chunk_step=0] delta_max_rad=0.155738 delta_max_deg=8.9231 joint=right_ring_DIP joint_index=16 from_rad=1.063913 to_rad=1.219651
[action 000059 chunk_step=0] raw=[-0.3491,1.4034] sent=[-0.3491,1.4034] limit_clips=0 step_clips=0 tracking_max=nan
[cmd 000090 kind=policy chunk=0029 chunk_step=1] delta_max_rad=0.096861 delta_max_deg=5.5497 joint=right_index_PIP joint_index=2 from_rad=0.258027 to_rad=0.354888
[action 000060 chunk_step=1] raw=[-0.3491,1.3627] sent=[-0.3491,1.3627] limit_clips=0 step_clips=0 tracking_max=nan
[cmd 000091 kind=inference_hold chunk=0030 chunk_step=-] delta_max_rad=0.073493 delta_max_deg=4.2108 joint=right_middle_PIP joint_index=6 from_rad=0.079830 to_rad=0.153323
[latency] hand_policy inference_ms=9.453
[chunk 0030] inference=0.009s predicted=(2, 22)
[cmd 000092 kind=policy chunk=0030 chunk_step=0] delta_max_rad=0.150894 delta_max_deg=8.6456 joint=right_index_DIP joint_index=3 from_rad=1.094181 to_rad=1.245075
[action 000061 chunk_step=0] raw=[-0.3491,1.2832] sent=[-0.3491,1.2832] limit_clips=0 step_clips=0 tracking_max=nan
[cmd 000093 kind=policy chunk=0030 chunk_step=1] delta_max_rad=0.111847 delta_max_deg=6.4084 joint=right_ring_PIP joint_index=15 from_rad=0.823464 to_rad=0.711617
[action 000062 chunk_step=1] raw=[-0.3482,1.3357] sent=[-0.3482,1.3357] limit_clips=0 step_clips=0 tracking_max=nan
[cmd 000094 kind=inference_hold chunk=0031 chunk_step=-] delta_max_rad=0.085786 delta_max_deg=4.9152 joint=right_index_DIP joint_index=3 from_rad=1.335731 to_rad=1.249945
[latency] hand_policy inference_ms=8.554
[chunk 0031] inference=0.009s predicted=(2, 22)
[cmd 000095 kind=policy chunk=0031 chunk_step=0] delta_max_rad=0.187134 delta_max_deg=10.7220 joint=right_ring_PIP joint_index=15 from_rad=0.788855 to_rad=0.601721
[action 000063 chunk_step=0] raw=[-0.3487,1.3959] sent=[-0.3487,1.3959] limit_clips=0 step_clips=0 tracking_max=nan
[cmd 000096 kind=policy chunk=0031 chunk_step=1] delta_max_rad=0.112399 delta_max_deg=6.4400 joint=right_ring_MCP_FE joint_index=13 from_rad=0.435029 to_rad=0.547428
[action 000064 chunk_step=1] raw=[-0.3491,1.3963] sent=[-0.3491,1.3963] limit_clips=0 step_clips=0 tracking_max=nan
[cmd 000097 kind=inference_hold chunk=0032 chunk_step=-] delta_max_rad=0.097726 delta_max_deg=5.5993 joint=right_index_DIP joint_index=3 from_rad=1.396300 to_rad=1.298574
[latency] hand_policy inference_ms=9.141
[chunk 0032] inference=0.009s predicted=(2, 22)
[cmd 000098 kind=policy chunk=0032 chunk_step=0] delta_max_rad=0.169440 delta_max_deg=9.7082 joint=right_ring_MCP_FE joint_index=13 from_rad=0.466597 to_rad=0.636038
[action 000065 chunk_step=0] raw=[-0.3477,1.3298] sent=[-0.3477,1.3298] limit_clips=0 step_clips=0 tracking_max=nan
[cmd 000099 kind=policy chunk=0032 chunk_step=1] delta_max_rad=0.100352 delta_max_deg=5.7498 joint=right_middle_DIP joint_index=7 from_rad=1.170769 to_rad=1.271121
[action 000066 chunk_step=1] raw=[-0.3456,1.3193] sent=[-0.3456,1.3193] limit_clips=0 step_clips=0 tracking_max=nan
[cmd 000100 kind=inference_hold chunk=0033 chunk_step=-] delta_max_rad=0.057850 delta_max_deg=3.3146 joint=right_index_PIP joint_index=2 from_rad=0.498934 to_rad=0.556784
[latency] hand_policy inference_ms=9.782
[chunk 0033] inference=0.010s predicted=(2, 22)
[cmd 000101 kind=policy chunk=0033 chunk_step=0] delta_max_rad=0.140529 delta_max_deg=8.0517 joint=right_middle_DIP joint_index=7 from_rad=1.213383 to_rad=1.353911
[action 000067 chunk_step=0] raw=[-0.3491,1.3539] sent=[-0.3491,1.3539] limit_clips=0 step_clips=0 tracking_max=nan
[cmd 000102 kind=policy chunk=0033 chunk_step=1] delta_max_rad=0.111158 delta_max_deg=6.3689 joint=right_index_PIP joint_index=2 from_rad=0.419994 to_rad=0.308836
[action 000068 chunk_step=1] raw=[-0.3490,1.3866] sent=[-0.3490,1.3866] limit_clips=0 step_clips=0 tracking_max=nan
[cmd 000103 kind=inference_hold chunk=0034 chunk_step=-] delta_max_rad=0.095157 delta_max_deg=5.4521 joint=right_middle_DIP joint_index=7 from_rad=1.386566 to_rad=1.291409
[latency] hand_policy inference_ms=8.558
[chunk 0034] inference=0.009s predicted=(2, 22)
[cmd 000104 kind=policy chunk=0034 chunk_step=0] delta_max_rad=0.180808 delta_max_deg=10.3595 joint=right_index_PIP joint_index=2 from_rad=0.393240 to_rad=0.212432
[action 000069 chunk_step=0] raw=[-0.3491,1.3858] sent=[-0.3491,1.3858] limit_clips=0 step_clips=0 tracking_max=nan
[cmd 000105 kind=policy chunk=0034 chunk_step=1] delta_max_rad=0.099416 delta_max_deg=5.6961 joint=right_thumb_MCP_FE joint_index=19 from_rad=0.499492 to_rad=0.598908
[action 000070 chunk_step=1] raw=[-0.3490,1.3927] sent=[-0.3490,1.3927] limit_clips=0 step_clips=0 tracking_max=nan
[cmd 000106 kind=inference_hold chunk=0035 chunk_step=-] delta_max_rad=0.086896 delta_max_deg=4.9788 joint=right_middle_DIP joint_index=7 from_rad=1.392680 to_rad=1.305784
[latency] hand_policy inference_ms=8.789
[chunk 0035] inference=0.009s predicted=(2, 22)
[cmd 000107 kind=policy chunk=0035 chunk_step=0] delta_max_rad=0.180519 delta_max_deg=10.3430 joint=right_thumb_MCP_FE joint_index=19 from_rad=0.522515 to_rad=0.703034
[action 000071 chunk_step=0] raw=[-0.3490,1.3886] sent=[-0.3490,1.3886] limit_clips=0 step_clips=0 tracking_max=nan
[cmd 000108 kind=policy chunk=0035 chunk_step=1] delta_max_rad=0.106212 delta_max_deg=6.0855 joint=right_index_DIP joint_index=3 from_rad=0.892392 to_rad=0.998604
[action 000072 chunk_step=1] raw=[-0.3465,1.3196] sent=[-0.3465,1.3196] limit_clips=0 step_clips=0 tracking_max=nan
[cmd 000109 kind=inference_hold chunk=0036 chunk_step=-] delta_max_rad=0.066252 delta_max_deg=3.7960 joint=right_thumb_MCP_FE joint_index=19 from_rad=0.774890 to_rad=0.708638
[latency] hand_policy inference_ms=10.197
[chunk 0036] inference=0.010s predicted=(2, 22)
[cmd 000110 kind=policy chunk=0036 chunk_step=0] delta_max_rad=0.133743 delta_max_deg=7.6629 joint=right_index_DIP joint_index=3 from_rad=0.951524 to_rad=1.085268
[action 000073 chunk_step=0] raw=[-0.3491,1.2725] sent=[-0.3491,1.2725] limit_clips=0 step_clips=0 tracking_max=nan
[cmd 000111 kind=policy chunk=0036 chunk_step=1] delta_max_rad=0.101479 delta_max_deg=5.8143 joint=right_index_DIP joint_index=3 from_rad=1.085268 to_rad=1.186746
[action 000074 chunk_step=1] raw=[-0.3490,1.3298] sent=[-0.3490,1.3298] limit_clips=0 step_clips=0 tracking_max=nan
[cmd 000112 kind=inference_hold chunk=0037 chunk_step=-] delta_max_rad=0.075153 delta_max_deg=4.3059 joint=right_index_DIP joint_index=3 from_rad=1.186746 to_rad=1.111594
[latency] hand_policy inference_ms=9.982
[chunk 0037] inference=0.010s predicted=(2, 22)
[cmd 000113 kind=policy chunk=0037 chunk_step=0] delta_max_rad=0.156953 delta_max_deg=8.9928 joint=right_index_DIP joint_index=3 from_rad=1.111594 to_rad=1.268547
[action 000075 chunk_step=0] raw=[-0.3485,1.2730] sent=[-0.3485,1.2730] limit_clips=0 step_clips=0 tracking_max=nan
[cmd 000114 kind=policy chunk=0037 chunk_step=1] delta_max_rad=0.080071 delta_max_deg=4.5877 joint=right_pinky_DIP joint_index=12 from_rad=1.272956 to_rad=1.192886
[action 000076 chunk_step=1] raw=[-0.3491,1.3110] sent=[-0.3491,1.3110] limit_clips=0 step_clips=0 tracking_max=nan
[cmd 000115 kind=inference_hold chunk=0038 chunk_step=-] delta_max_rad=0.050903 delta_max_deg=2.9165 joint=right_index_DIP joint_index=3 from_rad=1.310955 to_rad=1.260053
[latency] hand_policy inference_ms=8.478
[chunk 0038] inference=0.008s predicted=(2, 22)
[cmd 000116 kind=policy chunk=0038 chunk_step=0] delta_max_rad=0.128159 delta_max_deg=7.3430 joint=right_pinky_DIP joint_index=12 from_rad=1.234117 to_rad=1.105958
[action 000077 chunk_step=0] raw=[-0.3489,1.3164] sent=[-0.3489,1.3164] limit_clips=0 step_clips=0 tracking_max=nan
[cmd 000117 kind=policy chunk=0038 chunk_step=1] delta_max_rad=0.069644 delta_max_deg=3.9903 joint=right_pinky_DIP joint_index=12 from_rad=1.105958 to_rad=1.036314
[action 000078 chunk_step=1] raw=[-0.3481,1.3067] sent=[-0.3481,1.3067] limit_clips=0 step_clips=0 tracking_max=nan
[cmd 000118 kind=inference_hold chunk=0039 chunk_step=-] delta_max_rad=0.057253 delta_max_deg=3.2804 joint=right_ring_DIP joint_index=16 from_rad=1.096979 to_rad=1.039726
[latency] hand_policy inference_ms=8.762
[chunk 0039] inference=0.009s predicted=(2, 22)
[cmd 000119 kind=policy chunk=0039 chunk_step=0] delta_max_rad=0.111555 delta_max_deg=6.3916 joint=right_pinky_DIP joint_index=12 from_rad=1.091658 to_rad=0.980103
[action 000079 chunk_step=0] raw=[-0.3490,1.2983] sent=[-0.3490,1.2983] limit_clips=0 step_clips=0 tracking_max=nan
[cmd 000120 kind=policy chunk=0039 chunk_step=1] delta_max_rad=0.046496 delta_max_deg=2.6640 joint=right_pinky_DIP joint_index=12 from_rad=0.980103 to_rad=0.933607
[action 000080 chunk_step=1] raw=[-0.3484,1.2863] sent=[-0.3484,1.2863] limit_clips=0 step_clips=0 tracking_max=nan
[cmd 000121 kind=inference_hold chunk=0040 chunk_step=-] delta_max_rad=0.044436 delta_max_deg=2.5460 joint=right_ring_DIP joint_index=16 from_rad=1.175818 to_rad=1.131382
[latency] hand_policy inference_ms=9.940
[chunk 0040] inference=0.010s predicted=(2, 22)
[cmd 000122 kind=policy chunk=0040 chunk_step=0] delta_max_rad=0.071810 delta_max_deg=4.1144 joint=right_pinky_DIP joint_index=12 from_rad=0.975506 to_rad=0.903697
[action 000081 chunk_step=0] raw=[-0.3491,1.2528] sent=[-0.3491,1.2528] limit_clips=0 step_clips=0 tracking_max=nan
[cmd 000123 kind=policy chunk=0040 chunk_step=1] delta_max_rad=0.056907 delta_max_deg=3.2605 joint=right_index_DIP joint_index=3 from_rad=1.252843 to_rad=1.195936
[action 000082 chunk_step=1] raw=[-0.3488,1.1977] sent=[-0.3488,1.1977] limit_clips=0 step_clips=0 tracking_max=nan
[cmd 000124 kind=inference_hold chunk=0041 chunk_step=-] delta_max_rad=0.035637 delta_max_deg=2.0419 joint=right_index_DIP joint_index=3 from_rad=1.195936 to_rad=1.231573
[latency] hand_policy inference_ms=8.518
[chunk 0041] inference=0.009s predicted=(2, 22)
[cmd 000125 kind=policy chunk=0041 chunk_step=0] delta_max_rad=0.072771 delta_max_deg=4.1695 joint=right_index_DIP joint_index=3 from_rad=1.231573 to_rad=1.158802
[action 000083 chunk_step=0] raw=[-0.3486,1.1959] sent=[-0.3486,1.1959] limit_clips=0 step_clips=0 tracking_max=nan
[cmd 000126 kind=policy chunk=0041 chunk_step=1] delta_max_rad=0.024309 delta_max_deg=1.3928 joint=right_pinky_DIP joint_index=12 from_rad=0.889216 to_rad=0.913525
[action 000084 chunk_step=1] raw=[-0.3480,1.1832] sent=[-0.3480,1.1832] limit_clips=0 step_clips=0 tracking_max=nan
[cmd 000127 kind=inference_hold chunk=0042 chunk_step=-] delta_max_rad=0.033667 delta_max_deg=1.9290 joint=right_thumb_MCP_AA joint_index=20 from_rad=-0.347986 to_rad=-0.314318
[latency] hand_policy inference_ms=8.828
[chunk 0042] inference=0.009s predicted=(2, 22)
[cmd 000128 kind=policy chunk=0042 chunk_step=0] delta_max_rad=0.054013 delta_max_deg=3.0947 joint=right_pinky_DIP joint_index=12 from_rad=0.904094 to_rad=0.958107
[action 000085 chunk_step=0] raw=[-0.3491,1.1536] sent=[-0.3491,1.1536] limit_clips=0 step_clips=0 tracking_max=nan
[cmd 000129 kind=policy chunk=0042 chunk_step=1] delta_max_rad=0.071898 delta_max_deg=4.1194 joint=right_pinky_DIP joint_index=12 from_rad=0.958107 to_rad=1.030005
[action 000086 chunk_step=1] raw=[-0.3471,1.1089] sent=[-0.3471,1.1089] limit_clips=0 step_clips=0 tracking_max=nan
[cmd 000130 kind=inference_hold chunk=0043 chunk_step=-] delta_max_rad=0.043370 delta_max_deg=2.4849 joint=right_ring_DIP joint_index=16 from_rad=1.105525 to_rad=1.148895
[latency] hand_policy inference_ms=8.838
[chunk 0043] inference=0.009s predicted=(2, 22)
[cmd 000131 kind=policy chunk=0043 chunk_step=0] delta_max_rad=0.120089 delta_max_deg=6.8806 joint=right_pinky_DIP joint_index=12 from_rad=0.989069 to_rad=1.109158
[action 000087 chunk_step=0] raw=[-0.3482,1.1092] sent=[-0.3482,1.1092] limit_clips=0 step_clips=0 tracking_max=nan
[cmd 000132 kind=policy chunk=0043 chunk_step=1] delta_max_rad=0.104546 delta_max_deg=5.9900 joint=right_index_PIP joint_index=2 from_rad=0.252500 to_rad=0.147954
[action 000088 chunk_step=1] raw=[-0.3491,1.1613] sent=[-0.3491,1.1613] limit_clips=0 step_clips=0 tracking_max=nan
[cmd 000133 kind=inference_hold chunk=0044 chunk_step=-] delta_max_rad=0.062076 delta_max_deg=3.5567 joint=right_index_PIP joint_index=2 from_rad=0.147954 to_rad=0.210030
[latency] hand_policy inference_ms=9.764
[chunk 0044] inference=0.010s predicted=(2, 22)
[cmd 000134 kind=policy chunk=0044 chunk_step=0] delta_max_rad=0.147746 delta_max_deg=8.4652 joint=right_index_MCP_AA joint_index=1 from_rad=-0.138622 to_rad=-0.286368
[action 000089 chunk_step=0] raw=[-0.3479,1.2537] sent=[-0.3479,1.2537] limit_clips=0 step_clips=0 tracking_max=nan
[cmd 000135 kind=policy chunk=0044 chunk_step=1] delta_max_rad=0.102115 delta_max_deg=5.8508 joint=right_index_MCP_FE joint_index=0 from_rad=0.497942 to_rad=0.600057
[action 000090 chunk_step=1] raw=[-0.3346,1.3301] sent=[-0.3346,1.3301] limit_clips=0 step_clips=0 tracking_max=nan
[cmd 000136 kind=inference_hold chunk=0045 chunk_step=-] delta_max_rad=0.079121 delta_max_deg=4.5333 joint=right_pinky_DIP joint_index=12 from_rad=1.330108 to_rad=1.250987
[latency] hand_policy inference_ms=8.569
[chunk 0045] inference=0.009s predicted=(2, 22)
[cmd 000137 kind=policy chunk=0045 chunk_step=0] delta_max_rad=0.158387 delta_max_deg=9.0749 joint=right_middle_DIP joint_index=7 from_rad=1.144582 to_rad=1.302969
[action 000091 chunk_step=0] raw=[-0.3439,1.3783] sent=[-0.3439,1.3783] limit_clips=0 step_clips=0 tracking_max=nan
[cmd 000138 kind=policy chunk=0045 chunk_step=1] delta_max_rad=0.113226 delta_max_deg=6.4874 joint=right_middle_PIP joint_index=6 from_rad=0.682026 to_rad=0.795253
[action 000092 chunk_step=1] raw=[-0.3278,1.3963] sent=[-0.3278,1.3963] limit_clips=0 step_clips=0 tracking_max=nan
[cmd 000139 kind=inference_hold chunk=0046 chunk_step=-] delta_max_rad=0.108593 delta_max_deg=6.2219 joint=right_middle_DIP joint_index=7 from_rad=1.383909 to_rad=1.275316
[latency] hand_policy inference_ms=8.810
[chunk 0046] inference=0.009s predicted=(2, 22)
[cmd 000140 kind=policy chunk=0046 chunk_step=0] delta_max_rad=0.178677 delta_max_deg=10.2374 joint=right_thumb_IP joint_index=21 from_rad=0.199889 to_rad=0.378566
[action 000093 chunk_step=0] raw=[-0.2416,1.3938] sent=[-0.2416,1.3938] limit_clips=0 step_clips=0 tracking_max=nan
[cmd 000141 kind=policy chunk=0046 chunk_step=1] delta_max_rad=0.103784 delta_max_deg=5.9464 joint=right_ring_PIP joint_index=15 from_rad=0.765072 to_rad=0.661288
[action 000094 chunk_step=1] raw=[-0.2138,1.3963] sent=[-0.2138,1.3963] limit_clips=0 step_clips=0 tracking_max=nan
[cmd 000142 kind=inference_hold chunk=0047 chunk_step=-] delta_max_rad=0.090380 delta_max_deg=5.1784 joint=right_pinky_DIP joint_index=12 from_rad=1.396289 to_rad=1.305908
[latency] hand_policy inference_ms=10.314
[chunk 0047] inference=0.010s predicted=(2, 22)
[cmd 000143 kind=policy chunk=0047 chunk_step=0] delta_max_rad=0.160557 delta_max_deg=9.1992 joint=right_thumb_MCP_FE joint_index=19 from_rad=0.859367 to_rad=0.698810
[action 000095 chunk_step=0] raw=[-0.3064,1.3871] sent=[-0.3064,1.3871] limit_clips=0 step_clips=0 tracking_max=nan
[cmd 000144 kind=policy chunk=0047 chunk_step=1] delta_max_rad=0.108211 delta_max_deg=6.2000 joint=right_thumb_IP joint_index=21 from_rad=0.226507 to_rad=0.118296
[action 000096 chunk_step=1] raw=[-0.3491,1.3945] sent=[-0.3491,1.3945] limit_clips=0 step_clips=0 tracking_max=nan
[cmd 000145 kind=inference_hold chunk=0048 chunk_step=-] delta_max_rad=0.086256 delta_max_deg=4.9421 joint=right_pinky_DIP joint_index=12 from_rad=1.394506 to_rad=1.308250
[latency] hand_policy inference_ms=9.796
[chunk 0048] inference=0.010s predicted=(2, 22)
[cmd 000146 kind=policy chunk=0048 chunk_step=0] delta_max_rad=0.184184 delta_max_deg=10.5530 joint=right_thumb_MCP_FE joint_index=19 from_rad=0.677332 to_rad=0.493147
[action 000097 chunk_step=0] raw=[-0.3491,1.3963] sent=[-0.3491,1.3963] limit_clips=0 step_clips=0 tracking_max=nan
[cmd 000147 kind=policy chunk=0048 chunk_step=1] delta_max_rad=0.110558 delta_max_deg=6.3345 joint=right_index_PIP joint_index=2 from_rad=0.614562 to_rad=0.725120
[action 000098 chunk_step=1] raw=[-0.3478,1.3948] sent=[-0.3478,1.3948] limit_clips=0 step_clips=0 tracking_max=nan
[cmd 000148 kind=inference_hold chunk=0049 chunk_step=-] delta_max_rad=0.093962 delta_max_deg=5.3836 joint=right_index_DIP joint_index=3 from_rad=1.391325 to_rad=1.297363
[latency] hand_policy inference_ms=8.575
[chunk 0049] inference=0.009s predicted=(2, 22)
[cmd 000149 kind=policy chunk=0049 chunk_step=0] delta_max_rad=0.191305 delta_max_deg=10.9610 joint=right_index_PIP joint_index=2 from_rad=0.640047 to_rad=0.831352
[action 000099 chunk_step=0] raw=[-0.3491,1.3963] sent=[-0.3491,1.3963] limit_clips=0 step_clips=0 tracking_max=nan
[cmd 000150 kind=policy chunk=0049 chunk_step=1] delta_max_rad=0.114362 delta_max_deg=6.5525 joint=right_ring_DIP joint_index=16 from_rad=0.850070 to_rad=0.964432
[action 000100 chunk_step=1] raw=[-0.3491,1.3790] sent=[-0.3491,1.3790] limit_clips=0 step_clips=0 tracking_max=nan
[cmd 000151 kind=inference_hold chunk=0050 chunk_step=-] delta_max_rad=0.070629 delta_max_deg=4.0467 joint=right_pinky_DIP joint_index=12 from_rad=1.379008 to_rad=1.308379
[latency] hand_policy inference_ms=8.730
[chunk 0050] inference=0.009s predicted=(2, 22)
[cmd 000152 kind=policy chunk=0050 chunk_step=0] delta_max_rad=0.141101 delta_max_deg=8.0845 joint=right_ring_PIP joint_index=15 from_rad=0.543711 to_rad=0.684813
[action 000101 chunk_step=0] raw=[-0.3486,1.3299] sent=[-0.3486,1.3299] limit_clips=0 step_clips=0 tracking_max=nan
[cmd 000153 kind=policy chunk=0050 chunk_step=1] delta_max_rad=0.119349 delta_max_deg=6.8382 joint=right_thumb_IP joint_index=21 from_rad=0.103047 to_rad=0.222397
[action 000102 chunk_step=1] raw=[-0.3454,1.3099] sent=[-0.3454,1.3099] limit_clips=0 step_clips=0 tracking_max=nan
[cmd 000154 kind=inference_hold chunk=0051 chunk_step=-] delta_max_rad=0.076222 delta_max_deg=4.3672 joint=right_thumb_IP joint_index=21 from_rad=0.222397 to_rad=0.146174
[latency] hand_policy inference_ms=10.034
[chunk 0051] inference=0.010s predicted=(2, 22)
[cmd 000155 kind=policy chunk=0051 chunk_step=0] delta_max_rad=0.161519 delta_max_deg=9.2544 joint=right_thumb_IP joint_index=21 from_rad=0.146174 to_rad=0.307694
[action 000103 chunk_step=0] raw=[-0.3491,1.2508] sent=[-0.3491,1.2508] limit_clips=0 step_clips=0 tracking_max=nan
[cmd 000156 kind=policy chunk=0051 chunk_step=1] delta_max_rad=0.110914 delta_max_deg=6.3549 joint=right_thumb_IP joint_index=21 from_rad=0.307694 to_rad=0.418608
[action 000104 chunk_step=1] raw=[-0.3294,1.3020] sent=[-0.3294,1.3020] limit_clips=0 step_clips=0 tracking_max=nan
[cmd 000157 kind=inference_hold chunk=0052 chunk_step=-] delta_max_rad=0.087606 delta_max_deg=5.0194 joint=right_thumb_IP joint_index=21 from_rad=0.418608 to_rad=0.331002
[latency] hand_policy inference_ms=9.867
[chunk 0052] inference=0.010s predicted=(2, 22)
[cmd 000158 kind=policy chunk=0052 chunk_step=0] delta_max_rad=0.201089 delta_max_deg=11.5216 joint=right_thumb_IP joint_index=21 from_rad=0.331002 to_rad=0.532091
[action 000105 chunk_step=0] raw=[-0.2916,1.3700] sent=[-0.2916,1.3700] limit_clips=0 step_clips=0 tracking_max=nan
[cmd 000159 kind=policy chunk=0052 chunk_step=1] delta_max_rad=0.108007 delta_max_deg=6.1884 joint=right_middle_MCP_FE joint_index=4 from_rad=0.050899 to_rad=-0.057108
[action 000106 chunk_step=1] raw=[-0.2459,1.3881] sent=[-0.2459,1.3881] limit_clips=0 step_clips=0 tracking_max=nan
[cmd 000160 kind=inference_hold chunk=0053 chunk_step=-] delta_max_rad=0.096811 delta_max_deg=5.5469 joint=right_thumb_IP joint_index=21 from_rad=0.634838 to_rad=0.538027
[latency] hand_policy inference_ms=8.570
[chunk 0053] inference=0.009s predicted=(2, 22)
[cmd 000161 kind=policy chunk=0053 chunk_step=0] delta_max_rad=0.216758 delta_max_deg=12.4193 joint=right_thumb_IP joint_index=21 from_rad=0.538027 to_rad=0.754785
[action 000107 chunk_step=0] raw=[-0.2002,1.3945] sent=[-0.2002,1.3945] limit_clips=0 step_clips=0 tracking_max=nan
[cmd 000162 kind=policy chunk=0053 chunk_step=1] delta_max_rad=0.105224 delta_max_deg=6.0289 joint=right_pinky_MCP_AA joint_index=10 from_rad=0.273131 to_rad=0.167907
[action 000108 chunk_step=1] raw=[-0.2034,1.3606] sent=[-0.2034,1.3606] limit_clips=0 step_clips=0 tracking_max=nan
[cmd 000163 kind=inference_hold chunk=0054 chunk_step=-] delta_max_rad=0.069088 delta_max_deg=3.9585 joint=right_thumb_MCP_AA joint_index=20 from_rad=-0.014692 to_rad=-0.083781
[latency] hand_policy inference_ms=8.745
[chunk 0054] inference=0.009s predicted=(2, 22)
[cmd 000164 kind=policy chunk=0054 chunk_step=0] delta_max_rad=0.109521 delta_max_deg=6.2751 joint=right_middle_PIP joint_index=6 from_rad=0.973221 to_rad=0.863700
[action 000109 chunk_step=0] raw=[-0.2712,1.2766] sent=[-0.2712,1.2766] limit_clips=0 step_clips=0 tracking_max=nan
[cmd 000165 kind=policy chunk=0054 chunk_step=1] delta_max_rad=0.103412 delta_max_deg=5.9251 joint=right_index_DIP joint_index=3 from_rad=0.944550 to_rad=1.047962
[action 000110 chunk_step=1] raw=[-0.3339,1.1804] sent=[-0.3339,1.1804] limit_clips=0 step_clips=0 tracking_max=nan
[cmd 000166 kind=inference_hold chunk=0055 chunk_step=-] delta_max_rad=0.072237 delta_max_deg=4.1389 joint=right_index_DIP joint_index=3 from_rad=1.047962 to_rad=0.975725
[latency] hand_policy inference_ms=10.020
[chunk 0055] inference=0.010s predicted=(2, 22)
[cmd 000167 kind=policy chunk=0055 chunk_step=0] delta_max_rad=0.163736 delta_max_deg=9.3814 joint=right_index_DIP joint_index=3 from_rad=0.975725 to_rad=1.139461
[action 000111 chunk_step=0] raw=[-0.3453,1.1395] sent=[-0.3453,1.1395] limit_clips=0 step_clips=0 tracking_max=nan
[cmd 000168 kind=policy chunk=0055 chunk_step=1] delta_max_rad=0.099425 delta_max_deg=5.6966 joint=right_thumb_MCP_FE joint_index=19 from_rad=0.589226 to_rad=0.489801
[action 000112 chunk_step=1] raw=[-0.3475,1.2347] sent=[-0.3475,1.2347] limit_clips=0 step_clips=0 tracking_max=nan
[cmd 000169 kind=inference_hold chunk=0056 chunk_step=-] delta_max_rad=0.082832 delta_max_deg=4.7459 joint=right_ring_PIP joint_index=15 from_rad=0.624351 to_rad=0.707183
[latency] hand_policy inference_ms=9.345
[chunk 0056] inference=0.009s predicted=(2, 22)
[cmd 000170 kind=policy chunk=0056 chunk_step=0] delta_max_rad=0.183934 delta_max_deg=10.5386 joint=right_ring_PIP joint_index=15 from_rad=0.707183 to_rad=0.523249
[action 000113 chunk_step=0] raw=[-0.3491,1.3208] sent=[-0.3491,1.3208] limit_clips=0 step_clips=0 tracking_max=nan
[cmd 000171 kind=policy chunk=0056 chunk_step=1] delta_max_rad=0.101471 delta_max_deg=5.8139 joint=right_middle_MCP_FE joint_index=4 from_rad=0.091728 to_rad=0.193199
[action 000114 chunk_step=1] raw=[-0.3491,1.3904] sent=[-0.3491,1.3904] limit_clips=0 step_clips=0 tracking_max=nan
[cmd 000172 kind=inference_hold chunk=0057 chunk_step=-] delta_max_rad=0.113365 delta_max_deg=6.4953 joint=right_index_DIP joint_index=3 from_rad=1.390450 to_rad=1.277085
[latency] hand_policy inference_ms=8.597
[chunk 0057] inference=0.009s predicted=(2, 22)
[cmd 000173 kind=policy chunk=0057 chunk_step=0] delta_max_rad=0.177746 delta_max_deg=10.1841 joint=right_middle_DIP joint_index=7 from_rad=0.879407 to_rad=0.701661
[action 000115 chunk_step=0] raw=[-0.3462,1.3963] sent=[-0.3462,1.3963] limit_clips=0 step_clips=0 tracking_max=nan
[cmd 000174 kind=policy chunk=0057 chunk_step=1] delta_max_rad=0.101767 delta_max_deg=5.8308 joint=right_middle_MCP_FE joint_index=4 from_rad=0.277043 to_rad=0.378811
[action 000116 chunk_step=1] raw=[-0.3462,1.3940] sent=[-0.3462,1.3940] limit_clips=0 step_clips=0 tracking_max=nan
[cmd 000175 kind=inference_hold chunk=0058 chunk_step=-] delta_max_rad=0.091581 delta_max_deg=5.2472 joint=right_index_DIP joint_index=3 from_rad=1.394031 to_rad=1.302450
[latency] hand_policy inference_ms=10.005
[chunk 0058] inference=0.010s predicted=(2, 22)
[cmd 000176 kind=policy chunk=0058 chunk_step=0] delta_max_rad=0.201713 delta_max_deg=11.5573 joint=right_middle_MCP_FE joint_index=4 from_rad=0.293933 to_rad=0.495646
[action 000117 chunk_step=0] raw=[-0.3483,1.4177] sent=[-0.3483,1.4177] limit_clips=0 step_clips=0 tracking_max=nan
[cmd 000177 kind=policy chunk=0058 chunk_step=1] delta_max_rad=0.100954 delta_max_deg=5.7843 joint=right_ring_DIP joint_index=16 from_rad=0.683022 to_rad=0.783976
[action 000118 chunk_step=1] raw=[-0.3475,1.4696] sent=[-0.3475,1.4696] limit_clips=0 step_clips=0 tracking_max=nan
[cmd 000178 kind=inference_hold chunk=0059 chunk_step=-] delta_max_rad=0.088124 delta_max_deg=5.0492 joint=right_index_DIP joint_index=3 from_rad=1.396300 to_rad=1.308176
[latency] hand_policy inference_ms=9.343
[chunk 0059] inference=0.009s predicted=(2, 22)
[cmd 000179 kind=policy chunk=0059 chunk_step=0] delta_max_rad=0.157954 delta_max_deg=9.0501 joint=right_ring_PIP joint_index=15 from_rad=0.585718 to_rad=0.743672
[action 000119 chunk_step=0] raw=[-0.3484,1.4625] sent=[-0.3484,1.4625] limit_clips=0 step_clips=0 tracking_max=nan
[cmd 000180 kind=policy chunk=0059 chunk_step=1] delta_max_rad=0.110303 delta_max_deg=6.3199 joint=right_pinky_PIP joint_index=11 from_rad=0.527956 to_rad=0.417653
[action 000120 chunk_step=1] raw=[-0.3481,1.3982] sent=[-0.3481,1.3982] limit_clips=0 step_clips=0 tracking_max=nan
[cmd 000181 kind=inference_hold chunk=0060 chunk_step=-] delta_max_rad=0.072854 delta_max_deg=4.1742 joint=right_ring_PIP joint_index=15 from_rad=0.831903 to_rad=0.759049
[latency] hand_policy inference_ms=8.906
[chunk 0060] inference=0.009s predicted=(2, 22)
[cmd 000182 kind=policy chunk=0060 chunk_step=0] delta_max_rad=0.163699 delta_max_deg=9.3792 joint=right_index_PIP joint_index=2 from_rad=0.851052 to_rad=0.687354
[action 000121 chunk_step=0] raw=[-0.3480,1.3085] sent=[-0.3480,1.3085] limit_clips=0 step_clips=0 tracking_max=nan
[cmd 000183 kind=policy chunk=0060 chunk_step=1] delta_max_rad=0.098735 delta_max_deg=5.6571 joint=right_pinky_PIP joint_index=11 from_rad=0.330393 to_rad=0.231657
[action 000122 chunk_step=1] raw=[-0.3484,1.2670] sent=[-0.3484,1.2670] limit_clips=0 step_clips=0 tracking_max=nan
[cmd 000184 kind=inference_hold chunk=0061 chunk_step=-] delta_max_rad=0.081547 delta_max_deg=4.6723 joint=right_index_PIP joint_index=2 from_rad=0.588782 to_rad=0.670329
[latency] hand_policy inference_ms=8.761
[chunk 0061] inference=0.009s predicted=(2, 22)
[cmd 000185 kind=policy chunk=0061 chunk_step=0] delta_max_rad=0.158670 delta_max_deg=9.0911 joint=right_pinky_PIP joint_index=11 from_rad=0.310523 to_rad=0.151853
[action 000123 chunk_step=0] raw=[-0.3455,1.3303] sent=[-0.3455,1.3303] limit_clips=0 step_clips=0 tracking_max=nan
[cmd 000186 kind=policy chunk=0061 chunk_step=1] delta_max_rad=0.094660 delta_max_deg=5.4236 joint=right_index_MCP_FE joint_index=0 from_rad=0.518269 to_rad=0.612929
[action 000124 chunk_step=1] raw=[-0.3491,1.3721] sent=[-0.3491,1.3721] limit_clips=0 step_clips=0 tracking_max=nan
[cmd 000187 kind=inference_hold chunk=0062 chunk_step=-] delta_max_rad=0.079644 delta_max_deg=4.5633 joint=right_pinky_DIP joint_index=12 from_rad=1.372134 to_rad=1.292489
[latency] hand_policy inference_ms=9.629
[chunk 0062] inference=0.010s predicted=(2, 22)
[cmd 000188 kind=policy chunk=0062 chunk_step=0] delta_max_rad=0.159608 delta_max_deg=9.1449 joint=right_middle_DIP joint_index=7 from_rad=1.068469 to_rad=1.228077
[action 000125 chunk_step=0] raw=[-0.3411,1.3963] sent=[-0.3411,1.3963] limit_clips=0 step_clips=0 tracking_max=nan
[cmd 000189 kind=policy chunk=0062 chunk_step=1] delta_max_rad=0.093892 delta_max_deg=5.3796 joint=right_ring_PIP joint_index=15 from_rad=0.911866 to_rad=0.817974
[action 000126 chunk_step=1] raw=[-0.3491,1.3958] sent=[-0.3491,1.3958] limit_clips=0 step_clips=0 tracking_max=nan
[cmd 000190 kind=inference_hold chunk=0063 chunk_step=-] delta_max_rad=0.090504 delta_max_deg=5.1855 joint=right_pinky_DIP joint_index=12 from_rad=1.395828 to_rad=1.305324
[latency] hand_policy inference_ms=8.590
[chunk 0063] inference=0.009s predicted=(2, 22)
[cmd 000191 kind=policy chunk=0063 chunk_step=0] delta_max_rad=0.155298 delta_max_deg=8.8979 joint=right_ring_PIP joint_index=15 from_rad=0.873942 to_rad=0.718644
[action 000127 chunk_step=0] raw=[-0.3486,1.3963] sent=[-0.3486,1.3963] limit_clips=0 step_clips=0 tracking_max=nan
[cmd 000192 kind=policy chunk=0063 chunk_step=1] delta_max_rad=0.096176 delta_max_deg=5.5105 joint=right_middle_DIP joint_index=7 from_rad=1.203804 to_rad=1.107628
[action 000128 chunk_step=1] raw=[-0.3478,1.3963] sent=[-0.3478,1.3963] limit_clips=0 step_clips=0 tracking_max=nan
[cmd 000193 kind=inference_hold chunk=0064 chunk_step=-] delta_max_rad=0.100612 delta_max_deg=5.7647 joint=right_index_DIP joint_index=3 from_rad=1.387527 to_rad=1.286915
[latency] hand_policy inference_ms=8.797
[chunk 0064] inference=0.009s predicted=(2, 22)
[cmd 000194 kind=policy chunk=0064 chunk_step=0] delta_max_rad=0.169013 delta_max_deg=9.6838 joint=right_ring_DIP joint_index=16 from_rad=0.841888 to_rad=0.672875
[action 000129 chunk_step=0] raw=[-0.3460,1.3963] sent=[-0.3460,1.3963] limit_clips=0 step_clips=0 tracking_max=nan
[cmd 000195 kind=policy chunk=0064 chunk_step=1] delta_max_rad=0.091773 delta_max_deg=5.2582 joint=right_middle_DIP joint_index=7 from_rad=1.019270 to_rad=0.927497
[action 000130 chunk_step=1] raw=[-0.3466,1.3963] sent=[-0.3466,1.3963] limit_clips=0 step_clips=0 tracking_max=nan
[cmd 000196 kind=inference_hold chunk=0065 chunk_step=-] delta_max_rad=0.091509 delta_max_deg=5.2431 joint=right_index_DIP joint_index=3 from_rad=1.396300 to_rad=1.304791
[latency] hand_policy inference_ms=9.461
[chunk 0065] inference=0.009s predicted=(2, 22)
[cmd 000197 kind=policy chunk=0065 chunk_step=0] delta_max_rad=0.146604 delta_max_deg=8.3998 joint=right_middle_DIP joint_index=7 from_rad=1.000883 to_rad=0.854280
[action 000131 chunk_step=0] raw=[-0.3483,1.2991] sent=[-0.3483,1.2991] limit_clips=0 step_clips=0 tracking_max=nan
[cmd 000198 kind=policy chunk=0065 chunk_step=1] delta_max_rad=0.114024 delta_max_deg=6.5331 joint=right_pinky_PIP joint_index=11 from_rad=0.415081 to_rad=0.301057
[action 000132 chunk_step=1] raw=[-0.3491,1.2033] sent=[-0.3491,1.2033] limit_clips=0 step_clips=0 tracking_max=nan
[cmd 000199 kind=inference_hold chunk=0066 chunk_step=-] delta_max_rad=0.064970 delta_max_deg=3.7225 joint=right_pinky_DIP joint_index=12 from_rad=1.129537 to_rad=1.194507
[latency] hand_policy inference_ms=8.584
[chunk 0066] inference=0.009s predicted=(2, 22)
[cmd 000200 kind=policy chunk=0066 chunk_step=0] delta_max_rad=0.154645 delta_max_deg=8.8605 joint=right_pinky_PIP joint_index=11 from_rad=0.365863 to_rad=0.211218
[action 000133 chunk_step=0] raw=[-0.3491,1.1698] sent=[-0.3491,1.1698] limit_clips=0 step_clips=0 tracking_max=nan
[cmd 000201 kind=policy chunk=0066 chunk_step=1] delta_max_rad=0.105690 delta_max_deg=6.0556 joint=right_index_DIP joint_index=3 from_rad=1.106545 to_rad=1.000855
[action 000134 chunk_step=1] raw=[-0.3454,1.1343] sent=[-0.3454,1.1343] limit_clips=0 step_clips=0 tracking_max=nan
[cmd 000202 kind=inference_hold chunk=0067 chunk_step=-] delta_max_rad=0.077860 delta_max_deg=4.4610 joint=right_index_DIP joint_index=3 from_rad=1.000855 to_rad=1.078715
[latency] hand_policy inference_ms=9.069
[chunk 0067] inference=0.009s predicted=(2, 22)
[cmd 000203 kind=policy chunk=0067 chunk_step=0] delta_max_rad=0.182384 delta_max_deg=10.4499 joint=right_index_DIP joint_index=3 from_rad=1.078715 to_rad=0.896331
[action 000135 chunk_step=0] raw=[-0.3033,1.1212] sent=[-0.3033,1.1212] limit_clips=0 step_clips=0 tracking_max=nan
[cmd 000204 kind=policy chunk=0067 chunk_step=1] delta_max_rad=0.104039 delta_max_deg=5.9610 joint=right_thumb_IP joint_index=21 from_rad=0.364324 to_rad=0.468362
[action 000136 chunk_step=1] raw=[-0.2168,1.1803] sent=[-0.2168,1.1803] limit_clips=0 step_clips=0 tracking_max=nan
[cmd 000205 kind=inference_hold chunk=0068 chunk_step=-] delta_max_rad=0.089749 delta_max_deg=5.1422 joint=right_index_DIP joint_index=3 from_rad=0.792355 to_rad=0.882104
[latency] hand_policy inference_ms=9.173
[chunk 0068] inference=0.009s predicted=(2, 22)
[cmd 000206 kind=policy chunk=0068 chunk_step=0] delta_max_rad=0.233000 delta_max_deg=13.3499 joint=right_thumb_IP joint_index=21 from_rad=0.382266 to_rad=0.615267
[action 000137 chunk_step=0] raw=[-0.1723,1.2438] sent=[-0.1723,1.2438] limit_clips=0 step_clips=0 tracking_max=nan
[cmd 000207 kind=policy chunk=0068 chunk_step=1] delta_max_rad=0.101963 delta_max_deg=5.8421 joint=right_thumb_MCP_AA joint_index=20 from_rad=-0.126434 to_rad=-0.024470
[action 000138 chunk_step=1] raw=[-0.1886,1.2867] sent=[-0.1886,1.2867] limit_clips=0 step_clips=0 tracking_max=nan
[cmd 000208 kind=inference_hold chunk=0069 chunk_step=-] delta_max_rad=0.078822 delta_max_deg=4.5162 joint=right_thumb_IP joint_index=21 from_rad=0.680847 to_rad=0.602024
[latency] hand_policy inference_ms=9.867
[chunk 0069] inference=0.010s predicted=(2, 22)
[cmd 000209 kind=policy chunk=0069 chunk_step=0] delta_max_rad=0.131575 delta_max_deg=7.5387 joint=right_thumb_MCP_AA joint_index=20 from_rad=-0.101925 to_rad=0.029650
[action 000139 chunk_step=0] raw=[-0.2461,1.1953] sent=[-0.2461,1.1953] limit_clips=0 step_clips=0 tracking_max=nan
[cmd 000210 kind=policy chunk=0069 chunk_step=1] delta_max_rad=0.112248 delta_max_deg=6.4314 joint=right_pinky_PIP joint_index=11 from_rad=0.176772 to_rad=0.289020
[action 000140 chunk_step=1] raw=[-0.3179,1.1117] sent=[-0.3179,1.1117] limit_clips=0 step_clips=0 tracking_max=nan
[cmd 000211 kind=inference_hold chunk=0070 chunk_step=-] delta_max_rad=0.074790 delta_max_deg=4.2851 joint=right_pinky_PIP joint_index=11 from_rad=0.289020 to_rad=0.214231
[latency] hand_policy inference_ms=9.584
[chunk 0070] inference=0.010s predicted=(2, 22)
[cmd 000212 kind=policy chunk=0070 chunk_step=0] delta_max_rad=0.163760 delta_max_deg=9.3827 joint=right_pinky_PIP joint_index=11 from_rad=0.214231 to_rad=0.377991
[action 000141 chunk_step=0] raw=[-0.3452,1.0739] sent=[-0.3452,1.0739] limit_clips=0 step_clips=0 tracking_max=nan
[cmd 000213 kind=policy chunk=0070 chunk_step=1] delta_max_rad=0.109288 delta_max_deg=6.2617 joint=right_pinky_PIP joint_index=11 from_rad=0.377991 to_rad=0.487278
[action 000142 chunk_step=1] raw=[-0.3447,1.1650] sent=[-0.3447,1.1650] limit_clips=0 step_clips=0 tracking_max=nan
[cmd 000214 kind=inference_hold chunk=0071 chunk_step=-] delta_max_rad=0.086343 delta_max_deg=4.9471 joint=right_pinky_PIP joint_index=11 from_rad=0.487278 to_rad=0.400935
[latency] hand_policy inference_ms=8.855
[chunk 0071] inference=0.009s predicted=(2, 22)
[cmd 000215 kind=policy chunk=0071 chunk_step=0] delta_max_rad=0.183931 delta_max_deg=10.5385 joint=right_pinky_PIP joint_index=11 from_rad=0.400935 to_rad=0.584866
[action 000143 chunk_step=0] raw=[-0.3442,1.2552] sent=[-0.3442,1.2552] limit_clips=0 step_clips=0 tracking_max=nan
[cmd 000216 kind=policy chunk=0071 chunk_step=1] delta_max_rad=0.113329 delta_max_deg=6.4933 joint=right_middle_MCP_FE joint_index=4 from_rad=0.234927 to_rad=0.348256
[action 000144 chunk_step=1] raw=[-0.3470,1.3488] sent=[-0.3470,1.3488] limit_clips=0 step_clips=0 tracking_max=nan
[cmd 000217 kind=inference_hold chunk=0072 chunk_step=-] delta_max_rad=0.098062 delta_max_deg=5.6185 joint=right_index_DIP joint_index=3 from_rad=1.348770 to_rad=1.250708
[latency] hand_policy inference_ms=8.972
[chunk 0072] inference=0.009s predicted=(2, 22)
[cmd 000218 kind=policy chunk=0072 chunk_step=0] delta_max_rad=0.196317 delta_max_deg=11.2481 joint=right_pinky_PIP joint_index=11 from_rad=0.601105 to_rad=0.797422
[action 000145 chunk_step=0] raw=[-0.3434,1.3922] sent=[-0.3434,1.3922] limit_clips=0 step_clips=0 tracking_max=nan
[cmd 000219 kind=policy chunk=0072 chunk_step=1] delta_max_rad=0.119037 delta_max_deg=6.8203 joint=right_ring_MCP_FE joint_index=13 from_rad=0.392420 to_rad=0.511457
[action 000146 chunk_step=1] raw=[-0.3462,1.3963] sent=[-0.3462,1.3963] limit_clips=0 step_clips=0 tracking_max=nan
[cmd 000220 kind=inference_hold chunk=0073 chunk_step=-] delta_max_rad=0.098828 delta_max_deg=5.6624 joint=right_middle_MCP_FE joint_index=4 from_rad=0.567157 to_rad=0.468330
[latency] hand_policy inference_ms=9.288
[chunk 0073] inference=0.009s predicted=(2, 22)
[cmd 000221 kind=policy chunk=0073 chunk_step=0] delta_max_rad=0.205910 delta_max_deg=11.7977 joint=right_middle_MCP_FE joint_index=4 from_rad=0.468330 to_rad=0.674239
[action 000147 chunk_step=0] raw=[-0.3469,1.3939] sent=[-0.3469,1.3939] limit_clips=0 step_clips=0 tracking_max=nan
[cmd 000222 kind=policy chunk=0073 chunk_step=1] delta_max_rad=0.102357 delta_max_deg=5.8646 joint=right_pinky_MCP_AA joint_index=10 from_rad=0.053181 to_rad=0.155538
[action 000148 chunk_step=1] raw=[-0.3480,1.3467] sent=[-0.3480,1.3467] limit_clips=0 step_clips=0 tracking_max=nan
[cmd 000223 kind=inference_hold chunk=0074 chunk_step=-] delta_max_rad=0.055954 delta_max_deg=3.2059 joint=right_middle_PIP joint_index=6 from_rad=0.383983 to_rad=0.328030
[latency] hand_policy inference_ms=9.960
[chunk 0074] inference=0.010s predicted=(2, 22)
[cmd 000224 kind=policy chunk=0074 chunk_step=0] delta_max_rad=0.134228 delta_max_deg=7.6907 joint=right_pinky_CMC joint_index=8 from_rad=0.218158 to_rad=0.083930
[action 000149 chunk_step=0] raw=[-0.3483,1.2541] sent=[-0.3483,1.2541] limit_clips=0 step_clips=0 tracking_max=nan
[cmd 000225 kind=policy chunk=0074 chunk_step=1] delta_max_rad=0.105917 delta_max_deg=6.0686 joint=right_ring_MCP_FE joint_index=13 from_rad=0.516313 to_rad=0.410396
[action 000150 chunk_step=1] raw=[-0.3468,1.1859] sent=[-0.3468,1.1859] limit_clips=0 step_clips=0 tracking_max=nan
[cmd 000226 kind=inference_hold chunk=0075 chunk_step=-] delta_max_rad=0.068482 delta_max_deg=3.9237 joint=right_index_PIP joint_index=2 from_rad=0.523895 to_rad=0.592377
[latency] hand_policy inference_ms=8.775
[chunk 0075] inference=0.009s predicted=(2, 22)
[cmd 000227 kind=policy chunk=0075 chunk_step=0] delta_max_rad=0.176043 delta_max_deg=10.0865 joint=right_middle_PIP joint_index=6 from_rad=0.475316 to_rad=0.651359
[action 000151 chunk_step=0] raw=[-0.3474,1.1618] sent=[-0.3474,1.1618] limit_clips=0 step_clips=0 tracking_max=nan
[cmd 000228 kind=policy chunk=0075 chunk_step=1] delta_max_rad=0.101092 delta_max_deg=5.7921 joint=right_ring_PIP joint_index=15 from_rad=0.962344 to_rad=1.063436
[action 000152 chunk_step=1] raw=[-0.3486,1.1316] sent=[-0.3486,1.1316] limit_clips=0 step_clips=0 tracking_max=nan
[cmd 000229 kind=inference_hold chunk=0076 chunk_step=-] delta_max_rad=0.075303 delta_max_deg=4.3145 joint=right_middle_PIP joint_index=6 from_rad=0.751060 to_rad=0.675757
[latency] hand_policy inference_ms=8.684
[chunk 0076] inference=0.009s predicted=(2, 22)
[cmd 000230 kind=policy chunk=0076 chunk_step=0] delta_max_rad=0.174736 delta_max_deg=10.0116 joint=right_middle_PIP joint_index=6 from_rad=0.675757 to_rad=0.850493
[action 000153 chunk_step=0] raw=[-0.3491,1.1649] sent=[-0.3491,1.1649] limit_clips=0 step_clips=0 tracking_max=nan
[cmd 000231 kind=policy chunk=0076 chunk_step=1] delta_max_rad=0.091599 delta_max_deg=5.2482 joint=right_middle_DIP joint_index=7 from_rad=1.098442 to_rad=1.190041
[action 000154 chunk_step=1] raw=[-0.3436,1.2463] sent=[-0.3436,1.2463] limit_clips=0 step_clips=0 tracking_max=nan
[cmd 000232 kind=inference_hold chunk=0077 chunk_step=-] delta_max_rad=0.073278 delta_max_deg=4.1985 joint=right_middle_DIP joint_index=7 from_rad=1.190041 to_rad=1.116764
[latency] hand_policy inference_ms=8.868
[chunk 0077] inference=0.009s predicted=(2, 22)
[cmd 000233 kind=policy chunk=0077 chunk_step=0] delta_max_rad=0.158789 delta_max_deg=9.0979 joint=right_ring_DIP joint_index=16 from_rad=1.073309 to_rad=1.232098
[action 000155 chunk_step=0] raw=[-0.3491,1.2711] sent=[-0.3491,1.2711] limit_clips=0 step_clips=0 tracking_max=nan
[cmd 000234 kind=policy chunk=0077 chunk_step=1] delta_max_rad=0.096487 delta_max_deg=5.5283 joint=right_pinky_MCP_AA joint_index=10 from_rad=0.308343 to_rad=0.211856
[action 000156 chunk_step=1] raw=[-0.3422,1.2567] sent=[-0.3422,1.2567] limit_clips=0 step_clips=0 tracking_max=nan
[cmd 000235 kind=inference_hold chunk=0078 chunk_step=-] delta_max_rad=0.062730 delta_max_deg=3.5941 joint=right_pinky_CMC joint_index=8 from_rad=0.221593 to_rad=0.158863
[latency] hand_policy inference_ms=10.296
[chunk 0078] inference=0.010s predicted=(2, 22)
[cmd 000236 kind=policy chunk=0078 chunk_step=0] delta_max_rad=0.137316 delta_max_deg=7.8676 joint=right_index_DIP joint_index=3 from_rad=0.970770 to_rad=1.108086
[action 000157 chunk_step=0] raw=[-0.3491,1.1634] sent=[-0.3491,1.1634] limit_clips=0 step_clips=0 tracking_max=nan
[cmd 000237 kind=policy chunk=0078 chunk_step=1] delta_max_rad=0.105400 delta_max_deg=6.0390 joint=right_middle_PIP joint_index=6 from_rad=0.716435 to_rad=0.611036
[action 000158 chunk_step=1] raw=[-0.3491,1.2012] sent=[-0.3491,1.2012] limit_clips=0 step_clips=0 tracking_max=nan
[cmd 000238 kind=inference_hold chunk=0079 chunk_step=-] delta_max_rad=0.072084 delta_max_deg=4.1301 joint=right_pinky_PIP joint_index=11 from_rad=0.648154 to_rad=0.576070
[latency] hand_policy inference_ms=10.035
[chunk 0079] inference=0.010s predicted=(2, 22)
[cmd 000239 kind=policy chunk=0079 chunk_step=0] delta_max_rad=0.160515 delta_max_deg=9.1968 joint=right_index_DIP joint_index=3 from_rad=1.133449 to_rad=1.293964
[action 000159 chunk_step=0] raw=[-0.3491,1.2940] sent=[-0.3491,1.2940] limit_clips=0 step_clips=0 tracking_max=nan
[cmd 000240 kind=policy chunk=0079 chunk_step=1] delta_max_rad=0.102255 delta_max_deg=5.8588 joint=right_pinky_PIP joint_index=11 from_rad=0.730995 to_rad=0.833250
[action 000160 chunk_step=1] raw=[-0.3491,1.3750] sent=[-0.3491,1.3750] limit_clips=0 step_clips=0 tracking_max=nan
[cmd 000241 kind=inference_hold chunk=0080 chunk_step=-] delta_max_rad=0.105433 delta_max_deg=6.0408 joint=right_index_DIP joint_index=3 from_rad=1.374963 to_rad=1.269530
[latency] hand_policy inference_ms=8.765
[chunk 0080] inference=0.009s predicted=(2, 22)
[cmd 000242 kind=policy chunk=0080 chunk_step=0] delta_max_rad=0.179857 delta_max_deg=10.3050 joint=right_pinky_DIP joint_index=12 from_rad=1.090622 to_rad=1.270479
[action 000161 chunk_step=0] raw=[-0.3481,1.3908] sent=[-0.3481,1.3908] limit_clips=0 step_clips=0 tracking_max=nan
[cmd 000243 kind=policy chunk=0080 chunk_step=1] delta_max_rad=0.110917 delta_max_deg=6.3551 joint=right_ring_MCP_FE joint_index=13 from_rad=0.342303 to_rad=0.453221
[action 000162 chunk_step=1] raw=[-0.3482,1.3963] sent=[-0.3482,1.3963] limit_clips=0 step_clips=0 tracking_max=nan
[cmd 000244 kind=inference_hold chunk=0081 chunk_step=-] delta_max_rad=0.095426 delta_max_deg=5.4675 joint=right_index_DIP joint_index=3 from_rad=1.396300 to_rad=1.300874
[latency] hand_policy inference_ms=9.071
[chunk 0081] inference=0.009s predicted=(2, 22)
[cmd 000245 kind=policy chunk=0081 chunk_step=0] delta_max_rad=0.134746 delta_max_deg=7.7204 joint=right_ring_MCP_FE joint_index=13 from_rad=0.371369 to_rad=0.506116
[action 000163 chunk_step=0] raw=[-0.3486,1.3583] sent=[-0.3486,1.3583] limit_clips=0 step_clips=0 tracking_max=nan
[cmd 000246 kind=policy chunk=0081 chunk_step=1] delta_max_rad=0.103430 delta_max_deg=5.9261 joint=right_ring_DIP joint_index=16 from_rad=0.651689 to_rad=0.755119
[action 000164 chunk_step=1] raw=[-0.3485,1.3296] sent=[-0.3485,1.3296] limit_clips=0 step_clips=0 tracking_max=nan
[cmd 000247 kind=inference_hold chunk=0082 chunk_step=-] delta_max_rad=0.057047 delta_max_deg=3.2685 joint=right_pinky_CMC joint_index=8 from_rad=0.079966 to_rad=0.137013
[latency] hand_policy inference_ms=9.070
[chunk 0082] inference=0.009s predicted=(2, 22)
[cmd 000248 kind=policy chunk=0082 chunk_step=0] delta_max_rad=0.157363 delta_max_deg=9.0162 joint=right_pinky_PIP joint_index=11 from_rad=0.915673 to_rad=0.758310
[action 000165 chunk_step=0] raw=[-0.3465,1.2616] sent=[-0.3465,1.2616] limit_clips=0 step_clips=0 tracking_max=nan
[cmd 000249 kind=policy chunk=0082 chunk_step=1] delta_max_rad=0.107304 delta_max_deg=6.1481 joint=right_index_DIP joint_index=3 from_rad=1.153759 to_rad=1.046456
[action 000166 chunk_step=1] raw=[-0.3470,1.2150] sent=[-0.3470,1.2150] limit_clips=0 step_clips=0 tracking_max=nan
[cmd 000250 kind=inference_hold chunk=0083 chunk_step=-] delta_max_rad=0.079462 delta_max_deg=4.5529 joint=right_pinky_PIP joint_index=11 from_rad=0.658870 to_rad=0.738333
[latency] hand_policy inference_ms=10.070
[chunk 0083] inference=0.010s predicted=(2, 22)
[cmd 000251 kind=policy chunk=0083 chunk_step=0] delta_max_rad=0.183790 delta_max_deg=10.5304 joint=right_pinky_PIP joint_index=11 from_rad=0.738333 to_rad=0.554543
[action 000167 chunk_step=0] raw=[-0.3491,1.3036] sent=[-0.3491,1.3036] limit_clips=0 step_clips=0 tracking_max=nan
[cmd 000252 kind=policy chunk=0083 chunk_step=1] delta_max_rad=0.096055 delta_max_deg=5.5036 joint=right_ring_MCP_FE joint_index=13 from_rad=0.196645 to_rad=0.100590
[action 000168 chunk_step=1] raw=[-0.3479,1.3723] sent=[-0.3479,1.3723] limit_clips=0 step_clips=0 tracking_max=nan
[cmd 000253 kind=inference_hold chunk=0084 chunk_step=-] delta_max_rad=0.093035 delta_max_deg=5.3305 joint=right_middle_DIP joint_index=7 from_rad=1.372274 to_rad=1.279239
[latency] hand_policy inference_ms=9.593
[chunk 0084] inference=0.010s predicted=(2, 22)
[cmd 000254 kind=policy chunk=0084 chunk_step=0] delta_max_rad=0.168952 delta_max_deg=9.6803 joint=right_pinky_PIP joint_index=11 from_rad=0.544071 to_rad=0.375119
[action 000169 chunk_step=0] raw=[-0.3458,1.3936] sent=[-0.3458,1.3936] limit_clips=0 step_clips=0 tracking_max=nan
[cmd 000255 kind=policy chunk=0084 chunk_step=1] delta_max_rad=0.100706 delta_max_deg=5.7700 joint=right_thumb_IP joint_index=21 from_rad=0.249855 to_rad=0.350561
[action 000170 chunk_step=1] raw=[-0.3394,1.3930] sent=[-0.3394,1.3930] limit_clips=0 step_clips=0 tracking_max=nan
[cmd 000256 kind=inference_hold chunk=0085 chunk_step=-] delta_max_rad=0.089066 delta_max_deg=5.1031 joint=right_middle_DIP joint_index=7 from_rad=1.393031 to_rad=1.303965
[latency] hand_policy inference_ms=8.688
[chunk 0085] inference=0.009s predicted=(2, 22)
[cmd 000257 kind=policy chunk=0085 chunk_step=0] delta_max_rad=0.147618 delta_max_deg=8.4579 joint=right_thumb_IP joint_index=21 from_rad=0.277798 to_rad=0.425415
[action 000171 chunk_step=0] raw=[-0.3484,1.3963] sent=[-0.3484,1.3963] limit_clips=0 step_clips=0 tracking_max=nan
[cmd 000258 kind=policy chunk=0085 chunk_step=1] delta_max_rad=0.109360 delta_max_deg=6.2659 joint=right_ring_PIP joint_index=15 from_rad=1.271348 to_rad=1.161988
[action 000172 chunk_step=1] raw=[-0.3491,1.3449] sent=[-0.3491,1.3449] limit_clips=0 step_clips=0 tracking_max=nan
[cmd 000259 kind=inference_hold chunk=0086 chunk_step=-] delta_max_rad=0.067015 delta_max_deg=3.8397 joint=right_pinky_CMC joint_index=8 from_rad=0.246946 to_rad=0.179931
[latency] hand_policy inference_ms=9.143
[chunk 0086] inference=0.009s predicted=(2, 22)
[cmd 000260 kind=policy chunk=0086 chunk_step=0] delta_max_rad=0.152524 delta_max_deg=8.7390 joint=right_ring_PIP joint_index=15 from_rad=1.223786 to_rad=1.071262
[action 000173 chunk_step=0] raw=[-0.3491,1.2539] sent=[-0.3491,1.2539] limit_clips=0 step_clips=0 tracking_max=nan
[cmd 000261 kind=policy chunk=0086 chunk_step=1] delta_max_rad=0.094651 delta_max_deg=5.4231 joint=right_ring_PIP joint_index=15 from_rad=1.071262 to_rad=0.976611
[action 000174 chunk_step=1] raw=[-0.3491,1.2403] sent=[-0.3491,1.2403] limit_clips=0 step_clips=0 tracking_max=nan
[cmd 000262 kind=inference_hold chunk=0087 chunk_step=-] delta_max_rad=0.077463 delta_max_deg=4.4383 joint=right_ring_PIP joint_index=15 from_rad=0.976611 to_rad=1.054074
[latency] hand_policy inference_ms=9.833
[chunk 0087] inference=0.010s predicted=(2, 22)
[cmd 000263 kind=policy chunk=0087 chunk_step=0] delta_max_rad=0.177825 delta_max_deg=10.1886 joint=right_pinky_DIP joint_index=12 from_rad=1.166906 to_rad=1.344731
[action 000175 chunk_step=0] raw=[-0.3490,1.3447] sent=[-0.3490,1.3447] limit_clips=0 step_clips=0 tracking_max=nan
[cmd 000264 kind=policy chunk=0087 chunk_step=1] delta_max_rad=0.104894 delta_max_deg=6.0100 joint=right_pinky_PIP joint_index=11 from_rad=0.599330 to_rad=0.704224
[action 000176 chunk_step=1] raw=[-0.3491,1.3953] sent=[-0.3491,1.3953] limit_clips=0 step_clips=0 tracking_max=nan
[cmd 000265 kind=inference_hold chunk=0088 chunk_step=-] delta_max_rad=0.111180 delta_max_deg=6.3701 joint=right_index_DIP joint_index=3 from_rad=1.395301 to_rad=1.284121
[latency] hand_policy inference_ms=10.875
[chunk 0088] inference=0.011s predicted=(2, 22)
[cmd 000266 kind=policy chunk=0088 chunk_step=0] delta_max_rad=0.174908 delta_max_deg=10.0215 joint=right_ring_MCP_FE joint_index=13 from_rad=0.218746 to_rad=0.393654
[action 000177 chunk_step=0] raw=[-0.3462,1.3963] sent=[-0.3462,1.3963] limit_clips=0 step_clips=0 tracking_max=nan
[cmd 000267 kind=policy chunk=0088 chunk_step=1] delta_max_rad=0.101941 delta_max_deg=5.8408 joint=right_ring_MCP_FE joint_index=13 from_rad=0.393654 to_rad=0.495595
[action 000178 chunk_step=1] raw=[-0.3463,1.3963] sent=[-0.3463,1.3963] limit_clips=0 step_clips=0 tracking_max=nan
[cmd 000268 kind=inference_hold chunk=0089 chunk_step=-] delta_max_rad=0.092534 delta_max_deg=5.3018 joint=right_index_DIP joint_index=3 from_rad=1.396300 to_rad=1.303766
[latency] hand_policy inference_ms=10.072
[chunk 0089] inference=0.010s predicted=(2, 22)
[cmd 000269 kind=policy chunk=0089 chunk_step=0] delta_max_rad=0.123405 delta_max_deg=7.0706 joint=right_pinky_MCP_AA joint_index=10 from_rad=0.139658 to_rad=0.263063
[action 000179 chunk_step=0] raw=[-0.3485,1.3411] sent=[-0.3485,1.3411] limit_clips=0 step_clips=0 tracking_max=nan
[cmd 000270 kind=policy chunk=0089 chunk_step=1] delta_max_rad=0.115862 delta_max_deg=6.6384 joint=right_pinky_PIP joint_index=11 from_rad=0.786308 to_rad=0.670447
[action 000180 chunk_step=1] raw=[-0.3491,1.2726] sent=[-0.3491,1.2726] limit_clips=0 step_clips=0 tracking_max=nan
[cmd 000271 kind=inference_hold chunk=0090 chunk_step=-] delta_max_rad=0.079482 delta_max_deg=4.5540 joint=right_pinky_MCP_AA joint_index=10 from_rad=0.342448 to_rad=0.262965
[latency] hand_policy inference_ms=10.457
[chunk 0090] inference=0.010s predicted=(2, 22)
[cmd 000272 kind=policy chunk=0090 chunk_step=0] delta_max_rad=0.176926 delta_max_deg=10.1371 joint=right_pinky_PIP joint_index=11 from_rad=0.737302 to_rad=0.560376
[action 000181 chunk_step=0] raw=[-0.3462,1.2659] sent=[-0.3462,1.2659] limit_clips=0 step_clips=0 tracking_max=nan
[cmd 000273 kind=policy chunk=0090 chunk_step=1] delta_max_rad=0.110218 delta_max_deg=6.3150 joint=right_pinky_DIP joint_index=12 from_rad=1.157276 to_rad=1.047058
[action 000182 chunk_step=1] raw=[-0.3433,1.3504] sent=[-0.3433,1.3504] limit_clips=0 step_clips=0 tracking_max=nan
[cmd 000274 kind=inference_hold chunk=0091 chunk_step=-] delta_max_rad=0.088364 delta_max_deg=5.0629 joint=right_middle_DIP joint_index=7 from_rad=1.350363 to_rad=1.262000
[latency] hand_policy inference_ms=9.701
[chunk 0091] inference=0.010s predicted=(2, 22)
[cmd 000275 kind=policy chunk=0091 chunk_step=0] delta_max_rad=0.184165 delta_max_deg=10.5518 joint=right_pinky_PIP joint_index=11 from_rad=0.546849 to_rad=0.362685
[action 000183 chunk_step=0] raw=[-0.3456,1.3885] sent=[-0.3456,1.3885] limit_clips=0 step_clips=0 tracking_max=nan
[cmd 000276 kind=policy chunk=0091 chunk_step=1] delta_max_rad=0.118183 delta_max_deg=6.7714 joint=right_pinky_DIP joint_index=12 from_rad=0.951510 to_rad=0.833326
[action 000184 chunk_step=1] raw=[-0.3298,1.3963] sent=[-0.3298,1.3963] limit_clips=0 step_clips=0 tracking_max=nan
[cmd 000277 kind=inference_hold chunk=0092 chunk_step=-] delta_max_rad=0.095806 delta_max_deg=5.4893 joint=right_middle_DIP joint_index=7 from_rad=1.396300 to_rad=1.300494
[latency] hand_policy inference_ms=8.769
[chunk 0092] inference=0.009s predicted=(2, 22)
[cmd 000278 kind=policy chunk=0092 chunk_step=0] delta_max_rad=0.199992 delta_max_deg=11.4587 joint=right_thumb_IP joint_index=21 from_rad=0.436086 to_rad=0.636078
[action 000185 chunk_step=0] raw=[-0.3249,1.3742] sent=[-0.3249,1.3742] limit_clips=0 step_clips=0 tracking_max=nan
[cmd 000279 kind=policy chunk=0092 chunk_step=1] delta_max_rad=0.114663 delta_max_deg=6.5697 joint=right_ring_PIP joint_index=15 from_rad=1.082959 to_rad=0.968296
[action 000186 chunk_step=1] raw=[-0.3491,1.2852] sent=[-0.3491,1.2852] limit_clips=0 step_clips=0 tracking_max=nan
[cmd 000280 kind=inference_hold chunk=0093 chunk_step=-] delta_max_rad=0.057036 delta_max_deg=3.2679 joint=right_pinky_DIP joint_index=12 from_rad=0.673585 to_rad=0.730621
[latency] hand_policy inference_ms=8.968
[chunk 0093] inference=0.009s predicted=(2, 22)
[cmd 000281 kind=policy chunk=0093 chunk_step=0] delta_max_rad=0.163489 delta_max_deg=9.3672 joint=right_ring_PIP joint_index=15 from_rad=1.023062 to_rad=0.859573
[action 000187 chunk_step=0] raw=[-0.3491,1.1969] sent=[-0.3491,1.1969] limit_clips=0 step_clips=0 tracking_max=nan
[cmd 000282 kind=policy chunk=0093 chunk_step=1] delta_max_rad=0.108626 delta_max_deg=6.2238 joint=right_pinky_PIP joint_index=11 from_rad=0.368386 to_rad=0.477012
[action 000188 chunk_step=1] raw=[-0.3491,1.2293] sent=[-0.3491,1.2293] limit_clips=0 step_clips=0 tracking_max=nan
[cmd 000283 kind=inference_hold chunk=0094 chunk_step=-] delta_max_rad=0.071720 delta_max_deg=4.1093 joint=right_pinky_PIP joint_index=11 from_rad=0.477012 to_rad=0.405292
[latency] hand_policy inference_ms=10.150
[chunk 0094] inference=0.010s predicted=(2, 22)
[cmd 000284 kind=policy chunk=0094 chunk_step=0] delta_max_rad=0.173555 delta_max_deg=9.9439 joint=right_ring_PIP joint_index=15 from_rad=0.845634 to_rad=0.672080
[action 000189 chunk_step=0] raw=[-0.3491,1.3180] sent=[-0.3491,1.3180] limit_clips=0 step_clips=0 tracking_max=nan
[cmd 000285 kind=policy chunk=0094 chunk_step=1] delta_max_rad=0.101242 delta_max_deg=5.8007 joint=right_pinky_PIP joint_index=11 from_rad=0.568342 to_rad=0.669583
[action 000190 chunk_step=1] raw=[-0.3491,1.3885] sent=[-0.3491,1.3885] limit_clips=0 step_clips=0 tracking_max=nan
[cmd 000286 kind=inference_hold chunk=0095 chunk_step=-] delta_max_rad=0.104341 delta_max_deg=5.9783 joint=right_index_DIP joint_index=3 from_rad=1.388471 to_rad=1.284130
[latency] hand_policy inference_ms=10.435
[chunk 0095] inference=0.010s predicted=(2, 22)
[cmd 000287 kind=policy chunk=0095 chunk_step=0] delta_max_rad=0.187131 delta_max_deg=10.7218 joint=right_index_PIP joint_index=2 from_rad=0.472476 to_rad=0.659607
[action 000191 chunk_step=0] raw=[-0.3482,1.3963] sent=[-0.3482,1.3963] limit_clips=0 step_clips=0 tracking_max=nan
[cmd 000288 kind=policy chunk=0095 chunk_step=1] delta_max_rad=0.106995 delta_max_deg=6.1304 joint=right_middle_MCP_FE joint_index=4 from_rad=0.442940 to_rad=0.549935
[action 000192 chunk_step=1] raw=[-0.3478,1.3866] sent=[-0.3478,1.3866] limit_clips=0 step_clips=0 tracking_max=nan
[cmd 000289 kind=inference_hold chunk=0096 chunk_step=-] delta_max_rad=0.082193 delta_max_deg=4.7093 joint=right_index_DIP joint_index=3 from_rad=1.386646 to_rad=1.304453
[latency] hand_policy inference_ms=9.908
[chunk 0096] inference=0.010s predicted=(2, 22)
[cmd 000290 kind=policy chunk=0096 chunk_step=0] delta_max_rad=0.188486 delta_max_deg=10.7995 joint=right_ring_MCP_FE joint_index=13 from_rad=0.456498 to_rad=0.644984
[action 000193 chunk_step=0] raw=[-0.3487,1.3889] sent=[-0.3487,1.3889] limit_clips=0 step_clips=0 tracking_max=nan
[cmd 000291 kind=policy chunk=0096 chunk_step=1] delta_max_rad=0.106331 delta_max_deg=6.0923 joint=right_middle_DIP joint_index=7 from_rad=0.770216 to_rad=0.876547
[action 000194 chunk_step=1] raw=[-0.3483,1.3433] sent=[-0.3483,1.3433] limit_clips=0 step_clips=0 tracking_max=nan
[cmd 000292 kind=inference_hold chunk=0097 chunk_step=-] delta_max_rad=0.070385 delta_max_deg=4.0328 joint=right_ring_MCP_FE joint_index=13 from_rad=0.727802 to_rad=0.657416
[latency] hand_policy inference_ms=8.702
[chunk 0097] inference=0.009s predicted=(2, 22)
[cmd 000293 kind=policy chunk=0097 chunk_step=0] delta_max_rad=0.145816 delta_max_deg=8.3546 joint=right_middle_PIP joint_index=6 from_rad=0.479791 to_rad=0.625606
[action 000195 chunk_step=0] raw=[-0.3485,1.2502] sent=[-0.3485,1.2502] limit_clips=0 step_clips=0 tracking_max=nan
[cmd 000294 kind=policy chunk=0097 chunk_step=1] delta_max_rad=0.131034 delta_max_deg=7.5077 joint=right_pinky_PIP joint_index=11 from_rad=0.872571 to_rad=0.741537
[action 000196 chunk_step=1] raw=[-0.3467,1.2089] sent=[-0.3467,1.2089] limit_clips=0 step_clips=0 tracking_max=nan
[cmd 000295 kind=inference_hold chunk=0098 chunk_step=-] delta_max_rad=0.079235 delta_max_deg=4.5398 joint=right_pinky_PIP joint_index=11 from_rad=0.741537 to_rad=0.820772
[latency] hand_policy inference_ms=9.044
[chunk 0098] inference=0.009s predicted=(2, 22)
[cmd 000296 kind=policy chunk=0098 chunk_step=0] delta_max_rad=0.193671 delta_max_deg=11.0965 joint=right_pinky_PIP joint_index=11 from_rad=0.820772 to_rad=0.627101
[action 000197 chunk_step=0] raw=[-0.3472,1.1821] sent=[-0.3472,1.1821] limit_clips=0 step_clips=0 tracking_max=nan
[cmd 000297 kind=policy chunk=0098 chunk_step=1] delta_max_rad=0.102902 delta_max_deg=5.8959 joint=right_middle_DIP joint_index=7 from_rad=1.134969 to_rad=1.237872
[action 000198 chunk_step=1] raw=[-0.3452,1.2379] sent=[-0.3452,1.2379] limit_clips=0 step_clips=0 tracking_max=nan
[cmd 000298 kind=inference_hold chunk=0099 chunk_step=-] delta_max_rad=0.087652 delta_max_deg=5.0221 joint=right_pinky_PIP joint_index=11 from_rad=0.530906 to_rad=0.618558
[latency] hand_policy inference_ms=10.157
[chunk 0099] inference=0.010s predicted=(2, 22)
[cmd 000299 kind=policy chunk=0099 chunk_step=0] delta_max_rad=0.181358 delta_max_deg=10.3911 joint=right_index_DIP joint_index=3 from_rad=1.028930 to_rad=0.847572
[action 000199 chunk_step=0] raw=[-0.3475,1.3286] sent=[-0.3475,1.3286] limit_clips=0 step_clips=0 tracking_max=nan
[cmd 000300 kind=policy chunk=0099 chunk_step=1] delta_max_rad=0.101571 delta_max_deg=5.8196 joint=right_index_DIP joint_index=3 from_rad=0.847572 to_rad=0.746001
[action 000200 chunk_step=1] raw=[-0.3452,1.3753] sent=[-0.3452,1.3753] limit_clips=0 step_clips=0 tracking_max=nan
[cmd 000301 kind=inference_hold chunk=0100 chunk_step=-] delta_max_rad=0.096104 delta_max_deg=5.5064 joint=right_middle_DIP joint_index=7 from_rad=1.375316 to_rad=1.279212
[latency] hand_policy inference_ms=9.687
[chunk 0100] inference=0.010s predicted=(2, 22)
[cmd 000302 kind=policy chunk=0100 chunk_step=0] delta_max_rad=0.185941 delta_max_deg=10.6536 joint=right_ring_MCP_FE joint_index=13 from_rad=0.295340 to_rad=0.109399
[action 000201 chunk_step=0] raw=[-0.3485,1.3921] sent=[-0.3485,1.3921] limit_clips=0 step_clips=0 tracking_max=nan
[cmd 000303 kind=policy chunk=0100 chunk_step=1] delta_max_rad=0.091492 delta_max_deg=5.2421 joint=right_ring_MCP_FE joint_index=13 from_rad=0.109399 to_rad=0.017906
[action 000202 chunk_step=1] raw=[-0.3427,1.3942] sent=[-0.3427,1.3942] limit_clips=0 step_clips=0 tracking_max=nan
[cmd 000304 kind=inference_hold chunk=0101 chunk_step=-] delta_max_rad=0.091262 delta_max_deg=5.2289 joint=right_middle_DIP joint_index=7 from_rad=1.394190 to_rad=1.302928
[latency] hand_policy inference_ms=8.658
[chunk 0101] inference=0.009s predicted=(2, 22)
[cmd 000305 kind=policy chunk=0101 chunk_step=0] delta_max_rad=0.129730 delta_max_deg=7.4330 joint=right_thumb_IP joint_index=21 from_rad=0.686954 to_rad=0.816684
[action 000203 chunk_step=0] raw=[-0.3485,1.3520] sent=[-0.3485,1.3520] limit_clips=0 step_clips=0 tracking_max=nan
[cmd 000306 kind=policy chunk=0101 chunk_step=1] delta_max_rad=0.113971 delta_max_deg=6.5300 joint=right_ring_PIP joint_index=15 from_rad=1.047186 to_rad=0.933215
[action 000204 chunk_step=1] raw=[-0.3479,1.2540] sent=[-0.3479,1.2540] limit_clips=0 step_clips=0 tracking_max=nan
[cmd 000307 kind=inference_hold chunk=0102 chunk_step=-] delta_max_rad=0.072140 delta_max_deg=4.1333 joint=right_middle_PIP joint_index=6 from_rad=0.598584 to_rad=0.670724
[latency] hand_policy inference_ms=8.948
[chunk 0102] inference=0.009s predicted=(2, 22)
[cmd 000308 kind=policy chunk=0102 chunk_step=0] delta_max_rad=0.165535 delta_max_deg=9.4845 joint=right_ring_PIP joint_index=15 from_rad=0.999685 to_rad=0.834150
[action 000205 chunk_step=0] raw=[-0.3484,1.1660] sent=[-0.3484,1.1660] limit_clips=0 step_clips=0 tracking_max=nan
[cmd 000309 kind=policy chunk=0102 chunk_step=1] delta_max_rad=0.096119 delta_max_deg=5.5072 joint=right_ring_DIP joint_index=16 from_rad=1.166018 to_rad=1.069899
[action 000206 chunk_step=1] raw=[-0.3483,1.1413] sent=[-0.3483,1.1413] limit_clips=0 step_clips=0 tracking_max=nan
[cmd 000310 kind=inference_hold chunk=0103 chunk_step=-] delta_max_rad=0.075597 delta_max_deg=4.3314 joint=right_ring_PIP joint_index=15 from_rad=0.743095 to_rad=0.818693
[latency] hand_policy inference_ms=10.080
[chunk 0103] inference=0.010s predicted=(2, 22)
[cmd 000311 kind=policy chunk=0103 chunk_step=0] delta_max_rad=0.174533 delta_max_deg=10.0000 joint=right_index_PIP joint_index=2 from_rad=0.413202 to_rad=0.587735
[action 000207 chunk_step=0] raw=[-0.3491,1.2200] sent=[-0.3491,1.2200] limit_clips=0 step_clips=0 tracking_max=nan
[cmd 000312 kind=policy chunk=0103 chunk_step=1] delta_max_rad=0.107325 delta_max_deg=6.1493 joint=right_middle_MCP_FE joint_index=4 from_rad=0.374282 to_rad=0.481607
[action 000208 chunk_step=1] raw=[-0.3486,1.3087] sent=[-0.3486,1.3087] limit_clips=0 step_clips=0 tracking_max=nan
[cmd 000313 kind=inference_hold chunk=0104 chunk_step=-] delta_max_rad=0.081839 delta_max_deg=4.6891 joint=right_pinky_PIP joint_index=11 from_rad=0.679341 to_rad=0.597502
[latency] hand_policy inference_ms=8.693
[chunk 0104] inference=0.009s predicted=(2, 22)
[cmd 000314 kind=policy chunk=0104 chunk_step=0] delta_max_rad=0.190058 delta_max_deg=10.8895 joint=right_middle_MCP_FE joint_index=4 from_rad=0.403702 to_rad=0.593760
[action 000209 chunk_step=0] raw=[-0.3485,1.3652] sent=[-0.3485,1.3652] limit_clips=0 step_clips=0 tracking_max=nan
[cmd 000315 kind=policy chunk=0104 chunk_step=1] delta_max_rad=0.109138 delta_max_deg=6.2532 joint=right_ring_MCP_FE joint_index=13 from_rad=0.479677 to_rad=0.588815
[action 000210 chunk_step=1] raw=[-0.3476,1.3626] sent=[-0.3476,1.3626] limit_clips=0 step_clips=0 tracking_max=nan
[cmd 000316 kind=inference_hold chunk=0105 chunk_step=-] delta_max_rad=0.090215 delta_max_deg=5.1689 joint=right_pinky_DIP joint_index=12 from_rad=1.348014 to_rad=1.257799
[latency] hand_policy inference_ms=8.948
[chunk 0105] inference=0.009s predicted=(2, 22)
[cmd 000317 kind=policy chunk=0105 chunk_step=0] delta_max_rad=0.165446 delta_max_deg=9.4794 joint=right_middle_PIP joint_index=6 from_rad=0.448297 to_rad=0.613742
[action 000211 chunk_step=0] raw=[-0.3486,1.3656] sent=[-0.3486,1.3656] limit_clips=0 step_clips=0 tracking_max=nan
[cmd 000318 kind=policy chunk=0105 chunk_step=1] delta_max_rad=0.104302 delta_max_deg=5.9761 joint=right_middle_MCP_FE joint_index=4 from_rad=0.660668 to_rad=0.556365
[action 000212 chunk_step=1] raw=[-0.3487,1.3183] sent=[-0.3487,1.3183] limit_clips=0 step_clips=0 tracking_max=nan
[cmd 000319 kind=inference_hold chunk=0106 chunk_step=-] delta_max_rad=0.076866 delta_max_deg=4.4041 joint=right_pinky_MCP_AA joint_index=10 from_rad=0.346100 to_rad=0.269234
[latency] hand_policy inference_ms=10.060
[chunk 0106] inference=0.010s predicted=(2, 22)
[cmd 000320 kind=policy chunk=0106 chunk_step=0] delta_max_rad=0.166375 delta_max_deg=9.5326 joint=right_ring_PIP joint_index=15 from_rad=0.563043 to_rad=0.729417
[action 000213 chunk_step=0] raw=[-0.3481,1.2315] sent=[-0.3481,1.2315] limit_clips=0 step_clips=0 tracking_max=nan
[cmd 000321 kind=policy chunk=0106 chunk_step=1] delta_max_rad=0.103286 delta_max_deg=5.9178 joint=right_index_DIP joint_index=3 from_rad=1.094178 to_rad=0.990892
[action 000214 chunk_step=1] raw=[-0.3392,1.2883] sent=[-0.3392,1.2883] limit_clips=0 step_clips=0 tracking_max=nan
[cmd 000322 kind=inference_hold chunk=0107 chunk_step=-] delta_max_rad=0.078597 delta_max_deg=4.5033 joint=right_index_DIP joint_index=3 from_rad=0.990892 to_rad=1.069489
[latency] hand_policy inference_ms=9.979
[chunk 0107] inference=0.010s predicted=(2, 22)
[cmd 000323 kind=policy chunk=0107 chunk_step=0] delta_max_rad=0.172532 delta_max_deg=9.8854 joint=right_thumb_IP joint_index=21 from_rad=0.438699 to_rad=0.611232
[action 000215 chunk_step=0] raw=[-0.3487,1.3626] sent=[-0.3487,1.3626] limit_clips=0 step_clips=0 tracking_max=nan
[cmd 000324 kind=policy chunk=0107 chunk_step=1] delta_max_rad=0.112685 delta_max_deg=6.4563 joint=right_index_PIP joint_index=2 from_rad=0.334298 to_rad=0.221613
[action 000216 chunk_step=1] raw=[-0.3285,1.3747] sent=[-0.3285,1.3747] limit_clips=0 step_clips=0 tracking_max=nan
[cmd 000325 kind=inference_hold chunk=0108 chunk_step=-] delta_max_rad=0.086305 delta_max_deg=4.9449 joint=right_thumb_IP joint_index=21 from_rad=0.719987 to_rad=0.633683
[latency] hand_policy inference_ms=9.607
[chunk 0108] inference=0.010s predicted=(2, 22)
[cmd 000326 kind=policy chunk=0108 chunk_step=0] delta_max_rad=0.202150 delta_max_deg=11.5824 joint=right_thumb_IP joint_index=21 from_rad=0.633683 to_rad=0.835833
[action 000217 chunk_step=0] raw=[-0.3333,1.3940] sent=[-0.3333,1.3940] limit_clips=0 step_clips=0 tracking_max=nan
[cmd 000327 kind=policy chunk=0108 chunk_step=1] delta_max_rad=0.097699 delta_max_deg=5.5977 joint=right_thumb_IP joint_index=21 from_rad=0.835833 to_rad=0.933532
[action 000218 chunk_step=1] raw=[-0.2995,1.3963] sent=[-0.2995,1.3963] limit_clips=0 step_clips=0 tracking_max=nan
[cmd 000328 kind=inference_hold chunk=0109 chunk_step=-] delta_max_rad=0.092605 delta_max_deg=5.3059 joint=right_ring_DIP joint_index=16 from_rad=1.377835 to_rad=1.285229
[latency] hand_policy inference_ms=8.691
[chunk 0109] inference=0.009s predicted=(2, 22)
[cmd 000329 kind=policy chunk=0109 chunk_step=0] delta_max_rad=0.190673 delta_max_deg=10.9248 joint=right_thumb_IP joint_index=21 from_rad=0.847772 to_rad=1.038445
[action 000219 chunk_step=0] raw=[-0.2362,1.3949] sent=[-0.2362,1.3949] limit_clips=0 step_clips=0 tracking_max=nan
[cmd 000330 kind=policy chunk=0109 chunk_step=1] delta_max_rad=0.087542 delta_max_deg=5.0158 joint=right_pinky_CMC joint_index=8 from_rad=0.111463 to_rad=0.199005
[action 000220 chunk_step=1] raw=[-0.2032,1.3884] sent=[-0.2032,1.3884] limit_clips=0 step_clips=0 tracking_max=nan
[cmd 000331 kind=inference_hold chunk=0110 chunk_step=-] delta_max_rad=0.080146 delta_max_deg=4.5920 joint=right_middle_DIP joint_index=7 from_rad=1.388439 to_rad=1.308293
[latency] hand_policy inference_ms=8.963
[chunk 0110] inference=0.009s predicted=(2, 22)
[cmd 000332 kind=policy chunk=0110 chunk_step=0] delta_max_rad=0.130757 delta_max_deg=7.4919 joint=right_pinky_CMC joint_index=8 from_rad=0.129694 to_rad=0.260452
[action 000221 chunk_step=0] raw=[-0.2559,1.3358] sent=[-0.2559,1.3358] limit_clips=0 step_clips=0 tracking_max=nan
[cmd 000333 kind=policy chunk=0110 chunk_step=1] delta_max_rad=0.127381 delta_max_deg=7.2984 joint=right_pinky_PIP joint_index=11 from_rad=0.414003 to_rad=0.541383
[action 000222 chunk_step=1] raw=[-0.3182,1.2652] sent=[-0.3182,1.2652] limit_clips=0 step_clips=0 tracking_max=nan
[cmd 000334 kind=inference_hold chunk=0111 chunk_step=-] delta_max_rad=0.076814 delta_max_deg=4.4011 joint=right_pinky_PIP joint_index=11 from_rad=0.541383 to_rad=0.464569
[latency] hand_policy inference_ms=9.924
[chunk 0111] inference=0.010s predicted=(2, 22)
[cmd 000335 kind=policy chunk=0111 chunk_step=0] delta_max_rad=0.170216 delta_max_deg=9.7527 joint=right_ring_PIP joint_index=15 from_rad=0.965491 to_rad=0.795274
[action 000223 chunk_step=0] raw=[-0.3479,1.2151] sent=[-0.3479,1.2151] limit_clips=0 step_clips=0 tracking_max=nan
[cmd 000336 kind=policy chunk=0111 chunk_step=1] delta_max_rad=0.097787 delta_max_deg=5.6028 joint=right_ring_PIP joint_index=15 from_rad=0.795274 to_rad=0.697487
[action 000224 chunk_step=1] raw=[-0.3491,1.1887] sent=[-0.3491,1.1887] limit_clips=0 step_clips=0 tracking_max=nan
[cmd 000337 kind=inference_hold chunk=0112 chunk_step=-] delta_max_rad=0.087023 delta_max_deg=4.9860 joint=right_ring_PIP joint_index=15 from_rad=0.697487 to_rad=0.784510
[latency] hand_policy inference_ms=9.746
[chunk 0112] inference=0.010s predicted=(2, 22)
[cmd 000338 kind=policy chunk=0112 chunk_step=0] delta_max_rad=0.186211 delta_max_deg=10.6691 joint=right_index_PIP joint_index=2 from_rad=0.452062 to_rad=0.638272
[action 000225 chunk_step=0] raw=[-0.3491,1.2468] sent=[-0.3491,1.2468] limit_clips=0 step_clips=0 tracking_max=nan
[cmd 000339 kind=policy chunk=0112 chunk_step=1] delta_max_rad=0.103740 delta_max_deg=5.9439 joint=right_ring_MCP_FE joint_index=13 from_rad=0.323448 to_rad=0.427188
[action 000226 chunk_step=1] raw=[-0.3491,1.3450] sent=[-0.3491,1.3450] limit_clips=0 step_clips=0 tracking_max=nan
[cmd 000340 kind=inference_hold chunk=0113 chunk_step=-] delta_max_rad=0.103041 delta_max_deg=5.9038 joint=right_index_DIP joint_index=3 from_rad=1.344983 to_rad=1.241942
[latency] hand_policy inference_ms=8.791
[chunk 0113] inference=0.009s predicted=(2, 22)
[cmd 000341 kind=policy chunk=0113 chunk_step=0] delta_max_rad=0.192715 delta_max_deg=11.0418 joint=right_pinky_DIP joint_index=12 from_rad=1.083236 to_rad=1.275952
[action 000227 chunk_step=0] raw=[-0.3479,1.3895] sent=[-0.3479,1.3895] limit_clips=0 step_clips=0 tracking_max=nan
[cmd 000342 kind=policy chunk=0113 chunk_step=1] delta_max_rad=0.095292 delta_max_deg=5.4599 joint=right_ring_MCP_FE joint_index=13 from_rad=0.527099 to_rad=0.622392
[action 000228 chunk_step=1] raw=[-0.3477,1.3885] sent=[-0.3477,1.3885] limit_clips=0 step_clips=0 tracking_max=nan
[cmd 000343 kind=inference_hold chunk=0114 chunk_step=-] delta_max_rad=0.091166 delta_max_deg=5.2234 joint=right_index_DIP joint_index=3 from_rad=1.388461 to_rad=1.297295
[latency] hand_policy inference_ms=8.943
[chunk 0114] inference=0.009s predicted=(2, 22)
[cmd 000344 kind=policy chunk=0114 chunk_step=0] delta_max_rad=0.117602 delta_max_deg=6.7381 joint=right_ring_MCP_FE joint_index=13 from_rad=0.544517 to_rad=0.662119
[action 000229 chunk_step=0] raw=[-0.3491,1.3050] sent=[-0.3491,1.3050] limit_clips=0 step_clips=0 tracking_max=nan
[cmd 000345 kind=policy chunk=0114 chunk_step=1] delta_max_rad=0.101490 delta_max_deg=5.8149 joint=right_index_DIP joint_index=3 from_rad=1.305049 to_rad=1.203559
[action 000230 chunk_step=1] raw=[-0.3487,1.2408] sent=[-0.3487,1.2408] limit_clips=0 step_clips=0 tracking_max=nan
[cmd 000346 kind=inference_hold chunk=0115 chunk_step=-] delta_max_rad=0.064230 delta_max_deg=3.6801 joint=right_index_PIP joint_index=2 from_rad=0.624275 to_rad=0.688504
[latency] hand_policy inference_ms=10.004
[chunk 0115] inference=0.010s predicted=(2, 22)
[cmd 000347 kind=policy chunk=0115 chunk_step=0] delta_max_rad=0.150223 delta_max_deg=8.6071 joint=right_index_PIP joint_index=2 from_rad=0.688504 to_rad=0.538281
[action 000231 chunk_step=0] raw=[-0.3450,1.2479] sent=[-0.3450,1.2479] limit_clips=0 step_clips=0 tracking_max=nan
[cmd 000348 kind=policy chunk=0115 chunk_step=1] delta_max_rad=0.106807 delta_max_deg=6.1196 joint=right_index_DIP joint_index=3 from_rad=1.119653 to_rad=1.012846
[action 000232 chunk_step=1] raw=[-0.3465,1.2893] sent=[-0.3465,1.2893] limit_clips=0 step_clips=0 tracking_max=nan
[cmd 000349 kind=inference_hold chunk=0116 chunk_step=-] delta_max_rad=0.074584 delta_max_deg=4.2734 joint=right_index_DIP joint_index=3 from_rad=1.012846 to_rad=1.087430
[latency] hand_policy inference_ms=9.697
[chunk 0116] inference=0.010s predicted=(2, 22)
[cmd 000350 kind=policy chunk=0116 chunk_step=0] delta_max_rad=0.189978 delta_max_deg=10.8849 joint=right_pinky_PIP joint_index=11 from_rad=0.694056 to_rad=0.504078
[action 000233 chunk_step=0] raw=[-0.3491,1.3143] sent=[-0.3491,1.3143] limit_clips=0 step_clips=0 tracking_max=nan
[cmd 000351 kind=policy chunk=0116 chunk_step=1] delta_max_rad=0.117974 delta_max_deg=6.7594 joint=right_pinky_PIP joint_index=11 from_rad=0.504078 to_rad=0.386105
[action 000234 chunk_step=1] raw=[-0.3474,1.3524] sent=[-0.3474,1.3524] limit_clips=0 step_clips=0 tracking_max=nan
[cmd 000352 kind=inference_hold chunk=0117 chunk_step=-] delta_max_rad=0.094528 delta_max_deg=5.4161 joint=right_pinky_PIP joint_index=11 from_rad=0.386105 to_rad=0.480633
[latency] hand_policy inference_ms=8.952
[chunk 0117] inference=0.009s predicted=(2, 22)
[cmd 000353 kind=policy chunk=0117 chunk_step=0] delta_max_rad=0.197328 delta_max_deg=11.3061 joint=right_pinky_PIP joint_index=11 from_rad=0.480633 to_rad=0.283305
[action 000235 chunk_step=0] raw=[-0.3463,1.3961] sent=[-0.3463,1.3961] limit_clips=0 step_clips=0 tracking_max=nan
[cmd 000354 kind=policy chunk=0117 chunk_step=1] delta_max_rad=0.099889 delta_max_deg=5.7232 joint=right_pinky_MCP_AA joint_index=10 from_rad=0.278612 to_rad=0.178723
[action 000236 chunk_step=1] raw=[-0.3473,1.3693] sent=[-0.3473,1.3693] limit_clips=0 step_clips=0 tracking_max=nan
[cmd 000355 kind=inference_hold chunk=0118 chunk_step=-] delta_max_rad=0.063372 delta_max_deg=3.6309 joint=right_pinky_CMC joint_index=8 from_rad=0.251977 to_rad=0.188605
[latency] hand_policy inference_ms=8.940
[chunk 0118] inference=0.009s predicted=(2, 22)
[cmd 000356 kind=policy chunk=0118 chunk_step=0] delta_max_rad=0.146684 delta_max_deg=8.4044 joint=right_index_DIP joint_index=3 from_rad=1.047485 to_rad=1.194169
[action 000237 chunk_step=0] raw=[-0.3456,1.2888] sent=[-0.3456,1.2888] limit_clips=0 step_clips=0 tracking_max=nan
[cmd 000357 kind=policy chunk=0118 chunk_step=1] delta_max_rad=0.098431 delta_max_deg=5.6397 joint=right_pinky_PIP joint_index=11 from_rad=0.313905 to_rad=0.412336
[action 000238 chunk_step=1] raw=[-0.3477,1.2840] sent=[-0.3477,1.2840] limit_clips=0 step_clips=0 tracking_max=nan
[cmd 000358 kind=inference_hold chunk=0119 chunk_step=-] delta_max_rad=0.070412 delta_max_deg=4.0343 joint=right_index_DIP joint_index=3 from_rad=1.284003 to_rad=1.213591
[latency] hand_policy inference_ms=10.218
[chunk 0119] inference=0.010s predicted=(2, 22)
[cmd 000359 kind=policy chunk=0119 chunk_step=0] delta_max_rad=0.171855 delta_max_deg=9.8466 joint=right_pinky_DIP joint_index=12 from_rad=0.865066 to_rad=1.036922
[action 000239 chunk_step=0] raw=[-0.3491,1.3747] sent=[-0.3491,1.3747] limit_clips=0 step_clips=0 tracking_max=nan
[cmd 000360 kind=policy chunk=0119 chunk_step=1] delta_max_rad=0.105359 delta_max_deg=6.0366 joint=right_ring_MCP_FE joint_index=13 from_rad=0.347963 to_rad=0.453322
[action 000240 chunk_step=1] raw=[-0.3491,1.3963] sent=[-0.3491,1.3963] limit_clips=0 step_clips=0 tracking_max=nan
[cmd 000361 kind=inference_hold chunk=0120 chunk_step=-] delta_max_rad=0.104294 delta_max_deg=5.9756 joint=right_index_DIP joint_index=3 from_rad=1.396300 to_rad=1.292006
[latency] hand_policy inference_ms=10.484
[chunk 0120] inference=0.010s predicted=(2, 22)
[cmd 000362 kind=policy chunk=0120 chunk_step=0] delta_max_rad=0.183956 delta_max_deg=10.5399 joint=right_ring_MCP_FE joint_index=13 from_rad=0.378743 to_rad=0.562699
[action 000241 chunk_step=0] raw=[-0.3483,1.3961] sent=[-0.3483,1.3961] limit_clips=0 step_clips=0 tracking_max=nan
[cmd 000363 kind=policy chunk=0120 chunk_step=1] delta_max_rad=0.096572 delta_max_deg=5.5332 joint=right_middle_PIP joint_index=6 from_rad=0.367022 to_rad=0.463594
[action 000242 chunk_step=1] raw=[-0.3452,1.3372] sent=[-0.3452,1.3372] limit_clips=0 step_clips=0 tracking_max=nan
[cmd 000364 kind=inference_hold chunk=0121 chunk_step=-] delta_max_rad=0.083377 delta_max_deg=4.7771 joint=right_pinky_DIP joint_index=12 from_rad=1.320439 to_rad=1.237063
[latency] hand_policy inference_ms=9.969
[chunk 0121] inference=0.010s predicted=(2, 22)
[cmd 000365 kind=policy chunk=0121 chunk_step=0] delta_max_rad=0.123940 delta_max_deg=7.1013 joint=right_pinky_MCP_AA joint_index=10 from_rad=0.131728 to_rad=0.255668
[action 000243 chunk_step=0] raw=[-0.3491,1.2860] sent=[-0.3491,1.2860] limit_clips=0 step_clips=0 tracking_max=nan
[cmd 000366 kind=policy chunk=0121 chunk_step=1] delta_max_rad=0.116920 delta_max_deg=6.6990 joint=right_pinky_PIP joint_index=11 from_rad=0.649807 to_rad=0.532887
[action 000244 chunk_step=1] raw=[-0.3472,1.3086] sent=[-0.3472,1.3086] limit_clips=0 step_clips=0 tracking_max=nan
[cmd 000367 kind=inference_hold chunk=0122 chunk_step=-] delta_max_rad=0.071552 delta_max_deg=4.0996 joint=right_pinky_MCP_AA joint_index=10 from_rad=0.332707 to_rad=0.261156
[latency] hand_policy inference_ms=9.552
[chunk 0122] inference=0.010s predicted=(2, 22)
[cmd 000368 kind=policy chunk=0122 chunk_step=0] delta_max_rad=0.170389 delta_max_deg=9.7626 joint=right_pinky_PIP joint_index=11 from_rad=0.600407 to_rad=0.430018
[action 000245 chunk_step=0] raw=[-0.3437,1.3816] sent=[-0.3437,1.3816] limit_clips=0 step_clips=0 tracking_max=nan
[cmd 000369 kind=policy chunk=0122 chunk_step=1] delta_max_rad=0.112837 delta_max_deg=6.4651 joint=right_pinky_DIP joint_index=12 from_rad=1.130686 to_rad=1.017849
[action 000246 chunk_step=1] raw=[-0.3439,1.3963] sent=[-0.3439,1.3963] limit_clips=0 step_clips=0 tracking_max=nan
[cmd 000370 kind=inference_hold chunk=0123 chunk_step=-] delta_max_rad=0.098483 delta_max_deg=5.6427 joint=right_middle_DIP joint_index=7 from_rad=1.396300 to_rad=1.297817
[latency] hand_policy inference_ms=8.640
[chunk 0123] inference=0.009s predicted=(2, 22)
[cmd 000371 kind=policy chunk=0123 chunk_step=0] delta_max_rad=0.191214 delta_max_deg=10.9558 joint=right_pinky_DIP joint_index=12 from_rad=1.096561 to_rad=0.905347
[action 000247 chunk_step=0] raw=[-0.3483,1.3903] sent=[-0.3483,1.3903] limit_clips=0 step_clips=0 tracking_max=nan
[cmd 000372 kind=policy chunk=0123 chunk_step=1] delta_max_rad=0.107349 delta_max_deg=6.1507 joint=right_thumb_IP joint_index=21 from_rad=0.689022 to_rad=0.796371
[action 000248 chunk_step=1] raw=[-0.3269,1.3877] sent=[-0.3269,1.3877] limit_clips=0 step_clips=0 tracking_max=nan
[cmd 000373 kind=inference_hold chunk=0124 chunk_step=-] delta_max_rad=0.089374 delta_max_deg=5.1207 joint=right_ring_DIP joint_index=16 from_rad=1.351055 to_rad=1.261681
[latency] hand_policy inference_ms=8.798
[chunk 0124] inference=0.009s predicted=(2, 22)
[cmd 000374 kind=policy chunk=0124 chunk_step=0] delta_max_rad=0.198559 delta_max_deg=11.3766 joint=right_thumb_IP joint_index=21 from_rad=0.707784 to_rad=0.906343
[action 000249 chunk_step=0] raw=[-0.3405,1.3830] sent=[-0.3405,1.3830] limit_clips=0 step_clips=0 tracking_max=nan
[cmd 000375 kind=policy chunk=0124 chunk_step=1] delta_max_rad=0.107866 delta_max_deg=6.1803 joint=right_thumb_IP joint_index=21 from_rad=0.906343 to_rad=1.014209
[action 000250 chunk_step=1] raw=[-0.3278,1.3831] sent=[-0.3278,1.3831] limit_clips=0 step_clips=0 tracking_max=nan
[cmd 000376 kind=inference_hold chunk=0125 chunk_step=-] delta_max_rad=0.097372 delta_max_deg=5.5790 joint=right_thumb_IP joint_index=21 from_rad=1.014209 to_rad=0.916837
[latency] hand_policy inference_ms=9.177
[chunk 0125] inference=0.009s predicted=(2, 22)
[cmd 000377 kind=policy chunk=0125 chunk_step=0] delta_max_rad=0.164859 delta_max_deg=9.4457 joint=right_pinky_DIP joint_index=12 from_rad=0.697127 to_rad=0.532268
[action 000251 chunk_step=0] raw=[-0.3385,1.3695] sent=[-0.3385,1.3695] limit_clips=0 step_clips=0 tracking_max=nan
[cmd 000378 kind=policy chunk=0125 chunk_step=1] delta_max_rad=0.116566 delta_max_deg=6.6787 joint=right_ring_PIP joint_index=15 from_rad=1.053524 to_rad=0.936958
[action 000252 chunk_step=1] raw=[-0.3472,1.2877] sent=[-0.3472,1.2877] limit_clips=0 step_clips=0 tracking_max=nan
[cmd 000379 kind=inference_hold chunk=0126 chunk_step=-] delta_max_rad=0.073927 delta_max_deg=4.2357 joint=right_ring_PIP joint_index=15 from_rad=0.936958 to_rad=1.010886
[latency] hand_policy inference_ms=10.399
[chunk 0126] inference=0.010s predicted=(2, 22)
[cmd 000380 kind=policy chunk=0126 chunk_step=0] delta_max_rad=0.168664 delta_max_deg=9.6637 joint=right_ring_PIP joint_index=15 from_rad=1.010886 to_rad=0.842222
[action 000253 chunk_step=0] raw=[-0.3477,1.1894] sent=[-0.3477,1.1894] limit_clips=0 step_clips=0 tracking_max=nan
[cmd 000381 kind=policy chunk=0126 chunk_step=1] delta_max_rad=0.107089 delta_max_deg=6.1357 joint=right_ring_PIP joint_index=15 from_rad=0.842222 to_rad=0.735133
[action 000254 chunk_step=1] raw=[-0.3473,1.1017] sent=[-0.3473,1.1017] limit_clips=0 step_clips=0 tracking_max=nan
[cmd 000382 kind=inference_hold chunk=0127 chunk_step=-] delta_max_rad=0.083809 delta_max_deg=4.8019 joint=right_ring_PIP joint_index=15 from_rad=0.735133 to_rad=0.818942
[latency] hand_policy inference_ms=10.021
[chunk 0127] inference=0.010s predicted=(2, 22)
[cmd 000383 kind=policy chunk=0127 chunk_step=0] delta_max_rad=0.185108 delta_max_deg=10.6059 joint=right_ring_PIP joint_index=15 from_rad=0.818942 to_rad=0.633833
[action 000255 chunk_step=0] raw=[-0.3491,1.1845] sent=[-0.3491,1.1845] limit_clips=0 step_clips=0 tracking_max=nan
[cmd 000384 kind=policy chunk=0127 chunk_step=1] delta_max_rad=0.106415 delta_max_deg=6.0971 joint=right_index_DIP joint_index=3 from_rad=1.184483 to_rad=1.290898
[action 000256 chunk_step=1] raw=[-0.3491,1.2909] sent=[-0.3491,1.2909] limit_clips=0 step_clips=0 tracking_max=nan
[cmd 000385 kind=inference_hold chunk=0128 chunk_step=-] delta_max_rad=0.085573 delta_max_deg=4.9030 joint=right_index_DIP joint_index=3 from_rad=1.290898 to_rad=1.205325
[latency] hand_policy inference_ms=9.716
[chunk 0128] inference=0.010s predicted=(2, 22)
[cmd 000386 kind=policy chunk=0128 chunk_step=0] delta_max_rad=0.196500 delta_max_deg=11.2586 joint=right_index_PIP joint_index=2 from_rad=0.591615 to_rad=0.788115
[action 000257 chunk_step=0] raw=[-0.3491,1.3680] sent=[-0.3491,1.3680] limit_clips=0 step_clips=0 tracking_max=nan
[cmd 000387 kind=policy chunk=0128 chunk_step=1] delta_max_rad=0.116387 delta_max_deg=6.6685 joint=right_middle_MCP_FE joint_index=4 from_rad=0.296677 to_rad=0.413063
[action 000258 chunk_step=1] raw=[-0.3481,1.3842] sent=[-0.3481,1.3842] limit_clips=0 step_clips=0 tracking_max=nan
[cmd 000388 kind=inference_hold chunk=0129 chunk_step=-] delta_max_rad=0.093465 delta_max_deg=5.3551 joint=right_index_DIP joint_index=3 from_rad=1.384165 to_rad=1.290700
[latency] hand_policy inference_ms=8.817
[chunk 0129] inference=0.009s predicted=(2, 22)
[cmd 000389 kind=policy chunk=0129 chunk_step=0] delta_max_rad=0.197505 delta_max_deg=11.3162 joint=right_middle_MCP_FE joint_index=4 from_rad=0.326854 to_rad=0.524360
[action 000259 chunk_step=0] raw=[-0.3447,1.3963] sent=[-0.3447,1.3963] limit_clips=0 step_clips=0 tracking_max=nan
[cmd 000390 kind=policy chunk=0129 chunk_step=1] delta_max_rad=0.117271 delta_max_deg=6.7191 joint=right_ring_MCP_FE joint_index=13 from_rad=0.527831 to_rad=0.645102
[action 000260 chunk_step=1] raw=[-0.3439,1.3895] sent=[-0.3439,1.3895] limit_clips=0 step_clips=0 tracking_max=nan
[cmd 000391 kind=inference_hold chunk=0130 chunk_step=-] delta_max_rad=0.092856 delta_max_deg=5.3203 joint=right_middle_MCP_FE joint_index=4 from_rad=0.639109 to_rad=0.546253
[latency] hand_policy inference_ms=9.077
[chunk 0130] inference=0.009s predicted=(2, 22)
[cmd 000392 kind=policy chunk=0130 chunk_step=0] delta_max_rad=0.191197 delta_max_deg=10.9548 joint=right_ring_MCP_FE joint_index=13 from_rad=0.554873 to_rad=0.746070
[action 000261 chunk_step=0] raw=[-0.3484,1.3963] sent=[-0.3484,1.3963] limit_clips=0 step_clips=0 tracking_max=nan
[cmd 000393 kind=policy chunk=0130 chunk_step=1] delta_max_rad=0.113719 delta_max_deg=6.5156 joint=right_index_PIP joint_index=2 from_rad=1.006718 to_rad=0.892999
[action 000262 chunk_step=1] raw=[-0.3482,1.3063] sent=[-0.3482,1.3063] limit_clips=0 step_clips=0 tracking_max=nan
[cmd 000394 kind=inference_hold chunk=0131 chunk_step=-] delta_max_rad=0.062220 delta_max_deg=3.5649 joint=right_pinky_MCP_AA joint_index=10 from_rad=0.210869 to_rad=0.148649
[latency] hand_policy inference_ms=10.396
[chunk 0131] inference=0.010s predicted=(2, 22)
[cmd 000395 kind=policy chunk=0131 chunk_step=0] delta_max_rad=0.150025 delta_max_deg=8.5958 joint=right_pinky_MCP_AA joint_index=10 from_rad=0.148649 to_rad=0.298674
[action 000263 chunk_step=0] raw=[-0.3463,1.2059] sent=[-0.3463,1.2059] limit_clips=0 step_clips=0 tracking_max=nan
[cmd 000396 kind=policy chunk=0131 chunk_step=1] delta_max_rad=0.111069 delta_max_deg=6.3638 joint=right_index_PIP joint_index=2 from_rad=0.802315 to_rad=0.691246
[action 000264 chunk_step=1] raw=[-0.3454,1.1311] sent=[-0.3454,1.1311] limit_clips=0 step_clips=0 tracking_max=nan
[cmd 000397 kind=inference_hold chunk=0132 chunk_step=-] delta_max_rad=0.079417 delta_max_deg=4.5503 joint=right_index_PIP joint_index=2 from_rad=0.691246 to_rad=0.770663
[latency] hand_policy inference_ms=10.262
[chunk 0132] inference=0.010s predicted=(2, 22)
[cmd 000398 kind=policy chunk=0132 chunk_step=0] delta_max_rad=0.188071 delta_max_deg=10.7757 joint=right_middle_PIP joint_index=6 from_rad=0.602838 to_rad=0.790909
[action 000265 chunk_step=0] raw=[-0.3491,1.1303] sent=[-0.3491,1.1303] limit_clips=0 step_clips=0 tracking_max=nan
[cmd 000399 kind=policy chunk=0132 chunk_step=1] delta_max_rad=0.096209 delta_max_deg=5.5124 joint=right_index_DIP joint_index=3 from_rad=1.005080 to_rad=0.908871
[action 000266 chunk_step=1] raw=[-0.3432,1.1317] sent=[-0.3432,1.1317] limit_clips=0 step_clips=0 tracking_max=nan
[cmd 000400 kind=inference_hold chunk=0133 chunk_step=-] delta_max_rad=0.080521 delta_max_deg=4.6135 joint=right_index_PIP joint_index=2 from_rad=0.496996 to_rad=0.577517
[latency] hand_policy inference_ms=9.569
[chunk 0133] inference=0.010s predicted=(2, 22)
[cmd 000401 kind=policy chunk=0133 chunk_step=0] delta_max_rad=0.190711 delta_max_deg=10.9269 joint=right_pinky_PIP joint_index=11 from_rad=0.560676 to_rad=0.369964
[action 000267 chunk_step=0] raw=[-0.3432,1.1832] sent=[-0.3432,1.1832] limit_clips=0 step_clips=0 tracking_max=nan
[cmd 000402 kind=policy chunk=0133 chunk_step=1] delta_max_rad=0.079901 delta_max_deg=4.5780 joint=right_ring_DIP joint_index=16 from_rad=1.183226 to_rad=1.263127
[action 000268 chunk_step=1] raw=[-0.3171,1.2631] sent=[-0.3171,1.2631] limit_clips=0 step_clips=0 tracking_max=nan
[cmd 000403 kind=inference_hold chunk=0134 chunk_step=-] delta_max_rad=0.075484 delta_max_deg=4.3249 joint=right_index_PIP joint_index=2 from_rad=0.309879 to_rad=0.385363
[latency] hand_policy inference_ms=8.706
[chunk 0134] inference=0.009s predicted=(2, 22)
[cmd 000404 kind=policy chunk=0134 chunk_step=0] delta_max_rad=0.146230 delta_max_deg=8.3784 joint=right_middle_DIP joint_index=7 from_rad=1.170009 to_rad=1.316239
[action 000269 chunk_step=0] raw=[-0.2784,1.3388] sent=[-0.2784,1.3388] limit_clips=0 step_clips=0 tracking_max=nan
[cmd 000405 kind=policy chunk=0134 chunk_step=1] delta_max_rad=0.114175 delta_max_deg=6.5418 joint=right_ring_PIP joint_index=15 from_rad=0.971224 to_rad=0.857048
[action 000270 chunk_step=1] raw=[-0.2993,1.2678] sent=[-0.2993,1.2678] limit_clips=0 step_clips=0 tracking_max=nan
[cmd 000406 kind=inference_hold chunk=0135 chunk_step=-] delta_max_rad=0.063471 delta_max_deg=3.6366 joint=right_pinky_CMC joint_index=8 from_rad=0.259466 to_rad=0.195995
[latency] hand_policy inference_ms=8.913
[chunk 0135] inference=0.009s predicted=(2, 22)
[cmd 000407 kind=policy chunk=0135 chunk_step=0] delta_max_rad=0.149926 delta_max_deg=8.5901 joint=right_middle_PIP joint_index=6 from_rad=0.878098 to_rad=0.728172
[action 000271 chunk_step=0] raw=[-0.3474,1.1813] sent=[-0.3474,1.1813] limit_clips=0 step_clips=0 tracking_max=nan
[cmd 000408 kind=policy chunk=0135 chunk_step=1] delta_max_rad=0.103688 delta_max_deg=5.9409 joint=right_ring_PIP joint_index=15 from_rad=0.763884 to_rad=0.660196
[action 000272 chunk_step=1] raw=[-0.3471,1.1623] sent=[-0.3471,1.1623] limit_clips=0 step_clips=0 tracking_max=nan
[cmd 000409 kind=inference_hold chunk=0136 chunk_step=-] delta_max_rad=0.083235 delta_max_deg=4.7690 joint=right_ring_PIP joint_index=15 from_rad=0.660196 to_rad=0.743431
[latency] hand_policy inference_ms=9.982
[chunk 0136] inference=0.010s predicted=(2, 22)
[cmd 000410 kind=policy chunk=0136 chunk_step=0] delta_max_rad=0.177489 delta_max_deg=10.1693 joint=right_pinky_DIP joint_index=12 from_rad=1.093254 to_rad=1.270742
[action 000273 chunk_step=0] raw=[-0.3491,1.2707] sent=[-0.3491,1.2707] limit_clips=0 step_clips=0 tracking_max=nan
[cmd 000411 kind=policy chunk=0136 chunk_step=1] delta_max_rad=0.117290 delta_max_deg=6.7202 joint=right_pinky_PIP joint_index=11 from_rad=0.616450 to_rad=0.733740
[action 000274 chunk_step=1] raw=[-0.3486,1.3428] sent=[-0.3486,1.3428] limit_clips=0 step_clips=0 tracking_max=nan
[cmd 000412 kind=inference_hold chunk=0137 chunk_step=-] delta_max_rad=0.085859 delta_max_deg=4.9194 joint=right_pinky_PIP joint_index=11 from_rad=0.733740 to_rad=0.647881
[latency] hand_policy inference_ms=9.927
[chunk 0137] inference=0.010s predicted=(2, 22)
[cmd 000413 kind=policy chunk=0137 chunk_step=0] delta_max_rad=0.176970 delta_max_deg=10.1396 joint=right_pinky_PIP joint_index=11 from_rad=0.647881 to_rad=0.824850
[action 000275 chunk_step=0] raw=[-0.3479,1.3826] sent=[-0.3479,1.3826] limit_clips=0 step_clips=0 tracking_max=nan
[cmd 000414 kind=policy chunk=0137 chunk_step=1] delta_max_rad=0.106046 delta_max_deg=6.0760 joint=right_middle_MCP_AA joint_index=5 from_rad=0.180291 to_rad=0.074245
[action 000276 chunk_step=1] raw=[-0.3491,1.3948] sent=[-0.3491,1.3948] limit_clips=0 step_clips=0 tracking_max=nan
[cmd 000415 kind=inference_hold chunk=0138 chunk_step=-] delta_max_rad=0.097821 delta_max_deg=5.6047 joint=right_index_DIP joint_index=3 from_rad=1.377204 to_rad=1.279383
[latency] hand_policy inference_ms=8.993
[chunk 0138] inference=0.009s predicted=(2, 22)
[cmd 000416 kind=policy chunk=0138 chunk_step=0] delta_max_rad=0.152934 delta_max_deg=8.7625 joint=right_ring_MCP_FE joint_index=13 from_rad=0.630748 to_rad=0.783682
[action 000277 chunk_step=0] raw=[-0.3474,1.3846] sent=[-0.3474,1.3846] limit_clips=0 step_clips=0 tracking_max=nan
[cmd 000417 kind=policy chunk=0138 chunk_step=1] delta_max_rad=0.117869 delta_max_deg=6.7534 joint=right_pinky_PIP joint_index=11 from_rad=0.860651 to_rad=0.742782
[action 000278 chunk_step=1] raw=[-0.3481,1.3315] sent=[-0.3481,1.3315] limit_clips=0 step_clips=0 tracking_max=nan
[cmd 000418 kind=inference_hold chunk=0139 chunk_step=-] delta_max_rad=0.060333 delta_max_deg=3.4568 joint=right_ring_PIP joint_index=15 from_rad=0.633299 to_rad=0.572966
[latency] hand_policy inference_ms=9.009
[chunk 0139] inference=0.009s predicted=(2, 22)
[cmd 000419 kind=policy chunk=0139 chunk_step=0] delta_max_rad=0.153382 delta_max_deg=8.7881 joint=right_pinky_PIP joint_index=11 from_rad=0.799646 to_rad=0.646264
[action 000279 chunk_step=0] raw=[-0.3465,1.2566] sent=[-0.3465,1.2566] limit_clips=0 step_clips=0 tracking_max=nan
[cmd 000420 kind=policy chunk=0139 chunk_step=1] delta_max_rad=0.106183 delta_max_deg=6.0838 joint=right_index_DIP joint_index=3 from_rad=1.151914 to_rad=1.045731
[action 000280 chunk_step=1] raw=[-0.3468,1.2186] sent=[-0.3468,1.2186] limit_clips=0 step_clips=0 tracking_max=nan
[cmd 000421 kind=inference_hold chunk=0140 chunk_step=-] delta_max_rad=0.077819 delta_max_deg=4.4587 joint=right_index_DIP joint_index=3 from_rad=1.045731 to_rad=1.123550
[latency] hand_policy inference_ms=9.104
[chunk 0140] inference=0.009s predicted=(2, 22)
[cmd 000422 kind=policy chunk=0140 chunk_step=0] delta_max_rad=0.172986 delta_max_deg=9.9114 joint=right_index_DIP joint_index=3 from_rad=1.123550 to_rad=0.950564
[action 000281 chunk_step=0] raw=[-0.3491,1.3051] sent=[-0.3491,1.3051] limit_clips=0 step_clips=0 tracking_max=nan
[cmd 000423 kind=policy chunk=0140 chunk_step=1] delta_max_rad=0.095495 delta_max_deg=5.4715 joint=right_index_PIP joint_index=2 from_rad=0.297949 to_rad=0.202454
[action 000282 chunk_step=1] raw=[-0.3491,1.3524] sent=[-0.3491,1.3524] limit_clips=0 step_clips=0 tracking_max=nan
[cmd 000424 kind=inference_hold chunk=0141 chunk_step=-] delta_max_rad=0.077642 delta_max_deg=4.4486 joint=right_thumb_IP joint_index=21 from_rad=0.603348 to_rad=0.525706
[latency] hand_policy inference_ms=10.085
[chunk 0141] inference=0.010s predicted=(2, 22)
[cmd 000425 kind=policy chunk=0141 chunk_step=0] delta_max_rad=0.201799 delta_max_deg=11.5622 joint=right_thumb_IP joint_index=21 from_rad=0.525706 to_rad=0.727504
[action 000283 chunk_step=0] raw=[-0.3389,1.3845] sent=[-0.3389,1.3845] limit_clips=0 step_clips=0 tracking_max=nan
[cmd 000426 kind=policy chunk=0141 chunk_step=1] delta_max_rad=0.094781 delta_max_deg=5.4305 joint=right_thumb_IP joint_index=21 from_rad=0.727504 to_rad=0.822285
[action 000284 chunk_step=1] raw=[-0.2913,1.3920] sent=[-0.2913,1.3920] limit_clips=0 step_clips=0 tracking_max=nan
[cmd 000427 kind=inference_hold chunk=0142 chunk_step=-] delta_max_rad=0.102205 delta_max_deg=5.8559 joint=right_ring_DIP joint_index=16 from_rad=1.378509 to_rad=1.276304
[latency] hand_policy inference_ms=9.604
[chunk 0142] inference=0.010s predicted=(2, 22)
[cmd 000428 kind=policy chunk=0142 chunk_step=0] delta_max_rad=0.198009 delta_max_deg=11.3451 joint=right_thumb_IP joint_index=21 from_rad=0.729955 to_rad=0.927964
[action 000285 chunk_step=0] raw=[-0.2211,1.3951] sent=[-0.2211,1.3951] limit_clips=0 step_clips=0 tracking_max=nan
[cmd 000429 kind=policy chunk=0142 chunk_step=1] delta_max_rad=0.087492 delta_max_deg=5.0129 joint=right_thumb_MCP_AA joint_index=20 from_rad=-0.221095 to_rad=-0.133602
[action 000286 chunk_step=1] raw=[-0.1615,1.3963] sent=[-0.1615,1.3963] limit_clips=0 step_clips=0 tracking_max=nan
[cmd 000430 kind=inference_hold chunk=0143 chunk_step=-] delta_max_rad=0.094579 delta_max_deg=5.4190 joint=right_ring_DIP joint_index=16 from_rad=1.396300 to_rad=1.301721
[latency] hand_policy inference_ms=8.789
[chunk 0143] inference=0.009s predicted=(2, 22)
[cmd 000431 kind=policy chunk=0143 chunk_step=0] delta_max_rad=0.143818 delta_max_deg=8.2402 joint=right_thumb_MCP_AA joint_index=20 from_rad=-0.197554 to_rad=-0.053736
[action 000287 chunk_step=0] raw=[-0.1759,1.3406] sent=[-0.1759,1.3406] limit_clips=0 step_clips=0 tracking_max=nan
[cmd 000432 kind=policy chunk=0143 chunk_step=1] delta_max_rad=0.098738 delta_max_deg=5.6573 joint=right_ring_PIP joint_index=15 from_rad=0.962046 to_rad=0.863308
[action 000288 chunk_step=1] raw=[-0.2450,1.2530] sent=[-0.2450,1.2530] limit_clips=0 step_clips=0 tracking_max=nan
[cmd 000433 kind=inference_hold chunk=0144 chunk_step=-] delta_max_rad=0.064094 delta_max_deg=3.6723 joint=right_index_DIP joint_index=3 from_rad=1.042576 to_rad=0.978483
[latency] hand_policy inference_ms=9.166
[chunk 0144] inference=0.009s predicted=(2, 22)
[cmd 000434 kind=policy chunk=0144 chunk_step=0] delta_max_rad=0.163697 delta_max_deg=9.3791 joint=right_index_DIP joint_index=3 from_rad=0.978483 to_rad=1.142180
[action 000289 chunk_step=0] raw=[-0.3116,1.1637] sent=[-0.3116,1.1637] limit_clips=0 step_clips=0 tracking_max=nan
[cmd 000435 kind=policy chunk=0144 chunk_step=1] delta_max_rad=0.103133 delta_max_deg=5.9091 joint=right_pinky_PIP joint_index=11 from_rad=0.448202 to_rad=0.551335
[action 000290 chunk_step=1] raw=[-0.3436,1.2432] sent=[-0.3436,1.2432] limit_clips=0 step_clips=0 tracking_max=nan
[cmd 000436 kind=inference_hold chunk=0145 chunk_step=-] delta_max_rad=0.075063 delta_max_deg=4.3008 joint=right_index_DIP joint_index=3 from_rad=1.243162 to_rad=1.168099
[latency] hand_policy inference_ms=10.192
[chunk 0145] inference=0.010s predicted=(2, 22)
[cmd 000437 kind=policy chunk=0145 chunk_step=0] delta_max_rad=0.170414 delta_max_deg=9.7640 joint=right_ring_PIP joint_index=15 from_rad=0.752687 to_rad=0.582273
[action 000291 chunk_step=0] raw=[-0.3473,1.3353] sent=[-0.3473,1.3353] limit_clips=0 step_clips=0 tracking_max=nan
[cmd 000438 kind=policy chunk=0145 chunk_step=1] delta_max_rad=0.101973 delta_max_deg=5.8426 joint=right_pinky_PIP joint_index=11 from_rad=0.639946 to_rad=0.741918
[action 000292 chunk_step=1] raw=[-0.3483,1.3963] sent=[-0.3483,1.3963] limit_clips=0 step_clips=0 tracking_max=nan
[cmd 000439 kind=inference_hold chunk=0146 chunk_step=-] delta_max_rad=0.115807 delta_max_deg=6.6352 joint=right_index_DIP joint_index=3 from_rad=1.396300 to_rad=1.280493
[latency] hand_policy inference_ms=9.943
[chunk 0146] inference=0.010s predicted=(2, 22)
[cmd 000440 kind=policy chunk=0146 chunk_step=0] delta_max_rad=0.187560 delta_max_deg=10.7464 joint=right_ring_MCP_FE joint_index=13 from_rad=0.360547 to_rad=0.548107
[action 000293 chunk_step=0] raw=[-0.3477,1.3925] sent=[-0.3477,1.3925] limit_clips=0 step_clips=0 tracking_max=nan
[cmd 000441 kind=policy chunk=0146 chunk_step=1] delta_max_rad=0.108590 delta_max_deg=6.2218 joint=right_ring_MCP_FE joint_index=13 from_rad=0.548107 to_rad=0.656697
[action 000294 chunk_step=1] raw=[-0.3461,1.3826] sent=[-0.3461,1.3826] limit_clips=0 step_clips=0 tracking_max=nan
[cmd 000442 kind=inference_hold chunk=0147 chunk_step=-] delta_max_rad=0.088686 delta_max_deg=5.0813 joint=right_ring_MCP_FE joint_index=13 from_rad=0.656697 to_rad=0.568011
[latency] hand_policy inference_ms=9.536
[chunk 0147] inference=0.010s predicted=(2, 22)
[cmd 000443 kind=policy chunk=0147 chunk_step=0] delta_max_rad=0.158449 delta_max_deg=9.0785 joint=right_middle_PIP joint_index=6 from_rad=0.504459 to_rad=0.662908
[action 000295 chunk_step=0] raw=[-0.3482,1.2936] sent=[-0.3482,1.2936] limit_clips=0 step_clips=0 tracking_max=nan
[cmd 000444 kind=policy chunk=0147 chunk_step=1] delta_max_rad=0.105891 delta_max_deg=6.0671 joint=right_ring_DIP joint_index=16 from_rad=0.780323 to_rad=0.886214
[action 000296 chunk_step=1] raw=[-0.3464,1.2049] sent=[-0.3464,1.2049] limit_clips=0 step_clips=0 tracking_max=nan
[cmd 000445 kind=inference_hold chunk=0148 chunk_step=-] delta_max_rad=0.058664 delta_max_deg=3.3612 joint=right_pinky_CMC joint_index=8 from_rad=0.101794 to_rad=0.160458
[latency] hand_policy inference_ms=8.674
[chunk 0148] inference=0.009s predicted=(2, 22)
[cmd 000446 kind=policy chunk=0148 chunk_step=0] delta_max_rad=0.154889 delta_max_deg=8.8745 joint=right_index_PIP joint_index=2 from_rad=0.669724 to_rad=0.514835
[action 000297 chunk_step=0] raw=[-0.3474,1.1554] sent=[-0.3474,1.1554] limit_clips=0 step_clips=0 tracking_max=nan
[cmd 000447 kind=policy chunk=0148 chunk_step=1] delta_max_rad=0.103273 delta_max_deg=5.9171 joint=right_index_DIP joint_index=3 from_rad=1.105770 to_rad=1.002497
[action 000298 chunk_step=1] raw=[-0.3472,1.1515] sent=[-0.3472,1.1515] limit_clips=0 step_clips=0 tracking_max=nan
[cmd 000448 kind=inference_hold chunk=0149 chunk_step=-] delta_max_rad=0.077300 delta_max_deg=4.4290 joint=right_index_DIP joint_index=3 from_rad=1.002497 to_rad=1.079797
[latency] hand_policy inference_ms=8.950
[chunk 0149] inference=0.009s predicted=(2, 22)
[cmd 000449 kind=policy chunk=0149 chunk_step=0] delta_max_rad=0.171253 delta_max_deg=9.8121 joint=right_index_DIP joint_index=3 from_rad=1.079797 to_rad=0.908544
[action 000299 chunk_step=0] raw=[-0.3491,1.2324] sent=[-0.3491,1.2324] limit_clips=0 step_clips=0 tracking_max=nan
[cmd 000450 kind=policy chunk=0149 chunk_step=1] delta_max_rad=0.116782 delta_max_deg=6.6911 joint=right_pinky_PIP joint_index=11 from_rad=0.499284 to_rad=0.382502
[action 000300 chunk_step=1] raw=[-0.3462,1.2607] sent=[-0.3462,1.2607] limit_clips=0 step_clips=0 tracking_max=nan
[cmd 000451 kind=inference_hold chunk=0150 chunk_step=-] delta_max_rad=0.087971 delta_max_deg=5.0404 joint=right_pinky_PIP joint_index=11 from_rad=0.382502 to_rad=0.470473
[latency] hand_policy inference_ms=10.024
[chunk 0150] inference=0.010s predicted=(2, 22)
[cmd 000452 kind=policy chunk=0150 chunk_step=0] delta_max_rad=0.187464 delta_max_deg=10.7409 joint=right_pinky_PIP joint_index=11 from_rad=0.470473 to_rad=0.283009
[action 000301 chunk_step=0] raw=[-0.2779,1.3181] sent=[-0.2779,1.3181] limit_clips=0 step_clips=0 tracking_max=nan
[cmd 000453 kind=policy chunk=0150 chunk_step=1] delta_max_rad=0.085247 delta_max_deg=4.8843 joint=right_ring_MCP_FE joint_index=13 from_rad=0.208395 to_rad=0.123148
[action 000302 chunk_step=1] raw=[-0.1954,1.3600] sent=[-0.1954,1.3600] limit_clips=0 step_clips=0 tracking_max=nan
[cmd 000454 kind=inference_hold chunk=0151 chunk_step=-] delta_max_rad=0.077663 delta_max_deg=4.4498 joint=right_ring_DIP joint_index=16 from_rad=1.359991 to_rad=1.282328
[latency] hand_policy inference_ms=9.666
[chunk 0151] inference=0.010s predicted=(2, 22)
[cmd 000455 kind=policy chunk=0151 chunk_step=0] delta_max_rad=0.144202 delta_max_deg=8.2622 joint=right_thumb_MCP_AA joint_index=20 from_rad=-0.244237 to_rad=-0.100035
[action 000303 chunk_step=0] raw=[-0.1526,1.3719] sent=[-0.1526,1.3719] limit_clips=0 step_clips=0 tracking_max=nan
[cmd 000456 kind=policy chunk=0151 chunk_step=1] delta_max_rad=0.108049 delta_max_deg=6.1907 joint=right_ring_PIP joint_index=15 from_rad=1.023098 to_rad=0.915050
[action 000304 chunk_step=1] raw=[-0.1661,1.2968] sent=[-0.1661,1.2968] limit_clips=0 step_clips=0 tracking_max=nan
[cmd 000457 kind=inference_hold chunk=0152 chunk_step=-] delta_max_rad=0.048156 delta_max_deg=2.7591 joint=right_middle_PIP joint_index=6 from_rad=0.562501 to_rad=0.610656
[latency] hand_policy inference_ms=8.738
[chunk 0152] inference=0.009s predicted=(2, 22)
[cmd 000458 kind=policy chunk=0152 chunk_step=0] delta_max_rad=0.145844 delta_max_deg=8.3562 joint=right_ring_PIP joint_index=15 from_rad=0.962277 to_rad=0.816434
[action 000305 chunk_step=0] raw=[-0.2326,1.1963] sent=[-0.2326,1.1963] limit_clips=0 step_clips=0 tracking_max=nan
[cmd 000459 kind=policy chunk=0152 chunk_step=1] delta_max_rad=0.112037 delta_max_deg=6.4193 joint=right_pinky_PIP joint_index=11 from_rad=0.364195 to_rad=0.476232
[action 000306 chunk_step=1] raw=[-0.3042,1.1080] sent=[-0.3042,1.1080] limit_clips=0 step_clips=0 tracking_max=nan
[cmd 000460 kind=inference_hold chunk=0153 chunk_step=-] delta_max_rad=0.073382 delta_max_deg=4.2045 joint=right_pinky_PIP joint_index=11 from_rad=0.476232 to_rad=0.402850
[latency] hand_policy inference_ms=9.034
[chunk 0153] inference=0.009s predicted=(2, 22)
[cmd 000461 kind=policy chunk=0153 chunk_step=0] delta_max_rad=0.166728 delta_max_deg=9.5528 joint=right_ring_PIP joint_index=15 from_rad=0.795409 to_rad=0.628682
[action 000307 chunk_step=0] raw=[-0.3350,1.0302] sent=[-0.3350,1.0302] limit_clips=0 step_clips=0 tracking_max=nan
[cmd 000462 kind=policy chunk=0153 chunk_step=1] delta_max_rad=0.097330 delta_max_deg=5.5766 joint=right_index_DIP joint_index=3 from_rad=1.029488 to_rad=1.126818
[action 000308 chunk_step=1] raw=[-0.3478,1.1268] sent=[-0.3478,1.1268] limit_clips=0 step_clips=0 tracking_max=nan
[cmd 000463 kind=inference_hold chunk=0154 chunk_step=-] delta_max_rad=0.074416 delta_max_deg=4.2637 joint=right_index_DIP joint_index=3 from_rad=1.126818 to_rad=1.052402
[latency] hand_policy inference_ms=9.060
[chunk 0154] inference=0.009s predicted=(2, 22)
[cmd 000464 kind=policy chunk=0154 chunk_step=0] delta_max_rad=0.191381 delta_max_deg=10.9653 joint=right_index_PIP joint_index=2 from_rad=0.474386 to_rad=0.665767
[action 000309 chunk_step=0] raw=[-0.3483,1.2170] sent=[-0.3483,1.2170] limit_clips=0 step_clips=0 tracking_max=nan
[cmd 000465 kind=policy chunk=0154 chunk_step=1] delta_max_rad=0.111619 delta_max_deg=6.3953 joint=right_ring_MCP_FE joint_index=13 from_rad=0.436419 to_rad=0.548038
[action 000310 chunk_step=1] raw=[-0.3490,1.3013] sent=[-0.3490,1.3013] limit_clips=0 step_clips=0 tracking_max=nan
[cmd 000466 kind=inference_hold chunk=0155 chunk_step=-] delta_max_rad=0.081518 delta_max_deg=4.6707 joint=right_ring_MCP_FE joint_index=13 from_rad=0.548038 to_rad=0.466520
[latency] hand_policy inference_ms=10.431
[chunk 0155] inference=0.010s predicted=(2, 22)
[cmd 000467 kind=policy chunk=0155 chunk_step=0] delta_max_rad=0.194667 delta_max_deg=11.1536 joint=right_ring_MCP_FE joint_index=13 from_rad=0.466520 to_rad=0.661187
[action 000311 chunk_step=0] raw=[-0.3455,1.3525] sent=[-0.3455,1.3525] limit_clips=0 step_clips=0 tracking_max=nan
[cmd 000468 kind=policy chunk=0155 chunk_step=1] delta_max_rad=0.099364 delta_max_deg=5.6932 joint=right_middle_PIP joint_index=6 from_rad=0.427661 to_rad=0.527026
[action 000312 chunk_step=1] raw=[-0.3458,1.2928] sent=[-0.3458,1.2928] limit_clips=0 step_clips=0 tracking_max=nan
[cmd 000469 kind=inference_hold chunk=0156 chunk_step=-] delta_max_rad=0.072044 delta_max_deg=4.1278 joint=right_ring_MCP_FE joint_index=13 from_rad=0.731033 to_rad=0.658989
[latency] hand_policy inference_ms=9.981
[chunk 0156] inference=0.010s predicted=(2, 22)
[cmd 000470 kind=policy chunk=0156 chunk_step=0] delta_max_rad=0.145542 delta_max_deg=8.3389 joint=right_ring_PIP joint_index=15 from_rad=0.482918 to_rad=0.628460
[action 000313 chunk_step=0] raw=[-0.3475,1.1985] sent=[-0.3475,1.1985] limit_clips=0 step_clips=0 tracking_max=nan
[cmd 000471 kind=policy chunk=0156 chunk_step=1] delta_max_rad=0.100592 delta_max_deg=5.7635 joint=right_pinky_MCP_FE joint_index=9 from_rad=0.987786 to_rad=1.088378
[action 000314 chunk_step=1] raw=[-0.3456,1.1730] sent=[-0.3456,1.1730] limit_clips=0 step_clips=0 tracking_max=nan
[cmd 000472 kind=inference_hold chunk=0157 chunk_step=-] delta_max_rad=0.067700 delta_max_deg=3.8789 joint=right_ring_PIP joint_index=15 from_rad=0.714785 to_rad=0.647085
[latency] hand_policy inference_ms=9.639
[chunk 0157] inference=0.010s predicted=(2, 22)
[cmd 000473 kind=policy chunk=0157 chunk_step=0] delta_max_rad=0.156326 delta_max_deg=8.9568 joint=right_pinky_PIP joint_index=11 from_rad=0.630742 to_rad=0.474416
[action 000315 chunk_step=0] raw=[-0.3480,1.2127] sent=[-0.3480,1.2127] limit_clips=0 step_clips=0 tracking_max=nan
[cmd 000474 kind=policy chunk=0157 chunk_step=1] delta_max_rad=0.099263 delta_max_deg=5.6874 joint=right_pinky_DIP joint_index=12 from_rad=1.016467 to_rad=0.917203
[action 000316 chunk_step=1] raw=[-0.3491,1.2320] sent=[-0.3491,1.2320] limit_clips=0 step_clips=0 tracking_max=nan
[cmd 000475 kind=inference_hold chunk=0158 chunk_step=-] delta_max_rad=0.078960 delta_max_deg=4.5241 joint=right_pinky_PIP joint_index=11 from_rad=0.378716 to_rad=0.457676
[latency] hand_policy inference_ms=8.756
[chunk 0158] inference=0.009s predicted=(2, 22)
[cmd 000476 kind=policy chunk=0158 chunk_step=0] delta_max_rad=0.174254 delta_max_deg=9.9840 joint=right_pinky_DIP joint_index=12 from_rad=0.995843 to_rad=0.821590
[action 000317 chunk_step=0] raw=[-0.3491,1.2882] sent=[-0.3491,1.2882] limit_clips=0 step_clips=0 tracking_max=nan
[cmd 000477 kind=policy chunk=0158 chunk_step=1] delta_max_rad=0.113944 delta_max_deg=6.5285 joint=right_pinky_DIP joint_index=12 from_rad=0.821590 to_rad=0.707646
[action 000318 chunk_step=1] raw=[-0.3490,1.3111] sent=[-0.3490,1.3111] limit_clips=0 step_clips=0 tracking_max=nan
[cmd 000478 kind=inference_hold chunk=0159 chunk_step=-] delta_max_rad=0.088310 delta_max_deg=5.0598 joint=right_pinky_DIP joint_index=12 from_rad=0.707646 to_rad=0.795956
[latency] hand_policy inference_ms=9.042
[chunk 0159] inference=0.009s predicted=(2, 22)
[cmd 000479 kind=policy chunk=0159 chunk_step=0] delta_max_rad=0.204574 delta_max_deg=11.7212 joint=right_pinky_DIP joint_index=12 from_rad=0.795956 to_rad=0.591382
[action 000319 chunk_step=0] raw=[-0.3490,1.3174] sent=[-0.3490,1.3174] limit_clips=0 step_clips=0 tracking_max=nan
[cmd 000480 kind=policy chunk=0159 chunk_step=1] delta_max_rad=0.108285 delta_max_deg=6.2043 joint=right_ring_PIP joint_index=15 from_rad=0.897258 to_rad=0.788973
[action 000320 chunk_step=1] raw=[-0.3491,1.2394] sent=[-0.3491,1.2394] limit_clips=0 step_clips=0 tracking_max=nan
[cmd 000481 kind=inference_hold chunk=0160 chunk_step=-] delta_max_rad=0.068762 delta_max_deg=3.9398 joint=right_middle_PIP joint_index=6 from_rad=0.212390 to_rad=0.281152
[latency] hand_policy inference_ms=10.398
[chunk 0160] inference=0.010s predicted=(2, 22)
[cmd 000482 kind=policy chunk=0160 chunk_step=0] delta_max_rad=0.149929 delta_max_deg=8.5903 joint=right_middle_PIP joint_index=6 from_rad=0.281152 to_rad=0.131223
[action 000321 chunk_step=0] raw=[-0.3487,1.2663] sent=[-0.3487,1.2663] limit_clips=0 step_clips=0 tracking_max=nan
[cmd 000483 kind=policy chunk=0160 chunk_step=1] delta_max_rad=0.107661 delta_max_deg=6.1685 joint=right_pinky_PIP joint_index=11 from_rad=0.198743 to_rad=0.306404
[action 000322 chunk_step=1] raw=[-0.3481,1.3601] sent=[-0.3481,1.3601] limit_clips=0 step_clips=0 tracking_max=nan
[cmd 000484 kind=inference_hold chunk=0161 chunk_step=-] delta_max_rad=0.101194 delta_max_deg=5.7980 joint=right_index_DIP joint_index=3 from_rad=1.360118 to_rad=1.258924
[latency] hand_policy inference_ms=9.957
[chunk 0161] inference=0.010s predicted=(2, 22)
[cmd 000485 kind=policy chunk=0161 chunk_step=0] delta_max_rad=0.165147 delta_max_deg=9.4622 joint=right_ring_DIP joint_index=16 from_rad=1.112772 to_rad=0.947625
[action 000323 chunk_step=0] raw=[-0.3491,1.3963] sent=[-0.3491,1.3963] limit_clips=0 step_clips=0 tracking_max=nan
[cmd 000486 kind=policy chunk=0161 chunk_step=1] delta_max_rad=0.106388 delta_max_deg=6.0956 joint=right_pinky_PIP joint_index=11 from_rad=0.392651 to_rad=0.499039
[action 000324 chunk_step=1] raw=[-0.3481,1.3916] sent=[-0.3481,1.3916] limit_clips=0 step_clips=0 tracking_max=nan
[cmd 000487 kind=inference_hold chunk=0162 chunk_step=-] delta_max_rad=0.092268 delta_max_deg=5.2866 joint=right_index_DIP joint_index=3 from_rad=1.391641 to_rad=1.299373
[latency] hand_policy inference_ms=9.666
[chunk 0162] inference=0.010s predicted=(2, 22)
[cmd 000488 kind=policy chunk=0162 chunk_step=0] delta_max_rad=0.173890 delta_max_deg=9.9632 joint=right_pinky_PIP joint_index=11 from_rad=0.414974 to_rad=0.588864
[action 000325 chunk_step=0] raw=[-0.3464,1.3475] sent=[-0.3464,1.3475] limit_clips=0 step_clips=0 tracking_max=nan
[cmd 000489 kind=policy chunk=0162 chunk_step=1] delta_max_rad=0.107833 delta_max_deg=6.1784 joint=right_ring_PIP joint_index=15 from_rad=0.561378 to_rad=0.669211
[action 000326 chunk_step=1] raw=[-0.3479,1.3816] sent=[-0.3479,1.3816] limit_clips=0 step_clips=0 tracking_max=nan
[cmd 000490 kind=inference_hold chunk=0163 chunk_step=-] delta_max_rad=0.082186 delta_max_deg=4.7089 joint=right_middle_DIP joint_index=7 from_rad=1.381629 to_rad=1.299443
[latency] hand_policy inference_ms=8.802
[chunk 0163] inference=0.009s predicted=(2, 22)
[cmd 000491 kind=policy chunk=0163 chunk_step=0] delta_max_rad=0.137324 delta_max_deg=7.8681 joint=right_ring_PIP joint_index=15 from_rad=0.613806 to_rad=0.751131
[action 000327 chunk_step=0] raw=[-0.3463,1.3795] sent=[-0.3463,1.3795] limit_clips=0 step_clips=0 tracking_max=nan
[cmd 000492 kind=policy chunk=0163 chunk_step=1] delta_max_rad=0.108407 delta_max_deg=6.2112 joint=right_pinky_PIP joint_index=11 from_rad=0.440631 to_rad=0.332225
[action 000328 chunk_step=1] raw=[-0.3453,1.3670] sent=[-0.3453,1.3670] limit_clips=0 step_clips=0 tracking_max=nan
[cmd 000493 kind=inference_hold chunk=0164 chunk_step=-] delta_max_rad=0.073298 delta_max_deg=4.1996 joint=right_ring_PIP joint_index=15 from_rad=0.847378 to_rad=0.774080
[latency] hand_policy inference_ms=8.992
[chunk 0164] inference=0.009s predicted=(2, 22)
[cmd 000494 kind=policy chunk=0164 chunk_step=0] delta_max_rad=0.178101 delta_max_deg=10.2044 joint=right_pinky_PIP joint_index=11 from_rad=0.404062 to_rad=0.225961
[action 000329 chunk_step=0] raw=[-0.3467,1.3333] sent=[-0.3467,1.3333] limit_clips=0 step_clips=0 tracking_max=nan
[cmd 000495 kind=policy chunk=0164 chunk_step=1] delta_max_rad=0.105030 delta_max_deg=6.0178 joint=right_pinky_PIP joint_index=11 from_rad=0.225961 to_rad=0.120932
[action 000330 chunk_step=1] raw=[-0.3482,1.3132] sent=[-0.3482,1.3132] limit_clips=0 step_clips=0 tracking_max=nan
[cmd 000496 kind=inference_hold chunk=0165 chunk_step=-] delta_max_rad=0.085880 delta_max_deg=4.9206 joint=right_pinky_PIP joint_index=11 from_rad=0.120932 to_rad=0.206812
[latency] hand_policy inference_ms=9.001
[chunk 0165] inference=0.009s predicted=(2, 22)
[cmd 000497 kind=policy chunk=0165 chunk_step=0] delta_max_rad=0.175094 delta_max_deg=10.0322 joint=right_ring_MCP_FE joint_index=13 from_rad=0.373654 to_rad=0.198560
[action 000331 chunk_step=0] raw=[-0.3476,1.3382] sent=[-0.3476,1.3382] limit_clips=0 step_clips=0 tracking_max=nan
[cmd 000498 kind=policy chunk=0165 chunk_step=1] delta_max_rad=0.096436 delta_max_deg=5.5254 joint=right_ring_MCP_FE joint_index=13 from_rad=0.198560 to_rad=0.102123
[action 000332 chunk_step=1] raw=[-0.3443,1.3885] sent=[-0.3443,1.3885] limit_clips=0 step_clips=0 tracking_max=nan
[cmd 000499 kind=inference_hold chunk=0166 chunk_step=-] delta_max_rad=0.086102 delta_max_deg=4.9333 joint=right_ring_DIP joint_index=16 from_rad=1.341815 to_rad=1.255714
[latency] hand_policy inference_ms=10.592
[chunk 0166] inference=0.011s predicted=(2, 22)
[cmd 000500 kind=policy chunk=0166 chunk_step=0] delta_max_rad=0.147655 delta_max_deg=8.4600 joint=right_pinky_CMC joint_index=8 from_rad=0.095663 to_rad=0.243318
[action 000333 chunk_step=0] raw=[-0.3445,1.3963] sent=[-0.3445,1.3963] limit_clips=0 step_clips=0 tracking_max=nan
[cmd 000501 kind=policy chunk=0166 chunk_step=1] delta_max_rad=0.108755 delta_max_deg=6.2312 joint=right_thumb_MCP_FE joint_index=19 from_rad=0.588677 to_rad=0.479922
[action 000334 chunk_step=1] raw=[-0.3471,1.3398] sent=[-0.3471,1.3398] limit_clips=0 step_clips=0 tracking_max=nan
[cmd 000502 kind=inference_hold chunk=0167 chunk_step=-] delta_max_rad=0.061376 delta_max_deg=3.5166 joint=right_ring_PIP joint_index=15 from_rad=0.842267 to_rad=0.903643
[latency] hand_policy inference_ms=10.070
[chunk 0167] inference=0.010s predicted=(2, 22)
[cmd 000503 kind=policy chunk=0167 chunk_step=0] delta_max_rad=0.156600 delta_max_deg=8.9725 joint=right_ring_PIP joint_index=15 from_rad=0.903643 to_rad=0.747043
[action 000335 chunk_step=0] raw=[-0.3484,1.3149] sent=[-0.3484,1.3149] limit_clips=0 step_clips=0 tracking_max=nan
[cmd 000504 kind=policy chunk=0167 chunk_step=1] delta_max_rad=0.106134 delta_max_deg=6.0811 joint=right_thumb_IP joint_index=21 from_rad=0.248130 to_rad=0.141996
[action 000336 chunk_step=1] raw=[-0.3478,1.3681] sent=[-0.3478,1.3681] limit_clips=0 step_clips=0 tracking_max=nan
[cmd 000505 kind=inference_hold chunk=0168 chunk_step=-] delta_max_rad=0.096152 delta_max_deg=5.5091 joint=right_index_DIP joint_index=3 from_rad=1.368092 to_rad=1.271939
[latency] hand_policy inference_ms=8.767
[chunk 0168] inference=0.009s predicted=(2, 22)
[cmd 000506 kind=policy chunk=0168 chunk_step=0] delta_max_rad=0.167653 delta_max_deg=9.6058 joint=right_thumb_IP joint_index=21 from_rad=0.213352 to_rad=0.045698
[action 000337 chunk_step=0] raw=[-0.3464,1.3963] sent=[-0.3464,1.3963] limit_clips=0 step_clips=0 tracking_max=nan
[cmd 000507 kind=policy chunk=0168 chunk_step=1] delta_max_rad=0.118424 delta_max_deg=6.7852 joint=right_pinky_PIP joint_index=11 from_rad=0.385745 to_rad=0.504170
[action 000338 chunk_step=1] raw=[-0.3459,1.3873] sent=[-0.3459,1.3873] limit_clips=0 step_clips=0 tracking_max=nan
[cmd 000508 kind=inference_hold chunk=0169 chunk_step=-] delta_max_rad=0.084851 delta_max_deg=4.8616 joint=right_index_DIP joint_index=3 from_rad=1.387312 to_rad=1.302462
[latency] hand_policy inference_ms=8.756
[chunk 0169] inference=0.009s predicted=(2, 22)
[cmd 000509 kind=policy chunk=0169 chunk_step=0] delta_max_rad=0.175404 delta_max_deg=10.0499 joint=right_pinky_PIP joint_index=11 from_rad=0.420285 to_rad=0.595689
[action 000339 chunk_step=0] raw=[-0.3437,1.3579] sent=[-0.3437,1.3579] limit_clips=0 step_clips=0 tracking_max=nan
[cmd 000510 kind=policy chunk=0169 chunk_step=1] delta_max_rad=0.106115 delta_max_deg=6.0799 joint=right_pinky_MCP_AA joint_index=10 from_rad=0.183971 to_rad=0.290086
[action 000340 chunk_step=1] raw=[-0.3489,1.2796] sent=[-0.3489,1.2796] limit_clips=0 step_clips=0 tracking_max=nan
[cmd 000511 kind=inference_hold chunk=0170 chunk_step=-] delta_max_rad=0.058120 delta_max_deg=3.3300 joint=right_pinky_MCP_AA joint_index=10 from_rad=0.290086 to_rad=0.231966
[latency] hand_policy inference_ms=8.968
[chunk 0170] inference=0.009s predicted=(2, 22)
[cmd 000512 kind=policy chunk=0170 chunk_step=0] delta_max_rad=0.141714 delta_max_deg=8.1196 joint=right_pinky_CMC joint_index=8 from_rad=0.217988 to_rad=0.076274
[action 000341 chunk_step=0] raw=[-0.3485,1.2653] sent=[-0.3485,1.2653] limit_clips=0 step_clips=0 tracking_max=nan
[cmd 000513 kind=policy chunk=0170 chunk_step=1] delta_max_rad=0.098218 delta_max_deg=5.6275 joint=right_ring_MCP_FE joint_index=13 from_rad=0.524121 to_rad=0.425903
[action 000342 chunk_step=1] raw=[-0.3485,1.2870] sent=[-0.3485,1.2870] limit_clips=0 step_clips=0 tracking_max=nan
[cmd 000514 kind=inference_hold chunk=0171 chunk_step=-] delta_max_rad=0.067995 delta_max_deg=3.8958 joint=right_index_PIP joint_index=2 from_rad=0.387400 to_rad=0.455395
[latency] hand_policy inference_ms=10.375
[chunk 0171] inference=0.010s predicted=(2, 22)
[cmd 000515 kind=policy chunk=0171 chunk_step=0] delta_max_rad=0.164058 delta_max_deg=9.3998 joint=right_index_PIP joint_index=2 from_rad=0.455395 to_rad=0.291337
[action 000343 chunk_step=0] raw=[-0.3473,1.3336] sent=[-0.3473,1.3336] limit_clips=0 step_clips=0 tracking_max=nan
[cmd 000516 kind=policy chunk=0171 chunk_step=1] delta_max_rad=0.106944 delta_max_deg=6.1274 joint=right_pinky_PIP joint_index=11 from_rad=0.243727 to_rad=0.136783
[action 000344 chunk_step=1] raw=[-0.3491,1.3728] sent=[-0.3491,1.3728] limit_clips=0 step_clips=0 tracking_max=nan
[cmd 000517 kind=inference_hold chunk=0172 chunk_step=-] delta_max_rad=0.076753 delta_max_deg=4.3976 joint=right_pinky_PIP joint_index=11 from_rad=0.136783 to_rad=0.213537
[latency] hand_policy inference_ms=10.044
[chunk 0172] inference=0.010s predicted=(2, 22)
[cmd 000518 kind=policy chunk=0172 chunk_step=0] delta_max_rad=0.164271 delta_max_deg=9.4120 joint=right_ring_DIP joint_index=16 from_rad=1.046299 to_rad=1.210570
[action 000345 chunk_step=0] raw=[-0.3491,1.3958] sent=[-0.3491,1.3958] limit_clips=0 step_clips=0 tracking_max=nan
[cmd 000519 kind=policy chunk=0172 chunk_step=1] delta_max_rad=0.096172 delta_max_deg=5.5102 joint=right_ring_MCP_FE joint_index=13 from_rad=0.164619 to_rad=0.068448
[action 000346 chunk_step=1] raw=[-0.3491,1.3963] sent=[-0.3491,1.3963] limit_clips=0 step_clips=0 tracking_max=nan
[cmd 000520 kind=inference_hold chunk=0173 chunk_step=-] delta_max_rad=0.088840 delta_max_deg=5.0902 joint=right_middle_DIP joint_index=7 from_rad=1.396300 to_rad=1.307460
[latency] hand_policy inference_ms=8.749
[chunk 0173] inference=0.009s predicted=(2, 22)
[cmd 000521 kind=policy chunk=0173 chunk_step=0] delta_max_rad=0.143577 delta_max_deg=8.2264 joint=right_pinky_CMC joint_index=8 from_rad=0.086713 to_rad=0.230291
[action 000347 chunk_step=0] raw=[-0.3486,1.3819] sent=[-0.3486,1.3819] limit_clips=0 step_clips=0 tracking_max=nan
[cmd 000522 kind=policy chunk=0173 chunk_step=1] delta_max_rad=0.099568 delta_max_deg=5.7048 joint=right_thumb_MCP_FE joint_index=19 from_rad=0.743646 to_rad=0.644078
[action 000348 chunk_step=1] raw=[-0.3485,1.3214] sent=[-0.3485,1.3214] limit_clips=0 step_clips=0 tracking_max=nan
[cmd 000523 kind=inference_hold chunk=0174 chunk_step=-] delta_max_rad=0.057606 delta_max_deg=3.3006 joint=right_ring_PIP joint_index=15 from_rad=0.891174 to_rad=0.948780
[latency] hand_policy inference_ms=8.645
[chunk 0174] inference=0.009s predicted=(2, 22)
[cmd 000524 kind=policy chunk=0174 chunk_step=0] delta_max_rad=0.144954 delta_max_deg=8.3052 joint=right_ring_PIP joint_index=15 from_rad=0.948780 to_rad=0.803826
[action 000349 chunk_step=0] raw=[-0.3473,1.2787] sent=[-0.3473,1.2787] limit_clips=0 step_clips=0 tracking_max=nan
[cmd 000525 kind=policy chunk=0174 chunk_step=1] delta_max_rad=0.101285 delta_max_deg=5.8032 joint=right_index_PIP joint_index=2 from_rad=0.337632 to_rad=0.438917
[action 000350 chunk_step=1] raw=[-0.3490,1.3179] sent=[-0.3490,1.3179] limit_clips=0 step_clips=0 tracking_max=nan
[cmd 000526 kind=inference_hold chunk=0175 chunk_step=-] delta_max_rad=0.071497 delta_max_deg=4.0965 joint=right_index_PIP joint_index=2 from_rad=0.438917 to_rad=0.367420
[latency] hand_policy inference_ms=9.047
[chunk 0175] inference=0.009s predicted=(2, 22)
[cmd 000527 kind=policy chunk=0175 chunk_step=0] delta_max_rad=0.176494 delta_max_deg=10.1124 joint=right_index_PIP joint_index=2 from_rad=0.367420 to_rad=0.543914
[action 000351 chunk_step=0] raw=[-0.3489,1.3676] sent=[-0.3489,1.3676] limit_clips=0 step_clips=0 tracking_max=nan
[cmd 000528 kind=policy chunk=0175 chunk_step=1] delta_max_rad=0.097244 delta_max_deg=5.5717 joint=right_pinky_PIP joint_index=11 from_rad=0.367076 to_rad=0.464320
[action 000352 chunk_step=1] raw=[-0.3478,1.3830] sent=[-0.3478,1.3830] limit_clips=0 step_clips=0 tracking_max=nan
[cmd 000529 kind=inference_hold chunk=0176 chunk_step=-] delta_max_rad=0.097936 delta_max_deg=5.6113 joint=right_index_DIP joint_index=3 from_rad=1.383007 to_rad=1.285071
[latency] hand_policy inference_ms=10.494
[chunk 0176] inference=0.010s predicted=(2, 22)
[cmd 000530 kind=policy chunk=0176 chunk_step=0] delta_max_rad=0.180474 delta_max_deg=10.3404 joint=right_ring_MCP_FE joint_index=13 from_rad=0.344832 to_rad=0.525306
[action 000353 chunk_step=0] raw=[-0.3491,1.3944] sent=[-0.3491,1.3944] limit_clips=0 step_clips=0 tracking_max=nan
[cmd 000531 kind=policy chunk=0176 chunk_step=1] delta_max_rad=0.098835 delta_max_deg=5.6628 joint=right_ring_MCP_FE joint_index=13 from_rad=0.525306 to_rad=0.624141
[action 000354 chunk_step=1] raw=[-0.3473,1.3920] sent=[-0.3473,1.3920] limit_clips=0 step_clips=0 tracking_max=nan
[cmd 000532 kind=inference_hold chunk=0177 chunk_step=-] delta_max_rad=0.085446 delta_max_deg=4.8957 joint=right_pinky_DIP joint_index=12 from_rad=1.391951 to_rad=1.306505
[latency] hand_policy inference_ms=9.971
[chunk 0177] inference=0.010s predicted=(2, 22)
[cmd 000533 kind=policy chunk=0177 chunk_step=0] delta_max_rad=0.126003 delta_max_deg=7.2194 joint=right_middle_PIP joint_index=6 from_rad=0.327368 to_rad=0.453371
[action 000355 chunk_step=0] raw=[-0.3470,1.3543] sent=[-0.3470,1.3543] limit_clips=0 step_clips=0 tracking_max=nan
[cmd 000534 kind=policy chunk=0177 chunk_step=1] delta_max_rad=0.113602 delta_max_deg=6.5089 joint=right_pinky_PIP joint_index=11 from_rad=0.517453 to_rad=0.403851
[action 000356 chunk_step=1] raw=[-0.3485,1.2950] sent=[-0.3485,1.2950] limit_clips=0 step_clips=0 tracking_max=nan
[cmd 000535 kind=inference_hold chunk=0178 chunk_step=-] delta_max_rad=0.062546 delta_max_deg=3.5836 joint=right_index_PIP joint_index=2 from_rad=0.549062 to_rad=0.611608
[latency] hand_policy inference_ms=9.710
[chunk 0178] inference=0.010s predicted=(2, 22)
[cmd 000536 kind=policy chunk=0178 chunk_step=0] delta_max_rad=0.160679 delta_max_deg=9.2062 joint=right_pinky_PIP joint_index=11 from_rad=0.465612 to_rad=0.304934
[action 000357 chunk_step=0] raw=[-0.3481,1.2080] sent=[-0.3481,1.2080] limit_clips=0 step_clips=0 tracking_max=nan
[cmd 000537 kind=policy chunk=0178 chunk_step=1] delta_max_rad=0.101044 delta_max_deg=5.7894 joint=right_middle_DIP joint_index=7 from_rad=1.158022 to_rad=1.259066
[action 000358 chunk_step=1] raw=[-0.3462,1.2591] sent=[-0.3462,1.2591] limit_clips=0 step_clips=0 tracking_max=nan
[cmd 000538 kind=inference_hold chunk=0179 chunk_step=-] delta_max_rad=0.082021 delta_max_deg=4.6994 joint=right_pinky_PIP joint_index=11 from_rad=0.208715 to_rad=0.290736
[latency] hand_policy inference_ms=8.741
[chunk 0179] inference=0.009s predicted=(2, 22)
[cmd 000539 kind=policy chunk=0179 chunk_step=0] delta_max_rad=0.183578 delta_max_deg=10.5182 joint=right_pinky_PIP joint_index=11 from_rad=0.290736 to_rad=0.107158
[action 000359 chunk_step=0] raw=[-0.3453,1.3473] sent=[-0.3453,1.3473] limit_clips=0 step_clips=0 tracking_max=nan
[cmd 000540 kind=policy chunk=0179 chunk_step=1] delta_max_rad=0.108816 delta_max_deg=6.2347 joint=right_thumb_IP joint_index=21 from_rad=0.415602 to_rad=0.524418
[action 000360 chunk_step=1] raw=[-0.2899,1.3880] sent=[-0.2899,1.3880] limit_clips=0 step_clips=0 tracking_max=nan
[cmd 000541 kind=inference_hold chunk=0180 chunk_step=-] delta_max_rad=0.103595 delta_max_deg=5.9356 joint=right_middle_DIP joint_index=7 from_rad=1.388028 to_rad=1.284433
[latency] hand_policy inference_ms=8.913
[chunk 0180] inference=0.009s predicted=(2, 22)
[cmd 000542 kind=policy chunk=0180 chunk_step=0] delta_max_rad=0.205403 delta_max_deg=11.7687 joint=right_thumb_IP joint_index=21 from_rad=0.433389 to_rad=0.638792
[action 000361 chunk_step=0] raw=[-0.2184,1.3960] sent=[-0.2184,1.3960] limit_clips=0 step_clips=0 tracking_max=nan
[cmd 000543 kind=policy chunk=0180 chunk_step=1] delta_max_rad=0.116131 delta_max_deg=6.6538 joint=right_thumb_IP joint_index=21 from_rad=0.638792 to_rad=0.754923
[action 000362 chunk_step=1] raw=[-0.1681,1.3912] sent=[-0.1681,1.3912] limit_clips=0 step_clips=0 tracking_max=nan
[cmd 000544 kind=inference_hold chunk=0181 chunk_step=-] delta_max_rad=0.098149 delta_max_deg=5.6235 joint=right_thumb_IP joint_index=21 from_rad=0.754923 to_rad=0.656774
[latency] hand_policy inference_ms=9.011
[chunk 0181] inference=0.009s predicted=(2, 22)
[cmd 000545 kind=policy chunk=0181 chunk_step=0] delta_max_rad=0.216338 delta_max_deg=12.3952 joint=right_thumb_IP joint_index=21 from_rad=0.656774 to_rad=0.873112
[action 000363 chunk_step=0] raw=[-0.1434,1.3911] sent=[-0.1434,1.3911] limit_clips=0 step_clips=0 tracking_max=nan
[cmd 000546 kind=policy chunk=0181 chunk_step=1] delta_max_rad=0.115430 delta_max_deg=6.6136 joint=right_thumb_MCP_AA joint_index=20 from_rad=-0.031823 to_rad=0.083607
[action 000364 chunk_step=1] raw=[-0.1308,1.3963] sent=[-0.1308,1.3963] limit_clips=0 step_clips=0 tracking_max=nan
[cmd 000547 kind=inference_hold chunk=0182 chunk_step=-] delta_max_rad=0.093514 delta_max_deg=5.3579 joint=right_ring_DIP joint_index=16 from_rad=1.396300 to_rad=1.302786
[latency] hand_policy inference_ms=10.404
[chunk 0182] inference=0.010s predicted=(2, 22)
[cmd 000548 kind=policy chunk=0182 chunk_step=0] delta_max_rad=0.145283 delta_max_deg=8.3241 joint=right_thumb_MCP_AA joint_index=20 from_rad=0.000926 to_rad=0.146209
[action 000365 chunk_step=0] raw=[-0.1596,1.3225] sent=[-0.1596,1.3225] limit_clips=0 step_clips=0 tracking_max=nan
[cmd 000549 kind=policy chunk=0182 chunk_step=1] delta_max_rad=0.115440 delta_max_deg=6.6142 joint=right_pinky_PIP joint_index=11 from_rad=0.095971 to_rad=0.211412
[action 000366 chunk_step=1] raw=[-0.2375,1.2359] sent=[-0.2375,1.2359] limit_clips=0 step_clips=0 tracking_max=nan
[cmd 000550 kind=inference_hold chunk=0183 chunk_step=-] delta_max_rad=0.075849 delta_max_deg=4.3458 joint=right_pinky_PIP joint_index=11 from_rad=0.211412 to_rad=0.135563
[latency] hand_policy inference_ms=10.373
[chunk 0183] inference=0.010s predicted=(2, 22)
[cmd 000551 kind=policy chunk=0183 chunk_step=0] delta_max_rad=0.164687 delta_max_deg=9.4358 joint=right_ring_PIP joint_index=15 from_rad=1.099223 to_rad=0.934537
[action 000367 chunk_step=0] raw=[-0.3085,1.1379] sent=[-0.3085,1.1379] limit_clips=0 step_clips=0 tracking_max=nan
[cmd 000552 kind=policy chunk=0183 chunk_step=1] delta_max_rad=0.111643 delta_max_deg=6.3967 joint=right_pinky_PIP joint_index=11 from_rad=0.275954 to_rad=0.387597
[action 000368 chunk_step=1] raw=[-0.3359,1.0486] sent=[-0.3359,1.0486] limit_clips=0 step_clips=0 tracking_max=nan
[cmd 000553 kind=inference_hold chunk=0184 chunk_step=-] delta_max_rad=0.083594 delta_max_deg=4.7896 joint=right_pinky_PIP joint_index=11 from_rad=0.387597 to_rad=0.304003
[latency] hand_policy inference_ms=8.761
[chunk 0184] inference=0.009s predicted=(2, 22)
[cmd 000554 kind=policy chunk=0184 chunk_step=0] delta_max_rad=0.185060 delta_max_deg=10.6032 joint=right_index_DIP joint_index=3 from_rad=0.967980 to_rad=1.153041
[action 000369 chunk_step=0] raw=[-0.3491,1.1530] sent=[-0.3491,1.1530] limit_clips=0 step_clips=0 tracking_max=nan
[cmd 000555 kind=policy chunk=0184 chunk_step=1] delta_max_rad=0.100681 delta_max_deg=5.7686 joint=right_thumb_MCP_AA joint_index=20 from_rad=-0.198780 to_rad=-0.299461
[action 000370 chunk_step=1] raw=[-0.3485,1.2479] sent=[-0.3485,1.2479] limit_clips=0 step_clips=0 tracking_max=nan
[cmd 000556 kind=inference_hold chunk=0185 chunk_step=-] delta_max_rad=0.082889 delta_max_deg=4.7492 joint=right_thumb_MCP_AA joint_index=20 from_rad=-0.299461 to_rad=-0.216572
[latency] hand_policy inference_ms=8.773
[chunk 0185] inference=0.009s predicted=(2, 22)
[cmd 000557 kind=policy chunk=0185 chunk_step=0] delta_max_rad=0.191742 delta_max_deg=10.9860 joint=right_index_PIP joint_index=2 from_rad=0.561559 to_rad=0.753302
[action 000371 chunk_step=0] raw=[-0.3449,1.3398] sent=[-0.3449,1.3398] limit_clips=0 step_clips=0 tracking_max=nan
[cmd 000558 kind=policy chunk=0185 chunk_step=1] delta_max_rad=0.119576 delta_max_deg=6.8512 joint=right_ring_MCP_FE joint_index=13 from_rad=0.260172 to_rad=0.379747
[action 000372 chunk_step=1] raw=[-0.3487,1.3810] sent=[-0.3487,1.3810] limit_clips=0 step_clips=0 tracking_max=nan
[cmd 000559 kind=inference_hold chunk=0186 chunk_step=-] delta_max_rad=0.098733 delta_max_deg=5.6570 joint=right_index_DIP joint_index=3 from_rad=1.381001 to_rad=1.282268
[latency] hand_policy inference_ms=9.182
[chunk 0186] inference=0.009s predicted=(2, 22)
[cmd 000560 kind=policy chunk=0186 chunk_step=0] delta_max_rad=0.235206 delta_max_deg=13.4763 joint=right_ring_MCP_FE joint_index=13 from_rad=0.287078 to_rad=0.522285
[action 000373 chunk_step=0] raw=[-0.3491,1.3948] sent=[-0.3491,1.3948] limit_clips=0 step_clips=0 tracking_max=nan
[cmd 000561 kind=policy chunk=0186 chunk_step=1] delta_max_rad=0.106164 delta_max_deg=6.0828 joint=right_pinky_MCP_AA joint_index=10 from_rad=0.098934 to_rad=0.205098
[action 000374 chunk_step=1] raw=[-0.3490,1.3120] sent=[-0.3490,1.3120] limit_clips=0 step_clips=0 tracking_max=nan
[cmd 000562 kind=inference_hold chunk=0187 chunk_step=-] delta_max_rad=0.066131 delta_max_deg=3.7890 joint=right_middle_PIP joint_index=6 from_rad=0.377449 to_rad=0.311317
[latency] hand_policy inference_ms=10.304
[chunk 0187] inference=0.010s predicted=(2, 22)
[cmd 000563 kind=policy chunk=0187 chunk_step=0] delta_max_rad=0.163788 delta_max_deg=9.3844 joint=right_pinky_MCP_AA joint_index=10 from_rad=0.145876 to_rad=0.309664
[action 000375 chunk_step=0] raw=[-0.3455,1.2195] sent=[-0.3455,1.2195] limit_clips=0 step_clips=0 tracking_max=nan
[cmd 000564 kind=policy chunk=0187 chunk_step=1] delta_max_rad=0.099887 delta_max_deg=5.7231 joint=right_middle_DIP joint_index=7 from_rad=0.986862 to_rad=1.086749
[action 000376 chunk_step=1] raw=[-0.3469,1.1540] sent=[-0.3469,1.1540] limit_clips=0 step_clips=0 tracking_max=nan
[cmd 000565 kind=inference_hold chunk=0188 chunk_step=-] delta_max_rad=0.070695 delta_max_deg=4.0505 joint=right_middle_DIP joint_index=7 from_rad=1.086749 to_rad=1.016054
[latency] hand_policy inference_ms=10.026
[chunk 0188] inference=0.010s predicted=(2, 22)
[cmd 000566 kind=policy chunk=0188 chunk_step=0] delta_max_rad=0.161592 delta_max_deg=9.2585 joint=right_index_PIP joint_index=2 from_rad=0.735265 to_rad=0.573673
[action 000377 chunk_step=0] raw=[-0.3459,1.1690] sent=[-0.3459,1.1690] limit_clips=0 step_clips=0 tracking_max=nan
[cmd 000567 kind=policy chunk=0188 chunk_step=1] delta_max_rad=0.099610 delta_max_deg=5.7072 joint=right_pinky_PIP joint_index=11 from_rad=0.529563 to_rad=0.429953
[action 000378 chunk_step=1] raw=[-0.3463,1.2653] sent=[-0.3463,1.2653] limit_clips=0 step_clips=0 tracking_max=nan
[cmd 000568 kind=inference_hold chunk=0189 chunk_step=-] delta_max_rad=0.076773 delta_max_deg=4.3988 joint=right_index_DIP joint_index=3 from_rad=0.935352 to_rad=1.012125
[latency] hand_policy inference_ms=9.697
[chunk 0189] inference=0.010s predicted=(2, 22)
[cmd 000569 kind=policy chunk=0189 chunk_step=0] delta_max_rad=0.171312 delta_max_deg=9.8155 joint=right_pinky_PIP joint_index=11 from_rad=0.505104 to_rad=0.333791
[action 000379 chunk_step=0] raw=[-0.3491,1.3433] sent=[-0.3491,1.3433] limit_clips=0 step_clips=0 tracking_max=nan
[cmd 000570 kind=policy chunk=0189 chunk_step=1] delta_max_rad=0.093391 delta_max_deg=5.3509 joint=right_ring_MCP_FE joint_index=13 from_rad=0.134064 to_rad=0.040673
[action 000380 chunk_step=1] raw=[-0.3481,1.3860] sent=[-0.3481,1.3860] limit_clips=0 step_clips=0 tracking_max=nan
[cmd 000571 kind=inference_hold chunk=0190 chunk_step=-] delta_max_rad=0.098049 delta_max_deg=5.6178 joint=right_middle_DIP joint_index=7 from_rad=1.385957 to_rad=1.287908
[latency] hand_policy inference_ms=8.761
[chunk 0190] inference=0.009s predicted=(2, 22)
[cmd 000572 kind=policy chunk=0190 chunk_step=0] delta_max_rad=0.138497 delta_max_deg=7.9353 joint=right_pinky_CMC joint_index=8 from_rad=0.082930 to_rad=0.221427
[action 000381 chunk_step=0] raw=[-0.3483,1.3852] sent=[-0.3483,1.3852] limit_clips=0 step_clips=0 tracking_max=nan
[cmd 000573 kind=policy chunk=0190 chunk_step=1] delta_max_rad=0.105617 delta_max_deg=6.0514 joint=right_ring_PIP joint_index=15 from_rad=1.087099 to_rad=0.981482
[action 000382 chunk_step=1] raw=[-0.3489,1.3099] sent=[-0.3489,1.3099] limit_clips=0 step_clips=0 tracking_max=nan
[cmd 000574 kind=inference_hold chunk=0191 chunk_step=-] delta_max_rad=0.050421 delta_max_deg=2.8889 joint=right_middle_PIP joint_index=6 from_rad=0.567957 to_rad=0.618377
[latency] hand_policy inference_ms=8.761
[chunk 0191] inference=0.009s predicted=(2, 22)
[cmd 000575 kind=policy chunk=0191 chunk_step=0] delta_max_rad=0.149973 delta_max_deg=8.5928 joint=right_index_DIP joint_index=3 from_rad=0.914145 to_rad=1.064118
[action 000383 chunk_step=0] raw=[-0.3491,1.2221] sent=[-0.3491,1.2221] limit_clips=0 step_clips=0 tracking_max=nan
[cmd 000576 kind=policy chunk=0191 chunk_step=1] delta_max_rad=0.121042 delta_max_deg=6.9352 joint=right_pinky_PIP joint_index=11 from_rad=0.425287 to_rad=0.546328
[action 000384 chunk_step=1] raw=[-0.3491,1.1526] sent=[-0.3491,1.1526] limit_clips=0 step_clips=0 tracking_max=nan
[cmd 000577 kind=inference_hold chunk=0192 chunk_step=-] delta_max_rad=0.075904 delta_max_deg=4.3490 joint=right_pinky_PIP joint_index=11 from_rad=0.546328 to_rad=0.470425
[latency] hand_policy inference_ms=8.933
[chunk 0192] inference=0.009s predicted=(2, 22)
[cmd 000578 kind=policy chunk=0192 chunk_step=0] delta_max_rad=0.180031 delta_max_deg=10.3150 joint=right_pinky_PIP joint_index=11 from_rad=0.470425 to_rad=0.650456
[action 000385 chunk_step=0] raw=[-0.3487,1.2386] sent=[-0.3487,1.2386] limit_clips=0 step_clips=0 tracking_max=nan
[cmd 000579 kind=policy chunk=0192 chunk_step=1] delta_max_rad=0.104645 delta_max_deg=5.9957 joint=right_pinky_PIP joint_index=11 from_rad=0.650456 to_rad=0.755101
[action 000386 chunk_step=1] raw=[-0.3469,1.3297] sent=[-0.3469,1.3297] limit_clips=0 step_clips=0 tracking_max=nan
[cmd 000580 kind=inference_hold chunk=0193 chunk_step=-] delta_max_rad=0.082628 delta_max_deg=4.7342 joint=right_pinky_PIP joint_index=11 from_rad=0.755101 to_rad=0.672474
[latency] hand_policy inference_ms=10.377
[chunk 0193] inference=0.010s predicted=(2, 22)
[cmd 000581 kind=policy chunk=0193 chunk_step=0] delta_max_rad=0.178657 delta_max_deg=10.2363 joint=right_pinky_PIP joint_index=11 from_rad=0.672474 to_rad=0.851131
[action 000387 chunk_step=0] raw=[-0.3482,1.3878] sent=[-0.3482,1.3878] limit_clips=0 step_clips=0 tracking_max=nan
[cmd 000582 kind=policy chunk=0193 chunk_step=1] delta_max_rad=0.110026 delta_max_deg=6.3040 joint=right_pinky_PIP joint_index=11 from_rad=0.851131 to_rad=0.961157
[action 000388 chunk_step=1] raw=[-0.3491,1.3832] sent=[-0.3491,1.3832] limit_clips=0 step_clips=0 tracking_max=nan
[cmd 000583 kind=inference_hold chunk=0194 chunk_step=-] delta_max_rad=0.085019 delta_max_deg=4.8713 joint=right_pinky_PIP joint_index=11 from_rad=0.961157 to_rad=0.876138
[latency] hand_policy inference_ms=9.652
[chunk 0194] inference=0.010s predicted=(2, 22)
[cmd 000584 kind=policy chunk=0194 chunk_step=0] delta_max_rad=0.193305 delta_max_deg=11.0756 joint=right_ring_MCP_FE joint_index=13 from_rad=0.425844 to_rad=0.619149
[action 000389 chunk_step=0] raw=[-0.3474,1.3939] sent=[-0.3474,1.3939] limit_clips=0 step_clips=0 tracking_max=nan
[cmd 000585 kind=policy chunk=0194 chunk_step=1] delta_max_rad=0.108723 delta_max_deg=6.2294 joint=right_index_PIP joint_index=2 from_rad=1.007769 to_rad=0.899046
[action 000390 chunk_step=1] raw=[-0.3475,1.3232] sent=[-0.3475,1.3232] limit_clips=0 step_clips=0 tracking_max=nan
[cmd 000586 kind=inference_hold chunk=0195 chunk_step=-] delta_max_rad=0.059432 delta_max_deg=3.4052 joint=right_middle_PIP joint_index=6 from_rad=0.591330 to_rad=0.531898
[latency] hand_policy inference_ms=8.730
[chunk 0195] inference=0.009s predicted=(2, 22)
[cmd 000587 kind=policy chunk=0195 chunk_step=0] delta_max_rad=0.147722 delta_max_deg=8.4638 joint=right_index_PIP joint_index=2 from_rad=0.939522 to_rad=0.791800
[action 000391 chunk_step=0] raw=[-0.3419,1.2200] sent=[-0.3419,1.2200] limit_clips=0 step_clips=0 tracking_max=nan
[cmd 000588 kind=policy chunk=0195 chunk_step=1] delta_max_rad=0.100613 delta_max_deg=5.7647 joint=right_pinky_PIP joint_index=11 from_rad=0.884867 to_rad=0.784254
[action 000392 chunk_step=1] raw=[-0.3456,1.1707] sent=[-0.3456,1.1707] limit_clips=0 step_clips=0 tracking_max=nan
[cmd 000589 kind=inference_hold chunk=0196 chunk_step=-] delta_max_rad=0.068260 delta_max_deg=3.9110 joint=right_index_PIP joint_index=2 from_rad=0.712138 to_rad=0.780398
[latency] hand_policy inference_ms=9.124
[chunk 0196] inference=0.009s predicted=(2, 22)
[cmd 000590 kind=policy chunk=0196 chunk_step=0] delta_max_rad=0.172955 delta_max_deg=9.9096 joint=right_index_PIP joint_index=2 from_rad=0.780398 to_rad=0.607443
[action 000393 chunk_step=0] raw=[-0.3467,1.1436] sent=[-0.3467,1.1436] limit_clips=0 step_clips=0 tracking_max=nan
[cmd 000591 kind=policy chunk=0196 chunk_step=1] delta_max_rad=0.107752 delta_max_deg=6.1737 joint=right_pinky_PIP joint_index=11 from_rad=0.683828 to_rad=0.576076
[action 000394 chunk_step=1] raw=[-0.3449,1.2306] sent=[-0.3449,1.2306] limit_clips=0 step_clips=0 tracking_max=nan
[cmd 000592 kind=inference_hold chunk=0197 chunk_step=-] delta_max_rad=0.080295 delta_max_deg=4.6006 joint=right_pinky_PIP joint_index=11 from_rad=0.576076 to_rad=0.656371
[latency] hand_policy inference_ms=9.066
[chunk 0197] inference=0.009s predicted=(2, 22)
[cmd 000593 kind=policy chunk=0197 chunk_step=0] delta_max_rad=0.187965 delta_max_deg=10.7696 joint=right_pinky_PIP joint_index=11 from_rad=0.656371 to_rad=0.468406
[action 000395 chunk_step=0] raw=[-0.3473,1.3173] sent=[-0.3473,1.3173] limit_clips=0 step_clips=0 tracking_max=nan
[cmd 000594 kind=policy chunk=0197 chunk_step=1] delta_max_rad=0.095160 delta_max_deg=5.4523 joint=right_pinky_PIP joint_index=11 from_rad=0.468406 to_rad=0.373246
[action 000396 chunk_step=1] raw=[-0.3434,1.3601] sent=[-0.3434,1.3601] limit_clips=0 step_clips=0 tracking_max=nan
[cmd 000595 kind=inference_hold chunk=0198 chunk_step=-] delta_max_rad=0.086063 delta_max_deg=4.9310 joint=right_ring_DIP joint_index=16 from_rad=1.360142 to_rad=1.274079
[latency] hand_policy inference_ms=10.661
[chunk 0198] inference=0.011s predicted=(2, 22)
[cmd 000596 kind=policy chunk=0198 chunk_step=0] delta_max_rad=0.174352 delta_max_deg=9.9896 joint=right_thumb_IP joint_index=21 from_rad=0.799852 to_rad=0.974204
[action 000397 chunk_step=0] raw=[-0.3478,1.3864] sent=[-0.3478,1.3864] limit_clips=0 step_clips=0 tracking_max=nan
[cmd 000597 kind=policy chunk=0198 chunk_step=1] delta_max_rad=0.083084 delta_max_deg=4.7604 joint=right_ring_MCP_FE joint_index=13 from_rad=0.016312 to_rad=-0.066772
[action 000398 chunk_step=1] raw=[-0.3484,1.3963] sent=[-0.3484,1.3963] limit_clips=0 step_clips=0 tracking_max=nan
[cmd 000598 kind=inference_hold chunk=0199 chunk_step=-] delta_max_rad=0.094461 delta_max_deg=5.4122 joint=right_ring_DIP joint_index=16 from_rad=1.396300 to_rad=1.301839
[latency] hand_policy inference_ms=10.059
[chunk 0199] inference=0.010s predicted=(2, 22)
[cmd 000599 kind=policy chunk=0199 chunk_step=0] delta_max_rad=0.130842 delta_max_deg=7.4967 joint=right_pinky_CMC joint_index=8 from_rad=0.037940 to_rad=0.168782
[action 000399 chunk_step=0] raw=[-0.3480,1.3632] sent=[-0.3480,1.3632] limit_clips=0 step_clips=0 tracking_max=nan
[cmd 000600 kind=policy chunk=0199 chunk_step=1] delta_max_rad=0.092348 delta_max_deg=5.2912 joint=right_middle_PIP joint_index=6 from_rad=0.763795 to_rad=0.671447
[action 000400 chunk_step=1] raw=[-0.3466,1.2777] sent=[-0.3466,1.2777] limit_clips=0 step_clips=0 tracking_max=nan
[cmd 000601 kind=inference_hold chunk=0200 chunk_step=-] delta_max_rad=0.071315 delta_max_deg=4.0861 joint=right_middle_PIP joint_index=6 from_rad=0.671447 to_rad=0.742763
[latency] hand_policy inference_ms=8.695
[chunk 0200] inference=0.009s predicted=(2, 22)
[cmd 000602 kind=policy chunk=0200 chunk_step=0] delta_max_rad=0.159026 delta_max_deg=9.1115 joint=right_ring_PIP joint_index=15 from_rad=1.012470 to_rad=0.853444
[action 000401 chunk_step=0] raw=[-0.3491,1.1902] sent=[-0.3491,1.1902] limit_clips=0 step_clips=0 tracking_max=nan
[cmd 000603 kind=policy chunk=0200 chunk_step=1] delta_max_rad=0.102506 delta_max_deg=5.8731 joint=right_ring_DIP joint_index=16 from_rad=1.190171 to_rad=1.087665
[action 000402 chunk_step=1] raw=[-0.3474,1.1787] sent=[-0.3474,1.1787] limit_clips=0 step_clips=0 tracking_max=nan
[cmd 000604 kind=inference_hold chunk=0201 chunk_step=-] delta_max_rad=0.076035 delta_max_deg=4.3565 joint=right_pinky_PIP joint_index=11 from_rad=0.595350 to_rad=0.519314
[latency] hand_policy inference_ms=8.927
[chunk 0201] inference=0.009s predicted=(2, 22)
[cmd 000605 kind=policy chunk=0201 chunk_step=0] delta_max_rad=0.167990 delta_max_deg=9.6251 joint=right_pinky_PIP joint_index=11 from_rad=0.519314 to_rad=0.687304
[action 000403 chunk_step=0] raw=[-0.3491,1.2712] sent=[-0.3491,1.2712] limit_clips=0 step_clips=0 tracking_max=nan
[cmd 000606 kind=policy chunk=0201 chunk_step=1] delta_max_rad=0.096982 delta_max_deg=5.5567 joint=right_ring_MCP_FE joint_index=13 from_rad=0.229958 to_rad=0.326940
[action 000404 chunk_step=1] raw=[-0.3485,1.3450] sent=[-0.3485,1.3450] limit_clips=0 step_clips=0 tracking_max=nan
[cmd 000607 kind=inference_hold chunk=0202 chunk_step=-] delta_max_rad=0.083202 delta_max_deg=4.7671 joint=right_index_DIP joint_index=3 from_rad=1.344952 to_rad=1.261751
[latency] hand_policy inference_ms=8.804
[chunk 0202] inference=0.009s predicted=(2, 22)
[cmd 000608 kind=policy chunk=0202 chunk_step=0] delta_max_rad=0.172156 delta_max_deg=9.8638 joint=right_ring_MCP_FE joint_index=13 from_rad=0.254833 to_rad=0.426989
[action 000405 chunk_step=0] raw=[-0.3471,1.3828] sent=[-0.3471,1.3828] limit_clips=0 step_clips=0 tracking_max=nan
[cmd 000609 kind=policy chunk=0202 chunk_step=1] delta_max_rad=0.115181 delta_max_deg=6.5994 joint=right_ring_MCP_FE joint_index=13 from_rad=0.426989 to_rad=0.542170
[action 000406 chunk_step=1] raw=[-0.3466,1.3040] sent=[-0.3466,1.3040] limit_clips=0 step_clips=0 tracking_max=nan
[cmd 000610 kind=inference_hold chunk=0203 chunk_step=-] delta_max_rad=0.090958 delta_max_deg=5.2115 joint=right_ring_MCP_FE joint_index=13 from_rad=0.542170 to_rad=0.451213
[latency] hand_policy inference_ms=9.869
[chunk 0203] inference=0.010s predicted=(2, 22)
[cmd 000611 kind=policy chunk=0203 chunk_step=0] delta_max_rad=0.149134 delta_max_deg=8.5447 joint=right_middle_DIP joint_index=7 from_rad=1.189731 to_rad=1.338865
[action 000407 chunk_step=0] raw=[-0.3490,1.3389] sent=[-0.3490,1.3389] limit_clips=0 step_clips=0 tracking_max=nan
[cmd 000612 kind=policy chunk=0203 chunk_step=1] delta_max_rad=0.110565 delta_max_deg=6.3349 joint=right_pinky_PIP joint_index=11 from_rad=0.773188 to_rad=0.662623
[action 000408 chunk_step=1] raw=[-0.3476,1.3855] sent=[-0.3476,1.3855] limit_clips=0 step_clips=0 tracking_max=nan
[cmd 000613 kind=inference_hold chunk=0204 chunk_step=-] delta_max_rad=0.099039 delta_max_deg=5.6745 joint=right_middle_DIP joint_index=7 from_rad=1.385549 to_rad=1.286510
[latency] hand_policy inference_ms=9.418
[chunk 0204] inference=0.009s predicted=(2, 22)
[cmd 000614 kind=policy chunk=0204 chunk_step=0] delta_max_rad=0.166152 delta_max_deg=9.5198 joint=right_pinky_PIP joint_index=11 from_rad=0.729700 to_rad=0.563547
[action 000409 chunk_step=0] raw=[-0.3451,1.3829] sent=[-0.3451,1.3829] limit_clips=0 step_clips=0 tracking_max=nan
[cmd 000615 kind=policy chunk=0204 chunk_step=1] delta_max_rad=0.097695 delta_max_deg=5.5975 joint=right_pinky_PIP joint_index=11 from_rad=0.563547 to_rad=0.465852
[action 000410 chunk_step=1] raw=[-0.3412,1.3797] sent=[-0.3412,1.3797] limit_clips=0 step_clips=0 tracking_max=nan
[cmd 000616 kind=inference_hold chunk=0205 chunk_step=-] delta_max_rad=0.080066 delta_max_deg=4.5874 joint=right_pinky_PIP joint_index=11 from_rad=0.465852 to_rad=0.545918
[latency] hand_policy inference_ms=9.010
[chunk 0205] inference=0.009s predicted=(2, 22)
[cmd 000617 kind=policy chunk=0205 chunk_step=0] delta_max_rad=0.183893 delta_max_deg=10.5363 joint=right_pinky_PIP joint_index=11 from_rad=0.545918 to_rad=0.362025
[action 000411 chunk_step=0] raw=[-0.3435,1.3750] sent=[-0.3435,1.3750] limit_clips=0 step_clips=0 tracking_max=nan
[cmd 000618 kind=policy chunk=0205 chunk_step=1] delta_max_rad=0.097500 delta_max_deg=5.5863 joint=right_thumb_IP joint_index=21 from_rad=0.796091 to_rad=0.893591
[action 000412 chunk_step=1] raw=[-0.3387,1.3627] sent=[-0.3387,1.3627] limit_clips=0 step_clips=0 tracking_max=nan
[cmd 000619 kind=inference_hold chunk=0206 chunk_step=-] delta_max_rad=0.086974 delta_max_deg=4.9832 joint=right_pinky_PIP joint_index=11 from_rad=0.267955 to_rad=0.354929
[latency] hand_policy inference_ms=8.895
[chunk 0206] inference=0.009s predicted=(2, 22)
[cmd 000620 kind=policy chunk=0206 chunk_step=0] delta_max_rad=0.186362 delta_max_deg=10.6778 joint=right_ring_MCP_FE joint_index=13 from_rad=0.237220 to_rad=0.050858
[action 000413 chunk_step=0] raw=[-0.3487,1.3893] sent=[-0.3487,1.3893] limit_clips=0 step_clips=0 tracking_max=nan
[cmd 000621 kind=policy chunk=0206 chunk_step=1] delta_max_rad=0.097684 delta_max_deg=5.5969 joint=right_pinky_MCP_AA joint_index=10 from_rad=0.292437 to_rad=0.194753
[action 000414 chunk_step=1] raw=[-0.3440,1.3840] sent=[-0.3440,1.3840] limit_clips=0 step_clips=0 tracking_max=nan
[cmd 000622 kind=inference_hold chunk=0207 chunk_step=-] delta_max_rad=0.084984 delta_max_deg=4.8692 joint=right_ring_DIP joint_index=16 from_rad=1.383148 to_rad=1.298165
[latency] hand_policy inference_ms=9.694
[chunk 0207] inference=0.010s predicted=(2, 22)
[cmd 000623 kind=policy chunk=0207 chunk_step=0] delta_max_rad=0.148863 delta_max_deg=8.5292 joint=right_ring_PIP joint_index=15 from_rad=0.940679 to_rad=0.791817
[action 000415 chunk_step=0] raw=[-0.3481,1.3253] sent=[-0.3481,1.3253] limit_clips=0 step_clips=0 tracking_max=nan
[cmd 000624 kind=policy chunk=0207 chunk_step=1] delta_max_rad=0.115345 delta_max_deg=6.6088 joint=right_pinky_DIP joint_index=12 from_rad=0.762854 to_rad=0.878198
[action 000416 chunk_step=1] raw=[-0.3491,1.3050] sent=[-0.3491,1.3050] limit_clips=0 step_clips=0 tracking_max=nan
[cmd 000625 kind=inference_hold chunk=0208 chunk_step=-] delta_max_rad=0.070041 delta_max_deg=4.0130 joint=right_ring_PIP joint_index=15 from_rad=0.699903 to_rad=0.769944
[latency] hand_policy inference_ms=8.474
[chunk 0208] inference=0.008s predicted=(2, 22)
[cmd 000626 kind=policy chunk=0208 chunk_step=0] delta_max_rad=0.160634 delta_max_deg=9.2036 joint=right_ring_PIP joint_index=15 from_rad=0.769944 to_rad=0.609310
[action 000417 chunk_step=0] raw=[-0.3491,1.3513] sent=[-0.3491,1.3513] limit_clips=0 step_clips=0 tracking_max=nan
[cmd 000627 kind=policy chunk=0208 chunk_step=1] delta_max_rad=0.096323 delta_max_deg=5.5189 joint=right_ring_PIP joint_index=15 from_rad=0.609310 to_rad=0.512987
[action 000418 chunk_step=1] raw=[-0.3484,1.3874] sent=[-0.3484,1.3874] limit_clips=0 step_clips=0 tracking_max=nan
[cmd 000628 kind=inference_hold chunk=0209 chunk_step=-] delta_max_rad=0.095536 delta_max_deg=5.4738 joint=right_index_DIP joint_index=3 from_rad=1.387412 to_rad=1.291876
[latency] hand_policy inference_ms=8.677
[chunk 0209] inference=0.009s predicted=(2, 22)
[cmd 000629 kind=policy chunk=0209 chunk_step=0] delta_max_rad=0.169298 delta_max_deg=9.7001 joint=right_index_PIP joint_index=2 from_rad=0.424087 to_rad=0.593385
[action 000419 chunk_step=0] raw=[-0.3482,1.3963] sent=[-0.3482,1.3963] limit_clips=0 step_clips=0 tracking_max=nan
[cmd 000630 kind=policy chunk=0209 chunk_step=1] delta_max_rad=0.107627 delta_max_deg=6.1666 joint=right_ring_MCP_FE joint_index=13 from_rad=0.418242 to_rad=0.525869
[action 000420 chunk_step=1] raw=[-0.3475,1.3933] sent=[-0.3475,1.3933] limit_clips=0 step_clips=0 tracking_max=nan
[cmd 000631 kind=inference_hold chunk=0210 chunk_step=-] delta_max_rad=0.087821 delta_max_deg=5.0318 joint=right_index_DIP joint_index=3 from_rad=1.393306 to_rad=1.305485
[latency] hand_policy inference_ms=10.147
[chunk 0210] inference=0.010s predicted=(2, 22)
[cmd 000632 kind=policy chunk=0210 chunk_step=0] delta_max_rad=0.189388 delta_max_deg=10.8511 joint=right_ring_MCP_FE joint_index=13 from_rad=0.447866 to_rad=0.637254
[action 000421 chunk_step=0] raw=[-0.3440,1.3406] sent=[-0.3440,1.3406] limit_clips=0 step_clips=0 tracking_max=nan
[cmd 000633 kind=policy chunk=0210 chunk_step=1] delta_max_rad=0.106453 delta_max_deg=6.0993 joint=right_ring_PIP joint_index=15 from_rad=0.517225 to_rad=0.623678
[action 000422 chunk_step=1] raw=[-0.3465,1.3723] sent=[-0.3465,1.3723] limit_clips=0 step_clips=0 tracking_max=nan
[cmd 000634 kind=inference_hold chunk=0211 chunk_step=-] delta_max_rad=0.076226 delta_max_deg=4.3674 joint=right_middle_DIP joint_index=7 from_rad=1.372319 to_rad=1.296094
[latency] hand_policy inference_ms=9.433
[chunk 0211] inference=0.009s predicted=(2, 22)
[cmd 000635 kind=policy chunk=0211 chunk_step=0] delta_max_rad=0.151073 delta_max_deg=8.6558 joint=right_ring_PIP joint_index=15 from_rad=0.566060 to_rad=0.717133
[action 000423 chunk_step=0] raw=[-0.3461,1.3759] sent=[-0.3461,1.3759] limit_clips=0 step_clips=0 tracking_max=nan
[cmd 000636 kind=policy chunk=0211 chunk_step=1] delta_max_rad=0.097803 delta_max_deg=5.6037 joint=right_ring_PIP joint_index=15 from_rad=0.717133 to_rad=0.814936
[action 000424 chunk_step=1] raw=[-0.3471,1.3840] sent=[-0.3471,1.3840] limit_clips=0 step_clips=0 tracking_max=nan
[cmd 000637 kind=inference_hold chunk=0212 chunk_step=-] delta_max_rad=0.077104 delta_max_deg=4.4177 joint=right_middle_DIP joint_index=7 from_rad=1.383983 to_rad=1.306879
[latency] hand_policy inference_ms=8.455
[chunk 0212] inference=0.008s predicted=(2, 22)
[cmd 000638 kind=policy chunk=0212 chunk_step=0] delta_max_rad=0.154209 delta_max_deg=8.8355 joint=right_index_PIP joint_index=2 from_rad=0.414560 to_rad=0.260351
[action 000425 chunk_step=0] raw=[-0.3468,1.3748] sent=[-0.3468,1.3748] limit_clips=0 step_clips=0 tracking_max=nan
[cmd 000639 kind=policy chunk=0212 chunk_step=1] delta_max_rad=0.103630 delta_max_deg=5.9375 joint=right_pinky_PIP joint_index=11 from_rad=0.366035 to_rad=0.262405
[action 000426 chunk_step=1] raw=[-0.3480,1.3562] sent=[-0.3480,1.3562] limit_clips=0 step_clips=0 tracking_max=nan
[cmd 000640 kind=inference_hold chunk=0213 chunk_step=-] delta_max_rad=0.078901 delta_max_deg=4.5207 joint=right_pinky_PIP joint_index=11 from_rad=0.262405 to_rad=0.341306
[latency] hand_policy inference_ms=8.825
[chunk 0213] inference=0.009s predicted=(2, 22)
[cmd 000641 kind=policy chunk=0213 chunk_step=0] delta_max_rad=0.177143 delta_max_deg=10.1496 joint=right_ring_MCP_FE joint_index=13 from_rad=0.364408 to_rad=0.187264
[action 000427 chunk_step=0] raw=[-0.3491,1.3647] sent=[-0.3491,1.3647] limit_clips=0 step_clips=0 tracking_max=nan
[cmd 000642 kind=policy chunk=0213 chunk_step=1] delta_max_rad=0.086506 delta_max_deg=4.9564 joint=right_ring_MCP_FE joint_index=13 from_rad=0.187264 to_rad=0.100759
[action 000428 chunk_step=1] raw=[-0.3477,1.3963] sent=[-0.3477,1.3963] limit_clips=0 step_clips=0 tracking_max=nan
[cmd 000643 kind=inference_hold chunk=0214 chunk_step=-] delta_max_rad=0.113253 delta_max_deg=6.4889 joint=right_ring_DIP joint_index=16 from_rad=1.396300 to_rad=1.283047
[latency] hand_policy inference_ms=9.728
[chunk 0214] inference=0.010s predicted=(2, 22)
[cmd 000644 kind=policy chunk=0214 chunk_step=0] delta_max_rad=0.141237 delta_max_deg=8.0923 joint=right_pinky_CMC joint_index=8 from_rad=0.099501 to_rad=0.240738
[action 000429 chunk_step=0] raw=[-0.3464,1.3904] sent=[-0.3464,1.3904] limit_clips=0 step_clips=0 tracking_max=nan
[cmd 000645 kind=policy chunk=0214 chunk_step=1] delta_max_rad=0.102960 delta_max_deg=5.8992 joint=right_thumb_IP joint_index=21 from_rad=0.828740 to_rad=0.725779
[action 000430 chunk_step=1] raw=[-0.3466,1.3252] sent=[-0.3466,1.3252] limit_clips=0 step_clips=0 tracking_max=nan
[cmd 000646 kind=inference_hold chunk=0215 chunk_step=-] delta_max_rad=0.061677 delta_max_deg=3.5338 joint=right_ring_PIP joint_index=15 from_rad=0.799586 to_rad=0.861263
[latency] hand_policy inference_ms=8.492
[chunk 0215] inference=0.008s predicted=(2, 22)
[cmd 000647 kind=policy chunk=0215 chunk_step=0] delta_max_rad=0.151702 delta_max_deg=8.6919 joint=right_ring_PIP joint_index=15 from_rad=0.861263 to_rad=0.709561
[action 000431 chunk_step=0] raw=[-0.3485,1.3605] sent=[-0.3485,1.3605] limit_clips=0 step_clips=0 tracking_max=nan
[cmd 000648 kind=policy chunk=0215 chunk_step=1] delta_max_rad=0.099266 delta_max_deg=5.6875 joint=right_ring_MCP_FE joint_index=13 from_rad=0.258333 to_rad=0.357599
[action 000432 chunk_step=1] raw=[-0.3478,1.3873] sent=[-0.3478,1.3873] limit_clips=0 step_clips=0 tracking_max=nan
[cmd 000649 kind=inference_hold chunk=0216 chunk_step=-] delta_max_rad=0.094319 delta_max_deg=5.4041 joint=right_index_DIP joint_index=3 from_rad=1.387258 to_rad=1.292940
[latency] hand_policy inference_ms=8.768
[chunk 0216] inference=0.009s predicted=(2, 22)
[cmd 000650 kind=policy chunk=0216 chunk_step=0] delta_max_rad=0.168582 delta_max_deg=9.6590 joint=right_ring_MCP_FE joint_index=13 from_rad=0.286311 to_rad=0.454893
[action 000433 chunk_step=0] raw=[-0.3489,1.3963] sent=[-0.3489,1.3963] limit_clips=0 step_clips=0 tracking_max=nan
[cmd 000651 kind=policy chunk=0216 chunk_step=1] delta_max_rad=0.108857 delta_max_deg=6.2371 joint=right_pinky_PIP joint_index=11 from_rad=0.446397 to_rad=0.555255
[action 000434 chunk_step=1] raw=[-0.3487,1.3903] sent=[-0.3487,1.3903] limit_clips=0 step_clips=0 tracking_max=nan
[cmd 000652 kind=inference_hold chunk=0217 chunk_step=-] delta_max_rad=0.084340 delta_max_deg=4.8323 joint=right_index_DIP joint_index=3 from_rad=1.390302 to_rad=1.305962
[latency] hand_policy inference_ms=10.029
[chunk 0217] inference=0.010s predicted=(2, 22)
[cmd 000653 kind=policy chunk=0217 chunk_step=0] delta_max_rad=0.171639 delta_max_deg=9.8342 joint=right_ring_MCP_FE joint_index=13 from_rad=0.479124 to_rad=0.650763
[action 000435 chunk_step=0] raw=[-0.3459,1.3268] sent=[-0.3459,1.3268] limit_clips=0 step_clips=0 tracking_max=nan
[cmd 000654 kind=policy chunk=0217 chunk_step=1] delta_max_rad=0.101934 delta_max_deg=5.8404 joint=right_index_PIP joint_index=2 from_rad=0.486276 to_rad=0.384342
[action 000436 chunk_step=1] raw=[-0.3468,1.3255] sent=[-0.3468,1.3255] limit_clips=0 step_clips=0 tracking_max=nan
[cmd 000655 kind=inference_hold chunk=0218 chunk_step=-] delta_max_rad=0.061242 delta_max_deg=3.5089 joint=right_pinky_MCP_AA joint_index=10 from_rad=0.329489 to_rad=0.268246
[latency] hand_policy inference_ms=9.845
[chunk 0218] inference=0.010s predicted=(2, 22)
[cmd 000656 kind=policy chunk=0218 chunk_step=0] delta_max_rad=0.145572 delta_max_deg=8.3407 joint=right_index_PIP joint_index=2 from_rad=0.440949 to_rad=0.295377
[action 000437 chunk_step=0] raw=[-0.3441,1.3325] sent=[-0.3441,1.3325] limit_clips=0 step_clips=0 tracking_max=nan
[cmd 000657 kind=policy chunk=0218 chunk_step=1] delta_max_rad=0.105618 delta_max_deg=6.0515 joint=right_ring_MCP_FE joint_index=13 from_rad=0.561376 to_rad=0.455758
[action 000438 chunk_step=1] raw=[-0.3447,1.3671] sent=[-0.3447,1.3671] limit_clips=0 step_clips=0 tracking_max=nan
[cmd 000658 kind=inference_hold chunk=0219 chunk_step=-] delta_max_rad=0.070252 delta_max_deg=4.0251 joint=right_index_PIP joint_index=2 from_rad=0.208184 to_rad=0.278435
[latency] hand_policy inference_ms=8.726
[chunk 0219] inference=0.009s predicted=(2, 22)
[cmd 000659 kind=policy chunk=0219 chunk_step=0] delta_max_rad=0.174811 delta_max_deg=10.0159 joint=right_thumb_IP joint_index=21 from_rad=0.503732 to_rad=0.678544
[action 000439 chunk_step=0] raw=[-0.3491,1.3880] sent=[-0.3491,1.3880] limit_clips=0 step_clips=0 tracking_max=nan
[cmd 000660 kind=policy chunk=0219 chunk_step=1] delta_max_rad=0.105010 delta_max_deg=6.0166 joint=right_thumb_IP joint_index=21 from_rad=0.678544 to_rad=0.783553
[action 000440 chunk_step=1] raw=[-0.3313,1.3865] sent=[-0.3313,1.3865] limit_clips=0 step_clips=0 tracking_max=nan
[cmd 000661 kind=inference_hold chunk=0220 chunk_step=-] delta_max_rad=0.086799 delta_max_deg=4.9732 joint=right_thumb_IP joint_index=21 from_rad=0.783553 to_rad=0.696754
[latency] hand_policy inference_ms=8.712
[chunk 0220] inference=0.009s predicted=(2, 22)
[cmd 000662 kind=policy chunk=0220 chunk_step=0] delta_max_rad=0.206333 delta_max_deg=11.8220 joint=right_thumb_IP joint_index=21 from_rad=0.696754 to_rad=0.903087
[action 000441 chunk_step=0] raw=[-0.3380,1.3896] sent=[-0.3380,1.3896] limit_clips=0 step_clips=0 tracking_max=nan
[cmd 000663 kind=policy chunk=0220 chunk_step=1] delta_max_rad=0.097584 delta_max_deg=5.5911 joint=right_ring_MCP_FE joint_index=13 from_rad=0.154136 to_rad=0.056552
[action 000442 chunk_step=1] raw=[-0.3360,1.3928] sent=[-0.3360,1.3928] limit_clips=0 step_clips=0 tracking_max=nan
[cmd 000664 kind=inference_hold chunk=0221 chunk_step=-] delta_max_rad=0.096961 delta_max_deg=5.5554 joint=right_ring_DIP joint_index=16 from_rad=1.383540 to_rad=1.286579
[latency] hand_policy inference_ms=9.639
[chunk 0221] inference=0.010s predicted=(2, 22)
[cmd 000665 kind=policy chunk=0221 chunk_step=0] delta_max_rad=0.143015 delta_max_deg=8.1941 joint=right_pinky_CMC joint_index=8 from_rad=0.108860 to_rad=0.251874
[action 000443 chunk_step=0] raw=[-0.3395,1.3211] sent=[-0.3395,1.3211] limit_clips=0 step_clips=0 tracking_max=nan
[cmd 000666 kind=policy chunk=0221 chunk_step=1] delta_max_rad=0.105203 delta_max_deg=6.0277 joint=right_pinky_PIP joint_index=11 from_rad=0.127114 to_rad=0.232318
[action 000444 chunk_step=1] raw=[-0.3478,1.2229] sent=[-0.3478,1.2229] limit_clips=0 step_clips=0 tracking_max=nan
[cmd 000667 kind=inference_hold chunk=0222 chunk_step=-] delta_max_rad=0.065098 delta_max_deg=3.7298 joint=right_ring_PIP joint_index=15 from_rad=0.797895 to_rad=0.862993
[latency] hand_policy inference_ms=8.732
[chunk 0222] inference=0.009s predicted=(2, 22)
[cmd 000668 kind=policy chunk=0222 chunk_step=0] delta_max_rad=0.168380 delta_max_deg=9.6475 joint=right_index_DIP joint_index=3 from_rad=0.947544 to_rad=1.115924
[action 000445 chunk_step=0] raw=[-0.3468,1.1462] sent=[-0.3468,1.1462] limit_clips=0 step_clips=0 tracking_max=nan
[cmd 000669 kind=policy chunk=0222 chunk_step=1] delta_max_rad=0.114408 delta_max_deg=6.5551 joint=right_pinky_PIP joint_index=11 from_rad=0.314876 to_rad=0.429284
[action 000446 chunk_step=1] raw=[-0.3484,1.2062] sent=[-0.3484,1.2062] limit_clips=0 step_clips=0 tracking_max=nan
[cmd 000670 kind=inference_hold chunk=0223 chunk_step=-] delta_max_rad=0.084171 delta_max_deg=4.8226 joint=right_pinky_PIP joint_index=11 from_rad=0.429284 to_rad=0.345113
[latency] hand_policy inference_ms=9.381
[chunk 0223] inference=0.009s predicted=(2, 22)
[cmd 000671 kind=policy chunk=0223 chunk_step=0] delta_max_rad=0.185914 delta_max_deg=10.6521 joint=right_pinky_PIP joint_index=11 from_rad=0.345113 to_rad=0.531027
[action 000447 chunk_step=0] raw=[-0.3481,1.3040] sent=[-0.3481,1.3040] limit_clips=0 step_clips=0 tracking_max=nan
[cmd 000672 kind=policy chunk=0223 chunk_step=1] delta_max_rad=0.105842 delta_max_deg=6.0643 joint=right_ring_MCP_FE joint_index=13 from_rad=0.374352 to_rad=0.480194
[action 000448 chunk_step=1] raw=[-0.3478,1.3769] sent=[-0.3478,1.3769] limit_clips=0 step_clips=0 tracking_max=nan
[cmd 000673 kind=inference_hold chunk=0224 chunk_step=-] delta_max_rad=0.102802 delta_max_deg=5.8901 joint=right_index_DIP joint_index=3 from_rad=1.376888 to_rad=1.274087
[latency] hand_policy inference_ms=9.932
[chunk 0224] inference=0.010s predicted=(2, 22)
[cmd 000674 kind=policy chunk=0224 chunk_step=0] delta_max_rad=0.190374 delta_max_deg=10.9076 joint=right_pinky_PIP joint_index=11 from_rad=0.551683 to_rad=0.742058
[action 000449 chunk_step=0] raw=[-0.3478,1.3923] sent=[-0.3478,1.3923] limit_clips=0 step_clips=0 tracking_max=nan
[cmd 000675 kind=policy chunk=0224 chunk_step=1] delta_max_rad=0.107895 delta_max_deg=6.1819 joint=right_ring_MCP_FE joint_index=13 from_rad=0.579005 to_rad=0.686900
[action 000450 chunk_step=1] raw=[-0.3460,1.3963] sent=[-0.3460,1.3963] limit_clips=0 step_clips=0 tracking_max=nan
[cmd 000676 kind=inference_hold chunk=0225 chunk_step=-] delta_max_rad=0.094046 delta_max_deg=5.3884 joint=right_index_DIP joint_index=3 from_rad=1.396300 to_rad=1.302254
[latency] hand_policy inference_ms=8.540
[chunk 0225] inference=0.009s predicted=(2, 22)
[cmd 000677 kind=policy chunk=0225 chunk_step=0] delta_max_rad=0.185870 delta_max_deg=10.6495 joint=right_middle_PIP joint_index=6 from_rad=0.310614 to_rad=0.496484
[action 000451 chunk_step=0] raw=[-0.3451,1.3164] sent=[-0.3451,1.3164] limit_clips=0 step_clips=0 tracking_max=nan
[cmd 000678 kind=policy chunk=0225 chunk_step=1] delta_max_rad=0.105197 delta_max_deg=6.0273 joint=right_ring_DIP joint_index=16 from_rad=0.811483 to_rad=0.916680
[action 000452 chunk_step=1] raw=[-0.3491,1.2533] sent=[-0.3491,1.2533] limit_clips=0 step_clips=0 tracking_max=nan
[cmd 000679 kind=inference_hold chunk=0226 chunk_step=-] delta_max_rad=0.072027 delta_max_deg=4.1268 joint=right_pinky_MCP_AA joint_index=10 from_rad=0.331522 to_rad=0.259495
[latency] hand_policy inference_ms=9.042
[chunk 0226] inference=0.009s predicted=(2, 22)
[cmd 000680 kind=policy chunk=0226 chunk_step=0] delta_max_rad=0.154989 delta_max_deg=8.8802 joint=right_ring_DIP joint_index=16 from_rad=0.859281 to_rad=1.014270
[action 000453 chunk_step=0] raw=[-0.3438,1.2104] sent=[-0.3438,1.2104] limit_clips=0 step_clips=0 tracking_max=nan
[cmd 000681 kind=policy chunk=0226 chunk_step=1] delta_max_rad=0.108433 delta_max_deg=6.2127 joint=right_index_DIP joint_index=3 from_rad=1.149162 to_rad=1.040730
[action 000454 chunk_step=1] raw=[-0.3446,1.1767] sent=[-0.3446,1.1767] limit_clips=0 step_clips=0 tracking_max=nan
[cmd 000682 kind=inference_hold chunk=0227 chunk_step=-] delta_max_rad=0.077204 delta_max_deg=4.4235 joint=right_index_PIP joint_index=2 from_rad=0.313518 to_rad=0.390723
[latency] hand_policy inference_ms=10.347
[chunk 0227] inference=0.010s predicted=(2, 22)
[cmd 000683 kind=policy chunk=0227 chunk_step=0] delta_max_rad=0.188710 delta_max_deg=10.8123 joint=right_index_PIP joint_index=2 from_rad=0.390723 to_rad=0.202013
[action 000455 chunk_step=0] raw=[-0.3473,1.1988] sent=[-0.3473,1.1988] limit_clips=0 step_clips=0 tracking_max=nan
[cmd 000684 kind=policy chunk=0227 chunk_step=1] delta_max_rad=0.108708 delta_max_deg=6.2285 joint=right_pinky_PIP joint_index=11 from_rad=0.418847 to_rad=0.310139
[action 000456 chunk_step=1] raw=[-0.3234,1.2791] sent=[-0.3234,1.2791] limit_clips=0 step_clips=0 tracking_max=nan
[cmd 000685 kind=inference_hold chunk=0228 chunk_step=-] delta_max_rad=0.086475 delta_max_deg=4.9547 joint=right_index_PIP joint_index=2 from_rad=0.101089 to_rad=0.187564
[latency] hand_policy inference_ms=9.935
[chunk 0228] inference=0.010s predicted=(2, 22)
[cmd 000686 kind=policy chunk=0228 chunk_step=0] delta_max_rad=0.169606 delta_max_deg=9.7177 joint=right_thumb_IP joint_index=21 from_rad=0.621353 to_rad=0.790959
[action 000457 chunk_step=0] raw=[-0.3178,1.3252] sent=[-0.3178,1.3252] limit_clips=0 step_clips=0 tracking_max=nan
[cmd 000687 kind=policy chunk=0228 chunk_step=1] delta_max_rad=0.094770 delta_max_deg=5.4299 joint=right_pinky_DIP joint_index=12 from_rad=0.762650 to_rad=0.667881
[action 000458 chunk_step=1] raw=[-0.2642,1.3700] sent=[-0.2642,1.3700] limit_clips=0 step_clips=0 tracking_max=nan
[cmd 000688 kind=inference_hold chunk=0229 chunk_step=-] delta_max_rad=0.081123 delta_max_deg=4.6480 joint=right_ring_DIP joint_index=16 from_rad=1.369988 to_rad=1.288865
[latency] hand_policy inference_ms=9.686
[chunk 0229] inference=0.010s predicted=(2, 22)
[cmd 000689 kind=policy chunk=0229 chunk_step=0] delta_max_rad=0.166164 delta_max_deg=9.5205 joint=right_pinky_DIP joint_index=12 from_rad=0.737306 to_rad=0.571142
[action 000459 chunk_step=0] raw=[-0.1758,1.3722] sent=[-0.1758,1.3722] limit_clips=0 step_clips=0 tracking_max=nan
[cmd 000690 kind=policy chunk=0229 chunk_step=1] delta_max_rad=0.102311 delta_max_deg=5.8620 joint=right_ring_PIP joint_index=15 from_rad=0.888892 to_rad=0.786581
[action 000460 chunk_step=1] raw=[-0.1822,1.2850] sent=[-0.1822,1.2850] limit_clips=0 step_clips=0 tracking_max=nan
[cmd 000691 kind=inference_hold chunk=0230 chunk_step=-] delta_max_rad=0.062043 delta_max_deg=3.5548 joint=right_index_DIP joint_index=3 from_rad=0.989424 to_rad=0.927381
[latency] hand_policy inference_ms=8.637
[chunk 0230] inference=0.009s predicted=(2, 22)
[cmd 000692 kind=policy chunk=0230 chunk_step=0] delta_max_rad=0.167605 delta_max_deg=9.6031 joint=right_index_DIP joint_index=3 from_rad=0.927381 to_rad=1.094986
[action 000461 chunk_step=0] raw=[-0.2717,1.1924] sent=[-0.2717,1.1924] limit_clips=0 step_clips=0 tracking_max=nan
[cmd 000693 kind=policy chunk=0230 chunk_step=1] delta_max_rad=0.110080 delta_max_deg=6.3071 joint=right_pinky_PIP joint_index=11 from_rad=0.372503 to_rad=0.482583
[action 000462 chunk_step=1] raw=[-0.3446,1.1847] sent=[-0.3446,1.1847] limit_clips=0 step_clips=0 tracking_max=nan
[cmd 000694 kind=inference_hold chunk=0231 chunk_step=-] delta_max_rad=0.080075 delta_max_deg=4.5879 joint=right_pinky_PIP joint_index=11 from_rad=0.482583 to_rad=0.402509
[latency] hand_policy inference_ms=8.950
[chunk 0231] inference=0.009s predicted=(2, 22)
[cmd 000695 kind=policy chunk=0231 chunk_step=0] delta_max_rad=0.170644 delta_max_deg=9.7772 joint=right_ring_PIP joint_index=15 from_rad=0.671965 to_rad=0.501321
[action 000463 chunk_step=0] raw=[-0.3491,1.2714] sent=[-0.3491,1.2714] limit_clips=0 step_clips=0 tracking_max=nan
[cmd 000696 kind=policy chunk=0231 chunk_step=1] delta_max_rad=0.098015 delta_max_deg=5.6158 joint=right_ring_MCP_FE joint_index=13 from_rad=0.385401 to_rad=0.483416
[action 000464 chunk_step=1] raw=[-0.3491,1.3566] sent=[-0.3491,1.3566] limit_clips=0 step_clips=0 tracking_max=nan
[cmd 000697 kind=inference_hold chunk=0232 chunk_step=-] delta_max_rad=0.099319 delta_max_deg=5.6906 joint=right_index_DIP joint_index=3 from_rad=1.356606 to_rad=1.257288
[latency] hand_policy inference_ms=10.054
[chunk 0232] inference=0.010s predicted=(2, 22)
[cmd 000698 kind=policy chunk=0232 chunk_step=0] delta_max_rad=0.199670 delta_max_deg=11.4403 joint=right_index_PIP joint_index=2 from_rad=0.405765 to_rad=0.605435
[action 000465 chunk_step=0] raw=[-0.3468,1.3855] sent=[-0.3468,1.3855] limit_clips=0 step_clips=0 tracking_max=nan
[cmd 000699 kind=policy chunk=0232 chunk_step=1] delta_max_rad=0.106124 delta_max_deg=6.0805 joint=right_ring_MCP_FE joint_index=13 from_rad=0.577597 to_rad=0.683721
[action 000466 chunk_step=1] raw=[-0.3460,1.3816] sent=[-0.3460,1.3816] limit_clips=0 step_clips=0 tracking_max=nan
[cmd 000700 kind=inference_hold chunk=0233 chunk_step=-] delta_max_rad=0.101194 delta_max_deg=5.7980 joint=right_ring_MCP_FE joint_index=13 from_rad=0.683721 to_rad=0.582527
[latency] hand_policy inference_ms=8.772
[chunk 0233] inference=0.009s predicted=(2, 22)
[cmd 000701 kind=policy chunk=0233 chunk_step=0] delta_max_rad=0.154460 delta_max_deg=8.8499 joint=right_middle_PIP joint_index=6 from_rad=0.502516 to_rad=0.656976
[action 000467 chunk_step=0] raw=[-0.3460,1.2936] sent=[-0.3460,1.2936] limit_clips=0 step_clips=0 tracking_max=nan
[cmd 000702 kind=policy chunk=0233 chunk_step=1] delta_max_rad=0.117012 delta_max_deg=6.7043 joint=right_pinky_PIP joint_index=11 from_rad=0.741307 to_rad=0.624295
[action 000468 chunk_step=1] raw=[-0.3475,1.2755] sent=[-0.3475,1.2755] limit_clips=0 step_clips=0 tracking_max=nan
[cmd 000703 kind=inference_hold chunk=0234 chunk_step=-] delta_max_rad=0.062987 delta_max_deg=3.6089 joint=right_pinky_MCP_AA joint_index=10 from_rad=0.346844 to_rad=0.283856
[latency] hand_policy inference_ms=9.028
[chunk 0234] inference=0.009s predicted=(2, 22)
[cmd 000704 kind=policy chunk=0234 chunk_step=0] delta_max_rad=0.148086 delta_max_deg=8.4847 joint=right_pinky_PIP joint_index=11 from_rad=0.682171 to_rad=0.534085
[action 000469 chunk_step=0] raw=[-0.3441,1.2494] sent=[-0.3441,1.2494] limit_clips=0 step_clips=0 tracking_max=nan
[cmd 000705 kind=policy chunk=0234 chunk_step=1] delta_max_rad=0.106981 delta_max_deg=6.1295 joint=right_index_DIP joint_index=3 from_rad=1.103189 to_rad=0.996208
[action 000470 chunk_step=1] raw=[-0.3444,1.2326] sent=[-0.3444,1.2326] limit_clips=0 step_clips=0 tracking_max=nan
[cmd 000706 kind=inference_hold chunk=0235 chunk_step=-] delta_max_rad=0.078794 delta_max_deg=4.5146 joint=right_index_DIP joint_index=3 from_rad=0.996208 to_rad=1.075002
[latency] hand_policy inference_ms=10.278
[chunk 0235] inference=0.010s predicted=(2, 22)
[cmd 000707 kind=policy chunk=0235 chunk_step=0] delta_max_rad=0.172248 delta_max_deg=9.8691 joint=right_pinky_PIP joint_index=11 from_rad=0.514410 to_rad=0.342163
[action 000471 chunk_step=0] raw=[-0.3475,1.2914] sent=[-0.3475,1.2914] limit_clips=0 step_clips=0 tracking_max=nan
[cmd 000708 kind=policy chunk=0235 chunk_step=1] delta_max_rad=0.114475 delta_max_deg=6.5589 joint=right_pinky_PIP joint_index=11 from_rad=0.342163 to_rad=0.227688
[action 000472 chunk_step=1] raw=[-0.3456,1.3267] sent=[-0.3456,1.3267] limit_clips=0 step_clips=0 tracking_max=nan
[cmd 000709 kind=inference_hold chunk=0236 chunk_step=-] delta_max_rad=0.085658 delta_max_deg=4.9079 joint=right_pinky_PIP joint_index=11 from_rad=0.227688 to_rad=0.313346
[latency] hand_policy inference_ms=10.080
[chunk 0236] inference=0.010s predicted=(2, 22)
[cmd 000710 kind=policy chunk=0236 chunk_step=0] delta_max_rad=0.165919 delta_max_deg=9.5064 joint=right_pinky_PIP joint_index=11 from_rad=0.313346 to_rad=0.147427
[action 000473 chunk_step=0] raw=[-0.3471,1.3634] sent=[-0.3471,1.3634] limit_clips=0 step_clips=0 tracking_max=nan
[cmd 000711 kind=policy chunk=0236 chunk_step=1] delta_max_rad=0.096474 delta_max_deg=5.5276 joint=right_pinky_DIP joint_index=12 from_rad=0.670292 to_rad=0.573818
[action 000474 chunk_step=1] raw=[-0.3377,1.3821] sent=[-0.3377,1.3821] limit_clips=0 step_clips=0 tracking_max=nan
[cmd 000712 kind=inference_hold chunk=0237 chunk_step=-] delta_max_rad=0.086543 delta_max_deg=4.9586 joint=right_ring_DIP joint_index=16 from_rad=1.376953 to_rad=1.290409
[latency] hand_policy inference_ms=10.002
[chunk 0237] inference=0.010s predicted=(2, 22)
[cmd 000713 kind=policy chunk=0237 chunk_step=0] delta_max_rad=0.185929 delta_max_deg=10.6530 joint=right_pinky_DIP joint_index=12 from_rad=0.647998 to_rad=0.462069
[action 000475 chunk_step=0] raw=[-0.3491,1.3907] sent=[-0.3491,1.3907] limit_clips=0 step_clips=0 tracking_max=nan
[cmd 000714 kind=policy chunk=0237 chunk_step=1] delta_max_rad=0.105829 delta_max_deg=6.0636 joint=right_ring_PIP joint_index=15 from_rad=1.013439 to_rad=0.907610
[action 000476 chunk_step=1] raw=[-0.3491,1.3226] sent=[-0.3491,1.3226] limit_clips=0 step_clips=0 tracking_max=nan
[cmd 000715 kind=inference_hold chunk=0238 chunk_step=-] delta_max_rad=0.065959 delta_max_deg=3.7792 joint=right_middle_PIP joint_index=6 from_rad=0.403762 to_rad=0.469721
[latency] hand_policy inference_ms=8.765
[chunk 0238] inference=0.009s predicted=(2, 22)
[cmd 000716 kind=policy chunk=0238 chunk_step=0] delta_max_rad=0.157220 delta_max_deg=9.0081 joint=right_index_DIP joint_index=3 from_rad=1.004693 to_rad=1.161913
[action 000477 chunk_step=0] raw=[-0.3491,1.2283] sent=[-0.3491,1.2283] limit_clips=0 step_clips=0 tracking_max=nan
[cmd 000717 kind=policy chunk=0238 chunk_step=1] delta_max_rad=0.116727 delta_max_deg=6.6879 joint=right_pinky_PIP joint_index=11 from_rad=0.158691 to_rad=0.275418
[action 000478 chunk_step=1] raw=[-0.3490,1.2521] sent=[-0.3490,1.2521] limit_clips=0 step_clips=0 tracking_max=nan
[cmd 000718 kind=inference_hold chunk=0239 chunk_step=-] delta_max_rad=0.073157 delta_max_deg=4.1916 joint=right_pinky_PIP joint_index=11 from_rad=0.275418 to_rad=0.202261
[latency] hand_policy inference_ms=8.965
[chunk 0239] inference=0.009s predicted=(2, 22)
[cmd 000719 kind=policy chunk=0239 chunk_step=0] delta_max_rad=0.172859 delta_max_deg=9.9041 joint=right_ring_PIP joint_index=15 from_rad=0.796316 to_rad=0.623457
[action 000479 chunk_step=0] raw=[-0.3491,1.3424] sent=[-0.3491,1.3424] limit_clips=0 step_clips=0 tracking_max=nan
[cmd 000720 kind=policy chunk=0239 chunk_step=1] delta_max_rad=0.100604 delta_max_deg=5.7642 joint=right_ring_PIP joint_index=15 from_rad=0.623457 to_rad=0.522852
[action 000480 chunk_step=1] raw=[-0.3482,1.3963] sent=[-0.3482,1.3963] limit_clips=0 step_clips=0 tracking_max=nan
[cmd 000721 kind=inference_hold chunk=0240 chunk_step=-] delta_max_rad=0.110934 delta_max_deg=6.3561 joint=right_index_DIP joint_index=3 from_rad=1.396300 to_rad=1.285365
[latency] hand_policy inference_ms=10.036
[chunk 0240] inference=0.010s predicted=(2, 22)
[cmd 000722 kind=policy chunk=0240 chunk_step=0] delta_max_rad=0.187911 delta_max_deg=10.7665 joint=right_index_PIP joint_index=2 from_rad=0.453330 to_rad=0.641241
[action 000481 chunk_step=0] raw=[-0.3474,1.3963] sent=[-0.3474,1.3963] limit_clips=0 step_clips=0 tracking_max=nan
[cmd 000723 kind=policy chunk=0240 chunk_step=1] delta_max_rad=0.109503 delta_max_deg=6.2740 joint=right_ring_MCP_FE joint_index=13 from_rad=0.426018 to_rad=0.535520
[action 000482 chunk_step=1] raw=[-0.3465,1.3954] sent=[-0.3465,1.3954] limit_clips=0 step_clips=0 tracking_max=nan
[cmd 000724 kind=inference_hold chunk=0241 chunk_step=-] delta_max_rad=0.091006 delta_max_deg=5.2142 joint=right_index_DIP joint_index=3 from_rad=1.395351 to_rad=1.304346
[latency] hand_policy inference_ms=9.746
[chunk 0241] inference=0.010s predicted=(2, 22)
[cmd 000725 kind=policy chunk=0241 chunk_step=0] delta_max_rad=0.204240 delta_max_deg=11.7021 joint=right_ring_MCP_FE joint_index=13 from_rad=0.450869 to_rad=0.655109
[action 000483 chunk_step=0] raw=[-0.3393,1.3819] sent=[-0.3393,1.3819] limit_clips=0 step_clips=0 tracking_max=nan
[cmd 000726 kind=policy chunk=0241 chunk_step=1] delta_max_rad=0.083755 delta_max_deg=4.7988 joint=right_thumb_MCP_FE joint_index=19 from_rad=0.251089 to_rad=0.334843
[action 000484 chunk_step=1] raw=[-0.3462,1.3696] sent=[-0.3462,1.3696] limit_clips=0 step_clips=0 tracking_max=nan
[cmd 000727 kind=inference_hold chunk=0242 chunk_step=-] delta_max_rad=0.079315 delta_max_deg=4.5444 joint=right_ring_MCP_FE joint_index=13 from_rad=0.733149 to_rad=0.653833
[latency] hand_policy inference_ms=8.790
[chunk 0242] inference=0.009s predicted=(2, 22)
[cmd 000728 kind=policy chunk=0242 chunk_step=0] delta_max_rad=0.129493 delta_max_deg=7.4194 joint=right_middle_PIP joint_index=6 from_rad=0.282321 to_rad=0.411814
[action 000485 chunk_step=0] raw=[-0.3442,1.2681] sent=[-0.3442,1.2681] limit_clips=0 step_clips=0 tracking_max=nan
[cmd 000729 kind=policy chunk=0242 chunk_step=1] delta_max_rad=0.114044 delta_max_deg=6.5342 joint=right_middle_MCP_FE joint_index=4 from_rad=0.723630 to_rad=0.609586
[action 000486 chunk_step=1] raw=[-0.3426,1.2308] sent=[-0.3426,1.2308] limit_clips=0 step_clips=0 tracking_max=nan
[cmd 000730 kind=inference_hold chunk=0243 chunk_step=-] delta_max_rad=0.073400 delta_max_deg=4.2055 joint=right_thumb_IP joint_index=21 from_rad=0.446020 to_rad=0.372620
[latency] hand_policy inference_ms=9.079
[chunk 0243] inference=0.009s predicted=(2, 22)
[cmd 000731 kind=policy chunk=0243 chunk_step=0] delta_max_rad=0.166378 delta_max_deg=9.5328 joint=right_middle_PIP joint_index=6 from_rad=0.424325 to_rad=0.590703
[action 000487 chunk_step=0] raw=[-0.3479,1.2311] sent=[-0.3479,1.2311] limit_clips=0 step_clips=0 tracking_max=nan
[cmd 000732 kind=policy chunk=0243 chunk_step=1] delta_max_rad=0.106684 delta_max_deg=6.1125 joint=right_index_DIP joint_index=3 from_rad=1.105888 to_rad=0.999205
[action 000488 chunk_step=1] raw=[-0.3486,1.2577] sent=[-0.3486,1.2577] limit_clips=0 step_clips=0 tracking_max=nan
[cmd 000733 kind=inference_hold chunk=0244 chunk_step=-] delta_max_rad=0.085768 delta_max_deg=4.9142 joint=right_index_DIP joint_index=3 from_rad=0.999205 to_rad=1.084973
[latency] hand_policy inference_ms=10.188
[chunk 0244] inference=0.010s predicted=(2, 22)
[cmd 000734 kind=policy chunk=0244 chunk_step=0] delta_max_rad=0.182710 delta_max_deg=10.4685 joint=right_index_DIP joint_index=3 from_rad=1.084973 to_rad=0.902263
[action 000489 chunk_step=0] raw=[-0.3491,1.2603] sent=[-0.3491,1.2603] limit_clips=0 step_clips=0 tracking_max=nan
[cmd 000735 kind=policy chunk=0244 chunk_step=1] delta_max_rad=0.098905 delta_max_deg=5.6669 joint=right_ring_DIP joint_index=16 from_rad=1.169281 to_rad=1.268186
[action 000490 chunk_step=1] raw=[-0.3388,1.2682] sent=[-0.3388,1.2682] limit_clips=0 step_clips=0 tracking_max=nan
[cmd 000736 kind=inference_hold chunk=0245 chunk_step=-] delta_max_rad=0.085752 delta_max_deg=4.9133 joint=right_ring_DIP joint_index=16 from_rad=1.268186 to_rad=1.182433
[latency] hand_policy inference_ms=8.855
[chunk 0245] inference=0.009s predicted=(2, 22)
[cmd 000737 kind=policy chunk=0245 chunk_step=0] delta_max_rad=0.146577 delta_max_deg=8.3982 joint=right_pinky_CMC joint_index=8 from_rad=0.112977 to_rad=0.259554
[action 000491 chunk_step=0] raw=[-0.3478,1.1891] sent=[-0.3478,1.1891] limit_clips=0 step_clips=0 tracking_max=nan
[cmd 000738 kind=policy chunk=0245 chunk_step=1] delta_max_rad=0.101295 delta_max_deg=5.8038 joint=right_middle_DIP joint_index=7 from_rad=1.083895 to_rad=0.982600
[action 000492 chunk_step=1] raw=[-0.3489,1.1496] sent=[-0.3489,1.1496] limit_clips=0 step_clips=0 tracking_max=nan
[cmd 000739 kind=inference_hold chunk=0246 chunk_step=-] delta_max_rad=0.060198 delta_max_deg=3.4491 joint=right_middle_PIP joint_index=6 from_rad=0.500568 to_rad=0.560766
[latency] hand_policy inference_ms=8.970
[chunk 0246] inference=0.009s predicted=(2, 22)
[cmd 000740 kind=policy chunk=0246 chunk_step=0] delta_max_rad=0.152413 delta_max_deg=8.7326 joint=right_thumb_MCP_FE joint_index=19 from_rad=0.478339 to_rad=0.325926
[action 000493 chunk_step=0] raw=[-0.3491,1.2096] sent=[-0.3491,1.2096] limit_clips=0 step_clips=0 tracking_max=nan
[cmd 000741 kind=policy chunk=0246 chunk_step=1] delta_max_rad=0.096108 delta_max_deg=5.5066 joint=right_index_DIP joint_index=3 from_rad=1.209583 to_rad=1.305691
[action 000494 chunk_step=1] raw=[-0.3479,1.3057] sent=[-0.3479,1.3057] limit_clips=0 step_clips=0 tracking_max=nan
[cmd 000742 kind=inference_hold chunk=0247 chunk_step=-] delta_max_rad=0.077798 delta_max_deg=4.4575 joint=right_index_DIP joint_index=3 from_rad=1.305691 to_rad=1.227893
[latency] hand_policy inference_ms=9.131
[chunk 0247] inference=0.009s predicted=(2, 22)
[cmd 000743 kind=policy chunk=0247 chunk_step=0] delta_max_rad=0.179524 delta_max_deg=10.2859 joint=right_pinky_PIP joint_index=11 from_rad=0.496372 to_rad=0.675896
[action 000495 chunk_step=0] raw=[-0.3487,1.3505] sent=[-0.3487,1.3505] limit_clips=0 step_clips=0 tracking_max=nan
[cmd 000744 kind=policy chunk=0247 chunk_step=1] delta_max_rad=0.119568 delta_max_deg=6.8508 joint=right_ring_MCP_FE joint_index=13 from_rad=0.600087 to_rad=0.719655
[action 000496 chunk_step=1] raw=[-0.3491,1.3365] sent=[-0.3491,1.3365] limit_clips=0 step_clips=0 tracking_max=nan
[cmd 000745 kind=inference_hold chunk=0248 chunk_step=-] delta_max_rad=0.093035 delta_max_deg=5.3305 joint=right_ring_MCP_FE joint_index=13 from_rad=0.719655 to_rad=0.626621
[latency] hand_policy inference_ms=9.938
[chunk 0248] inference=0.010s predicted=(2, 22)
[cmd 000746 kind=policy chunk=0248 chunk_step=0] delta_max_rad=0.170463 delta_max_deg=9.7668 joint=right_ring_MCP_FE joint_index=13 from_rad=0.626621 to_rad=0.797083
[action 000497 chunk_step=0] raw=[-0.3491,1.3004] sent=[-0.3491,1.3004] limit_clips=0 step_clips=0 tracking_max=nan
[cmd 000747 kind=policy chunk=0248 chunk_step=1] delta_max_rad=0.107497 delta_max_deg=6.1591 joint=right_ring_DIP joint_index=16 from_rad=0.734067 to_rad=0.841563
[action 000498 chunk_step=1] raw=[-0.3469,1.3163] sent=[-0.3469,1.3163] limit_clips=0 step_clips=0 tracking_max=nan
[cmd 000748 kind=inference_hold chunk=0249 chunk_step=-] delta_max_rad=0.062235 delta_max_deg=3.5658 joint=right_ring_PIP joint_index=15 from_rad=0.676849 to_rad=0.614614
[latency] hand_policy inference_ms=8.738
[chunk 0249] inference=0.009s predicted=(2, 22)
[cmd 000749 kind=policy chunk=0249 chunk_step=0] delta_max_rad=0.153213 delta_max_deg=8.7785 joint=right_index_PIP joint_index=2 from_rad=0.628323 to_rad=0.475110
[action 000499 chunk_step=0] raw=[-0.3459,1.2999] sent=[-0.3459,1.2999] limit_clips=0 step_clips=0 tracking_max=nan
[cmd 000750 kind=policy chunk=0249 chunk_step=1] delta_max_rad=0.104760 delta_max_deg=6.0023 joint=right_index_DIP joint_index=3 from_rad=1.072299 to_rad=0.967539
[action 000500 chunk_step=1] raw=[-0.3477,1.2788] sent=[-0.3477,1.2788] limit_clips=0 step_clips=0 tracking_max=nan
[cmd 000751 kind=inference_hold chunk=0250 chunk_step=-] delta_max_rad=0.071333 delta_max_deg=4.0871 joint=right_pinky_PIP joint_index=11 from_rad=0.406166 to_rad=0.477499
[latency] hand_policy inference_ms=9.144
[chunk 0250] inference=0.009s predicted=(2, 22)
[cmd 000752 kind=policy chunk=0250 chunk_step=0] delta_max_rad=0.167496 delta_max_deg=9.5968 joint=right_ring_MCP_FE joint_index=13 from_rad=0.605893 to_rad=0.438398
[action 000501 chunk_step=0] raw=[-0.3468,1.2948] sent=[-0.3468,1.2948] limit_clips=0 step_clips=0 tracking_max=nan
[cmd 000753 kind=policy chunk=0250 chunk_step=1] delta_max_rad=0.099995 delta_max_deg=5.7293 joint=right_pinky_PIP joint_index=11 from_rad=0.322526 to_rad=0.222531
[action 000502 chunk_step=1] raw=[-0.3472,1.3449] sent=[-0.3472,1.3449] limit_clips=0 step_clips=0 tracking_max=nan
[cmd 000754 kind=inference_hold chunk=0251 chunk_step=-] delta_max_rad=0.075695 delta_max_deg=4.3370 joint=right_pinky_PIP joint_index=11 from_rad=0.222531 to_rad=0.298227
[latency] hand_policy inference_ms=10.253
[chunk 0251] inference=0.010s predicted=(2, 22)
[cmd 000755 kind=policy chunk=0251 chunk_step=0] delta_max_rad=0.194079 delta_max_deg=11.1199 joint=right_thumb_IP joint_index=21 from_rad=0.554838 to_rad=0.748917
[action 000503 chunk_step=0] raw=[-0.3491,1.3467] sent=[-0.3491,1.3467] limit_clips=0 step_clips=0 tracking_max=nan
[cmd 000756 kind=policy chunk=0251 chunk_step=1] delta_max_rad=0.093511 delta_max_deg=5.3578 joint=right_pinky_DIP joint_index=12 from_rad=0.798250 to_rad=0.704739
[action 000504 chunk_step=1] raw=[-0.3478,1.3529] sent=[-0.3478,1.3529] limit_clips=0 step_clips=0 tracking_max=nan
[cmd 000757 kind=inference_hold chunk=0252 chunk_step=-] delta_max_rad=0.084415 delta_max_deg=4.8366 joint=right_thumb_IP joint_index=21 from_rad=0.841545 to_rad=0.757130
[latency] hand_policy inference_ms=9.578
[chunk 0252] inference=0.010s predicted=(2, 22)
[cmd 000758 kind=policy chunk=0252 chunk_step=0] delta_max_rad=0.167226 delta_max_deg=9.5813 joint=right_pinky_DIP joint_index=12 from_rad=0.776680 to_rad=0.609454
[action 000505 chunk_step=0] raw=[-0.3491,1.3278] sent=[-0.3491,1.3278] limit_clips=0 step_clips=0 tracking_max=nan
[cmd 000759 kind=policy chunk=0252 chunk_step=1] delta_max_rad=0.114755 delta_max_deg=6.5750 joint=right_ring_PIP joint_index=15 from_rad=0.877054 to_rad=0.762298
[action 000506 chunk_step=1] raw=[-0.3491,1.2473] sent=[-0.3491,1.2473] limit_clips=0 step_clips=0 tracking_max=nan
[cmd 000760 kind=inference_hold chunk=0253 chunk_step=-] delta_max_rad=0.067694 delta_max_deg=3.8786 joint=right_middle_PIP joint_index=6 from_rad=0.138095 to_rad=0.205790
[latency] hand_policy inference_ms=8.768
[chunk 0253] inference=0.009s predicted=(2, 22)
[cmd 000761 kind=policy chunk=0253 chunk_step=0] delta_max_rad=0.159542 delta_max_deg=9.1411 joint=right_index_DIP joint_index=3 from_rad=1.001843 to_rad=1.161384
[action 000507 chunk_step=0] raw=[-0.3491,1.2229] sent=[-0.3491,1.2229] limit_clips=0 step_clips=0 tracking_max=nan
[cmd 000762 kind=policy chunk=0253 chunk_step=1] delta_max_rad=0.097222 delta_max_deg=5.5704 joint=right_thumb_MCP_FE joint_index=19 from_rad=0.371229 to_rad=0.274007
[action 000508 chunk_step=1] raw=[-0.3474,1.2523] sent=[-0.3474,1.2523] limit_clips=0 step_clips=0 tracking_max=nan
[cmd 000763 kind=inference_hold chunk=0254 chunk_step=-] delta_max_rad=0.073562 delta_max_deg=4.2148 joint=right_index_DIP joint_index=3 from_rad=1.252330 to_rad=1.178768
[latency] hand_policy inference_ms=9.274
[chunk 0254] inference=0.009s predicted=(2, 22)
[cmd 000764 kind=policy chunk=0254 chunk_step=0] delta_max_rad=0.188775 delta_max_deg=10.8160 joint=right_index_PIP joint_index=2 from_rad=0.407526 to_rad=0.596301
[action 000509 chunk_step=0] raw=[-0.3488,1.3417] sent=[-0.3488,1.3417] limit_clips=0 step_clips=0 tracking_max=nan
[cmd 000765 kind=policy chunk=0254 chunk_step=1] delta_max_rad=0.102762 delta_max_deg=5.8879 joint=right_thumb_IP joint_index=21 from_rad=0.513666 to_rad=0.410904
[action 000510 chunk_step=1] raw=[-0.3477,1.3887] sent=[-0.3477,1.3887] limit_clips=0 step_clips=0 tracking_max=nan
[cmd 000766 kind=inference_hold chunk=0255 chunk_step=-] delta_max_rad=0.103090 delta_max_deg=5.9066 joint=right_index_DIP joint_index=3 from_rad=1.388658 to_rad=1.285568
[latency] hand_policy inference_ms=10.060
[chunk 0255] inference=0.010s predicted=(2, 22)
[cmd 000767 kind=policy chunk=0255 chunk_step=0] delta_max_rad=0.194562 delta_max_deg=11.1476 joint=right_thumb_IP joint_index=21 from_rad=0.493888 to_rad=0.299326
[action 000511 chunk_step=0] raw=[-0.3461,1.3956] sent=[-0.3461,1.3956] limit_clips=0 step_clips=0 tracking_max=nan
[cmd 000768 kind=policy chunk=0255 chunk_step=1] delta_max_rad=0.092965 delta_max_deg=5.3265 joint=right_pinky_DIP joint_index=12 from_rad=1.031199 to_rad=1.124164
[action 000512 chunk_step=1] raw=[-0.3467,1.3192] sent=[-0.3467,1.3192] limit_clips=0 step_clips=0 tracking_max=nan
[cmd 000769 kind=inference_hold chunk=0256 chunk_step=-] delta_max_rad=0.083730 delta_max_deg=4.7974 joint=right_ring_MCP_FE joint_index=13 from_rad=0.732226 to_rad=0.648496
[latency] hand_policy inference_ms=9.581
[chunk 0256] inference=0.010s predicted=(2, 22)
[cmd 000770 kind=policy chunk=0256 chunk_step=0] delta_max_rad=0.137068 delta_max_deg=7.8534 joint=right_middle_PIP joint_index=6 from_rad=0.321153 to_rad=0.458221
[action 000513 chunk_step=0] raw=[-0.3491,1.3330] sent=[-0.3491,1.3330] limit_clips=0 step_clips=0 tracking_max=nan
[cmd 000771 kind=policy chunk=0256 chunk_step=1] delta_max_rad=0.099902 delta_max_deg=5.7240 joint=right_pinky_PIP joint_index=11 from_rad=0.512064 to_rad=0.412162
[action 000514 chunk_step=1] raw=[-0.3476,1.3188] sent=[-0.3476,1.3188] limit_clips=0 step_clips=0 tracking_max=nan
[cmd 000772 kind=inference_hold chunk=0257 chunk_step=-] delta_max_rad=0.064671 delta_max_deg=3.7054 joint=right_index_PIP joint_index=2 from_rad=0.543741 to_rad=0.608412
[latency] hand_policy inference_ms=8.451
[chunk 0257] inference=0.008s predicted=(2, 22)
[cmd 000773 kind=policy chunk=0257 chunk_step=0] delta_max_rad=0.154651 delta_max_deg=8.8608 joint=right_pinky_PIP joint_index=11 from_rad=0.467910 to_rad=0.313259
[action 000515 chunk_step=0] raw=[-0.3485,1.2918] sent=[-0.3485,1.2918] limit_clips=0 step_clips=0 tracking_max=nan
[cmd 000774 kind=policy chunk=0257 chunk_step=1] delta_max_rad=0.112772 delta_max_deg=6.4614 joint=right_index_DIP joint_index=3 from_rad=1.044889 to_rad=0.932117
[action 000516 chunk_step=1] raw=[-0.3460,1.3005] sent=[-0.3460,1.3005] limit_clips=0 step_clips=0 tracking_max=nan
[cmd 000775 kind=inference_hold chunk=0258 chunk_step=-] delta_max_rad=0.077783 delta_max_deg=4.4567 joint=right_index_DIP joint_index=3 from_rad=0.932117 to_rad=1.009901
[latency] hand_policy inference_ms=10.348
[chunk 0258] inference=0.010s predicted=(2, 22)
[cmd 000776 kind=policy chunk=0258 chunk_step=0] delta_max_rad=0.176168 delta_max_deg=10.0937 joint=right_pinky_PIP joint_index=11 from_rad=0.288665 to_rad=0.112497
[action 000517 chunk_step=0] raw=[-0.3469,1.3606] sent=[-0.3469,1.3606] limit_clips=0 step_clips=0 tracking_max=nan
[cmd 000777 kind=policy chunk=0258 chunk_step=1] delta_max_rad=0.103285 delta_max_deg=5.9178 joint=right_ring_MCP_FE joint_index=13 from_rad=0.429771 to_rad=0.326486
[action 000518 chunk_step=1] raw=[-0.3273,1.3736] sent=[-0.3273,1.3736] limit_clips=0 step_clips=0 tracking_max=nan
[cmd 000778 kind=inference_hold chunk=0259 chunk_step=-] delta_max_rad=0.079992 delta_max_deg=4.5832 joint=right_ring_MCP_FE joint_index=13 from_rad=0.326486 to_rad=0.406478
[latency] hand_policy inference_ms=9.845
[chunk 0259] inference=0.010s predicted=(2, 22)
[cmd 000779 kind=policy chunk=0259 chunk_step=0] delta_max_rad=0.184732 delta_max_deg=10.5844 joint=right_thumb_IP joint_index=21 from_rad=0.526378 to_rad=0.711110
[action 000519 chunk_step=0] raw=[-0.3015,1.3517] sent=[-0.3015,1.3517] limit_clips=0 step_clips=0 tracking_max=nan
[cmd 000780 kind=policy chunk=0259 chunk_step=1] delta_max_rad=0.097629 delta_max_deg=5.5937 joint=right_pinky_DIP joint_index=12 from_rad=0.790588 to_rad=0.692959
[action 000520 chunk_step=1] raw=[-0.2619,1.3861] sent=[-0.2619,1.3861] limit_clips=0 step_clips=0 tracking_max=nan
[cmd 000781 kind=inference_hold chunk=0260 chunk_step=-] delta_max_rad=0.097950 delta_max_deg=5.6121 joint=right_ring_DIP joint_index=16 from_rad=1.386148 to_rad=1.288198
[latency] hand_policy inference_ms=8.633
[chunk 0260] inference=0.009s predicted=(2, 22)
[cmd 000782 kind=policy chunk=0260 chunk_step=0] delta_max_rad=0.142866 delta_max_deg=8.1856 joint=right_pinky_DIP joint_index=12 from_rad=0.771558 to_rad=0.628692
[action 000521 chunk_step=0] raw=[-0.2701,1.3124] sent=[-0.2701,1.3124] limit_clips=0 step_clips=0 tracking_max=nan
[cmd 000783 kind=policy chunk=0260 chunk_step=1] delta_max_rad=0.124538 delta_max_deg=7.1355 joint=right_ring_PIP joint_index=15 from_rad=0.832696 to_rad=0.708158
[action 000522 chunk_step=1] raw=[-0.3281,1.2339] sent=[-0.3281,1.2339] limit_clips=0 step_clips=0 tracking_max=nan
[cmd 000784 kind=inference_hold chunk=0261 chunk_step=-] delta_max_rad=0.079743 delta_max_deg=4.5689 joint=right_ring_PIP joint_index=15 from_rad=0.708158 to_rad=0.787901
[latency] hand_policy inference_ms=9.060
[chunk 0261] inference=0.009s predicted=(2, 22)
[cmd 000785 kind=policy chunk=0261 chunk_step=0] delta_max_rad=0.178038 delta_max_deg=10.2008 joint=right_ring_PIP joint_index=15 from_rad=0.787901 to_rad=0.609863
[action 000523 chunk_step=0] raw=[-0.3491,1.1446] sent=[-0.3491,1.1446] limit_clips=0 step_clips=0 tracking_max=nan
[cmd 000786 kind=policy chunk=0261 chunk_step=1] delta_max_rad=0.101888 delta_max_deg=5.8378 joint=right_pinky_PIP joint_index=11 from_rad=0.197391 to_rad=0.299279
[action 000524 chunk_step=1] raw=[-0.3491,1.1724] sent=[-0.3491,1.1724] limit_clips=0 step_clips=0 tracking_max=nan
[cmd 000787 kind=inference_hold chunk=0262 chunk_step=-] delta_max_rad=0.076533 delta_max_deg=4.3850 joint=right_ring_PIP joint_index=15 from_rad=0.515022 to_rad=0.591555
[latency] hand_policy inference_ms=9.961
[chunk 0262] inference=0.010s predicted=(2, 22)
[cmd 000788 kind=policy chunk=0262 chunk_step=0] delta_max_rad=0.174117 delta_max_deg=9.9761 joint=right_index_PIP joint_index=2 from_rad=0.456827 to_rad=0.630944
[action 000525 chunk_step=0] raw=[-0.3491,1.2177] sent=[-0.3491,1.2177] limit_clips=0 step_clips=0 tracking_max=nan
[cmd 000789 kind=policy chunk=0262 chunk_step=1] delta_max_rad=0.108490 delta_max_deg=6.2160 joint=right_pinky_PIP joint_index=11 from_rad=0.373010 to_rad=0.481501
[action 000526 chunk_step=1] raw=[-0.3476,1.2797] sent=[-0.3476,1.2797] limit_clips=0 step_clips=0 tracking_max=nan
[cmd 000790 kind=inference_hold chunk=0263 chunk_step=-] delta_max_rad=0.080907 delta_max_deg=4.6356 joint=right_pinky_PIP joint_index=11 from_rad=0.481501 to_rad=0.400594
[latency] hand_policy inference_ms=8.685
[chunk 0263] inference=0.009s predicted=(2, 22)
[cmd 000791 kind=policy chunk=0263 chunk_step=0] delta_max_rad=0.186274 delta_max_deg=10.6727 joint=right_ring_MCP_FE joint_index=13 from_rad=0.449515 to_rad=0.635790
[action 000527 chunk_step=0] raw=[-0.3469,1.3438] sent=[-0.3469,1.3438] limit_clips=0 step_clips=0 tracking_max=nan
[cmd 000792 kind=policy chunk=0263 chunk_step=1] delta_max_rad=0.099023 delta_max_deg=5.6736 joint=right_pinky_DIP joint_index=12 from_rad=1.111495 to_rad=1.210518
[action 000528 chunk_step=1] raw=[-0.3465,1.3560] sent=[-0.3465,1.3560] limit_clips=0 step_clips=0 tracking_max=nan
[cmd 000793 kind=inference_hold chunk=0264 chunk_step=-] delta_max_rad=0.081209 delta_max_deg=4.6529 joint=right_pinky_DIP joint_index=12 from_rad=1.210518 to_rad=1.129309
[latency] hand_policy inference_ms=9.261
[chunk 0264] inference=0.009s predicted=(2, 22)
[cmd 000794 kind=policy chunk=0264 chunk_step=0] delta_max_rad=0.131951 delta_max_deg=7.5602 joint=right_index_MCP_AA joint_index=1 from_rad=-0.151174 to_rad=-0.283125
[action 000529 chunk_step=0] raw=[-0.3459,1.3581] sent=[-0.3459,1.3581] limit_clips=0 step_clips=0 tracking_max=nan
[cmd 000795 kind=policy chunk=0264 chunk_step=1] delta_max_rad=0.104075 delta_max_deg=5.9631 joint=right_pinky_PIP joint_index=11 from_rad=0.506907 to_rad=0.402832
[action 000530 chunk_step=1] raw=[-0.3461,1.3361] sent=[-0.3461,1.3361] limit_clips=0 step_clips=0 tracking_max=nan
[cmd 000796 kind=inference_hold chunk=0265 chunk_step=-] delta_max_rad=0.068647 delta_max_deg=3.9332 joint=right_middle_DIP joint_index=7 from_rad=1.103619 to_rad=1.034973
[latency] hand_policy inference_ms=9.725
[chunk 0265] inference=0.010s predicted=(2, 22)
[cmd 000797 kind=policy chunk=0265 chunk_step=0] delta_max_rad=0.155696 delta_max_deg=8.9207 joint=right_index_PIP joint_index=2 from_rad=0.635377 to_rad=0.479681
[action 000531 chunk_step=0] raw=[-0.3465,1.3222] sent=[-0.3465,1.3222] limit_clips=0 step_clips=0 tracking_max=nan
[cmd 000798 kind=policy chunk=0265 chunk_step=1] delta_max_rad=0.102180 delta_max_deg=5.8545 joint=right_index_DIP joint_index=3 from_rad=1.006321 to_rad=0.904141
[action 000532 chunk_step=1] raw=[-0.3461,1.3022] sent=[-0.3461,1.3022] limit_clips=0 step_clips=0 tracking_max=nan
[cmd 000799 kind=inference_hold chunk=0266 chunk_step=-] delta_max_rad=0.074373 delta_max_deg=4.2613 joint=right_index_DIP joint_index=3 from_rad=0.904141 to_rad=0.978514
[latency] hand_policy inference_ms=10.115
[chunk 0266] inference=0.010s predicted=(2, 22)
[cmd 000800 kind=policy chunk=0266 chunk_step=0] delta_max_rad=0.177224 delta_max_deg=10.1542 joint=right_thumb_IP joint_index=21 from_rad=0.396288 to_rad=0.573512
[action 000533 chunk_step=0] raw=[-0.3491,1.3425] sent=[-0.3491,1.3425] limit_clips=0 step_clips=0 tracking_max=nan
[cmd 000801 kind=policy chunk=0266 chunk_step=1] delta_max_rad=0.097090 delta_max_deg=5.5629 joint=right_thumb_IP joint_index=21 from_rad=0.573512 to_rad=0.670603
[action 000534 chunk_step=1] raw=[-0.3375,1.3609] sent=[-0.3375,1.3609] limit_clips=0 step_clips=0 tracking_max=nan
[cmd 000802 kind=inference_hold chunk=0267 chunk_step=-] delta_max_rad=0.085416 delta_max_deg=4.8940 joint=right_ring_DIP joint_index=16 from_rad=1.331541 to_rad=1.246126
[latency] hand_policy inference_ms=8.780
[chunk 0267] inference=0.009s predicted=(2, 22)
[cmd 000803 kind=policy chunk=0267 chunk_step=0] delta_max_rad=0.192557 delta_max_deg=11.0327 joint=right_thumb_IP joint_index=21 from_rad=0.587815 to_rad=0.780372
[action 000535 chunk_step=0] raw=[-0.3479,1.3832] sent=[-0.3479,1.3832] limit_clips=0 step_clips=0 tracking_max=nan
[cmd 000804 kind=policy chunk=0267 chunk_step=1] delta_max_rad=0.102250 delta_max_deg=5.8585 joint=right_thumb_IP joint_index=21 from_rad=0.780372 to_rad=0.882622
[action 000536 chunk_step=1] raw=[-0.3468,1.3963] sent=[-0.3468,1.3963] limit_clips=0 step_clips=0 tracking_max=nan
[cmd 000805 kind=inference_hold chunk=0268 chunk_step=-] delta_max_rad=0.097562 delta_max_deg=5.5899 joint=right_ring_DIP joint_index=16 from_rad=1.395150 to_rad=1.297588
[latency] hand_policy inference_ms=9.007
[chunk 0268] inference=0.009s predicted=(2, 22)
[cmd 000806 kind=policy chunk=0268 chunk_step=0] delta_max_rad=0.147031 delta_max_deg=8.4243 joint=right_pinky_DIP joint_index=12 from_rad=0.803605 to_rad=0.656573
[action 000537 chunk_step=0] raw=[-0.3447,1.3526] sent=[-0.3447,1.3526] limit_clips=0 step_clips=0 tracking_max=nan
[cmd 000807 kind=policy chunk=0268 chunk_step=1] delta_max_rad=0.105585 delta_max_deg=6.0496 joint=right_middle_DIP joint_index=7 from_rad=1.334175 to_rad=1.228590
[action 000538 chunk_step=1] raw=[-0.3480,1.2661] sent=[-0.3480,1.2661] limit_clips=0 step_clips=0 tracking_max=nan
[cmd 000808 kind=inference_hold chunk=0269 chunk_step=-] delta_max_rad=0.070529 delta_max_deg=4.0410 joint=right_middle_PIP joint_index=6 from_rad=0.163216 to_rad=0.233745
[latency] hand_policy inference_ms=10.194
[chunk 0269] inference=0.010s predicted=(2, 22)
[cmd 000809 kind=policy chunk=0269 chunk_step=0] delta_max_rad=0.164609 delta_max_deg=9.4314 joint=right_middle_PIP joint_index=6 from_rad=0.233745 to_rad=0.069136
[action 000539 chunk_step=0] raw=[-0.3476,1.2178] sent=[-0.3476,1.2178] limit_clips=0 step_clips=0 tracking_max=nan
[cmd 000810 kind=policy chunk=0269 chunk_step=1] delta_max_rad=0.106806 delta_max_deg=6.1196 joint=right_pinky_PIP joint_index=11 from_rad=0.184566 to_rad=0.291372
[action 000540 chunk_step=1] raw=[-0.3478,1.2468] sent=[-0.3478,1.2468] limit_clips=0 step_clips=0 tracking_max=nan
[cmd 000811 kind=inference_hold chunk=0270 chunk_step=-] delta_max_rad=0.076165 delta_max_deg=4.3640 joint=right_pinky_PIP joint_index=11 from_rad=0.291372 to_rad=0.215207
[latency] hand_policy inference_ms=9.567
[chunk 0270] inference=0.010s predicted=(2, 22)
[cmd 000812 kind=policy chunk=0270 chunk_step=0] delta_max_rad=0.175855 delta_max_deg=10.0757 joint=right_pinky_PIP joint_index=11 from_rad=0.215207 to_rad=0.391062
[action 000541 chunk_step=0] raw=[-0.3491,1.2759] sent=[-0.3491,1.2759] limit_clips=0 step_clips=0 tracking_max=nan
[cmd 000813 kind=policy chunk=0270 chunk_step=1] delta_max_rad=0.103537 delta_max_deg=5.9322 joint=right_pinky_DIP joint_index=12 from_rad=0.864398 to_rad=0.967935
[action 000542 chunk_step=1] raw=[-0.3491,1.2974] sent=[-0.3491,1.2974] limit_clips=0 step_clips=0 tracking_max=nan
[cmd 000814 kind=inference_hold chunk=0271 chunk_step=-] delta_max_rad=0.080166 delta_max_deg=4.5932 joint=right_pinky_PIP joint_index=11 from_rad=0.488688 to_rad=0.408522
[latency] hand_policy inference_ms=8.660
[chunk 0271] inference=0.009s predicted=(2, 22)
[cmd 000815 kind=policy chunk=0271 chunk_step=0] delta_max_rad=0.191471 delta_max_deg=10.9705 joint=right_pinky_DIP joint_index=12 from_rad=0.894018 to_rad=1.085488
[action 000543 chunk_step=0] raw=[-0.3491,1.3392] sent=[-0.3491,1.3392] limit_clips=0 step_clips=0 tracking_max=nan
[cmd 000816 kind=policy chunk=0271 chunk_step=1] delta_max_rad=0.109036 delta_max_deg=6.2473 joint=right_ring_MCP_FE joint_index=13 from_rad=0.499432 to_rad=0.608468
[action 000544 chunk_step=1] raw=[-0.3476,1.3943] sent=[-0.3476,1.3943] limit_clips=0 step_clips=0 tracking_max=nan
[cmd 000817 kind=inference_hold chunk=0272 chunk_step=-] delta_max_rad=0.089902 delta_max_deg=5.1510 joint=right_index_DIP joint_index=3 from_rad=1.376410 to_rad=1.286508
[latency] hand_policy inference_ms=9.011
[chunk 0272] inference=0.009s predicted=(2, 22)
[cmd 000818 kind=policy chunk=0272 chunk_step=0] delta_max_rad=0.190563 delta_max_deg=10.9185 joint=right_ring_MCP_FE joint_index=13 from_rad=0.521575 to_rad=0.712138
[action 000545 chunk_step=0] raw=[-0.3470,1.4072] sent=[-0.3470,1.4072] limit_clips=0 step_clips=0 tracking_max=nan
[cmd 000819 kind=policy chunk=0272 chunk_step=1] delta_max_rad=0.112731 delta_max_deg=6.4590 joint=right_index_PIP joint_index=2 from_rad=0.845797 to_rad=0.733066
[action 000546 chunk_step=1] raw=[-0.3468,1.3959] sent=[-0.3468,1.3959] limit_clips=0 step_clips=0 tracking_max=nan
[cmd 000820 kind=inference_hold chunk=0273 chunk_step=-] delta_max_rad=0.062759 delta_max_deg=3.5959 joint=right_middle_PIP joint_index=6 from_rad=0.355575 to_rad=0.292816
[latency] hand_policy inference_ms=9.937
[chunk 0273] inference=0.010s predicted=(2, 22)
[cmd 000821 kind=policy chunk=0273 chunk_step=0] delta_max_rad=0.145171 delta_max_deg=8.3177 joint=right_pinky_CMC joint_index=8 from_rad=0.177835 to_rad=0.032664
[action 000547 chunk_step=0] raw=[-0.3491,1.3800] sent=[-0.3491,1.3800] limit_clips=0 step_clips=0 tracking_max=nan
[cmd 000822 kind=policy chunk=0273 chunk_step=1] delta_max_rad=0.107730 delta_max_deg=6.1725 joint=right_index_PIP joint_index=2 from_rad=0.648908 to_rad=0.541178
[action 000548 chunk_step=1] raw=[-0.3485,1.3711] sent=[-0.3485,1.3711] limit_clips=0 step_clips=0 tracking_max=nan
[cmd 000823 kind=inference_hold chunk=0274 chunk_step=-] delta_max_rad=0.079425 delta_max_deg=4.5507 joint=right_index_PIP joint_index=2 from_rad=0.541178 to_rad=0.620603
[latency] hand_policy inference_ms=8.681
[chunk 0274] inference=0.009s predicted=(2, 22)
[cmd 000824 kind=policy chunk=0274 chunk_step=0] delta_max_rad=0.184618 delta_max_deg=10.5778 joint=right_index_PIP joint_index=2 from_rad=0.620603 to_rad=0.435985
[action 000549 chunk_step=0] raw=[-0.3465,1.3672] sent=[-0.3465,1.3672] limit_clips=0 step_clips=0 tracking_max=nan
[cmd 000825 kind=policy chunk=0274 chunk_step=1] delta_max_rad=0.109793 delta_max_deg=6.2907 joint=right_pinky_PIP joint_index=11 from_rad=0.366844 to_rad=0.257051
[action 000550 chunk_step=1] raw=[-0.3445,1.3361] sent=[-0.3445,1.3361] limit_clips=0 step_clips=0 tracking_max=nan
[cmd 000826 kind=inference_hold chunk=0275 chunk_step=-] delta_max_rad=0.078672 delta_max_deg=4.5076 joint=right_pinky_PIP joint_index=11 from_rad=0.257051 to_rad=0.335723
[latency] hand_policy inference_ms=8.978
[chunk 0275] inference=0.009s predicted=(2, 22)
[cmd 000827 kind=policy chunk=0275 chunk_step=0] delta_max_rad=0.172272 delta_max_deg=9.8705 joint=right_pinky_PIP joint_index=11 from_rad=0.335723 to_rad=0.163451
[action 000551 chunk_step=0] raw=[-0.3481,1.3215] sent=[-0.3481,1.3215] limit_clips=0 step_clips=0 tracking_max=nan
[cmd 000828 kind=policy chunk=0275 chunk_step=1] delta_max_rad=0.094246 delta_max_deg=5.3999 joint=right_pinky_DIP joint_index=12 from_rad=0.764105 to_rad=0.669859
[action 000552 chunk_step=1] raw=[-0.3467,1.3581] sent=[-0.3467,1.3581] limit_clips=0 step_clips=0 tracking_max=nan
[cmd 000829 kind=inference_hold chunk=0276 chunk_step=-] delta_max_rad=0.079019 delta_max_deg=4.5274 joint=right_ring_DIP joint_index=16 from_rad=1.339011 to_rad=1.259992
[latency] hand_policy inference_ms=9.914
[chunk 0276] inference=0.010s predicted=(2, 22)
[cmd 000830 kind=policy chunk=0276 chunk_step=0] delta_max_rad=0.147377 delta_max_deg=8.4441 joint=right_pinky_CMC joint_index=8 from_rad=0.068183 to_rad=0.215561
[action 000553 chunk_step=0] raw=[-0.3470,1.3660] sent=[-0.3470,1.3660] limit_clips=0 step_clips=0 tracking_max=nan
[cmd 000831 kind=policy chunk=0276 chunk_step=1] delta_max_rad=0.112845 delta_max_deg=6.4655 joint=right_ring_PIP joint_index=15 from_rad=0.847894 to_rad=0.735049
[action 000554 chunk_step=1] raw=[-0.3471,1.2906] sent=[-0.3471,1.2906] limit_clips=0 step_clips=0 tracking_max=nan
[cmd 000832 kind=inference_hold chunk=0277 chunk_step=-] delta_max_rad=0.071593 delta_max_deg=4.1020 joint=right_middle_PIP joint_index=6 from_rad=0.442700 to_rad=0.514293
[latency] hand_policy inference_ms=8.752
[chunk 0277] inference=0.009s predicted=(2, 22)
[cmd 000833 kind=policy chunk=0277 chunk_step=0] delta_max_rad=0.156625 delta_max_deg=8.9740 joint=right_middle_PIP joint_index=6 from_rad=0.514293 to_rad=0.357668
[action 000555 chunk_step=0] raw=[-0.3476,1.2584] sent=[-0.3476,1.2584] limit_clips=0 step_clips=0 tracking_max=nan
[cmd 000834 kind=policy chunk=0277 chunk_step=1] delta_max_rad=0.117757 delta_max_deg=6.7470 joint=right_pinky_PIP joint_index=11 from_rad=0.219219 to_rad=0.336976
[action 000556 chunk_step=1] raw=[-0.3479,1.2590] sent=[-0.3479,1.2590] limit_clips=0 step_clips=0 tracking_max=nan
[cmd 000835 kind=inference_hold chunk=0278 chunk_step=-] delta_max_rad=0.083343 delta_max_deg=4.7752 joint=right_pinky_PIP joint_index=11 from_rad=0.336976 to_rad=0.253633
[latency] hand_policy inference_ms=9.096
[chunk 0278] inference=0.009s predicted=(2, 22)
[cmd 000836 kind=policy chunk=0278 chunk_step=0] delta_max_rad=0.178009 delta_max_deg=10.1992 joint=right_thumb_IP joint_index=21 from_rad=0.700049 to_rad=0.522040
[action 000557 chunk_step=0] raw=[-0.3491,1.2757] sent=[-0.3491,1.2757] limit_clips=0 step_clips=0 tracking_max=nan
[cmd 000837 kind=policy chunk=0278 chunk_step=1] delta_max_rad=0.114164 delta_max_deg=6.5411 joint=right_middle_MCP_FE joint_index=4 from_rad=0.552507 to_rad=0.666671
[action 000558 chunk_step=1] raw=[-0.3491,1.3410] sent=[-0.3491,1.3410] limit_clips=0 step_clips=0 tracking_max=nan
[cmd 000838 kind=inference_hold chunk=0279 chunk_step=-] delta_max_rad=0.086903 delta_max_deg=4.9792 joint=right_middle_MCP_FE joint_index=4 from_rad=0.666671 to_rad=0.579767
[latency] hand_policy inference_ms=10.406
[chunk 0279] inference=0.010s predicted=(2, 22)
[cmd 000839 kind=policy chunk=0279 chunk_step=0] delta_max_rad=0.183724 delta_max_deg=10.5266 joint=right_middle_MCP_FE joint_index=4 from_rad=0.579767 to_rad=0.763491
[action 000559 chunk_step=0] raw=[-0.3479,1.3712] sent=[-0.3479,1.3712] limit_clips=0 step_clips=0 tracking_max=nan
[cmd 000840 kind=policy chunk=0279 chunk_step=1] delta_max_rad=0.113154 delta_max_deg=6.4832 joint=right_middle_DIP joint_index=7 from_rad=0.909656 to_rad=1.022810
[action 000560 chunk_step=1] raw=[-0.3485,1.3757] sent=[-0.3485,1.3757] limit_clips=0 step_clips=0 tracking_max=nan
[cmd 000841 kind=inference_hold chunk=0280 chunk_step=-] delta_max_rad=0.086908 delta_max_deg=4.9795 joint=right_ring_MCP_FE joint_index=13 from_rad=0.773962 to_rad=0.687054
[latency] hand_policy inference_ms=9.681
[chunk 0280] inference=0.010s predicted=(2, 22)
[cmd 000842 kind=policy chunk=0280 chunk_step=0] delta_max_rad=0.141671 delta_max_deg=8.1171 joint=right_index_MCP_AA joint_index=1 from_rad=-0.156078 to_rad=-0.297749
[action 000561 chunk_step=0] raw=[-0.3491,1.3571] sent=[-0.3491,1.3571] limit_clips=0 step_clips=0 tracking_max=nan
[cmd 000843 kind=policy chunk=0280 chunk_step=1] delta_max_rad=0.121593 delta_max_deg=6.9667 joint=right_middle_DIP joint_index=7 from_rad=1.100102 to_rad=1.221695
[action 000562 chunk_step=1] raw=[-0.3483,1.3396] sent=[-0.3483,1.3396] limit_clips=0 step_clips=0 tracking_max=nan
[cmd 000844 kind=inference_hold chunk=0281 chunk_step=-] delta_max_rad=0.083051 delta_max_deg=4.7585 joint=right_middle_DIP joint_index=7 from_rad=1.221695 to_rad=1.138643
[latency] hand_policy inference_ms=8.761
[chunk 0281] inference=0.009s predicted=(2, 22)
[cmd 000845 kind=policy chunk=0281 chunk_step=0] delta_max_rad=0.174946 delta_max_deg=10.0237 joint=right_middle_DIP joint_index=7 from_rad=1.138643 to_rad=1.313590
[action 000563 chunk_step=0] raw=[-0.3475,1.3136] sent=[-0.3475,1.3136] limit_clips=0 step_clips=0 tracking_max=nan
[cmd 000846 kind=policy chunk=0281 chunk_step=1] delta_max_rad=0.110166 delta_max_deg=6.3121 joint=right_index_DIP joint_index=3 from_rad=0.996412 to_rad=0.886246
[action 000564 chunk_step=1] raw=[-0.3453,1.3812] sent=[-0.3453,1.3812] limit_clips=0 step_clips=0 tracking_max=nan
[cmd 000847 kind=inference_hold chunk=0282 chunk_step=-] delta_max_rad=0.107104 delta_max_deg=6.1366 joint=right_middle_DIP joint_index=7 from_rad=1.381161 to_rad=1.274057
[latency] hand_policy inference_ms=9.139
[chunk 0282] inference=0.009s predicted=(2, 22)
[cmd 000848 kind=policy chunk=0282 chunk_step=0] delta_max_rad=0.174553 delta_max_deg=10.0011 joint=right_pinky_PIP joint_index=11 from_rad=0.333181 to_rad=0.158628
[action 000565 chunk_step=0] raw=[-0.3487,1.3963] sent=[-0.3487,1.3963] limit_clips=0 step_clips=0 tracking_max=nan
[cmd 000849 kind=policy chunk=0282 chunk_step=1] delta_max_rad=0.099832 delta_max_deg=5.7200 joint=right_thumb_IP joint_index=21 from_rad=0.679572 to_rad=0.779404
[action 000566 chunk_step=1] raw=[-0.3474,1.3888] sent=[-0.3474,1.3888] limit_clips=0 step_clips=0 tracking_max=nan
[cmd 000850 kind=inference_hold chunk=0283 chunk_step=-] delta_max_rad=0.085965 delta_max_deg=4.9254 joint=right_middle_DIP joint_index=7 from_rad=1.388822 to_rad=1.302857
[latency] hand_policy inference_ms=9.941
[chunk 0283] inference=0.010s predicted=(2, 22)
[cmd 000851 kind=policy chunk=0283 chunk_step=0] delta_max_rad=0.175648 delta_max_deg=10.0639 joint=right_thumb_IP joint_index=21 from_rad=0.697580 to_rad=0.873228
[action 000567 chunk_step=0] raw=[-0.3491,1.3941] sent=[-0.3491,1.3941] limit_clips=0 step_clips=0 tracking_max=nan
[cmd 000852 kind=policy chunk=0283 chunk_step=1] delta_max_rad=0.102988 delta_max_deg=5.9008 joint=right_index_DIP joint_index=3 from_rad=0.820167 to_rad=0.923155
[action 000568 chunk_step=1] raw=[-0.3466,1.3543] sent=[-0.3466,1.3543] limit_clips=0 step_clips=0 tracking_max=nan
[cmd 000853 kind=inference_hold chunk=0284 chunk_step=-] delta_max_rad=0.070955 delta_max_deg=4.0654 joint=right_pinky_CMC joint_index=8 from_rad=0.207775 to_rad=0.136819
[latency] hand_policy inference_ms=8.656
[chunk 0284] inference=0.009s predicted=(2, 22)
[cmd 000854 kind=policy chunk=0284 chunk_step=0] delta_max_rad=0.158029 delta_max_deg=9.0544 joint=right_index_DIP joint_index=3 from_rad=0.864979 to_rad=1.023008
[action 000569 chunk_step=0] raw=[-0.3491,1.2512] sent=[-0.3491,1.2512] limit_clips=0 step_clips=0 tracking_max=nan
[cmd 000855 kind=policy chunk=0284 chunk_step=1] delta_max_rad=0.110325 delta_max_deg=6.3212 joint=right_pinky_PIP joint_index=11 from_rad=0.127460 to_rad=0.237786
[action 000570 chunk_step=1] raw=[-0.3484,1.1738] sent=[-0.3484,1.1738] limit_clips=0 step_clips=0 tracking_max=nan
[cmd 000856 kind=inference_hold chunk=0285 chunk_step=-] delta_max_rad=0.079889 delta_max_deg=4.5773 joint=right_ring_PIP joint_index=15 from_rad=0.646362 to_rad=0.726251
[latency] hand_policy inference_ms=8.947
[chunk 0285] inference=0.009s predicted=(2, 22)
[cmd 000857 kind=policy chunk=0285 chunk_step=0] delta_max_rad=0.177366 delta_max_deg=10.1624 joint=right_index_DIP joint_index=3 from_rad=1.030010 to_rad=1.207377
[action 000571 chunk_step=0] raw=[-0.3475,1.2074] sent=[-0.3475,1.2074] limit_clips=0 step_clips=0 tracking_max=nan
[cmd 000858 kind=policy chunk=0285 chunk_step=1] delta_max_rad=0.101682 delta_max_deg=5.8260 joint=right_ring_PIP joint_index=15 from_rad=0.552655 to_rad=0.450973
[action 000572 chunk_step=1] raw=[-0.3461,1.2900] sent=[-0.3461,1.2900] limit_clips=0 step_clips=0 tracking_max=nan
[cmd 000859 kind=inference_hold chunk=0286 chunk_step=-] delta_max_rad=0.078344 delta_max_deg=4.4888 joint=right_ring_PIP joint_index=15 from_rad=0.450973 to_rad=0.529316
[latency] hand_policy inference_ms=10.347
[chunk 0286] inference=0.010s predicted=(2, 22)
[cmd 000860 kind=policy chunk=0286 chunk_step=0] delta_max_rad=0.160072 delta_max_deg=9.1714 joint=right_pinky_DIP joint_index=12 from_rad=0.987144 to_rad=1.147216
[action 000573 chunk_step=0] raw=[-0.3473,1.3511] sent=[-0.3473,1.3511] limit_clips=0 step_clips=0 tracking_max=nan
[cmd 000861 kind=policy chunk=0286 chunk_step=1] delta_max_rad=0.099515 delta_max_deg=5.7018 joint=right_ring_MCP_FE joint_index=13 from_rad=0.614324 to_rad=0.713838
[action 000574 chunk_step=1] raw=[-0.3460,1.3059] sent=[-0.3460,1.3059] limit_clips=0 step_clips=0 tracking_max=nan
[cmd 000862 kind=inference_hold chunk=0287 chunk_step=-] delta_max_rad=0.083466 delta_max_deg=4.7822 joint=right_ring_MCP_FE joint_index=13 from_rad=0.713838 to_rad=0.630373
[latency] hand_policy inference_ms=9.684
[chunk 0287] inference=0.010s predicted=(2, 22)
[cmd 000863 kind=policy chunk=0287 chunk_step=0] delta_max_rad=0.125515 delta_max_deg=7.1915 joint=right_pinky_MCP_AA joint_index=10 from_rad=0.216728 to_rad=0.342243
[action 000575 chunk_step=0] raw=[-0.3491,1.3182] sent=[-0.3491,1.3182] limit_clips=0 step_clips=0 tracking_max=nan
[cmd 000864 kind=policy chunk=0287 chunk_step=1] delta_max_rad=0.110922 delta_max_deg=6.3554 joint=right_pinky_PIP joint_index=11 from_rad=0.454347 to_rad=0.343425
[action 000576 chunk_step=1] raw=[-0.3487,1.3156] sent=[-0.3487,1.3156] limit_clips=0 step_clips=0 tracking_max=nan
[cmd 000865 kind=inference_hold chunk=0288 chunk_step=-] delta_max_rad=0.067009 delta_max_deg=3.8393 joint=right_middle_DIP joint_index=7 from_rad=1.209396 to_rad=1.142387
[latency] hand_policy inference_ms=8.755
[chunk 0288] inference=0.009s predicted=(2, 22)
[cmd 000866 kind=policy chunk=0288 chunk_step=0] delta_max_rad=0.155691 delta_max_deg=8.9204 joint=right_middle_DIP joint_index=7 from_rad=1.142387 to_rad=1.298078
[action 000577 chunk_step=0] raw=[-0.3468,1.3084] sent=[-0.3468,1.3084] limit_clips=0 step_clips=0 tracking_max=nan
[cmd 000867 kind=policy chunk=0288 chunk_step=1] delta_max_rad=0.107338 delta_max_deg=6.1500 joint=right_index_DIP joint_index=3 from_rad=1.034044 to_rad=0.926706
[action 000578 chunk_step=1] raw=[-0.3476,1.3793] sent=[-0.3476,1.3793] limit_clips=0 step_clips=0 tracking_max=nan
[cmd 000868 kind=inference_hold chunk=0289 chunk_step=-] delta_max_rad=0.105356 delta_max_deg=6.0365 joint=right_middle_DIP joint_index=7 from_rad=1.379311 to_rad=1.273954
[latency] hand_policy inference_ms=9.061
[chunk 0289] inference=0.009s predicted=(2, 22)
[cmd 000869 kind=policy chunk=0289 chunk_step=0] delta_max_rad=0.169638 delta_max_deg=9.7196 joint=right_pinky_PIP joint_index=11 from_rad=0.235427 to_rad=0.065788
[action 000579 chunk_step=0] raw=[-0.3491,1.3913] sent=[-0.3491,1.3913] limit_clips=0 step_clips=0 tracking_max=nan
[cmd 000870 kind=policy chunk=0289 chunk_step=1] delta_max_rad=0.106506 delta_max_deg=6.1024 joint=right_ring_MCP_FE joint_index=13 from_rad=0.371283 to_rad=0.264777
[action 000580 chunk_step=1] raw=[-0.3469,1.3963] sent=[-0.3469,1.3963] limit_clips=0 step_clips=0 tracking_max=nan
[cmd 000871 kind=inference_hold chunk=0290 chunk_step=-] delta_max_rad=0.093612 delta_max_deg=5.3636 joint=right_middle_DIP joint_index=7 from_rad=1.396300 to_rad=1.302688
[latency] hand_policy inference_ms=10.296
[chunk 0290] inference=0.010s predicted=(2, 22)
[cmd 000872 kind=policy chunk=0290 chunk_step=0] delta_max_rad=0.111569 delta_max_deg=6.3924 joint=right_ring_MCP_FE joint_index=13 from_rad=0.348834 to_rad=0.237265
[action 000581 chunk_step=0] raw=[-0.3470,1.3335] sent=[-0.3470,1.3335] limit_clips=0 step_clips=0 tracking_max=nan
[cmd 000873 kind=policy chunk=0290 chunk_step=1] delta_max_rad=0.125082 delta_max_deg=7.1666 joint=right_ring_PIP joint_index=15 from_rad=0.750654 to_rad=0.625573
[action 000582 chunk_step=1] raw=[-0.3483,1.2467] sent=[-0.3483,1.2467] limit_clips=0 step_clips=0 tracking_max=nan
[cmd 000874 kind=inference_hold chunk=0291 chunk_step=-] delta_max_rad=0.075526 delta_max_deg=4.3273 joint=right_ring_PIP joint_index=15 from_rad=0.625573 to_rad=0.701099
[latency] hand_policy inference_ms=9.882
[chunk 0291] inference=0.010s predicted=(2, 22)
[cmd 000875 kind=policy chunk=0291 chunk_step=0] delta_max_rad=0.170147 delta_max_deg=9.7487 joint=right_index_PIP joint_index=2 from_rad=0.457736 to_rad=0.627884
[action 000583 chunk_step=0] raw=[-0.3477,1.2058] sent=[-0.3477,1.2058] limit_clips=0 step_clips=0 tracking_max=nan
[cmd 000876 kind=policy chunk=0291 chunk_step=1] delta_max_rad=0.101681 delta_max_deg=5.8259 joint=right_middle_MCP_FE joint_index=4 from_rad=0.454902 to_rad=0.556582
[action 000584 chunk_step=1] raw=[-0.3485,1.2512] sent=[-0.3485,1.2512] limit_clips=0 step_clips=0 tracking_max=nan
[cmd 000877 kind=inference_hold chunk=0292 chunk_step=-] delta_max_rad=0.080161 delta_max_deg=4.5929 joint=right_index_PIP joint_index=2 from_rad=0.724326 to_rad=0.644165
[latency] hand_policy inference_ms=8.780
[chunk 0292] inference=0.009s predicted=(2, 22)
[cmd 000878 kind=policy chunk=0292 chunk_step=0] delta_max_rad=0.176375 delta_max_deg=10.1055 joint=right_middle_MCP_FE joint_index=4 from_rad=0.485820 to_rad=0.662195
[action 000585 chunk_step=0] raw=[-0.3469,1.3339] sent=[-0.3469,1.3339] limit_clips=0 step_clips=0 tracking_max=nan
[cmd 000879 kind=policy chunk=0292 chunk_step=1] delta_max_rad=0.101181 delta_max_deg=5.7973 joint=right_ring_MCP_FE joint_index=13 from_rad=0.563005 to_rad=0.664186
[action 000586 chunk_step=1] raw=[-0.3475,1.3858] sent=[-0.3475,1.3858] limit_clips=0 step_clips=0 tracking_max=nan
[cmd 000880 kind=inference_hold chunk=0293 chunk_step=-] delta_max_rad=0.104454 delta_max_deg=5.9848 joint=right_index_DIP joint_index=3 from_rad=1.385845 to_rad=1.281390
[latency] hand_policy inference_ms=8.951
[chunk 0293] inference=0.009s predicted=(2, 22)
[cmd 000881 kind=policy chunk=0293 chunk_step=0] delta_max_rad=0.171140 delta_max_deg=9.8056 joint=right_middle_PIP joint_index=6 from_rad=0.309217 to_rad=0.480357
[action 000587 chunk_step=0] raw=[-0.3486,1.3495] sent=[-0.3486,1.3495] limit_clips=0 step_clips=0 tracking_max=nan
[cmd 000882 kind=policy chunk=0293 chunk_step=1] delta_max_rad=0.101968 delta_max_deg=5.8423 joint=right_index_PIP joint_index=2 from_rad=0.780952 to_rad=0.678984
[action 000588 chunk_step=1] raw=[-0.3491,1.3674] sent=[-0.3491,1.3674] limit_clips=0 step_clips=0 tracking_max=nan
[cmd 000883 kind=inference_hold chunk=0294 chunk_step=-] delta_max_rad=0.079361 delta_max_deg=4.5470 joint=right_pinky_DIP joint_index=12 from_rad=1.367361 to_rad=1.288000
[latency] hand_policy inference_ms=10.676
[chunk 0294] inference=0.011s predicted=(2, 22)
[cmd 000884 kind=policy chunk=0294 chunk_step=0] delta_max_rad=0.162732 delta_max_deg=9.3238 joint=right_pinky_CMC joint_index=8 from_rad=0.182111 to_rad=0.019380
[action 000589 chunk_step=0] raw=[-0.3477,1.3632] sent=[-0.3477,1.3632] limit_clips=0 step_clips=0 tracking_max=nan
[cmd 000885 kind=policy chunk=0294 chunk_step=1] delta_max_rad=0.099143 delta_max_deg=5.6805 joint=right_index_PIP joint_index=2 from_rad=0.594067 to_rad=0.494924
[action 000590 chunk_step=1] raw=[-0.3485,1.3796] sent=[-0.3485,1.3796] limit_clips=0 step_clips=0 tracking_max=nan
[cmd 000886 kind=inference_hold chunk=0295 chunk_step=-] delta_max_rad=0.110604 delta_max_deg=6.3371 joint=right_middle_DIP joint_index=7 from_rad=1.379602 to_rad=1.268998
[latency] hand_policy inference_ms=10.022
[chunk 0295] inference=0.010s predicted=(2, 22)
[cmd 000887 kind=policy chunk=0295 chunk_step=0] delta_max_rad=0.169213 delta_max_deg=9.6952 joint=right_index_PIP joint_index=2 from_rad=0.576636 to_rad=0.407422
[action 000591 chunk_step=0] raw=[-0.3480,1.3963] sent=[-0.3480,1.3963] limit_clips=0 step_clips=0 tracking_max=nan
[cmd 000888 kind=policy chunk=0295 chunk_step=1] delta_max_rad=0.100681 delta_max_deg=5.7686 joint=right_index_PIP joint_index=2 from_rad=0.407422 to_rad=0.306742
[action 000592 chunk_step=1] raw=[-0.3479,1.3948] sent=[-0.3479,1.3948] limit_clips=0 step_clips=0 tracking_max=nan
[cmd 000889 kind=inference_hold chunk=0296 chunk_step=-] delta_max_rad=0.094314 delta_max_deg=5.4038 joint=right_middle_DIP joint_index=7 from_rad=1.394847 to_rad=1.300534
[latency] hand_policy inference_ms=8.730
[chunk 0296] inference=0.009s predicted=(2, 22)
[cmd 000890 kind=policy chunk=0296 chunk_step=0] delta_max_rad=0.173697 delta_max_deg=9.9521 joint=right_ring_MCP_FE joint_index=13 from_rad=0.452323 to_rad=0.278626
[action 000593 chunk_step=0] raw=[-0.3491,1.3935] sent=[-0.3491,1.3935] limit_clips=0 step_clips=0 tracking_max=nan
[cmd 000891 kind=policy chunk=0296 chunk_step=1] delta_max_rad=0.096091 delta_max_deg=5.5056 joint=right_thumb_IP joint_index=21 from_rad=0.622628 to_rad=0.718719
[action 000594 chunk_step=1] raw=[-0.3382,1.3963] sent=[-0.3382,1.3963] limit_clips=0 step_clips=0 tracking_max=nan
[cmd 000892 kind=inference_hold chunk=0297 chunk_step=-] delta_max_rad=0.089072 delta_max_deg=5.1035 joint=right_middle_DIP joint_index=7 from_rad=1.396300 to_rad=1.307228
[latency] hand_policy inference_ms=8.989
[chunk 0297] inference=0.009s predicted=(2, 22)
[cmd 000893 kind=policy chunk=0297 chunk_step=0] delta_max_rad=0.144623 delta_max_deg=8.2863 joint=right_pinky_CMC joint_index=8 from_rad=0.116408 to_rad=0.261031
[action 000595 chunk_step=0] raw=[-0.3491,1.3657] sent=[-0.3491,1.3657] limit_clips=0 step_clips=0 tracking_max=nan
[cmd 000894 kind=policy chunk=0297 chunk_step=1] delta_max_rad=0.109909 delta_max_deg=6.2973 joint=right_ring_PIP joint_index=15 from_rad=0.795234 to_rad=0.685325
[action 000596 chunk_step=1] raw=[-0.3464,1.2730] sent=[-0.3464,1.2730] limit_clips=0 step_clips=0 tracking_max=nan
[cmd 000895 kind=inference_hold chunk=0298 chunk_step=-] delta_max_rad=0.060986 delta_max_deg=3.4942 joint=right_ring_PIP joint_index=15 from_rad=0.685325 to_rad=0.746311
[latency] hand_policy inference_ms=9.940
[chunk 0298] inference=0.010s predicted=(2, 22)
[cmd 000896 kind=policy chunk=0298 chunk_step=0] delta_max_rad=0.162597 delta_max_deg=9.3161 joint=right_ring_PIP joint_index=15 from_rad=0.746311 to_rad=0.583714
[action 000597 chunk_step=0] raw=[-0.3485,1.1814] sent=[-0.3485,1.1814] limit_clips=0 step_clips=0 tracking_max=nan
[cmd 000897 kind=policy chunk=0298 chunk_step=1] delta_max_rad=0.097652 delta_max_deg=5.5951 joint=right_ring_PIP joint_index=15 from_rad=0.583714 to_rad=0.486061
[action 000598 chunk_step=1] raw=[-0.3472,1.1931] sent=[-0.3472,1.1931] limit_clips=0 step_clips=0 tracking_max=nan
[cmd 000898 kind=inference_hold chunk=0299 chunk_step=-] delta_max_rad=0.076556 delta_max_deg=4.3863 joint=right_ring_PIP joint_index=15 from_rad=0.486061 to_rad=0.562618
[latency] hand_policy inference_ms=9.972
[chunk 0299] inference=0.010s predicted=(2, 22)
[cmd 000899 kind=policy chunk=0299 chunk_step=0] delta_max_rad=0.170879 delta_max_deg=9.7906 joint=right_index_DIP joint_index=3 from_rad=1.121223 to_rad=1.292102
[action 000599 chunk_step=0] raw=[-0.3486,1.2921] sent=[-0.3486,1.2921] limit_clips=0 step_clips=0 tracking_max=nan
[cmd 000900 kind=policy chunk=0299 chunk_step=1] delta_max_rad=0.104519 delta_max_deg=5.9885 joint=right_pinky_PIP joint_index=11 from_rad=0.354477 to_rad=0.458995
[action 000600 chunk_step=1] raw=[-0.3491,1.3548] sent=[-0.3491,1.3548] limit_clips=0 step_clips=0 tracking_max=nan
[done] steps=600 chunks=300 elapsed=26.13s inference=2.81s joint_limit_clips=0 step_clips=0
[cmd 000901 kind=exit_hold chunk=0300 chunk_step=-] delta_max_rad=0.105964 delta_max_deg=6.0713 joint=right_pinky_DIP joint_index=12 from_rad=1.354743 to_rad=1.248779
[cleanup] SharpA held at measured position
