[real] log: /media/frankagvl/U393/Dex_Diffuse/reports/dataset_initialization_no_hold_20260917/dataset_pose_1_seed50.txt (keeping all runs; no retention limit)
[real] structured debug: /media/frankagvl/U393/Dex_Diffuse/reports/dataset_initialization_no_hold_20260917/dataset_pose_1_seed50.jsonl
[real] started: 2026-09-17T16:57:44+08:00
[experiment] 空手无灯泡 数据集初始化对照; dataset_pose_1; 来源=/media/frankagvl/U393/20260907173246/shards/shard_000075.h5; row=581566; episode=148746; step=0; 不holding; seed=50; 600动作; chunk=2; 30Hz; TensorRT FP32; fused DDIM4; 无插值; 软件步长限幅与关节限位关闭，与历史基线一致; 0.09rad是统计阈值，不是本次执行限幅; 统计相邻policy action的绝对差，分别统计逐关节与22关节最大变化; 初始化使用上述数据集qpos，不使用robot_init.py默认ROTATE数值
WARNING:torch_tensorrt.dynamo.conversion.aten_ops_converters:Unable to import quantization op. Please install modelopt library (https://github.com/NVIDIA/TensorRT-Model-Optimizer?tab=readme-ov-file#installation) to add support for compiling quantized models
[experiment] Dataset initialization (ROTATE slot overridden only in this process):
{"name": "dataset_pose_1", "shard": "/media/frankagvl/U393/20260907173246/shards/shard_000075.h5", "row": 581566, "episode_id": 148746, "env_id": 1372, "step": 0, "qualifying_rows_in_shard": 33, "qpos_policy_rad": [0.6580803394317627, -0.03744758665561676, 0.4499969482421875, 0.4182799458503723, 0.688421368598938, 0.203168123960495, 0.3868262767791748, 0.36518049240112305, 0.10615497082471848, 1.0007035732269287, 0.24028116464614868, 0.09077588468790054, 1.396299958229065, 0.8024528622627258, 0.27262628078460693, 0.5812839865684509, 0.7583293318748474, 1.0939851999282837, -0.3490999937057495, 0.835817277431488, -0.3490999937057495, 0.0], "qpos_real_rad": [1.0939851999282837, -0.3490999937057495, 0.835817277431488, -0.3490999937057495, 0.0, 0.6580803394317627, -0.03744758665561676, 0.4499969482421875, 0.4182799458503723, 0.688421368598938, 0.203168123960495, 0.3868262767791748, 0.36518049240112305, 0.8024528622627258, 0.27262628078460693, 0.5812839865684509, 0.7583293318748474, 0.10615497082471848, 1.0007035732269287, 0.24028116464614868, 0.09077588468790054, 1.396299958229065], "target_before_policy_rad": [0.6580803394317627, -0.03744758665561676, 0.4499969482421875, 0.4182799458503723, 0.688421368598938, 0.203168123960495, 0.3868262767791748, 0.36518049240112305, 0.10615497082471848, 1.0007035732269287, 0.24028116464614868, 0.09077588468790054, 1.396299958229065, 0.8024528622627258, 0.27262628078460693, 0.5812839865684509, 0.7583293318748474, 1.0939851999282837, -0.3490999937057495, 0.835817277431488, -0.3490999937057495, 0.0], "target_after_policy_rad": [0.7429046630859375, -0.020097848027944565, 0.391071081161499, 0.4819931387901306, 0.6933499574661255, 0.14954432845115662, 0.4768262803554535, 0.45518049597740173, 0.14352953433990479, 1.0907036066055298, 0.24028116464614868, 0.07537879794836044, 1.396299958229065, 0.7281791567802429, 0.27262628078460693, 0.6104466915130615, 0.758956789970398, 1.1240427494049072, -0.2693186402320862, 0.8408792614936829, -0.3490999937057495, 0.03967180475592613], "source_target_step_max_rad": 0.09000003337860107, "max_abs_marginal_z": 2.6565635347043193}
[init] SharpA init_pose=ROTATE
[debug] structured record: /media/frankagvl/U393/Dex_Diffuse/reports/dataset_initialization_no_hold_20260917/dataset_pose_1_seed50.jsonl
[hand] connecting to tcp://localhost:5570
[preflight] SharpA state OK: [1.2617000341415405, -0.035100001841783524, 0.4207000136375427, -0.3158000111579895, 0.05429999902844429, 0.8396999835968018, 0.1444000005722046, 0.609499990940094, 0.6453999876976013, 0.6656000018119812, 0.314300000667572, 0.38920000195503235, 0.49970000982284546, 0.7116000056266785, 0.31470000743865967, 0.004600000102072954, 1.2681000232696533, 0.01590000092983246, 1.4622999429702759, 0.31459999084472656, 0.32679998874664307, 1.3098000288009644]
[init] moving SharpA to HAND_READY_JOINTS: 50 steps / 2s
[init] SharpA max error=0.0865 rad
[init] SharpA HAND_READY_JOINTS reached
[init] requested robot initialization completed
WARNING:torch_tensorrt.dynamo.conversion.aten_ops_converters:Unable to import quantization op. Please install modelopt library (https://github.com/NVIDIA/TensorRT-Model-Optimizer?tab=readme-ov-file#installation) to add support for compiling quantized models
[real] python: /home/frankagvl/anaconda3/envs/dexIL/bin/python
[real] checkpoint: /media/frankagvl/U393/Dex_Diffuse/runs/obs_4-66.ckpt
[real] policy: obs=66 action=22 sampler=ddim inference_steps=4 chunk=2
[real] acceleration: tensorrt=1 precision=fp32 fused_ddim=1
[real] startup: SharpA initial-pose motion disabled
[real] LIVE: wait_for_enter=0; Ctrl-C holds measured hand qpos
[real] schedule: infer -> execute 2 targets at 30 Hz -> infer
[real] hold during inference: 0 (live only)
WARNING:torch_tensorrt.dynamo.conversion.aten_ops_converters:Unable to import quantization op. Please install modelopt library (https://github.com/NVIDIA/TensorRT-Model-Optimizer?tab=readme-ov-file#installation) to add support for compiling quantized models
[debug] structured record: /media/frankagvl/U393/Dex_Diffuse/reports/dataset_initialization_no_hold_20260917/dataset_pose_1_seed50.jsonl
[hand] connecting to tcp://localhost:5570
[hand] SharpA server ready
[initial-pose] motion disabled; using measured qpos
[policy] loading /media/frankagvl/U393/Dex_Diffuse/runs/obs_4-66.ckpt
[policy] loaded EMA model; step=54316 epoch=74; spec={'obs_dim': 66, 'action_dim': 22, 'n_obs_steps': 4, 'n_pred_action_steps': 9, 'n_action_steps': 5, 'horizon': 12}; sampler=ddim inference_steps=4
[policy] preparing TensorRT FP32 UNet (load validated cache or compile)...
[TensorRT] loaded cached engine: /media/frankagvl/U393/Dex_Diffuse/runs/obs_4-66.unet.fp32.trt.pt
[policy] TensorRT UNet ready in 1.7s
WARNING: [Torch-TensorRT] - Using default stream in enqueueV3() may lead to performance issues due to additional calls to cudaStreamSynchronize() by TensorRT to ensure correct synchronization. Please use non-default stream instead.
[latency] hand_policy inference_ms=73.007
[policy] synthetic inference passed in 0.073s
[initial-state] measured policy-order qpos(rad)=[ 0.661029, -0.034272,  0.456779,  0.419528,  0.689074,  0.212346,  0.389235,  0.366404,  0.08538 ,  1.004988,  0.239759,  0.094436,  1.309819,  0.795826,  0.273325,  0.577741,  0.759806,  1.099952, -0.312726,  0.832862, -0.314379,  0.003285]
[mode] LIVE; 66-D obs -> 22-D absolute SharpA targets; serial 2-step chunks at 30 Hz
[limits] joint_limits=False step_clamp=False max_tracking_error=0
[schedule] freeze obs from shared qpos sample -> infer -> execute chunk with per-step state reads -> repeat
[latency] hand_policy inference_ms=10.306
[chunk 0000] inference=0.010s predicted=(2, 22)
[cmd 000001 kind=policy chunk=0000 chunk_step=0] delta_max_rad=nan delta_max_deg=nan reference=unknown
[action 000001 chunk_step=0] raw=[-0.3461,1.3649] sent=[-0.3461,1.3649] limit_clips=0 step_clips=0 tracking_max=nan
[cmd 000002 kind=policy chunk=0000 chunk_step=1] delta_max_rad=0.089557 delta_max_deg=5.1312 joint=right_index_PIP joint_index=2 from_rad=0.364963 to_rad=0.275405
[action 000002 chunk_step=1] raw=[-0.3482,1.3936] sent=[-0.3482,1.3936] limit_clips=0 step_clips=0 tracking_max=nan
[latency] hand_policy inference_ms=9.546
[chunk 0001] inference=0.010s predicted=(2, 22)
[cmd 000003 kind=policy chunk=0001 chunk_step=0] delta_max_rad=0.098320 delta_max_deg=5.6333 joint=right_middle_DIP joint_index=7 from_rad=0.496198 to_rad=0.594517
[action 000003 chunk_step=0] raw=[-0.3467,1.3961] sent=[-0.3467,1.3961] limit_clips=0 step_clips=0 tracking_max=nan
[cmd 000004 kind=policy chunk=0001 chunk_step=1] delta_max_rad=0.107537 delta_max_deg=6.1614 joint=right_middle_DIP joint_index=7 from_rad=0.594517 to_rad=0.702054
[action 000004 chunk_step=1] raw=[-0.3491,1.3903] sent=[-0.3491,1.3903] limit_clips=0 step_clips=0 tracking_max=nan
[latency] hand_policy inference_ms=9.075
[chunk 0002] inference=0.009s predicted=(2, 22)
[cmd 000005 kind=policy chunk=0002 chunk_step=0] delta_max_rad=0.094352 delta_max_deg=5.4060 joint=right_index_DIP joint_index=3 from_rad=0.520790 to_rad=0.615142
[action 000005 chunk_step=0] raw=[-0.3491,1.3850] sent=[-0.3491,1.3850] limit_clips=0 step_clips=0 tracking_max=nan
[cmd 000006 kind=policy chunk=0002 chunk_step=1] delta_max_rad=0.093572 delta_max_deg=5.3613 joint=right_index_DIP joint_index=3 from_rad=0.615142 to_rad=0.708714
[action 000006 chunk_step=1] raw=[-0.3478,1.3942] sent=[-0.3478,1.3942] limit_clips=0 step_clips=0 tracking_max=nan
[latency] hand_policy inference_ms=8.772
[chunk 0003] inference=0.009s predicted=(2, 22)
[cmd 000007 kind=policy chunk=0003 chunk_step=0] delta_max_rad=0.092141 delta_max_deg=5.2793 joint=right_index_DIP joint_index=3 from_rad=0.708714 to_rad=0.800855
[action 000007 chunk_step=0] raw=[-0.3491,1.3936] sent=[-0.3491,1.3936] limit_clips=0 step_clips=0 tracking_max=nan
[cmd 000008 kind=policy chunk=0003 chunk_step=1] delta_max_rad=0.073969 delta_max_deg=4.2381 joint=right_index_DIP joint_index=3 from_rad=0.800855 to_rad=0.874824
[action 000008 chunk_step=1] raw=[-0.3490,1.3963] sent=[-0.3490,1.3963] limit_clips=0 step_clips=0 tracking_max=nan
[latency] hand_policy inference_ms=9.551
[chunk 0004] inference=0.010s predicted=(2, 22)
[cmd 000009 kind=policy chunk=0004 chunk_step=0] delta_max_rad=0.032690 delta_max_deg=1.8730 joint=right_middle_MCP_AA joint_index=5 from_rad=0.218946 to_rad=0.186256
[action 000009 chunk_step=0] raw=[-0.3486,1.3963] sent=[-0.3486,1.3963] limit_clips=0 step_clips=0 tracking_max=nan
[cmd 000010 kind=policy chunk=0004 chunk_step=1] delta_max_rad=0.090721 delta_max_deg=5.1979 joint=right_thumb_MCP_FE joint_index=19 from_rad=0.890738 to_rad=0.981458
[action 000010 chunk_step=1] raw=[-0.3474,1.3963] sent=[-0.3474,1.3963] limit_clips=0 step_clips=0 tracking_max=nan
[latency] hand_policy inference_ms=9.118
[chunk 0005] inference=0.009s predicted=(2, 22)
[cmd 000011 kind=policy chunk=0005 chunk_step=0] delta_max_rad=0.094880 delta_max_deg=5.4362 joint=right_index_MCP_AA joint_index=1 from_rad=-0.131152 to_rad=-0.226032
[action 000011 chunk_step=0] raw=[-0.3491,1.3890] sent=[-0.3491,1.3890] limit_clips=0 step_clips=0 tracking_max=nan
[cmd 000012 kind=policy chunk=0005 chunk_step=1] delta_max_rad=0.089654 delta_max_deg=5.1368 joint=right_middle_DIP joint_index=7 from_rad=0.741996 to_rad=0.831650
[action 000012 chunk_step=1] raw=[-0.3468,1.3943] sent=[-0.3468,1.3943] limit_clips=0 step_clips=0 tracking_max=nan
[latency] hand_policy inference_ms=9.604
[chunk 0006] inference=0.010s predicted=(2, 22)
[cmd 000013 kind=policy chunk=0006 chunk_step=0] delta_max_rad=0.103857 delta_max_deg=5.9506 joint=right_index_MCP_FE joint_index=0 from_rad=0.658801 to_rad=0.762658
[action 000013 chunk_step=0] raw=[-0.3315,1.3954] sent=[-0.3315,1.3954] limit_clips=0 step_clips=0 tracking_max=nan
[cmd 000014 kind=policy chunk=0006 chunk_step=1] delta_max_rad=0.095015 delta_max_deg=5.4440 joint=right_thumb_MCP_AA joint_index=20 from_rad=-0.259484 to_rad=-0.164469
[action 000014 chunk_step=1] raw=[-0.2989,1.3963] sent=[-0.2989,1.3963] limit_clips=0 step_clips=0 tracking_max=nan
[latency] hand_policy inference_ms=10.023
[chunk 0007] inference=0.010s predicted=(2, 22)
[cmd 000015 kind=policy chunk=0007 chunk_step=0] delta_max_rad=0.102385 delta_max_deg=5.8662 joint=right_index_MCP_AA joint_index=1 from_rad=-0.298866 to_rad=-0.196481
[action 000015 chunk_step=0] raw=[-0.1965,1.3860] sent=[-0.1965,1.3860] limit_clips=0 step_clips=0 tracking_max=nan
[cmd 000016 kind=policy chunk=0007 chunk_step=1] delta_max_rad=0.097667 delta_max_deg=5.5959 joint=right_ring_DIP joint_index=16 from_rad=0.816197 to_rad=0.718529
[action 000016 chunk_step=1] raw=[-0.2384,1.3949] sent=[-0.2384,1.3949] limit_clips=0 step_clips=0 tracking_max=nan
[latency] hand_policy inference_ms=9.141
[chunk 0008] inference=0.009s predicted=(2, 22)
[cmd 000017 kind=policy chunk=0008 chunk_step=0] delta_max_rad=0.099847 delta_max_deg=5.7208 joint=right_middle_PIP joint_index=6 from_rad=0.458701 to_rad=0.358855
[action 000017 chunk_step=0] raw=[-0.3211,1.3904] sent=[-0.3211,1.3904] limit_clips=0 step_clips=0 tracking_max=nan
[cmd 000018 kind=policy chunk=0008 chunk_step=1] delta_max_rad=0.101708 delta_max_deg=5.8274 joint=right_pinky_PIP joint_index=11 from_rad=0.066187 to_rad=0.167895
[action 000018 chunk_step=1] raw=[-0.3378,1.3917] sent=[-0.3378,1.3917] limit_clips=0 step_clips=0 tracking_max=nan
[latency] hand_policy inference_ms=8.774
[chunk 0009] inference=0.009s predicted=(2, 22)
[cmd 000019 kind=policy chunk=0009 chunk_step=0] delta_max_rad=0.099847 delta_max_deg=5.7208 joint=right_index_PIP joint_index=2 from_rad=0.384703 to_rad=0.484550
[action 000019 chunk_step=0] raw=[-0.3491,1.3963] sent=[-0.3491,1.3963] limit_clips=0 step_clips=0 tracking_max=nan
[cmd 000020 kind=policy chunk=0009 chunk_step=1] delta_max_rad=0.112953 delta_max_deg=6.4717 joint=right_index_PIP joint_index=2 from_rad=0.484550 to_rad=0.597503
[action 000020 chunk_step=1] raw=[-0.3491,1.3963] sent=[-0.3491,1.3963] limit_clips=0 step_clips=0 tracking_max=nan
[latency] hand_policy inference_ms=10.174
[chunk 0010] inference=0.010s predicted=(2, 22)
[cmd 000021 kind=policy chunk=0010 chunk_step=0] delta_max_rad=0.085179 delta_max_deg=4.8804 joint=right_thumb_CMC_AA joint_index=18 from_rad=-0.276377 to_rad=-0.191198
[action 000021 chunk_step=0] raw=[-0.3490,1.3821] sent=[-0.3490,1.3821] limit_clips=0 step_clips=0 tracking_max=nan
[cmd 000022 kind=policy chunk=0010 chunk_step=1] delta_max_rad=0.114415 delta_max_deg=6.5555 joint=right_pinky_MCP_AA joint_index=10 from_rad=0.132073 to_rad=0.246488
[action 000022 chunk_step=1] raw=[-0.3491,1.3012] sent=[-0.3491,1.3012] limit_clips=0 step_clips=0 tracking_max=nan
[latency] hand_policy inference_ms=9.446
[chunk 0011] inference=0.009s predicted=(2, 22)
[cmd 000023 kind=policy chunk=0011 chunk_step=0] delta_max_rad=0.097445 delta_max_deg=5.5832 joint=right_index_DIP joint_index=3 from_rad=1.292071 to_rad=1.194626
[action 000023 chunk_step=0] raw=[-0.3487,1.2850] sent=[-0.3487,1.2850] limit_clips=0 step_clips=0 tracking_max=nan
[cmd 000024 kind=policy chunk=0011 chunk_step=1] delta_max_rad=0.093898 delta_max_deg=5.3800 joint=right_index_DIP joint_index=3 from_rad=1.194626 to_rad=1.100728
[action 000024 chunk_step=1] raw=[-0.3479,1.2602] sent=[-0.3479,1.2602] limit_clips=0 step_clips=0 tracking_max=nan
[latency] hand_policy inference_ms=9.148
[chunk 0012] inference=0.009s predicted=(2, 22)
[cmd 000025 kind=policy chunk=0012 chunk_step=0] delta_max_rad=0.098031 delta_max_deg=5.6168 joint=right_ring_DIP joint_index=16 from_rad=0.707267 to_rad=0.805298
[action 000025 chunk_step=0] raw=[-0.3491,1.2253] sent=[-0.3491,1.2253] limit_clips=0 step_clips=0 tracking_max=nan
[cmd 000026 kind=policy chunk=0012 chunk_step=1] delta_max_rad=0.098661 delta_max_deg=5.6528 joint=right_index_PIP joint_index=2 from_rad=0.262892 to_rad=0.164231
[action 000026 chunk_step=1] raw=[-0.3491,1.2640] sent=[-0.3491,1.2640] limit_clips=0 step_clips=0 tracking_max=nan
[latency] hand_policy inference_ms=8.663
[chunk 0013] inference=0.009s predicted=(2, 22)
[cmd 000027 kind=policy chunk=0013 chunk_step=0] delta_max_rad=0.112767 delta_max_deg=6.4611 joint=right_thumb_IP joint_index=21 from_rad=0.340354 to_rad=0.453121
[action 000027 chunk_step=0] raw=[-0.3240,1.3391] sent=[-0.3240,1.3391] limit_clips=0 step_clips=0 tracking_max=nan
[cmd 000028 kind=policy chunk=0013 chunk_step=1] delta_max_rad=0.093024 delta_max_deg=5.3299 joint=right_pinky_MCP_AA joint_index=10 from_rad=0.252337 to_rad=0.159313
[action 000028 chunk_step=1] raw=[-0.2863,1.3019] sent=[-0.2863,1.3019] limit_clips=0 step_clips=0 tracking_max=nan
[latency] hand_policy inference_ms=9.981
[chunk 0014] inference=0.010s predicted=(2, 22)
[cmd 000029 kind=policy chunk=0014 chunk_step=0] delta_max_rad=0.110235 delta_max_deg=6.3160 joint=right_ring_PIP joint_index=15 from_rad=1.000296 to_rad=0.890062
[action 000029 chunk_step=0] raw=[-0.3449,1.2020] sent=[-0.3449,1.2020] limit_clips=0 step_clips=0 tracking_max=nan
[cmd 000030 kind=policy chunk=0014 chunk_step=1] delta_max_rad=0.109125 delta_max_deg=6.2524 joint=right_pinky_DIP joint_index=12 from_rad=1.127837 to_rad=1.236962
[action 000030 chunk_step=1] raw=[-0.3465,1.2370] sent=[-0.3465,1.2370] limit_clips=0 step_clips=0 tracking_max=nan
[latency] hand_policy inference_ms=9.085
[chunk 0015] inference=0.009s predicted=(2, 22)
[cmd 000031 kind=policy chunk=0015 chunk_step=0] delta_max_rad=0.107744 delta_max_deg=6.1733 joint=right_index_PIP joint_index=2 from_rad=0.364321 to_rad=0.472065
[action 000031 chunk_step=0] raw=[-0.3486,1.3320] sent=[-0.3486,1.3320] limit_clips=0 step_clips=0 tracking_max=nan
[cmd 000032 kind=policy chunk=0015 chunk_step=1] delta_max_rad=0.103581 delta_max_deg=5.9348 joint=right_pinky_PIP joint_index=11 from_rad=0.303604 to_rad=0.407186
[action 000032 chunk_step=1] raw=[-0.3476,1.3826] sent=[-0.3476,1.3826] limit_clips=0 step_clips=0 tracking_max=nan
[latency] hand_policy inference_ms=8.693
[chunk 0016] inference=0.009s predicted=(2, 22)
[cmd 000033 kind=policy chunk=0016 chunk_step=0] delta_max_rad=0.107170 delta_max_deg=6.1404 joint=right_index_PIP joint_index=2 from_rad=0.572265 to_rad=0.679434
[action 000033 chunk_step=0] raw=[-0.3455,1.3943] sent=[-0.3455,1.3943] limit_clips=0 step_clips=0 tracking_max=nan
[cmd 000034 kind=policy chunk=0016 chunk_step=1] delta_max_rad=0.109657 delta_max_deg=6.2829 joint=right_ring_MCP_FE joint_index=13 from_rad=0.487304 to_rad=0.596961
[action 000034 chunk_step=1] raw=[-0.3491,1.3942] sent=[-0.3491,1.3942] limit_clips=0 step_clips=0 tracking_max=nan
[latency] hand_policy inference_ms=9.898
[chunk 0017] inference=0.010s predicted=(2, 22)
[cmd 000035 kind=policy chunk=0017 chunk_step=0] delta_max_rad=0.102504 delta_max_deg=5.8731 joint=right_index_PIP joint_index=2 from_rad=0.704477 to_rad=0.601973
[action 000035 chunk_step=0] raw=[-0.3465,1.3532] sent=[-0.3465,1.3532] limit_clips=0 step_clips=0 tracking_max=nan
[cmd 000036 kind=policy chunk=0017 chunk_step=1] delta_max_rad=0.097631 delta_max_deg=5.5939 joint=right_middle_MCP_FE joint_index=4 from_rad=0.637709 to_rad=0.540078
[action 000036 chunk_step=1] raw=[-0.3433,1.2975] sent=[-0.3433,1.2975] limit_clips=0 step_clips=0 tracking_max=nan
[latency] hand_policy inference_ms=10.082
[chunk 0018] inference=0.010s predicted=(2, 22)
[cmd 000037 kind=policy chunk=0018 chunk_step=0] delta_max_rad=0.102449 delta_max_deg=5.8699 joint=right_ring_MCP_FE joint_index=13 from_rad=0.589913 to_rad=0.487464
[action 000037 chunk_step=0] raw=[-0.3491,1.2233] sent=[-0.3491,1.2233] limit_clips=0 step_clips=0 tracking_max=nan
[cmd 000038 kind=policy chunk=0018 chunk_step=1] delta_max_rad=0.100827 delta_max_deg=5.7770 joint=right_ring_PIP joint_index=15 from_rad=0.880033 to_rad=0.980860
[action 000038 chunk_step=1] raw=[-0.3482,1.2038] sent=[-0.3482,1.2038] limit_clips=0 step_clips=0 tracking_max=nan
[latency] hand_policy inference_ms=8.776
[chunk 0019] inference=0.009s predicted=(2, 22)
[cmd 000039 kind=policy chunk=0019 chunk_step=0] delta_max_rad=0.097059 delta_max_deg=5.5611 joint=right_pinky_DIP joint_index=12 from_rad=1.129148 to_rad=1.032088
[action 000039 chunk_step=0] raw=[-0.3491,1.2575] sent=[-0.3491,1.2575] limit_clips=0 step_clips=0 tracking_max=nan
[cmd 000040 kind=policy chunk=0019 chunk_step=1] delta_max_rad=0.100388 delta_max_deg=5.7518 joint=right_ring_MCP_FE joint_index=13 from_rad=0.309458 to_rad=0.209070
[action 000040 chunk_step=1] raw=[-0.3476,1.2919] sent=[-0.3476,1.2919] limit_clips=0 step_clips=0 tracking_max=nan
[latency] hand_policy inference_ms=9.796
[chunk 0020] inference=0.010s predicted=(2, 22)
[cmd 000041 kind=policy chunk=0020 chunk_step=0] delta_max_rad=0.117972 delta_max_deg=6.7593 joint=right_thumb_IP joint_index=21 from_rad=0.428070 to_rad=0.546041
[action 000041 chunk_step=0] raw=[-0.3476,1.3266] sent=[-0.3476,1.3266] limit_clips=0 step_clips=0 tracking_max=nan
[cmd 000042 kind=policy chunk=0020 chunk_step=1] delta_max_rad=0.117475 delta_max_deg=6.7308 joint=right_thumb_IP joint_index=21 from_rad=0.546041 to_rad=0.663517
[action 000042 chunk_step=1] raw=[-0.3136,1.3376] sent=[-0.3136,1.3376] limit_clips=0 step_clips=0 tracking_max=nan
[latency] hand_policy inference_ms=8.888
[chunk 0021] inference=0.009s predicted=(2, 22)
[cmd 000043 kind=policy chunk=0021 chunk_step=0] delta_max_rad=0.130560 delta_max_deg=7.4805 joint=right_thumb_IP joint_index=21 from_rad=0.663517 to_rad=0.794077
[action 000043 chunk_step=0] raw=[-0.2854,1.3285] sent=[-0.2854,1.3285] limit_clips=0 step_clips=0 tracking_max=nan
[cmd 000044 kind=policy chunk=0021 chunk_step=1] delta_max_rad=0.091804 delta_max_deg=5.2600 joint=right_index_DIP joint_index=3 from_rad=0.768329 to_rad=0.860133
[action 000044 chunk_step=1] raw=[-0.2909,1.2730] sent=[-0.2909,1.2730] limit_clips=0 step_clips=0 tracking_max=nan
[latency] hand_policy inference_ms=8.541
[chunk 0022] inference=0.009s predicted=(2, 22)
[cmd 000045 kind=policy chunk=0022 chunk_step=0] delta_max_rad=0.106877 delta_max_deg=6.1236 joint=right_pinky_PIP joint_index=11 from_rad=0.067723 to_rad=0.174600
[action 000045 chunk_step=0] raw=[-0.3453,1.1776] sent=[-0.3453,1.1776] limit_clips=0 step_clips=0 tracking_max=nan
[cmd 000046 kind=policy chunk=0022 chunk_step=1] delta_max_rad=0.123070 delta_max_deg=7.0514 joint=right_pinky_PIP joint_index=11 from_rad=0.174600 to_rad=0.297670
[action 000046 chunk_step=1] raw=[-0.3491,1.0922] sent=[-0.3491,1.0922] limit_clips=0 step_clips=0 tracking_max=nan
[latency] hand_policy inference_ms=9.852
[chunk 0023] inference=0.010s predicted=(2, 22)
[cmd 000047 kind=policy chunk=0023 chunk_step=0] delta_max_rad=0.097883 delta_max_deg=5.6083 joint=right_index_DIP joint_index=3 from_rad=1.038874 to_rad=1.136757
[action 000047 chunk_step=0] raw=[-0.3491,1.1368] sent=[-0.3491,1.1368] limit_clips=0 step_clips=0 tracking_max=nan
[cmd 000048 kind=policy chunk=0023 chunk_step=1] delta_max_rad=0.103664 delta_max_deg=5.9395 joint=right_pinky_PIP joint_index=11 from_rad=0.388817 to_rad=0.492480
[action 000048 chunk_step=1] raw=[-0.3491,1.2317] sent=[-0.3491,1.2317] limit_clips=0 step_clips=0 tracking_max=nan
[latency] hand_policy inference_ms=8.923
[chunk 0024] inference=0.009s predicted=(2, 22)
[cmd 000049 kind=policy chunk=0024 chunk_step=0] delta_max_rad=0.109526 delta_max_deg=6.2754 joint=right_pinky_DIP joint_index=12 from_rad=0.857923 to_rad=0.967448
[action 000049 chunk_step=0] raw=[-0.3491,1.3205] sent=[-0.3491,1.3205] limit_clips=0 step_clips=0 tracking_max=nan
[cmd 000050 kind=policy chunk=0024 chunk_step=1] delta_max_rad=0.113197 delta_max_deg=6.4857 joint=right_pinky_PIP joint_index=11 from_rad=0.592835 to_rad=0.706032
[action 000050 chunk_step=1] raw=[-0.3491,1.3843] sent=[-0.3491,1.3843] limit_clips=0 step_clips=0 tracking_max=nan
[latency] hand_policy inference_ms=8.566
[chunk 0025] inference=0.009s predicted=(2, 22)
[cmd 000051 kind=policy chunk=0025 chunk_step=0] delta_max_rad=0.117734 delta_max_deg=6.7456 joint=right_middle_MCP_FE joint_index=4 from_rad=0.552580 to_rad=0.670313
[action 000051 chunk_step=0] raw=[-0.3466,1.3963] sent=[-0.3466,1.3963] limit_clips=0 step_clips=0 tracking_max=nan
[cmd 000052 kind=policy chunk=0025 chunk_step=1] delta_max_rad=0.120382 delta_max_deg=6.8974 joint=right_ring_MCP_FE joint_index=13 from_rad=0.497948 to_rad=0.618329
[action 000052 chunk_step=1] raw=[-0.3456,1.3458] sent=[-0.3456,1.3458] limit_clips=0 step_clips=0 tracking_max=nan
[latency] hand_policy inference_ms=9.923
[chunk 0026] inference=0.010s predicted=(2, 22)
[cmd 000053 kind=policy chunk=0026 chunk_step=0] delta_max_rad=0.103595 delta_max_deg=5.9355 joint=right_ring_DIP joint_index=16 from_rad=0.558716 to_rad=0.662311
[action 000053 chunk_step=0] raw=[-0.3468,1.2633] sent=[-0.3468,1.2633] limit_clips=0 step_clips=0 tracking_max=nan
[cmd 000054 kind=policy chunk=0026 chunk_step=1] delta_max_rad=0.115181 delta_max_deg=6.5994 joint=right_pinky_PIP joint_index=11 from_rad=0.807198 to_rad=0.692017
[action 000054 chunk_step=1] raw=[-0.3491,1.2065] sent=[-0.3491,1.2065] limit_clips=0 step_clips=0 tracking_max=nan
[latency] hand_policy inference_ms=8.897
[chunk 0027] inference=0.009s predicted=(2, 22)
[cmd 000055 kind=policy chunk=0027 chunk_step=0] delta_max_rad=0.106580 delta_max_deg=6.1066 joint=right_ring_DIP joint_index=16 from_rad=0.753046 to_rad=0.859627
[action 000055 chunk_step=0] raw=[-0.3489,1.1873] sent=[-0.3489,1.1873] limit_clips=0 step_clips=0 tracking_max=nan
[cmd 000056 kind=policy chunk=0027 chunk_step=1] delta_max_rad=0.100481 delta_max_deg=5.7571 joint=right_pinky_PIP joint_index=11 from_rad=0.609717 to_rad=0.509236
[action 000056 chunk_step=1] raw=[-0.3461,1.1869] sent=[-0.3461,1.1869] limit_clips=0 step_clips=0 tracking_max=nan
[latency] hand_policy inference_ms=9.491
[chunk 0028] inference=0.009s predicted=(2, 22)
[cmd 000057 kind=policy chunk=0028 chunk_step=0] delta_max_rad=0.114622 delta_max_deg=6.5674 joint=right_pinky_PIP joint_index=11 from_rad=0.509236 to_rad=0.394614
[action 000057 chunk_step=0] raw=[-0.3475,1.2733] sent=[-0.3475,1.2733] limit_clips=0 step_clips=0 tracking_max=nan
[cmd 000058 kind=policy chunk=0028 chunk_step=1] delta_max_rad=0.093251 delta_max_deg=5.3429 joint=right_thumb_IP joint_index=21 from_rad=0.578209 to_rad=0.671459
[action 000058 chunk_step=1] raw=[-0.3437,1.3234] sent=[-0.3437,1.3234] limit_clips=0 step_clips=0 tracking_max=nan
[latency] hand_policy inference_ms=9.374
[chunk 0029] inference=0.009s predicted=(2, 22)
[cmd 000059 kind=policy chunk=0029 chunk_step=0] delta_max_rad=0.111437 delta_max_deg=6.3849 joint=right_thumb_IP joint_index=21 from_rad=0.671459 to_rad=0.782896
[action 000059 chunk_step=0] raw=[-0.3450,1.3609] sent=[-0.3450,1.3609] limit_clips=0 step_clips=0 tracking_max=nan
[cmd 000060 kind=policy chunk=0029 chunk_step=1] delta_max_rad=0.087609 delta_max_deg=5.0196 joint=right_ring_MCP_FE joint_index=13 from_rad=0.183112 to_rad=0.095504
[action 000060 chunk_step=1] raw=[-0.3307,1.3601] sent=[-0.3307,1.3601] limit_clips=0 step_clips=0 tracking_max=nan
[latency] hand_policy inference_ms=8.876
[chunk 0030] inference=0.009s predicted=(2, 22)
[cmd 000061 kind=policy chunk=0030 chunk_step=0] delta_max_rad=0.093897 delta_max_deg=5.3799 joint=right_thumb_IP joint_index=21 from_rad=0.869763 to_rad=0.963660
[action 000061 chunk_step=0] raw=[-0.3476,1.3730] sent=[-0.3476,1.3730] limit_clips=0 step_clips=0 tracking_max=nan
[cmd 000062 kind=policy chunk=0030 chunk_step=1] delta_max_rad=0.094155 delta_max_deg=5.3947 joint=right_middle_PIP joint_index=6 from_rad=0.710002 to_rad=0.615847
[action 000062 chunk_step=1] raw=[-0.3463,1.3484] sent=[-0.3463,1.3484] limit_clips=0 step_clips=0 tracking_max=nan
[latency] hand_policy inference_ms=8.723
[chunk 0031] inference=0.009s predicted=(2, 22)
[cmd 000063 kind=policy chunk=0031 chunk_step=0] delta_max_rad=0.097544 delta_max_deg=5.5889 joint=right_middle_DIP joint_index=7 from_rad=1.290972 to_rad=1.193428
[action 000063 chunk_step=0] raw=[-0.3463,1.2646] sent=[-0.3463,1.2646] limit_clips=0 step_clips=0 tracking_max=nan
[cmd 000064 kind=policy chunk=0031 chunk_step=1] delta_max_rad=0.108051 delta_max_deg=6.1908 joint=right_pinky_PIP joint_index=11 from_rad=0.245526 to_rad=0.353576
[action 000064 chunk_step=1] raw=[-0.3463,1.1670] sent=[-0.3463,1.1670] limit_clips=0 step_clips=0 tracking_max=nan
[latency] hand_policy inference_ms=9.813
[chunk 0032] inference=0.010s predicted=(2, 22)
[cmd 000065 kind=policy chunk=0032 chunk_step=0] delta_max_rad=0.110990 delta_max_deg=6.3593 joint=right_pinky_PIP joint_index=11 from_rad=0.353576 to_rad=0.464566
[action 000065 chunk_step=0] raw=[-0.3491,1.0880] sent=[-0.3491,1.0880] limit_clips=0 step_clips=0 tracking_max=nan
[cmd 000066 kind=policy chunk=0032 chunk_step=1] delta_max_rad=0.104066 delta_max_deg=5.9626 joint=right_pinky_PIP joint_index=11 from_rad=0.464566 to_rad=0.568633
[action 000066 chunk_step=1] raw=[-0.3491,1.1835] sent=[-0.3491,1.1835] limit_clips=0 step_clips=0 tracking_max=nan
[latency] hand_policy inference_ms=9.296
[chunk 0033] inference=0.009s predicted=(2, 22)
[cmd 000067 kind=policy chunk=0033 chunk_step=0] delta_max_rad=0.103475 delta_max_deg=5.9287 joint=right_thumb_IP joint_index=21 from_rad=0.641731 to_rad=0.538256
[action 000067 chunk_step=0] raw=[-0.3491,1.2726] sent=[-0.3491,1.2726] limit_clips=0 step_clips=0 tracking_max=nan
[cmd 000068 kind=policy chunk=0033 chunk_step=1] delta_max_rad=0.113812 delta_max_deg=6.5209 joint=right_ring_MCP_FE joint_index=13 from_rad=0.395444 to_rad=0.509256
[action 000068 chunk_step=1] raw=[-0.3481,1.3453] sent=[-0.3481,1.3453] limit_clips=0 step_clips=0 tracking_max=nan
[latency] hand_policy inference_ms=8.565
[chunk 0034] inference=0.009s predicted=(2, 22)
[cmd 000069 kind=policy chunk=0034 chunk_step=0] delta_max_rad=0.113588 delta_max_deg=6.5081 joint=right_middle_MCP_FE joint_index=4 from_rad=0.502201 to_rad=0.615789
[action 000069 chunk_step=0] raw=[-0.3456,1.3740] sent=[-0.3456,1.3740] limit_clips=0 step_clips=0 tracking_max=nan
[cmd 000070 kind=policy chunk=0034 chunk_step=1] delta_max_rad=0.114472 delta_max_deg=6.5588 joint=right_ring_MCP_FE joint_index=13 from_rad=0.618814 to_rad=0.733286
[action 000070 chunk_step=1] raw=[-0.3489,1.3677] sent=[-0.3489,1.3677] limit_clips=0 step_clips=0 tracking_max=nan
[latency] hand_policy inference_ms=9.776
[chunk 0035] inference=0.010s predicted=(2, 22)
[cmd 000071 kind=policy chunk=0035 chunk_step=0] delta_max_rad=0.107523 delta_max_deg=6.1606 joint=right_ring_PIP joint_index=15 from_rad=0.405773 to_rad=0.513297
[action 000071 chunk_step=0] raw=[-0.3458,1.2923] sent=[-0.3458,1.2923] limit_clips=0 step_clips=0 tracking_max=nan
[cmd 000072 kind=policy chunk=0035 chunk_step=1] delta_max_rad=0.111316 delta_max_deg=6.3779 joint=right_ring_DIP joint_index=16 from_rad=0.671938 to_rad=0.783254
[action 000072 chunk_step=1] raw=[-0.3482,1.2522] sent=[-0.3482,1.2522] limit_clips=0 step_clips=0 tracking_max=nan
[latency] hand_policy inference_ms=8.838
[chunk 0036] inference=0.009s predicted=(2, 22)
[cmd 000073 kind=policy chunk=0036 chunk_step=0] delta_max_rad=0.112259 delta_max_deg=6.4320 joint=right_ring_DIP joint_index=16 from_rad=0.783254 to_rad=0.895514
[action 000073 chunk_step=0] raw=[-0.3484,1.2245] sent=[-0.3484,1.2245] limit_clips=0 step_clips=0 tracking_max=nan
[cmd 000074 kind=policy chunk=0036 chunk_step=1] delta_max_rad=0.103773 delta_max_deg=5.9458 joint=right_index_DIP joint_index=3 from_rad=1.102558 to_rad=0.998785
[action 000074 chunk_step=1] raw=[-0.3475,1.2142] sent=[-0.3475,1.2142] limit_clips=0 step_clips=0 tracking_max=nan
[latency] hand_policy inference_ms=8.526
[chunk 0037] inference=0.009s predicted=(2, 22)
[cmd 000075 kind=policy chunk=0037 chunk_step=0] delta_max_rad=0.117364 delta_max_deg=6.7245 joint=right_pinky_PIP joint_index=11 from_rad=0.667700 to_rad=0.550336
[action 000075 chunk_step=0] raw=[-0.3487,1.1926] sent=[-0.3487,1.1926] limit_clips=0 step_clips=0 tracking_max=nan
[cmd 000076 kind=policy chunk=0037 chunk_step=1] delta_max_rad=0.106591 delta_max_deg=6.1072 joint=right_index_PIP joint_index=2 from_rad=0.401362 to_rad=0.294771
[action 000076 chunk_step=1] raw=[-0.3481,1.2082] sent=[-0.3481,1.2082] limit_clips=0 step_clips=0 tracking_max=nan
[latency] hand_policy inference_ms=9.752
[chunk 0038] inference=0.010s predicted=(2, 22)
[cmd 000077 kind=policy chunk=0038 chunk_step=0] delta_max_rad=0.101660 delta_max_deg=5.8247 joint=right_ring_MCP_FE joint_index=13 from_rad=0.383990 to_rad=0.282330
[action 000077 chunk_step=0] raw=[-0.3491,1.2553] sent=[-0.3491,1.2553] limit_clips=0 step_clips=0 tracking_max=nan
[cmd 000078 kind=policy chunk=0038 chunk_step=1] delta_max_rad=0.087373 delta_max_deg=5.0061 joint=right_ring_MCP_FE joint_index=13 from_rad=0.282330 to_rad=0.194957
[action 000078 chunk_step=1] raw=[-0.3389,1.3228] sent=[-0.3389,1.3228] limit_clips=0 step_clips=0 tracking_max=nan
[latency] hand_policy inference_ms=8.843
[chunk 0039] inference=0.009s predicted=(2, 22)
[cmd 000079 kind=policy chunk=0039 chunk_step=0] delta_max_rad=0.093219 delta_max_deg=5.3411 joint=right_ring_MCP_FE joint_index=13 from_rad=0.194957 to_rad=0.101738
[action 000079 chunk_step=0] raw=[-0.3265,1.3611] sent=[-0.3265,1.3611] limit_clips=0 step_clips=0 tracking_max=nan
[cmd 000080 kind=policy chunk=0039 chunk_step=1] delta_max_rad=0.096949 delta_max_deg=5.5548 joint=right_middle_PIP joint_index=6 from_rad=0.774407 to_rad=0.677458
[action 000080 chunk_step=1] raw=[-0.3308,1.3506] sent=[-0.3308,1.3506] limit_clips=0 step_clips=0 tracking_max=nan
[latency] hand_policy inference_ms=8.540
[chunk 0040] inference=0.009s predicted=(2, 22)
[cmd 000081 kind=policy chunk=0040 chunk_step=0] delta_max_rad=0.100953 delta_max_deg=5.7842 joint=right_ring_DIP joint_index=16 from_rad=1.350553 to_rad=1.249601
[action 000081 chunk_step=0] raw=[-0.3453,1.2496] sent=[-0.3453,1.2496] limit_clips=0 step_clips=0 tracking_max=nan
[cmd 000082 kind=policy chunk=0040 chunk_step=1] delta_max_rad=0.105359 delta_max_deg=6.0366 joint=right_ring_PIP joint_index=15 from_rad=0.860420 to_rad=0.755060
[action 000082 chunk_step=1] raw=[-0.3477,1.1635] sent=[-0.3477,1.1635] limit_clips=0 step_clips=0 tracking_max=nan
[latency] hand_policy inference_ms=9.883
[chunk 0041] inference=0.010s predicted=(2, 22)
[cmd 000083 kind=policy chunk=0041 chunk_step=0] delta_max_rad=0.110264 delta_max_deg=6.3177 joint=right_index_PIP joint_index=2 from_rad=0.283914 to_rad=0.394178
[action 000083 chunk_step=0] raw=[-0.3490,1.0923] sent=[-0.3490,1.0923] limit_clips=0 step_clips=0 tracking_max=nan
[cmd 000084 kind=policy chunk=0041 chunk_step=1] delta_max_rad=0.099223 delta_max_deg=5.6850 joint=right_index_PIP joint_index=2 from_rad=0.394178 to_rad=0.493401
[action 000084 chunk_step=1] raw=[-0.3491,1.1544] sent=[-0.3491,1.1544] limit_clips=0 step_clips=0 tracking_max=nan
[latency] hand_policy inference_ms=8.884
[chunk 0042] inference=0.009s predicted=(2, 22)
[cmd 000085 kind=policy chunk=0042 chunk_step=0] delta_max_rad=0.107013 delta_max_deg=6.1314 joint=right_index_PIP joint_index=2 from_rad=0.493401 to_rad=0.600413
[action 000085 chunk_step=0] raw=[-0.3489,1.2457] sent=[-0.3489,1.2457] limit_clips=0 step_clips=0 tracking_max=nan
[cmd 000086 kind=policy chunk=0042 chunk_step=1] delta_max_rad=0.113164 delta_max_deg=6.4838 joint=right_pinky_DIP joint_index=12 from_rad=1.164459 to_rad=1.277623
[action 000086 chunk_step=1] raw=[-0.3478,1.3112] sent=[-0.3478,1.3112] limit_clips=0 step_clips=0 tracking_max=nan
[latency] hand_policy inference_ms=8.536
[chunk 0043] inference=0.009s predicted=(2, 22)
[cmd 000087 kind=policy chunk=0043 chunk_step=0] delta_max_rad=0.127310 delta_max_deg=7.2943 joint=right_ring_MCP_FE joint_index=13 from_rad=0.581467 to_rad=0.708777
[action 000087 chunk_step=0] raw=[-0.3483,1.3449] sent=[-0.3483,1.3449] limit_clips=0 step_clips=0 tracking_max=nan
[cmd 000088 kind=policy chunk=0043 chunk_step=1] delta_max_rad=0.106500 delta_max_deg=6.1020 joint=right_index_PIP joint_index=2 from_rad=0.749511 to_rad=0.643011
[action 000088 chunk_step=1] raw=[-0.3482,1.3524] sent=[-0.3482,1.3524] limit_clips=0 step_clips=0 tracking_max=nan
[latency] hand_policy inference_ms=9.772
[chunk 0044] inference=0.010s predicted=(2, 22)
[cmd 000089 kind=policy chunk=0044 chunk_step=0] delta_max_rad=0.091262 delta_max_deg=5.2289 joint=right_ring_DIP joint_index=16 from_rad=0.797016 to_rad=0.888278
[action 000089 chunk_step=0] raw=[-0.3478,1.2977] sent=[-0.3478,1.2977] limit_clips=0 step_clips=0 tracking_max=nan
[cmd 000090 kind=policy chunk=0044 chunk_step=1] delta_max_rad=0.110138 delta_max_deg=6.3105 joint=right_pinky_PIP joint_index=11 from_rad=0.684773 to_rad=0.574635
[action 000090 chunk_step=1] raw=[-0.3462,1.2425] sent=[-0.3462,1.2425] limit_clips=0 step_clips=0 tracking_max=nan
[latency] hand_policy inference_ms=8.863
[chunk 0045] inference=0.009s predicted=(2, 22)
[cmd 000091 kind=policy chunk=0045 chunk_step=0] delta_max_rad=0.110324 delta_max_deg=6.3211 joint=right_pinky_DIP joint_index=12 from_rad=1.220058 to_rad=1.109734
[action 000091 chunk_step=0] raw=[-0.3491,1.2175] sent=[-0.3491,1.2175] limit_clips=0 step_clips=0 tracking_max=nan
[cmd 000092 kind=policy chunk=0045 chunk_step=1] delta_max_rad=0.114349 delta_max_deg=6.5517 joint=right_pinky_PIP joint_index=11 from_rad=0.481728 to_rad=0.367379
[action 000092 chunk_step=1] raw=[-0.3461,1.2682] sent=[-0.3461,1.2682] limit_clips=0 step_clips=0 tracking_max=nan
[latency] hand_policy inference_ms=8.795
[chunk 0046] inference=0.009s predicted=(2, 22)
[cmd 000093 kind=policy chunk=0046 chunk_step=0] delta_max_rad=0.100436 delta_max_deg=5.7545 joint=right_pinky_PIP joint_index=11 from_rad=0.367379 to_rad=0.266943
[action 000093 chunk_step=0] raw=[-0.3491,1.3308] sent=[-0.3491,1.3308] limit_clips=0 step_clips=0 tracking_max=nan
[cmd 000094 kind=policy chunk=0046 chunk_step=1] delta_max_rad=0.095815 delta_max_deg=5.4898 joint=right_ring_MCP_FE joint_index=13 from_rad=0.363426 to_rad=0.267611
[action 000094 chunk_step=1] raw=[-0.3435,1.3681] sent=[-0.3435,1.3681] limit_clips=0 step_clips=0 tracking_max=nan
[latency] hand_policy inference_ms=10.012
[chunk 0047] inference=0.010s predicted=(2, 22)
[cmd 000095 kind=policy chunk=0047 chunk_step=0] delta_max_rad=0.098400 delta_max_deg=5.6379 joint=right_ring_MCP_FE joint_index=13 from_rad=0.267611 to_rad=0.169210
[action 000095 chunk_step=0] raw=[-0.3424,1.3901] sent=[-0.3424,1.3901] limit_clips=0 step_clips=0 tracking_max=nan
[cmd 000096 kind=policy chunk=0047 chunk_step=1] delta_max_rad=0.097243 delta_max_deg=5.5716 joint=right_index_DIP joint_index=3 from_rad=0.817091 to_rad=0.914334
[action 000096 chunk_step=1] raw=[-0.3408,1.3453] sent=[-0.3408,1.3453] limit_clips=0 step_clips=0 tracking_max=nan
[latency] hand_policy inference_ms=9.869
[chunk 0048] inference=0.010s predicted=(2, 22)
[cmd 000097 kind=policy chunk=0048 chunk_step=0] delta_max_rad=0.103154 delta_max_deg=5.9103 joint=right_thumb_IP joint_index=21 from_rad=0.828875 to_rad=0.725721
[action 000097 chunk_step=0] raw=[-0.3491,1.2502] sent=[-0.3491,1.2502] limit_clips=0 step_clips=0 tracking_max=nan
[cmd 000098 kind=policy chunk=0048 chunk_step=1] delta_max_rad=0.100059 delta_max_deg=5.7330 joint=right_pinky_PIP joint_index=11 from_rad=0.274446 to_rad=0.374505
[action 000098 chunk_step=1] raw=[-0.3491,1.1868] sent=[-0.3491,1.1868] limit_clips=0 step_clips=0 tracking_max=nan
[latency] hand_policy inference_ms=8.724
[chunk 0049] inference=0.009s predicted=(2, 22)
[cmd 000099 kind=policy chunk=0049 chunk_step=0] delta_max_rad=0.099224 delta_max_deg=5.6851 joint=right_ring_PIP joint_index=15 from_rad=0.661939 to_rad=0.562715
[action 000099 chunk_step=0] raw=[-0.3491,1.1868] sent=[-0.3491,1.1868] limit_clips=0 step_clips=0 tracking_max=nan
[cmd 000100 kind=policy chunk=0049 chunk_step=1] delta_max_rad=0.106061 delta_max_deg=6.0768 joint=right_pinky_PIP joint_index=11 from_rad=0.465516 to_rad=0.571577
[action 000100 chunk_step=1] raw=[-0.3491,1.2847] sent=[-0.3491,1.2847] limit_clips=0 step_clips=0 tracking_max=nan
[latency] hand_policy inference_ms=9.951
[chunk 0050] inference=0.010s predicted=(2, 22)
[cmd 000101 kind=policy chunk=0050 chunk_step=0] delta_max_rad=0.113981 delta_max_deg=6.5307 joint=right_index_PIP joint_index=2 from_rad=0.542332 to_rad=0.656313
[action 000101 chunk_step=0] raw=[-0.3476,1.3515] sent=[-0.3476,1.3515] limit_clips=0 step_clips=0 tracking_max=nan
[cmd 000102 kind=policy chunk=0050 chunk_step=1] delta_max_rad=0.103305 delta_max_deg=5.9190 joint=right_ring_MCP_FE joint_index=13 from_rad=0.619814 to_rad=0.723120
[action 000102 chunk_step=1] raw=[-0.3478,1.3743] sent=[-0.3478,1.3743] limit_clips=0 step_clips=0 tracking_max=nan
[latency] hand_policy inference_ms=9.309
[chunk 0051] inference=0.009s predicted=(2, 22)
[cmd 000103 kind=policy chunk=0051 chunk_step=0] delta_max_rad=0.097241 delta_max_deg=5.5715 joint=right_ring_PIP joint_index=15 from_rad=0.394256 to_rad=0.491497
[action 000103 chunk_step=0] raw=[-0.3467,1.3118] sent=[-0.3467,1.3118] limit_clips=0 step_clips=0 tracking_max=nan
[cmd 000104 kind=policy chunk=0051 chunk_step=1] delta_max_rad=0.104189 delta_max_deg=5.9696 joint=right_pinky_PIP joint_index=11 from_rad=0.679805 to_rad=0.575616
[action 000104 chunk_step=1] raw=[-0.3465,1.2815] sent=[-0.3465,1.2815] limit_clips=0 step_clips=0 tracking_max=nan
[latency] hand_policy inference_ms=9.002
[chunk 0052] inference=0.009s predicted=(2, 22)
[cmd 000105 kind=policy chunk=0052 chunk_step=0] delta_max_rad=0.106379 delta_max_deg=6.0950 joint=right_pinky_DIP joint_index=12 from_rad=1.244569 to_rad=1.138190
[action 000105 chunk_step=0] raw=[-0.3491,1.3034] sent=[-0.3491,1.3034] limit_clips=0 step_clips=0 tracking_max=nan
[cmd 000106 kind=policy chunk=0052 chunk_step=1] delta_max_rad=0.103210 delta_max_deg=5.9135 joint=right_pinky_DIP joint_index=12 from_rad=1.138190 to_rad=1.034980
[action 000106 chunk_step=1] raw=[-0.3474,1.3811] sent=[-0.3474,1.3811] limit_clips=0 step_clips=0 tracking_max=nan
[latency] hand_policy inference_ms=8.870
[chunk 0053] inference=0.009s predicted=(2, 22)
[cmd 000107 kind=policy chunk=0053 chunk_step=0] delta_max_rad=0.109734 delta_max_deg=6.2873 joint=right_pinky_PIP joint_index=11 from_rad=0.396020 to_rad=0.286287
[action 000107 chunk_step=0] raw=[-0.3479,1.3963] sent=[-0.3479,1.3963] limit_clips=0 step_clips=0 tracking_max=nan
[cmd 000108 kind=policy chunk=0053 chunk_step=1] delta_max_rad=0.112296 delta_max_deg=6.4341 joint=right_thumb_IP joint_index=21 from_rad=0.610974 to_rad=0.723271
[action 000108 chunk_step=1] raw=[-0.3462,1.3849] sent=[-0.3462,1.3849] limit_clips=0 step_clips=0 tracking_max=nan
[latency] hand_policy inference_ms=9.286
[chunk 0054] inference=0.009s predicted=(2, 22)
[cmd 000109 kind=policy chunk=0054 chunk_step=0] delta_max_rad=0.119182 delta_max_deg=6.8286 joint=right_thumb_IP joint_index=21 from_rad=0.723271 to_rad=0.842453
[action 000109 chunk_step=0] raw=[-0.3491,1.3906] sent=[-0.3491,1.3906] limit_clips=0 step_clips=0 tracking_max=nan
[cmd 000110 kind=policy chunk=0054 chunk_step=1] delta_max_rad=0.104740 delta_max_deg=6.0012 joint=right_ring_MCP_FE joint_index=13 from_rad=0.298529 to_rad=0.193788
[action 000110 chunk_step=1] raw=[-0.3430,1.3893] sent=[-0.3430,1.3893] limit_clips=0 step_clips=0 tracking_max=nan
[latency] hand_policy inference_ms=8.832
[chunk 0055] inference=0.009s predicted=(2, 22)
[cmd 000111 kind=policy chunk=0055 chunk_step=0] delta_max_rad=0.109970 delta_max_deg=6.3008 joint=right_thumb_IP joint_index=21 from_rad=0.946346 to_rad=1.056316
[action 000111 chunk_step=0] raw=[-0.3387,1.3963] sent=[-0.3387,1.3963] limit_clips=0 step_clips=0 tracking_max=nan
[cmd 000112 kind=policy chunk=0055 chunk_step=1] delta_max_rad=0.086491 delta_max_deg=4.9556 joint=right_pinky_CMC joint_index=8 from_rad=0.043741 to_rad=0.130231
[action 000112 chunk_step=1] raw=[-0.3330,1.3963] sent=[-0.3330,1.3963] limit_clips=0 step_clips=0 tracking_max=nan
[latency] hand_policy inference_ms=8.874
[chunk 0056] inference=0.009s predicted=(2, 22)
[cmd 000113 kind=policy chunk=0056 chunk_step=0] delta_max_rad=0.089009 delta_max_deg=5.0999 joint=right_pinky_MCP_AA joint_index=10 from_rad=0.307925 to_rad=0.218915
[action 000113 chunk_step=0] raw=[-0.3491,1.3293] sent=[-0.3491,1.3293] limit_clips=0 step_clips=0 tracking_max=nan
[cmd 000114 kind=policy chunk=0056 chunk_step=1] delta_max_rad=0.110576 delta_max_deg=6.3355 joint=right_ring_PIP joint_index=15 from_rad=0.948230 to_rad=0.837655
[action 000114 chunk_step=1] raw=[-0.3475,1.2345] sent=[-0.3475,1.2345] limit_clips=0 step_clips=0 tracking_max=nan
[latency] hand_policy inference_ms=9.302
[chunk 0057] inference=0.009s predicted=(2, 22)
[cmd 000115 kind=policy chunk=0057 chunk_step=0] delta_max_rad=0.110970 delta_max_deg=6.3581 joint=right_thumb_IP joint_index=21 from_rad=1.013147 to_rad=0.902176
[action 000115 chunk_step=0] raw=[-0.3476,1.1429] sent=[-0.3476,1.1429] limit_clips=0 step_clips=0 tracking_max=nan
[cmd 000116 kind=policy chunk=0057 chunk_step=1] delta_max_rad=0.099904 delta_max_deg=5.7241 joint=right_ring_DIP joint_index=16 from_rad=1.142890 to_rad=1.042986
[action 000116 chunk_step=1] raw=[-0.3450,1.1109] sent=[-0.3450,1.1109] limit_clips=0 step_clips=0 tracking_max=nan
[latency] hand_policy inference_ms=8.875
[chunk 0058] inference=0.009s predicted=(2, 22)
[cmd 000117 kind=policy chunk=0058 chunk_step=0] delta_max_rad=0.107435 delta_max_deg=6.1556 joint=right_thumb_IP joint_index=21 from_rad=0.818920 to_rad=0.711485
[action 000117 chunk_step=0] raw=[-0.3475,1.1269] sent=[-0.3475,1.1269] limit_clips=0 step_clips=0 tracking_max=nan
[cmd 000118 kind=policy chunk=0058 chunk_step=1] delta_max_rad=0.103305 delta_max_deg=5.9189 joint=right_index_DIP joint_index=3 from_rad=1.126855 to_rad=1.230160
[action 000118 chunk_step=1] raw=[-0.3480,1.2302] sent=[-0.3480,1.2302] limit_clips=0 step_clips=0 tracking_max=nan
[latency] hand_policy inference_ms=8.584
[chunk 0059] inference=0.009s predicted=(2, 22)
[cmd 000119 kind=policy chunk=0059 chunk_step=0] delta_max_rad=0.126477 delta_max_deg=7.2466 joint=right_thumb_IP joint_index=21 from_rad=0.637712 to_rad=0.511235
[action 000119 chunk_step=0] raw=[-0.3435,1.3169] sent=[-0.3435,1.3169] limit_clips=0 step_clips=0 tracking_max=nan
[cmd 000120 kind=policy chunk=0059 chunk_step=1] delta_max_rad=0.110738 delta_max_deg=6.3448 joint=right_ring_MCP_FE joint_index=13 from_rad=0.489287 to_rad=0.600025
[action 000120 chunk_step=1] raw=[-0.3463,1.3580] sent=[-0.3463,1.3580] limit_clips=0 step_clips=0 tracking_max=nan
[latency] hand_policy inference_ms=9.846
[chunk 0060] inference=0.010s predicted=(2, 22)
[cmd 000121 kind=policy chunk=0060 chunk_step=0] delta_max_rad=0.117660 delta_max_deg=6.7414 joint=right_ring_MCP_FE joint_index=13 from_rad=0.600025 to_rad=0.717685
[action 000121 chunk_step=0] raw=[-0.3481,1.3820] sent=[-0.3481,1.3820] limit_clips=0 step_clips=0 tracking_max=nan
[cmd 000122 kind=policy chunk=0060 chunk_step=1] delta_max_rad=0.094985 delta_max_deg=5.4422 joint=right_ring_PIP joint_index=15 from_rad=0.364772 to_rad=0.459757
[action 000122 chunk_step=1] raw=[-0.3462,1.3486] sent=[-0.3462,1.3486] limit_clips=0 step_clips=0 tracking_max=nan
[latency] hand_policy inference_ms=8.901
[chunk 0061] inference=0.009s predicted=(2, 22)
[cmd 000123 kind=policy chunk=0061 chunk_step=0] delta_max_rad=0.106240 delta_max_deg=6.0871 joint=right_ring_DIP joint_index=16 from_rad=0.608026 to_rad=0.714266
[action 000123 chunk_step=0] raw=[-0.3468,1.2585] sent=[-0.3468,1.2585] limit_clips=0 step_clips=0 tracking_max=nan
[cmd 000124 kind=policy chunk=0061 chunk_step=1] delta_max_rad=0.112078 delta_max_deg=6.4216 joint=right_pinky_PIP joint_index=11 from_rad=0.811505 to_rad=0.699427
[action 000124 chunk_step=1] raw=[-0.3479,1.2541] sent=[-0.3479,1.2541] limit_clips=0 step_clips=0 tracking_max=nan
[latency] hand_policy inference_ms=8.468
[chunk 0062] inference=0.008s predicted=(2, 22)
[cmd 000125 kind=policy chunk=0062 chunk_step=0] delta_max_rad=0.103967 delta_max_deg=5.9569 joint=right_index_PIP joint_index=2 from_rad=0.476564 to_rad=0.372597
[action 000125 chunk_step=0] raw=[-0.3418,1.2211] sent=[-0.3418,1.2211] limit_clips=0 step_clips=0 tracking_max=nan
[cmd 000126 kind=policy chunk=0062 chunk_step=1] delta_max_rad=0.112699 delta_max_deg=6.4571 joint=right_pinky_PIP joint_index=11 from_rad=0.608437 to_rad=0.495739
[action 000126 chunk_step=1] raw=[-0.3416,1.2134] sent=[-0.3416,1.2134] limit_clips=0 step_clips=0 tracking_max=nan
[latency] hand_policy inference_ms=9.826
[chunk 0063] inference=0.010s predicted=(2, 22)
[cmd 000127 kind=policy chunk=0063 chunk_step=0] delta_max_rad=0.113172 delta_max_deg=6.4843 joint=right_pinky_PIP joint_index=11 from_rad=0.495739 to_rad=0.382566
[action 000127 chunk_step=0] raw=[-0.3449,1.2909] sent=[-0.3449,1.2909] limit_clips=0 step_clips=0 tracking_max=nan
[cmd 000128 kind=policy chunk=0063 chunk_step=1] delta_max_rad=0.097689 delta_max_deg=5.5971 joint=right_pinky_PIP joint_index=11 from_rad=0.382566 to_rad=0.284878
[action 000128 chunk_step=1] raw=[-0.3397,1.3373] sent=[-0.3397,1.3373] limit_clips=0 step_clips=0 tracking_max=nan
[latency] hand_policy inference_ms=9.065
[chunk 0064] inference=0.009s predicted=(2, 22)
[cmd 000129 kind=policy chunk=0064 chunk_step=0] delta_max_rad=0.111798 delta_max_deg=6.4055 joint=right_thumb_IP joint_index=21 from_rad=0.719145 to_rad=0.830943
[action 000129 chunk_step=0] raw=[-0.3420,1.3892] sent=[-0.3420,1.3892] limit_clips=0 step_clips=0 tracking_max=nan
[cmd 000130 kind=policy chunk=0064 chunk_step=1] delta_max_rad=0.101233 delta_max_deg=5.8002 joint=right_ring_MCP_FE joint_index=13 from_rad=0.221352 to_rad=0.120119
[action 000130 chunk_step=1] raw=[-0.3219,1.3963] sent=[-0.3219,1.3963] limit_clips=0 step_clips=0 tracking_max=nan
[latency] hand_policy inference_ms=9.372
[chunk 0065] inference=0.009s predicted=(2, 22)
[cmd 000131 kind=policy chunk=0065 chunk_step=0] delta_max_rad=0.124215 delta_max_deg=7.1170 joint=right_thumb_IP joint_index=21 from_rad=0.923024 to_rad=1.047239
[action 000131 chunk_step=0] raw=[-0.3009,1.3846] sent=[-0.3009,1.3846] limit_clips=0 step_clips=0 tracking_max=nan
[cmd 000132 kind=policy chunk=0065 chunk_step=1] delta_max_rad=0.112954 delta_max_deg=6.4718 joint=right_middle_PIP joint_index=6 from_rad=1.018410 to_rad=0.905456
[action 000132 chunk_step=1] raw=[-0.2892,1.3437] sent=[-0.2892,1.3437] limit_clips=0 step_clips=0 tracking_max=nan
[latency] hand_policy inference_ms=10.047
[chunk 0066] inference=0.010s predicted=(2, 22)
[cmd 000133 kind=policy chunk=0066 chunk_step=0] delta_max_rad=0.101572 delta_max_deg=5.8197 joint=right_index_DIP joint_index=3 from_rad=0.752187 to_rad=0.853759
[action 000133 chunk_step=0] raw=[-0.3279,1.2511] sent=[-0.3279,1.2511] limit_clips=0 step_clips=0 tracking_max=nan
[cmd 000134 kind=policy chunk=0066 chunk_step=1] delta_max_rad=0.101160 delta_max_deg=5.7961 joint=right_thumb_IP joint_index=21 from_rad=0.992528 to_rad=0.891368
[action 000134 chunk_step=1] raw=[-0.3463,1.1634] sent=[-0.3463,1.1634] limit_clips=0 step_clips=0 tracking_max=nan
[latency] hand_policy inference_ms=8.793
[chunk 0067] inference=0.009s predicted=(2, 22)
[cmd 000135 kind=policy chunk=0067 chunk_step=0] delta_max_rad=0.104189 delta_max_deg=5.9696 joint=right_ring_DIP joint_index=16 from_rad=1.154477 to_rad=1.050288
[action 000135 chunk_step=0] raw=[-0.3466,1.1149] sent=[-0.3466,1.1149] limit_clips=0 step_clips=0 tracking_max=nan
[cmd 000136 kind=policy chunk=0067 chunk_step=1] delta_max_rad=0.097274 delta_max_deg=5.5734 joint=right_index_DIP joint_index=3 from_rad=1.043578 to_rad=1.140853
[action 000136 chunk_step=1] raw=[-0.3463,1.1409] sent=[-0.3463,1.1409] limit_clips=0 step_clips=0 tracking_max=nan
[latency] hand_policy inference_ms=10.105
[chunk 0068] inference=0.010s predicted=(2, 22)
[cmd 000137 kind=policy chunk=0068 chunk_step=0] delta_max_rad=0.096967 delta_max_deg=5.5558 joint=right_index_PIP joint_index=2 from_rad=0.397326 to_rad=0.494293
[action 000137 chunk_step=0] raw=[-0.3488,1.2230] sent=[-0.3488,1.2230] limit_clips=0 step_clips=0 tracking_max=nan
[cmd 000138 kind=policy chunk=0068 chunk_step=1] delta_max_rad=0.092932 delta_max_deg=5.3246 joint=right_middle_MCP_FE joint_index=4 from_rad=0.283277 to_rad=0.376209
[action 000138 chunk_step=1] raw=[-0.3485,1.3030] sent=[-0.3485,1.3030] limit_clips=0 step_clips=0 tracking_max=nan
[latency] hand_policy inference_ms=9.760
[chunk 0069] inference=0.010s predicted=(2, 22)
[cmd 000139 kind=policy chunk=0069 chunk_step=0] delta_max_rad=0.115247 delta_max_deg=6.6032 joint=right_pinky_DIP joint_index=12 from_rad=1.072454 to_rad=1.187701
[action 000139 chunk_step=0] raw=[-0.3491,1.3665] sent=[-0.3491,1.3665] limit_clips=0 step_clips=0 tracking_max=nan
[cmd 000140 kind=policy chunk=0069 chunk_step=1] delta_max_rad=0.102286 delta_max_deg=5.8606 joint=right_middle_MCP_FE joint_index=4 from_rad=0.466225 to_rad=0.568511
[action 000140 chunk_step=1] raw=[-0.3479,1.3817] sent=[-0.3479,1.3817] limit_clips=0 step_clips=0 tracking_max=nan
[latency] hand_policy inference_ms=8.515
[chunk 0070] inference=0.009s predicted=(2, 22)
[cmd 000141 kind=policy chunk=0070 chunk_step=0] delta_max_rad=0.120316 delta_max_deg=6.8936 joint=right_ring_MCP_FE joint_index=13 from_rad=0.564299 to_rad=0.684615
[action 000141 chunk_step=0] raw=[-0.3457,1.3932] sent=[-0.3457,1.3932] limit_clips=0 step_clips=0 tracking_max=nan
[cmd 000142 kind=policy chunk=0070 chunk_step=1] delta_max_rad=0.121711 delta_max_deg=6.9735 joint=right_middle_PIP joint_index=6 from_rad=0.546482 to_rad=0.668193
[action 000142 chunk_step=1] raw=[-0.3491,1.3368] sent=[-0.3491,1.3368] limit_clips=0 step_clips=0 tracking_max=nan
[latency] hand_policy inference_ms=8.713
[chunk 0071] inference=0.009s predicted=(2, 22)
[cmd 000143 kind=policy chunk=0071 chunk_step=0] delta_max_rad=0.111023 delta_max_deg=6.3611 joint=right_ring_DIP joint_index=16 from_rad=0.667265 to_rad=0.778287
[action 000143 chunk_step=0] raw=[-0.3443,1.2354] sent=[-0.3443,1.2354] limit_clips=0 step_clips=0 tracking_max=nan
[cmd 000144 kind=policy chunk=0071 chunk_step=1] delta_max_rad=0.115019 delta_max_deg=6.5901 joint=right_middle_MCP_FE joint_index=4 from_rad=0.606322 to_rad=0.491302
[action 000144 chunk_step=1] raw=[-0.3445,1.1861] sent=[-0.3445,1.1861] limit_clips=0 step_clips=0 tracking_max=nan
[latency] hand_policy inference_ms=10.078
[chunk 0072] inference=0.010s predicted=(2, 22)
[cmd 000145 kind=policy chunk=0072 chunk_step=0] delta_max_rad=0.109514 delta_max_deg=6.2747 joint=right_middle_PIP joint_index=6 from_rad=0.775592 to_rad=0.885106
[action 000145 chunk_step=0] raw=[-0.3446,1.1495] sent=[-0.3446,1.1495] limit_clips=0 step_clips=0 tracking_max=nan
[cmd 000146 kind=policy chunk=0072 chunk_step=1] delta_max_rad=0.109078 delta_max_deg=6.2497 joint=right_index_PIP joint_index=2 from_rad=0.505184 to_rad=0.396106
[action 000146 chunk_step=1] raw=[-0.3432,1.1321] sent=[-0.3432,1.1321] limit_clips=0 step_clips=0 tracking_max=nan
[latency] hand_policy inference_ms=10.073
[chunk 0073] inference=0.010s predicted=(2, 22)
[cmd 000147 kind=policy chunk=0073 chunk_step=0] delta_max_rad=0.103568 delta_max_deg=5.9340 joint=right_pinky_PIP joint_index=11 from_rad=0.506008 to_rad=0.402440
[action 000147 chunk_step=0] raw=[-0.3491,1.1314] sent=[-0.3491,1.1314] limit_clips=0 step_clips=0 tracking_max=nan
[cmd 000148 kind=policy chunk=0073 chunk_step=1] delta_max_rad=0.112179 delta_max_deg=6.4274 joint=right_index_PIP joint_index=2 from_rad=0.294147 to_rad=0.181969
[action 000148 chunk_step=1] raw=[-0.3490,1.2195] sent=[-0.3490,1.2195] limit_clips=0 step_clips=0 tracking_max=nan
[latency] hand_policy inference_ms=9.044
[chunk 0074] inference=0.009s predicted=(2, 22)
[cmd 000149 kind=policy chunk=0074 chunk_step=0] delta_max_rad=0.099568 delta_max_deg=5.7048 joint=right_thumb_IP joint_index=21 from_rad=0.770870 to_rad=0.870439
[action 000149 chunk_step=0] raw=[-0.3331,1.3059] sent=[-0.3331,1.3059] limit_clips=0 step_clips=0 tracking_max=nan
[cmd 000150 kind=policy chunk=0074 chunk_step=1] delta_max_rad=0.084180 delta_max_deg=4.8232 joint=right_pinky_CMC joint_index=8 from_rad=0.130538 to_rad=0.214718
[action 000150 chunk_step=1] raw=[-0.3066,1.3632] sent=[-0.3066,1.3632] limit_clips=0 step_clips=0 tracking_max=nan
[latency] hand_policy inference_ms=8.673
[chunk 0075] inference=0.009s predicted=(2, 22)
[cmd 000151 kind=policy chunk=0075 chunk_step=0] delta_max_rad=0.093286 delta_max_deg=5.3449 joint=right_index_DIP joint_index=3 from_rad=0.770821 to_rad=0.864107
[action 000151 chunk_step=0] raw=[-0.3126,1.3566] sent=[-0.3126,1.3566] limit_clips=0 step_clips=0 tracking_max=nan
[cmd 000152 kind=policy chunk=0075 chunk_step=1] delta_max_rad=0.117742 delta_max_deg=6.7461 joint=right_middle_DIP joint_index=7 from_rad=1.221527 to_rad=1.103785
[action 000152 chunk_step=1] raw=[-0.3479,1.2716] sent=[-0.3479,1.2716] limit_clips=0 step_clips=0 tracking_max=nan
[latency] hand_policy inference_ms=10.192
[chunk 0076] inference=0.010s predicted=(2, 22)
[cmd 000153 kind=policy chunk=0076 chunk_step=0] delta_max_rad=0.103273 delta_max_deg=5.9171 joint=right_index_DIP joint_index=3 from_rad=0.956210 to_rad=1.059484
[action 000153 chunk_step=0] raw=[-0.3491,1.1784] sent=[-0.3491,1.1784] limit_clips=0 step_clips=0 tracking_max=nan
[cmd 000154 kind=policy chunk=0076 chunk_step=1] delta_max_rad=0.103268 delta_max_deg=5.9168 joint=right_pinky_PIP joint_index=11 from_rad=0.489015 to_rad=0.592283
[action 000154 chunk_step=1] raw=[-0.3491,1.1521] sent=[-0.3491,1.1521] limit_clips=0 step_clips=0 tracking_max=nan
[latency] hand_policy inference_ms=9.489
[chunk 0077] inference=0.009s predicted=(2, 22)
[cmd 000155 kind=policy chunk=0077 chunk_step=0] delta_max_rad=0.105853 delta_max_deg=6.0649 joint=right_thumb_IP joint_index=21 from_rad=0.661546 to_rad=0.555693
[action 000155 chunk_step=0] raw=[-0.3491,1.2482] sent=[-0.3491,1.2482] limit_clips=0 step_clips=0 tracking_max=nan
[cmd 000156 kind=policy chunk=0077 chunk_step=1] delta_max_rad=0.108736 delta_max_deg=6.2301 joint=right_ring_MCP_FE joint_index=13 from_rad=0.428063 to_rad=0.536799
[action 000156 chunk_step=1] raw=[-0.3472,1.3233] sent=[-0.3472,1.3233] limit_clips=0 step_clips=0 tracking_max=nan
[latency] hand_policy inference_ms=9.091
[chunk 0078] inference=0.009s predicted=(2, 22)
[cmd 000157 kind=policy chunk=0078 chunk_step=0] delta_max_rad=0.111953 delta_max_deg=6.4144 joint=right_middle_MCP_FE joint_index=4 from_rad=0.334720 to_rad=0.446673
[action 000157 chunk_step=0] raw=[-0.3485,1.3706] sent=[-0.3485,1.3706] limit_clips=0 step_clips=0 tracking_max=nan
[cmd 000158 kind=policy chunk=0078 chunk_step=1] delta_max_rad=0.117281 delta_max_deg=6.7197 joint=right_ring_MCP_FE joint_index=13 from_rad=0.634882 to_rad=0.752162
[action 000158 chunk_step=1] raw=[-0.3473,1.3466] sent=[-0.3473,1.3466] limit_clips=0 step_clips=0 tracking_max=nan
[latency] hand_policy inference_ms=9.004
[chunk 0079] inference=0.009s predicted=(2, 22)
[cmd 000159 kind=policy chunk=0079 chunk_step=0] delta_max_rad=0.108131 delta_max_deg=6.1955 joint=right_ring_PIP joint_index=15 from_rad=0.428791 to_rad=0.536923
[action 000159 chunk_step=0] raw=[-0.3466,1.3086] sent=[-0.3466,1.3086] limit_clips=0 step_clips=0 tracking_max=nan
[cmd 000160 kind=policy chunk=0079 chunk_step=1] delta_max_rad=0.111575 delta_max_deg=6.3928 joint=right_pinky_PIP joint_index=11 from_rad=0.813749 to_rad=0.702174
[action 000160 chunk_step=1] raw=[-0.3473,1.2959] sent=[-0.3473,1.2959] limit_clips=0 step_clips=0 tracking_max=nan
[latency] hand_policy inference_ms=10.060
[chunk 0080] inference=0.010s predicted=(2, 22)
[cmd 000161 kind=policy chunk=0080 chunk_step=0] delta_max_rad=0.103844 delta_max_deg=5.9498 joint=right_pinky_MCP_FE joint_index=9 from_rad=0.970842 to_rad=1.074687
[action 000161 chunk_step=0] raw=[-0.3438,1.2793] sent=[-0.3438,1.2793] limit_clips=0 step_clips=0 tracking_max=nan
[cmd 000162 kind=policy chunk=0080 chunk_step=1] delta_max_rad=0.097750 delta_max_deg=5.6006 joint=right_pinky_PIP joint_index=11 from_rad=0.613093 to_rad=0.515343
[action 000162 chunk_step=1] raw=[-0.3447,1.2687] sent=[-0.3447,1.2687] limit_clips=0 step_clips=0 tracking_max=nan
[latency] hand_policy inference_ms=9.936
[chunk 0081] inference=0.010s predicted=(2, 22)
[cmd 000163 kind=policy chunk=0081 chunk_step=0] delta_max_rad=0.106084 delta_max_deg=6.0782 joint=right_ring_MCP_FE joint_index=13 from_rad=0.568880 to_rad=0.462796
[action 000163 chunk_step=0] raw=[-0.3490,1.2675] sent=[-0.3490,1.2675] limit_clips=0 step_clips=0 tracking_max=nan
[cmd 000164 kind=policy chunk=0081 chunk_step=1] delta_max_rad=0.098604 delta_max_deg=5.6496 joint=right_ring_MCP_FE joint_index=13 from_rad=0.462796 to_rad=0.364192
[action 000164 chunk_step=1] raw=[-0.3460,1.2994] sent=[-0.3460,1.2994] limit_clips=0 step_clips=0 tracking_max=nan
[latency] hand_policy inference_ms=9.037
[chunk 0082] inference=0.009s predicted=(2, 22)
[cmd 000165 kind=policy chunk=0082 chunk_step=0] delta_max_rad=0.116543 delta_max_deg=6.6774 joint=right_ring_MCP_FE joint_index=13 from_rad=0.364192 to_rad=0.247650
[action 000165 chunk_step=0] raw=[-0.3481,1.3600] sent=[-0.3481,1.3600] limit_clips=0 step_clips=0 tracking_max=nan
[cmd 000166 kind=policy chunk=0082 chunk_step=1] delta_max_rad=0.090925 delta_max_deg=5.2096 joint=right_pinky_CMC joint_index=8 from_rad=0.062491 to_rad=0.153416
[action 000166 chunk_step=1] raw=[-0.3491,1.3963] sent=[-0.3491,1.3963] limit_clips=0 step_clips=0 tracking_max=nan
[latency] hand_policy inference_ms=8.869
[chunk 0083] inference=0.009s predicted=(2, 22)
[cmd 000167 kind=policy chunk=0083 chunk_step=0] delta_max_rad=0.101195 delta_max_deg=5.7980 joint=right_pinky_MCP_AA joint_index=10 from_rad=0.279822 to_rad=0.178627
[action 000167 chunk_step=0] raw=[-0.3491,1.3300] sent=[-0.3491,1.3300] limit_clips=0 step_clips=0 tracking_max=nan
[cmd 000168 kind=policy chunk=0083 chunk_step=1] delta_max_rad=0.101863 delta_max_deg=5.8363 joint=right_ring_PIP joint_index=15 from_rad=0.800644 to_rad=0.698781
[action 000168 chunk_step=1] raw=[-0.3491,1.2521] sent=[-0.3491,1.2521] limit_clips=0 step_clips=0 tracking_max=nan
[latency] hand_policy inference_ms=9.997
[chunk 0084] inference=0.010s predicted=(2, 22)
[cmd 000169 kind=policy chunk=0084 chunk_step=0] delta_max_rad=0.093384 delta_max_deg=5.3505 joint=right_ring_MCP_AA joint_index=14 from_rad=0.199474 to_rad=0.292858
[action 000169 chunk_step=0] raw=[-0.3488,1.3304] sent=[-0.3488,1.3304] limit_clips=0 step_clips=0 tracking_max=nan
[cmd 000170 kind=policy chunk=0084 chunk_step=1] delta_max_rad=0.091227 delta_max_deg=5.2269 joint=right_index_PIP joint_index=2 from_rad=0.338165 to_rad=0.429392
[action 000170 chunk_step=1] raw=[-0.3482,1.3963] sent=[-0.3482,1.3963] limit_clips=0 step_clips=0 tracking_max=nan
[latency] hand_policy inference_ms=9.992
[chunk 0085] inference=0.010s predicted=(2, 22)
[cmd 000171 kind=policy chunk=0085 chunk_step=0] delta_max_rad=0.100834 delta_max_deg=5.7773 joint=right_pinky_PIP joint_index=11 from_rad=0.397458 to_rad=0.498292
[action 000171 chunk_step=0] raw=[-0.3469,1.3963] sent=[-0.3469,1.3963] limit_clips=0 step_clips=0 tracking_max=nan
[cmd 000172 kind=policy chunk=0085 chunk_step=1] delta_max_rad=0.103344 delta_max_deg=5.9212 joint=right_pinky_PIP joint_index=11 from_rad=0.498292 to_rad=0.601636
[action 000172 chunk_step=1] raw=[-0.3473,1.3926] sent=[-0.3473,1.3926] limit_clips=0 step_clips=0 tracking_max=nan
[latency] hand_policy inference_ms=9.134
[chunk 0086] inference=0.009s predicted=(2, 22)
[cmd 000173 kind=policy chunk=0086 chunk_step=0] delta_max_rad=0.103953 delta_max_deg=5.9561 joint=right_middle_PIP joint_index=6 from_rad=0.475659 to_rad=0.579612
[action 000173 chunk_step=0] raw=[-0.3487,1.3701] sent=[-0.3487,1.3701] limit_clips=0 step_clips=0 tracking_max=nan
[cmd 000174 kind=policy chunk=0086 chunk_step=1] delta_max_rad=0.098819 delta_max_deg=5.6619 joint=right_pinky_MCP_AA joint_index=10 from_rad=0.232364 to_rad=0.331183
[action 000174 chunk_step=1] raw=[-0.3484,1.3830] sent=[-0.3484,1.3830] limit_clips=0 step_clips=0 tracking_max=nan
[latency] hand_policy inference_ms=8.877
[chunk 0087] inference=0.009s predicted=(2, 22)
[cmd 000175 kind=policy chunk=0087 chunk_step=0] delta_max_rad=0.097613 delta_max_deg=5.5928 joint=right_middle_PIP joint_index=6 from_rad=0.580522 to_rad=0.482909
[action 000175 chunk_step=0] raw=[-0.3447,1.3574] sent=[-0.3447,1.3574] limit_clips=0 step_clips=0 tracking_max=nan
[cmd 000176 kind=policy chunk=0087 chunk_step=1] delta_max_rad=0.124021 delta_max_deg=7.1059 joint=right_pinky_DIP joint_index=12 from_rad=1.156303 to_rad=1.032282
[action 000176 chunk_step=1] raw=[-0.3469,1.3646] sent=[-0.3469,1.3646] limit_clips=0 step_clips=0 tracking_max=nan
[latency] hand_policy inference_ms=8.626
[chunk 0088] inference=0.009s predicted=(2, 22)
[cmd 000177 kind=policy chunk=0088 chunk_step=0] delta_max_rad=0.110341 delta_max_deg=6.3220 joint=right_pinky_DIP joint_index=12 from_rad=1.032282 to_rad=0.921941
[action 000177 chunk_step=0] raw=[-0.3473,1.3589] sent=[-0.3473,1.3589] limit_clips=0 step_clips=0 tracking_max=nan
[cmd 000178 kind=policy chunk=0088 chunk_step=1] delta_max_rad=0.102715 delta_max_deg=5.8852 joint=right_ring_DIP joint_index=16 from_rad=1.175261 to_rad=1.277977
[action 000178 chunk_step=1] raw=[-0.3472,1.3951] sent=[-0.3472,1.3951] limit_clips=0 step_clips=0 tracking_max=nan
[latency] hand_policy inference_ms=10.202
[chunk 0089] inference=0.010s predicted=(2, 22)
[cmd 000179 kind=policy chunk=0089 chunk_step=0] delta_max_rad=0.116914 delta_max_deg=6.6987 joint=right_pinky_PIP joint_index=11 from_rad=0.217519 to_rad=0.100605
[action 000179 chunk_step=0] raw=[-0.3491,1.4000] sent=[-0.3491,1.4000] limit_clips=0 step_clips=0 tracking_max=nan
[cmd 000180 kind=policy chunk=0089 chunk_step=1] delta_max_rad=0.087600 delta_max_deg=5.0191 joint=right_pinky_MCP_AA joint_index=10 from_rad=0.340700 to_rad=0.253099
[action 000180 chunk_step=1] raw=[-0.3482,1.3963] sent=[-0.3482,1.3963] limit_clips=0 step_clips=0 tracking_max=nan
[latency] hand_policy inference_ms=8.998
[chunk 0090] inference=0.009s predicted=(2, 22)
[cmd 000181 kind=policy chunk=0090 chunk_step=0] delta_max_rad=0.102712 delta_max_deg=5.8850 joint=right_ring_DIP joint_index=16 from_rad=1.396300 to_rad=1.293588
[action 000181 chunk_step=0] raw=[-0.3477,1.3918] sent=[-0.3477,1.3918] limit_clips=0 step_clips=0 tracking_max=nan
[cmd 000182 kind=policy chunk=0090 chunk_step=1] delta_max_rad=0.116078 delta_max_deg=6.6508 joint=right_pinky_PIP joint_index=11 from_rad=0.045313 to_rad=0.161391
[action 000182 chunk_step=1] raw=[-0.3491,1.3639] sent=[-0.3491,1.3639] limit_clips=0 step_clips=0 tracking_max=nan
[latency] hand_policy inference_ms=9.093
[chunk 0091] inference=0.009s predicted=(2, 22)
[cmd 000183 kind=policy chunk=0091 chunk_step=0] delta_max_rad=0.101388 delta_max_deg=5.8091 joint=right_index_PIP joint_index=2 from_rad=0.284488 to_rad=0.385876
[action 000183 chunk_step=0] raw=[-0.3491,1.3755] sent=[-0.3491,1.3755] limit_clips=0 step_clips=0 tracking_max=nan
[cmd 000184 kind=policy chunk=0091 chunk_step=1] delta_max_rad=0.098670 delta_max_deg=5.6534 joint=right_ring_MCP_FE joint_index=13 from_rad=0.430428 to_rad=0.529098
[action 000184 chunk_step=1] raw=[-0.3487,1.3927] sent=[-0.3487,1.3927] limit_clips=0 step_clips=0 tracking_max=nan
[latency] hand_policy inference_ms=8.780
[chunk 0092] inference=0.009s predicted=(2, 22)
[cmd 000185 kind=policy chunk=0092 chunk_step=0] delta_max_rad=0.104948 delta_max_deg=6.0131 joint=right_pinky_PIP joint_index=11 from_rad=0.321479 to_rad=0.426427
[action 000185 chunk_step=0] raw=[-0.3491,1.3963] sent=[-0.3491,1.3963] limit_clips=0 step_clips=0 tracking_max=nan
[cmd 000186 kind=policy chunk=0092 chunk_step=1] delta_max_rad=0.105346 delta_max_deg=6.0359 joint=right_ring_MCP_FE joint_index=13 from_rad=0.616058 to_rad=0.721404
[action 000186 chunk_step=1] raw=[-0.3487,1.3651] sent=[-0.3487,1.3651] limit_clips=0 step_clips=0 tracking_max=nan
[latency] hand_policy inference_ms=10.090
[chunk 0093] inference=0.010s predicted=(2, 22)
[cmd 000187 kind=policy chunk=0093 chunk_step=0] delta_max_rad=0.095884 delta_max_deg=5.4938 joint=right_ring_PIP joint_index=15 from_rad=0.594060 to_rad=0.689944
[action 000187 chunk_step=0] raw=[-0.3480,1.3458] sent=[-0.3480,1.3458] limit_clips=0 step_clips=0 tracking_max=nan
[cmd 000188 kind=policy chunk=0093 chunk_step=1] delta_max_rad=0.106182 delta_max_deg=6.0838 joint=right_ring_DIP joint_index=16 from_rad=0.844638 to_rad=0.950820
[action 000188 chunk_step=1] raw=[-0.3491,1.3379] sent=[-0.3491,1.3379] limit_clips=0 step_clips=0 tracking_max=nan
[latency] hand_policy inference_ms=10.051
[chunk 0094] inference=0.010s predicted=(2, 22)
[cmd 000189 kind=policy chunk=0094 chunk_step=0] delta_max_rad=0.108261 delta_max_deg=6.2029 joint=right_ring_MCP_FE joint_index=13 from_rad=0.629683 to_rad=0.521422
[action 000189 chunk_step=0] raw=[-0.3491,1.3282] sent=[-0.3491,1.3282] limit_clips=0 step_clips=0 tracking_max=nan
[cmd 000190 kind=policy chunk=0094 chunk_step=1] delta_max_rad=0.109623 delta_max_deg=6.2809 joint=right_thumb_MCP_FE joint_index=19 from_rad=0.410082 to_rad=0.519705
[action 000190 chunk_step=1] raw=[-0.3491,1.3034] sent=[-0.3491,1.3034] limit_clips=0 step_clips=0 tracking_max=nan
[latency] hand_policy inference_ms=8.988
[chunk 0095] inference=0.009s predicted=(2, 22)
[cmd 000191 kind=policy chunk=0095 chunk_step=0] delta_max_rad=0.106646 delta_max_deg=6.1103 joint=right_thumb_MCP_FE joint_index=19 from_rad=0.519705 to_rad=0.626350
[action 000191 chunk_step=0] raw=[-0.3479,1.2796] sent=[-0.3479,1.2796] limit_clips=0 step_clips=0 tracking_max=nan
[cmd 000192 kind=policy chunk=0095 chunk_step=1] delta_max_rad=0.112422 delta_max_deg=6.4413 joint=right_thumb_MCP_FE joint_index=19 from_rad=0.626350 to_rad=0.738772
[action 000192 chunk_step=1] raw=[-0.3466,1.3135] sent=[-0.3466,1.3135] limit_clips=0 step_clips=0 tracking_max=nan
[latency] hand_policy inference_ms=10.203
[chunk 0096] inference=0.010s predicted=(2, 22)
[cmd 000193 kind=policy chunk=0096 chunk_step=0] delta_max_rad=0.089913 delta_max_deg=5.1516 joint=right_pinky_CMC joint_index=8 from_rad=0.057352 to_rad=0.147265
[action 000193 chunk_step=0] raw=[-0.3488,1.3555] sent=[-0.3488,1.3555] limit_clips=0 step_clips=0 tracking_max=nan
[cmd 000194 kind=policy chunk=0096 chunk_step=1] delta_max_rad=0.122767 delta_max_deg=7.0340 joint=right_pinky_DIP joint_index=12 from_rad=0.818590 to_rad=0.941357
[action 000194 chunk_step=1] raw=[-0.3488,1.2899] sent=[-0.3488,1.2899] limit_clips=0 step_clips=0 tracking_max=nan
[latency] hand_policy inference_ms=9.560
[chunk 0097] inference=0.010s predicted=(2, 22)
[cmd 000195 kind=policy chunk=0097 chunk_step=0] delta_max_rad=0.096432 delta_max_deg=5.5251 joint=right_pinky_DIP joint_index=12 from_rad=0.941357 to_rad=1.037789
[action 000195 chunk_step=0] raw=[-0.3491,1.2837] sent=[-0.3491,1.2837] limit_clips=0 step_clips=0 tracking_max=nan
[cmd 000196 kind=policy chunk=0097 chunk_step=1] delta_max_rad=0.101079 delta_max_deg=5.7914 joint=right_ring_PIP joint_index=15 from_rad=0.686514 to_rad=0.585434
[action 000196 chunk_step=1] raw=[-0.3481,1.3594] sent=[-0.3481,1.3594] limit_clips=0 step_clips=0 tracking_max=nan
[latency] hand_policy inference_ms=9.201
[chunk 0098] inference=0.009s predicted=(2, 22)
[cmd 000197 kind=policy chunk=0098 chunk_step=0] delta_max_rad=0.101194 delta_max_deg=5.7980 joint=right_middle_DIP joint_index=7 from_rad=1.125843 to_rad=1.024648
[action 000197 chunk_step=0] raw=[-0.3491,1.3851] sent=[-0.3491,1.3851] limit_clips=0 step_clips=0 tracking_max=nan
[cmd 000198 kind=policy chunk=0098 chunk_step=1] delta_max_rad=0.085574 delta_max_deg=4.9030 joint=right_pinky_CMC joint_index=8 from_rad=0.225830 to_rad=0.140256
[action 000198 chunk_step=1] raw=[-0.3491,1.3579] sent=[-0.3491,1.3579] limit_clips=0 step_clips=0 tracking_max=nan
[latency] hand_policy inference_ms=8.811
[chunk 0099] inference=0.009s predicted=(2, 22)
[cmd 000199 kind=policy chunk=0099 chunk_step=0] delta_max_rad=0.102504 delta_max_deg=5.8730 joint=right_index_DIP joint_index=3 from_rad=1.357901 to_rad=1.255398
[action 000199 chunk_step=0] raw=[-0.3459,1.2554] sent=[-0.3459,1.2554] limit_clips=0 step_clips=0 tracking_max=nan
[cmd 000200 kind=policy chunk=0099 chunk_step=1] delta_max_rad=0.093103 delta_max_deg=5.3344 joint=right_ring_DIP joint_index=16 from_rad=0.990475 to_rad=1.083577
[action 000200 chunk_step=1] raw=[-0.3465,1.1746] sent=[-0.3465,1.1746] limit_clips=0 step_clips=0 tracking_max=nan
[latency] hand_policy inference_ms=9.541
[chunk 0100] inference=0.010s predicted=(2, 22)
[cmd 000201 kind=policy chunk=0100 chunk_step=0] delta_max_rad=0.096217 delta_max_deg=5.5128 joint=right_ring_DIP joint_index=16 from_rad=1.083577 to_rad=1.179794
[action 000201 chunk_step=0] raw=[-0.3491,1.1798] sent=[-0.3491,1.1798] limit_clips=0 step_clips=0 tracking_max=nan
[cmd 000202 kind=policy chunk=0100 chunk_step=1] delta_max_rad=0.096603 delta_max_deg=5.5349 joint=right_thumb_IP joint_index=21 from_rad=0.134624 to_rad=0.231227
[action 000202 chunk_step=1] raw=[-0.3389,1.2715] sent=[-0.3389,1.2715] limit_clips=0 step_clips=0 tracking_max=nan
[latency] hand_policy inference_ms=9.147
[chunk 0101] inference=0.009s predicted=(2, 22)
[cmd 000203 kind=policy chunk=0101 chunk_step=0] delta_max_rad=0.092051 delta_max_deg=5.2742 joint=right_ring_PIP joint_index=15 from_rad=0.843701 to_rad=0.935752
[action 000203 chunk_step=0] raw=[-0.2892,1.3368] sent=[-0.2892,1.3368] limit_clips=0 step_clips=0 tracking_max=nan
[cmd 000204 kind=policy chunk=0101 chunk_step=1] delta_max_rad=0.108906 delta_max_deg=6.2398 joint=right_thumb_IP joint_index=21 from_rad=0.316224 to_rad=0.425129
[action 000204 chunk_step=1] raw=[-0.2287,1.3792] sent=[-0.2287,1.3792] limit_clips=0 step_clips=0 tracking_max=nan
[latency] hand_policy inference_ms=8.817
[chunk 0102] inference=0.009s predicted=(2, 22)
[cmd 000205 kind=policy chunk=0102 chunk_step=0] delta_max_rad=0.108603 delta_max_deg=6.2225 joint=right_thumb_MCP_AA joint_index=20 from_rad=-0.204925 to_rad=-0.096322
[action 000205 chunk_step=0] raw=[-0.2180,1.3825] sent=[-0.2180,1.3825] limit_clips=0 step_clips=0 tracking_max=nan
[cmd 000206 kind=policy chunk=0102 chunk_step=1] delta_max_rad=0.094129 delta_max_deg=5.3932 joint=right_pinky_MCP_AA joint_index=10 from_rad=0.348573 to_rad=0.254444
[action 000206 chunk_step=1] raw=[-0.2113,1.3837] sent=[-0.2113,1.3837] limit_clips=0 step_clips=0 tracking_max=nan
[latency] hand_policy inference_ms=10.504
[chunk 0103] inference=0.011s predicted=(2, 22)
[cmd 000207 kind=policy chunk=0103 chunk_step=0] delta_max_rad=0.100551 delta_max_deg=5.7611 joint=right_ring_DIP joint_index=16 from_rad=1.383664 to_rad=1.283114
[action 000207 chunk_step=0] raw=[-0.2846,1.2831] sent=[-0.2846,1.2831] limit_clips=0 step_clips=0 tracking_max=nan
[cmd 000208 kind=policy chunk=0103 chunk_step=1] delta_max_rad=0.103580 delta_max_deg=5.9347 joint=right_pinky_PIP joint_index=11 from_rad=0.272493 to_rad=0.376073
[action 000208 chunk_step=1] raw=[-0.3491,1.1945] sent=[-0.3491,1.1945] limit_clips=0 step_clips=0 tracking_max=nan
[latency] hand_policy inference_ms=9.141
[chunk 0104] inference=0.009s predicted=(2, 22)
[cmd 000209 kind=policy chunk=0104 chunk_step=0] delta_max_rad=0.108859 delta_max_deg=6.2371 joint=right_pinky_DIP joint_index=12 from_rad=0.616149 to_rad=0.725008
[action 000209 chunk_step=0] raw=[-0.3443,1.2330] sent=[-0.3443,1.2330] limit_clips=0 step_clips=0 tracking_max=nan
[cmd 000210 kind=policy chunk=0104 chunk_step=1] delta_max_rad=0.098125 delta_max_deg=5.6222 joint=right_pinky_PIP joint_index=11 from_rad=0.478429 to_rad=0.576554
[action 000210 chunk_step=1] raw=[-0.3413,1.3304] sent=[-0.3413,1.3304] limit_clips=0 step_clips=0 tracking_max=nan
[latency] hand_policy inference_ms=8.759
[chunk 0105] inference=0.009s predicted=(2, 22)
[cmd 000211 kind=policy chunk=0105 chunk_step=0] delta_max_rad=0.113202 delta_max_deg=6.4860 joint=right_thumb_IP joint_index=21 from_rad=0.279680 to_rad=0.166478
[action 000211 chunk_step=0] raw=[-0.3488,1.3960] sent=[-0.3488,1.3960] limit_clips=0 step_clips=0 tracking_max=nan
[cmd 000212 kind=policy chunk=0105 chunk_step=1] delta_max_rad=0.107249 delta_max_deg=6.1449 joint=right_ring_MCP_FE joint_index=13 from_rad=0.279046 to_rad=0.386296
[action 000212 chunk_step=1] raw=[-0.3491,1.3938] sent=[-0.3491,1.3938] limit_clips=0 step_clips=0 tracking_max=nan
[latency] hand_policy inference_ms=10.337
[chunk 0106] inference=0.010s predicted=(2, 22)
[cmd 000213 kind=policy chunk=0106 chunk_step=0] delta_max_rad=0.118298 delta_max_deg=6.7780 joint=right_ring_MCP_FE joint_index=13 from_rad=0.386296 to_rad=0.504594
[action 000213 chunk_step=0] raw=[-0.3466,1.3947] sent=[-0.3466,1.3947] limit_clips=0 step_clips=0 tracking_max=nan
[cmd 000214 kind=policy chunk=0106 chunk_step=1] delta_max_rad=0.095163 delta_max_deg=5.4524 joint=right_index_PIP joint_index=2 from_rad=0.543851 to_rad=0.448688
[action 000214 chunk_step=1] raw=[-0.3465,1.3471] sent=[-0.3465,1.3471] limit_clips=0 step_clips=0 tracking_max=nan
[latency] hand_policy inference_ms=9.193
[chunk 0107] inference=0.009s predicted=(2, 22)
[cmd 000215 kind=policy chunk=0107 chunk_step=0] delta_max_rad=0.104457 delta_max_deg=5.9849 joint=right_pinky_PIP joint_index=11 from_rad=0.848048 to_rad=0.743591
[action 000215 chunk_step=0] raw=[-0.3485,1.3400] sent=[-0.3485,1.3400] limit_clips=0 step_clips=0 tracking_max=nan
[cmd 000216 kind=policy chunk=0107 chunk_step=1] delta_max_rad=0.096734 delta_max_deg=5.5425 joint=right_ring_DIP joint_index=16 from_rad=0.776228 to_rad=0.872962
[action 000216 chunk_step=1] raw=[-0.3476,1.3587] sent=[-0.3476,1.3587] limit_clips=0 step_clips=0 tracking_max=nan
[latency] hand_policy inference_ms=8.769
[chunk 0108] inference=0.009s predicted=(2, 22)
[cmd 000217 kind=policy chunk=0108 chunk_step=0] delta_max_rad=0.100566 delta_max_deg=5.7620 joint=right_ring_MCP_FE joint_index=13 from_rad=0.456084 to_rad=0.355518
[action 000217 chunk_step=0] raw=[-0.3467,1.3882] sent=[-0.3467,1.3882] limit_clips=0 step_clips=0 tracking_max=nan
[cmd 000218 kind=policy chunk=0108 chunk_step=1] delta_max_rad=0.098228 delta_max_deg=5.6281 joint=right_ring_DIP joint_index=16 from_rad=0.964186 to_rad=1.062414
[action 000218 chunk_step=1] raw=[-0.3488,1.3963] sent=[-0.3488,1.3963] limit_clips=0 step_clips=0 tracking_max=nan
[latency] hand_policy inference_ms=10.170
[chunk 0109] inference=0.010s predicted=(2, 22)
[cmd 000219 kind=policy chunk=0109 chunk_step=0] delta_max_rad=0.118330 delta_max_deg=6.7798 joint=right_pinky_PIP joint_index=11 from_rad=0.459803 to_rad=0.341473
[action 000219 chunk_step=0] raw=[-0.3478,1.3962] sent=[-0.3478,1.3962] limit_clips=0 step_clips=0 tracking_max=nan
[cmd 000220 kind=policy chunk=0109 chunk_step=1] delta_max_rad=0.121794 delta_max_deg=6.9783 joint=right_pinky_PIP joint_index=11 from_rad=0.341473 to_rad=0.219679
[action 000220 chunk_step=1] raw=[-0.3479,1.3963] sent=[-0.3479,1.3963] limit_clips=0 step_clips=0 tracking_max=nan
[latency] hand_policy inference_ms=9.136
[chunk 0110] inference=0.009s predicted=(2, 22)
[cmd 000221 kind=policy chunk=0110 chunk_step=0] delta_max_rad=0.129905 delta_max_deg=7.4430 joint=right_index_PIP joint_index=2 from_rad=0.056103 to_rad=0.186008
[action 000221 chunk_step=0] raw=[-0.3450,1.3696] sent=[-0.3450,1.3696] limit_clips=0 step_clips=0 tracking_max=nan
[cmd 000222 kind=policy chunk=0110 chunk_step=1] delta_max_rad=0.107348 delta_max_deg=6.1506 joint=right_ring_PIP joint_index=15 from_rad=0.997431 to_rad=0.890083
[action 000222 chunk_step=1] raw=[-0.3491,1.2636] sent=[-0.3491,1.2636] limit_clips=0 step_clips=0 tracking_max=nan
[latency] hand_policy inference_ms=9.191
[chunk 0111] inference=0.009s predicted=(2, 22)
[cmd 000223 kind=policy chunk=0111 chunk_step=0] delta_max_rad=0.113491 delta_max_deg=6.5026 joint=right_pinky_DIP joint_index=12 from_rad=0.872655 to_rad=0.986146
[action 000223 chunk_step=0] raw=[-0.3491,1.3002] sent=[-0.3491,1.3002] limit_clips=0 step_clips=0 tracking_max=nan
[cmd 000224 kind=policy chunk=0111 chunk_step=1] delta_max_rad=0.102319 delta_max_deg=5.8624 joint=right_ring_PIP joint_index=15 from_rad=0.784342 to_rad=0.682023
[action 000224 chunk_step=1] raw=[-0.3490,1.3892] sent=[-0.3490,1.3892] limit_clips=0 step_clips=0 tracking_max=nan
[latency] hand_policy inference_ms=9.726
[chunk 0112] inference=0.010s predicted=(2, 22)
[cmd 000225 kind=policy chunk=0112 chunk_step=0] delta_max_rad=0.105305 delta_max_deg=6.0335 joint=right_pinky_DIP joint_index=12 from_rad=1.071799 to_rad=1.177104
[action 000225 chunk_step=0] raw=[-0.3476,1.3963] sent=[-0.3476,1.3963] limit_clips=0 step_clips=0 tracking_max=nan
[cmd 000226 kind=policy chunk=0112 chunk_step=1] delta_max_rad=0.118890 delta_max_deg=6.8119 joint=right_ring_MCP_FE joint_index=13 from_rad=0.436008 to_rad=0.554897
[action 000226 chunk_step=1] raw=[-0.3479,1.3886] sent=[-0.3479,1.3886] limit_clips=0 step_clips=0 tracking_max=nan
[latency] hand_policy inference_ms=10.154
[chunk 0113] inference=0.010s predicted=(2, 22)
[cmd 000227 kind=policy chunk=0113 chunk_step=0] delta_max_rad=0.104676 delta_max_deg=5.9975 joint=right_ring_MCP_FE joint_index=13 from_rad=0.554897 to_rad=0.659573
[action 000227 chunk_step=0] raw=[-0.3433,1.3495] sent=[-0.3433,1.3495] limit_clips=0 step_clips=0 tracking_max=nan
[cmd 000228 kind=policy chunk=0113 chunk_step=1] delta_max_rad=0.095092 delta_max_deg=5.4484 joint=right_index_PIP joint_index=2 from_rad=0.555918 to_rad=0.460825
[action 000228 chunk_step=1] raw=[-0.3466,1.2607] sent=[-0.3466,1.2607] limit_clips=0 step_clips=0 tracking_max=nan
[latency] hand_policy inference_ms=10.305
[chunk 0114] inference=0.010s predicted=(2, 22)
[cmd 000229 kind=policy chunk=0114 chunk_step=0] delta_max_rad=0.104577 delta_max_deg=5.9918 joint=right_ring_MCP_FE joint_index=13 from_rad=0.625619 to_rad=0.521041
[action 000229 chunk_step=0] raw=[-0.3458,1.1971] sent=[-0.3458,1.1971] limit_clips=0 step_clips=0 tracking_max=nan
[cmd 000230 kind=policy chunk=0114 chunk_step=1] delta_max_rad=0.103375 delta_max_deg=5.9229 joint=right_index_DIP joint_index=3 from_rad=1.170845 to_rad=1.067470
[action 000230 chunk_step=1] raw=[-0.3467,1.1686] sent=[-0.3467,1.1686] limit_clips=0 step_clips=0 tracking_max=nan
[latency] hand_policy inference_ms=9.452
[chunk 0115] inference=0.009s predicted=(2, 22)
[cmd 000231 kind=policy chunk=0115 chunk_step=0] delta_max_rad=0.106397 delta_max_deg=6.0961 joint=right_thumb_IP joint_index=21 from_rad=0.267092 to_rad=0.373489
[action 000231 chunk_step=0] raw=[-0.3458,1.1863] sent=[-0.3458,1.1863] limit_clips=0 step_clips=0 tracking_max=nan
[cmd 000232 kind=policy chunk=0115 chunk_step=1] delta_max_rad=0.100815 delta_max_deg=5.7763 joint=right_pinky_DIP joint_index=12 from_rad=0.925250 to_rad=0.824435
[action 000232 chunk_step=1] raw=[-0.2995,1.2617] sent=[-0.2995,1.2617] limit_clips=0 step_clips=0 tracking_max=nan
[latency] hand_policy inference_ms=8.803
[chunk 0116] inference=0.009s predicted=(2, 22)
[cmd 000233 kind=policy chunk=0116 chunk_step=0] delta_max_rad=0.133846 delta_max_deg=7.6688 joint=right_thumb_IP joint_index=21 from_rad=0.466855 to_rad=0.600702
[action 000233 chunk_step=0] raw=[-0.2200,1.3343] sent=[-0.2200,1.3343] limit_clips=0 step_clips=0 tracking_max=nan
[cmd 000234 kind=policy chunk=0116 chunk_step=1] delta_max_rad=0.109489 delta_max_deg=6.2733 joint=right_thumb_IP joint_index=21 from_rad=0.600702 to_rad=0.710191
[action 000234 chunk_step=1] raw=[-0.1744,1.3427] sent=[-0.1744,1.3427] limit_clips=0 step_clips=0 tracking_max=nan
[latency] hand_policy inference_ms=9.973
[chunk 0117] inference=0.010s predicted=(2, 22)
[cmd 000235 kind=policy chunk=0117 chunk_step=0] delta_max_rad=0.119118 delta_max_deg=6.8250 joint=right_thumb_MCP_AA joint_index=20 from_rad=-0.113113 to_rad=0.006005
[action 000235 chunk_step=0] raw=[-0.1746,1.3739] sent=[-0.1746,1.3739] limit_clips=0 step_clips=0 tracking_max=nan
[cmd 000236 kind=policy chunk=0117 chunk_step=1] delta_max_rad=0.110507 delta_max_deg=6.3316 joint=right_middle_DIP joint_index=7 from_rad=1.264204 to_rad=1.153697
[action 000236 chunk_step=1] raw=[-0.2247,1.3022] sent=[-0.2247,1.3022] limit_clips=0 step_clips=0 tracking_max=nan
[latency] hand_policy inference_ms=9.133
[chunk 0118] inference=0.009s predicted=(2, 22)
[cmd 000237 kind=policy chunk=0118 chunk_step=0] delta_max_rad=0.102303 delta_max_deg=5.8615 joint=right_pinky_PIP joint_index=11 from_rad=0.269720 to_rad=0.372023
[action 000237 chunk_step=0] raw=[-0.2969,1.2157] sent=[-0.2969,1.2157] limit_clips=0 step_clips=0 tracking_max=nan
[cmd 000238 kind=policy chunk=0118 chunk_step=1] delta_max_rad=0.099069 delta_max_deg=5.6762 joint=right_thumb_MCP_AA joint_index=20 from_rad=0.038229 to_rad=-0.060840
[action 000238 chunk_step=1] raw=[-0.3491,1.1257] sent=[-0.3491,1.1257] limit_clips=0 step_clips=0 tracking_max=nan
[latency] hand_policy inference_ms=8.642
[chunk 0119] inference=0.009s predicted=(2, 22)
[cmd 000239 kind=policy chunk=0119 chunk_step=0] delta_max_rad=0.106134 delta_max_deg=6.0810 joint=right_index_PIP joint_index=2 from_rad=0.355961 to_rad=0.462095
[action 000239 chunk_step=0] raw=[-0.3419,1.2114] sent=[-0.3419,1.2114] limit_clips=0 step_clips=0 tracking_max=nan
[cmd 000240 kind=policy chunk=0119 chunk_step=1] delta_max_rad=0.113371 delta_max_deg=6.4957 joint=right_pinky_PIP joint_index=11 from_rad=0.548992 to_rad=0.662363
[action 000240 chunk_step=1] raw=[-0.3470,1.3040] sent=[-0.3470,1.3040] limit_clips=0 step_clips=0 tracking_max=nan
[latency] hand_policy inference_ms=10.224
[chunk 0120] inference=0.010s predicted=(2, 22)
[cmd 000241 kind=policy chunk=0120 chunk_step=0] delta_max_rad=0.113412 delta_max_deg=6.4980 joint=right_thumb_IP joint_index=21 from_rad=0.448294 to_rad=0.334882
[action 000241 chunk_step=0] raw=[-0.3374,1.3722] sent=[-0.3374,1.3722] limit_clips=0 step_clips=0 tracking_max=nan
[cmd 000242 kind=policy chunk=0120 chunk_step=1] delta_max_rad=0.132700 delta_max_deg=7.6032 joint=right_middle_MCP_FE joint_index=4 from_rad=0.348963 to_rad=0.481663
[action 000242 chunk_step=1] raw=[-0.3427,1.3888] sent=[-0.3427,1.3888] limit_clips=0 step_clips=0 tracking_max=nan
[latency] hand_policy inference_ms=8.968
[chunk 0121] inference=0.009s predicted=(2, 22)
[cmd 000243 kind=policy chunk=0121 chunk_step=0] delta_max_rad=0.121929 delta_max_deg=6.9860 joint=right_middle_MCP_FE joint_index=4 from_rad=0.481663 to_rad=0.603592
[action 000243 chunk_step=0] raw=[-0.3490,1.3963] sent=[-0.3490,1.3963] limit_clips=0 step_clips=0 tracking_max=nan
[cmd 000244 kind=policy chunk=0121 chunk_step=1] delta_max_rad=0.107580 delta_max_deg=6.1639 joint=right_middle_MCP_FE joint_index=4 from_rad=0.603592 to_rad=0.711171
[action 000244 chunk_step=1] raw=[-0.3456,1.3904] sent=[-0.3456,1.3904] limit_clips=0 step_clips=0 tracking_max=nan
[latency] hand_policy inference_ms=8.812
[chunk 0122] inference=0.009s predicted=(2, 22)
[cmd 000245 kind=policy chunk=0122 chunk_step=0] delta_max_rad=0.118408 delta_max_deg=6.7843 joint=right_ring_DIP joint_index=16 from_rad=0.645197 to_rad=0.763604
[action 000245 chunk_step=0] raw=[-0.3471,1.3412] sent=[-0.3471,1.3412] limit_clips=0 step_clips=0 tracking_max=nan
[cmd 000246 kind=policy chunk=0122 chunk_step=1] delta_max_rad=0.106293 delta_max_deg=6.0902 joint=right_pinky_PIP joint_index=11 from_rad=1.021267 to_rad=0.914974
[action 000246 chunk_step=1] raw=[-0.3471,1.2607] sent=[-0.3471,1.2607] limit_clips=0 step_clips=0 tracking_max=nan
[latency] hand_policy inference_ms=10.473
[chunk 0123] inference=0.010s predicted=(2, 22)
[cmd 000247 kind=policy chunk=0123 chunk_step=0] delta_max_rad=0.102872 delta_max_deg=5.8942 joint=right_index_PIP joint_index=2 from_rad=0.756630 to_rad=0.653758
[action 000247 chunk_step=0] raw=[-0.3413,1.2176] sent=[-0.3413,1.2176] limit_clips=0 step_clips=0 tracking_max=nan
[cmd 000248 kind=policy chunk=0123 chunk_step=1] delta_max_rad=0.117601 delta_max_deg=6.7380 joint=right_index_DIP joint_index=3 from_rad=1.175139 to_rad=1.057539
[action 000248 chunk_step=1] raw=[-0.3419,1.1969] sent=[-0.3419,1.1969] limit_clips=0 step_clips=0 tracking_max=nan
[latency] hand_policy inference_ms=10.053
[chunk 0124] inference=0.010s predicted=(2, 22)
[cmd 000249 kind=policy chunk=0124 chunk_step=0] delta_max_rad=0.105987 delta_max_deg=6.0726 joint=right_middle_PIP joint_index=6 from_rad=0.611363 to_rad=0.717350
[action 000249 chunk_step=0] raw=[-0.3491,1.1806] sent=[-0.3491,1.1806] limit_clips=0 step_clips=0 tracking_max=nan
[cmd 000250 kind=policy chunk=0124 chunk_step=1] delta_max_rad=0.099917 delta_max_deg=5.7248 joint=right_index_PIP joint_index=2 from_rad=0.450397 to_rad=0.350479
[action 000250 chunk_step=1] raw=[-0.3480,1.1629] sent=[-0.3480,1.1629] limit_clips=0 step_clips=0 tracking_max=nan
[latency] hand_policy inference_ms=8.808
[chunk 0125] inference=0.009s predicted=(2, 22)
[cmd 000251 kind=policy chunk=0125 chunk_step=0] delta_max_rad=0.109260 delta_max_deg=6.2602 joint=right_index_PIP joint_index=2 from_rad=0.350479 to_rad=0.241219
[action 000251 chunk_step=0] raw=[-0.3473,1.1879] sent=[-0.3473,1.1879] limit_clips=0 step_clips=0 tracking_max=nan
[cmd 000252 kind=policy chunk=0125 chunk_step=1] delta_max_rad=0.093105 delta_max_deg=5.3345 joint=right_index_PIP joint_index=2 from_rad=0.241219 to_rad=0.148114
[action 000252 chunk_step=1] raw=[-0.3442,1.2644] sent=[-0.3442,1.2644] limit_clips=0 step_clips=0 tracking_max=nan
[latency] hand_policy inference_ms=8.774
[chunk 0126] inference=0.009s predicted=(2, 22)
[cmd 000253 kind=policy chunk=0126 chunk_step=0] delta_max_rad=0.093517 delta_max_deg=5.3581 joint=right_pinky_CMC joint_index=8 from_rad=0.032877 to_rad=0.126394
[action 000253 chunk_step=0] raw=[-0.3491,1.3447] sent=[-0.3491,1.3447] limit_clips=0 step_clips=0 tracking_max=nan
[cmd 000254 kind=policy chunk=0126 chunk_step=1] delta_max_rad=0.109406 delta_max_deg=6.2685 joint=right_middle_PIP joint_index=6 from_rad=0.765544 to_rad=0.656138
[action 000254 chunk_step=1] raw=[-0.3454,1.2874] sent=[-0.3454,1.2874] limit_clips=0 step_clips=0 tracking_max=nan
[latency] hand_policy inference_ms=10.107
[chunk 0127] inference=0.010s predicted=(2, 22)
[cmd 000255 kind=policy chunk=0127 chunk_step=0] delta_max_rad=0.101246 delta_max_deg=5.8010 joint=right_pinky_DIP joint_index=12 from_rad=0.832661 to_rad=0.933907
[action 000255 chunk_step=0] raw=[-0.3478,1.1931] sent=[-0.3478,1.1931] limit_clips=0 step_clips=0 tracking_max=nan
[cmd 000256 kind=policy chunk=0127 chunk_step=1] delta_max_rad=0.107190 delta_max_deg=6.1416 joint=right_middle_MCP_FE joint_index=4 from_rad=0.310993 to_rad=0.418184
[action 000256 chunk_step=1] raw=[-0.3479,1.1152] sent=[-0.3479,1.1152] limit_clips=0 step_clips=0 tracking_max=nan
[latency] hand_policy inference_ms=9.068
[chunk 0128] inference=0.009s predicted=(2, 22)
[cmd 000257 kind=policy chunk=0128 chunk_step=0] delta_max_rad=0.108817 delta_max_deg=6.2347 joint=right_pinky_DIP joint_index=12 from_rad=1.030597 to_rad=1.139414
[action 000257 chunk_step=0] raw=[-0.3491,1.1591] sent=[-0.3491,1.1591] limit_clips=0 step_clips=0 tracking_max=nan
[cmd 000258 kind=policy chunk=0128 chunk_step=1] delta_max_rad=0.091332 delta_max_deg=5.2330 joint=right_ring_DIP joint_index=16 from_rad=0.937635 to_rad=0.846302
[action 000258 chunk_step=1] raw=[-0.3491,1.2308] sent=[-0.3491,1.2308] limit_clips=0 step_clips=0 tracking_max=nan
[latency] hand_policy inference_ms=8.690
[chunk 0129] inference=0.009s predicted=(2, 22)
[cmd 000259 kind=policy chunk=0129 chunk_step=0] delta_max_rad=0.109550 delta_max_deg=6.2767 joint=right_index_PIP joint_index=2 from_rad=0.187779 to_rad=0.078229
[action 000259 chunk_step=0] raw=[-0.3481,1.2160] sent=[-0.3481,1.2160] limit_clips=0 step_clips=0 tracking_max=nan
[cmd 000260 kind=policy chunk=0129 chunk_step=1] delta_max_rad=0.088894 delta_max_deg=5.0932 joint=right_index_DIP joint_index=3 from_rad=1.216015 to_rad=1.127122
[action 000260 chunk_step=1] raw=[-0.3486,1.1271] sent=[-0.3486,1.1271] limit_clips=0 step_clips=0 tracking_max=nan
[latency] hand_policy inference_ms=9.955
[chunk 0130] inference=0.010s predicted=(2, 22)
[cmd 000261 kind=policy chunk=0130 chunk_step=0] delta_max_rad=0.087039 delta_max_deg=4.9870 joint=right_ring_DIP joint_index=16 from_rad=0.990438 to_rad=1.077477
[action 000261 chunk_step=0] raw=[-0.3482,1.1350] sent=[-0.3482,1.1350] limit_clips=0 step_clips=0 tracking_max=nan
[cmd 000262 kind=policy chunk=0130 chunk_step=1] delta_max_rad=0.090107 delta_max_deg=5.1628 joint=right_ring_DIP joint_index=16 from_rad=1.077477 to_rad=1.167584
[action 000262 chunk_step=1] raw=[-0.3491,1.1676] sent=[-0.3491,1.1676] limit_clips=0 step_clips=0 tracking_max=nan
[latency] hand_policy inference_ms=9.256
[chunk 0131] inference=0.009s predicted=(2, 22)
[cmd 000263 kind=policy chunk=0131 chunk_step=0] delta_max_rad=0.085574 delta_max_deg=4.9031 joint=right_middle_DIP joint_index=7 from_rad=1.140179 to_rad=1.225753
[action 000263 chunk_step=0] raw=[-0.3491,1.2514] sent=[-0.3491,1.2514] limit_clips=0 step_clips=0 tracking_max=nan
[cmd 000264 kind=policy chunk=0131 chunk_step=1] delta_max_rad=0.085740 delta_max_deg=4.9125 joint=right_index_DIP joint_index=3 from_rad=1.128410 to_rad=1.214150
[action 000264 chunk_step=1] raw=[-0.3488,1.3172] sent=[-0.3488,1.3172] limit_clips=0 step_clips=0 tracking_max=nan
[latency] hand_policy inference_ms=8.608
[chunk 0132] inference=0.009s predicted=(2, 22)
[cmd 000265 kind=policy chunk=0132 chunk_step=0] delta_max_rad=0.089397 delta_max_deg=5.1220 joint=right_thumb_MCP_FE joint_index=19 from_rad=0.852138 to_rad=0.941535
[action 000265 chunk_step=0] raw=[-0.3445,1.2903] sent=[-0.3445,1.2903] limit_clips=0 step_clips=0 tracking_max=nan
[cmd 000266 kind=policy chunk=0132 chunk_step=1] delta_max_rad=0.070124 delta_max_deg=4.0178 joint=right_index_MCP_AA joint_index=1 from_rad=0.081140 to_rad=0.011015
[action 000266 chunk_step=1] raw=[-0.3470,1.3057] sent=[-0.3470,1.3057] limit_clips=0 step_clips=0 tracking_max=nan
[latency] hand_policy inference_ms=9.384
[chunk 0133] inference=0.009s predicted=(2, 22)
[cmd 000267 kind=policy chunk=0133 chunk_step=0] delta_max_rad=0.108445 delta_max_deg=6.2134 joint=right_middle_PIP joint_index=6 from_rad=0.562606 to_rad=0.671051
[action 000267 chunk_step=0] raw=[-0.3458,1.3736] sent=[-0.3458,1.3736] limit_clips=0 step_clips=0 tracking_max=nan
[cmd 000268 kind=policy chunk=0133 chunk_step=1] delta_max_rad=0.092161 delta_max_deg=5.2804 joint=right_index_MCP_AA joint_index=1 from_rad=-0.081340 to_rad=-0.173501
[action 000268 chunk_step=1] raw=[-0.3422,1.3963] sent=[-0.3422,1.3963] limit_clips=0 step_clips=0 tracking_max=nan
[latency] hand_policy inference_ms=8.956
[chunk 0134] inference=0.009s predicted=(2, 22)
[cmd 000269 kind=policy chunk=0134 chunk_step=0] delta_max_rad=0.108210 delta_max_deg=6.2000 joint=right_thumb_IP joint_index=21 from_rad=0.067628 to_rad=0.175838
[action 000269 chunk_step=0] raw=[-0.3065,1.3963] sent=[-0.3065,1.3963] limit_clips=0 step_clips=0 tracking_max=nan
[cmd 000270 kind=policy chunk=0134 chunk_step=1] delta_max_rad=0.119497 delta_max_deg=6.8467 joint=right_thumb_IP joint_index=21 from_rad=0.175838 to_rad=0.295335
[action 000270 chunk_step=1] raw=[-0.2250,1.3956] sent=[-0.2250,1.3956] limit_clips=0 step_clips=0 tracking_max=nan
[latency] hand_policy inference_ms=8.745
[chunk 0135] inference=0.009s predicted=(2, 22)
[cmd 000271 kind=policy chunk=0135 chunk_step=0] delta_max_rad=0.109468 delta_max_deg=6.2720 joint=right_thumb_IP joint_index=21 from_rad=0.295335 to_rad=0.404802
[action 000271 chunk_step=0] raw=[-0.2432,1.3963] sent=[-0.2432,1.3963] limit_clips=0 step_clips=0 tracking_max=nan
[cmd 000272 kind=policy chunk=0135 chunk_step=1] delta_max_rad=0.101557 delta_max_deg=5.8188 joint=right_index_PIP joint_index=2 from_rad=0.062872 to_rad=0.164429
[action 000272 chunk_step=1] raw=[-0.3047,1.3281] sent=[-0.3047,1.3281] limit_clips=0 step_clips=0 tracking_max=nan
[latency] hand_policy inference_ms=9.528
[chunk 0136] inference=0.010s predicted=(2, 22)
[cmd 000273 kind=policy chunk=0136 chunk_step=0] delta_max_rad=0.097237 delta_max_deg=5.5713 joint=right_ring_DIP joint_index=16 from_rad=1.325145 to_rad=1.227908
[action 000273 chunk_step=0] raw=[-0.3491,1.2319] sent=[-0.3491,1.2319] limit_clips=0 step_clips=0 tracking_max=nan
[cmd 000274 kind=policy chunk=0136 chunk_step=1] delta_max_rad=0.107061 delta_max_deg=6.1341 joint=right_ring_PIP joint_index=15 from_rad=0.700812 to_rad=0.593751
[action 000274 chunk_step=1] raw=[-0.3491,1.2972] sent=[-0.3491,1.2972] limit_clips=0 step_clips=0 tracking_max=nan
[latency] hand_policy inference_ms=9.305
[chunk 0137] inference=0.009s predicted=(2, 22)
[cmd 000275 kind=policy chunk=0137 chunk_step=0] delta_max_rad=0.095460 delta_max_deg=5.4694 joint=right_middle_PIP joint_index=6 from_rad=0.617793 to_rad=0.522334
[action 000275 chunk_step=0] raw=[-0.3491,1.3852] sent=[-0.3491,1.3852] limit_clips=0 step_clips=0 tracking_max=nan
[cmd 000276 kind=policy chunk=0137 chunk_step=1] delta_max_rad=0.097196 delta_max_deg=5.5689 joint=right_ring_PIP joint_index=15 from_rad=0.506353 to_rad=0.409157
[action 000276 chunk_step=1] raw=[-0.3491,1.3963] sent=[-0.3491,1.3963] limit_clips=0 step_clips=0 tracking_max=nan
[latency] hand_policy inference_ms=8.773
[chunk 0138] inference=0.009s predicted=(2, 22)
[cmd 000277 kind=policy chunk=0138 chunk_step=0] delta_max_rad=0.109017 delta_max_deg=6.2462 joint=right_index_PIP joint_index=2 from_rad=0.524280 to_rad=0.633298
[action 000277 chunk_step=0] raw=[-0.3472,1.3963] sent=[-0.3472,1.3963] limit_clips=0 step_clips=0 tracking_max=nan
[cmd 000278 kind=policy chunk=0138 chunk_step=1] delta_max_rad=0.115920 delta_max_deg=6.6417 joint=right_middle_MCP_FE joint_index=4 from_rad=0.268551 to_rad=0.384471
[action 000278 chunk_step=1] raw=[-0.3475,1.3963] sent=[-0.3475,1.3963] limit_clips=0 step_clips=0 tracking_max=nan
[latency] hand_policy inference_ms=9.396
[chunk 0139] inference=0.009s predicted=(2, 22)
[cmd 000279 kind=policy chunk=0139 chunk_step=0] delta_max_rad=0.115569 delta_max_deg=6.6216 joint=right_middle_MCP_FE joint_index=4 from_rad=0.384471 to_rad=0.500039
[action 000279 chunk_step=0] raw=[-0.3421,1.3963] sent=[-0.3421,1.3963] limit_clips=0 step_clips=0 tracking_max=nan
[cmd 000280 kind=policy chunk=0139 chunk_step=1] delta_max_rad=0.103257 delta_max_deg=5.9162 joint=right_middle_MCP_FE joint_index=4 from_rad=0.500039 to_rad=0.603296
[action 000280 chunk_step=1] raw=[-0.3428,1.3939] sent=[-0.3428,1.3939] limit_clips=0 step_clips=0 tracking_max=nan
[latency] hand_policy inference_ms=9.145
[chunk 0140] inference=0.009s predicted=(2, 22)
[cmd 000281 kind=policy chunk=0140 chunk_step=0] delta_max_rad=0.105464 delta_max_deg=6.0427 joint=right_ring_PIP joint_index=15 from_rad=0.400960 to_rad=0.506424
[action 000281 chunk_step=0] raw=[-0.3491,1.3874] sent=[-0.3491,1.3874] limit_clips=0 step_clips=0 tracking_max=nan
[cmd 000282 kind=policy chunk=0140 chunk_step=1] delta_max_rad=0.099012 delta_max_deg=5.6730 joint=right_index_PIP joint_index=2 from_rad=0.841219 to_rad=0.742207
[action 000282 chunk_step=1] raw=[-0.3491,1.2979] sent=[-0.3491,1.2979] limit_clips=0 step_clips=0 tracking_max=nan
[latency] hand_policy inference_ms=8.712
[chunk 0141] inference=0.009s predicted=(2, 22)
[cmd 000283 kind=policy chunk=0141 chunk_step=0] delta_max_rad=0.106149 delta_max_deg=6.0819 joint=right_thumb_MCP_FE joint_index=19 from_rad=0.518793 to_rad=0.624942
[action 000283 chunk_step=0] raw=[-0.3480,1.3041] sent=[-0.3480,1.3041] limit_clips=0 step_clips=0 tracking_max=nan
[cmd 000284 kind=policy chunk=0141 chunk_step=1] delta_max_rad=0.097958 delta_max_deg=5.6126 joint=right_thumb_MCP_FE joint_index=19 from_rad=0.624942 to_rad=0.722900
[action 000284 chunk_step=1] raw=[-0.3468,1.2951] sent=[-0.3468,1.2951] limit_clips=0 step_clips=0 tracking_max=nan
[latency] hand_policy inference_ms=9.753
[chunk 0142] inference=0.010s predicted=(2, 22)
[cmd 000285 kind=policy chunk=0142 chunk_step=0] delta_max_rad=0.108514 delta_max_deg=6.2174 joint=right_pinky_PIP joint_index=11 from_rad=0.328272 to_rad=0.219758
[action 000285 chunk_step=0] raw=[-0.3491,1.2584] sent=[-0.3491,1.2584] limit_clips=0 step_clips=0 tracking_max=nan
[cmd 000286 kind=policy chunk=0142 chunk_step=1] delta_max_rad=0.102341 delta_max_deg=5.8637 joint=right_index_DIP joint_index=3 from_rad=1.025064 to_rad=0.922723
[action 000286 chunk_step=1] raw=[-0.3384,1.2296] sent=[-0.3384,1.2296] limit_clips=0 step_clips=0 tracking_max=nan
[latency] hand_policy inference_ms=9.056
[chunk 0143] inference=0.009s predicted=(2, 22)
[cmd 000287 kind=policy chunk=0143 chunk_step=0] delta_max_rad=0.098579 delta_max_deg=5.6482 joint=right_middle_MCP_FE joint_index=4 from_rad=0.326248 to_rad=0.227669
[action 000287 chunk_step=0] raw=[-0.3205,1.2953] sent=[-0.3205,1.2953] limit_clips=0 step_clips=0 tracking_max=nan
[cmd 000288 kind=policy chunk=0143 chunk_step=1] delta_max_rad=0.106661 delta_max_deg=6.1112 joint=right_ring_PIP joint_index=15 from_rad=0.920293 to_rad=1.026954
[action 000288 chunk_step=1] raw=[-0.3108,1.3534] sent=[-0.3108,1.3534] limit_clips=0 step_clips=0 tracking_max=nan
[latency] hand_policy inference_ms=8.729
[chunk 0144] inference=0.009s predicted=(2, 22)
[cmd 000289 kind=policy chunk=0144 chunk_step=0] delta_max_rad=0.112761 delta_max_deg=6.4607 joint=right_ring_PIP joint_index=15 from_rad=1.026954 to_rad=1.139714
[action 000289 chunk_step=0] raw=[-0.2934,1.3775] sent=[-0.2934,1.3775] limit_clips=0 step_clips=0 tracking_max=nan
[cmd 000290 kind=policy chunk=0144 chunk_step=1] delta_max_rad=0.110361 delta_max_deg=6.3232 joint=right_thumb_MCP_AA joint_index=20 from_rad=-0.129006 to_rad=-0.018645
[action 000290 chunk_step=1] raw=[-0.2344,1.3771] sent=[-0.2344,1.3771] limit_clips=0 step_clips=0 tracking_max=nan
[latency] hand_policy inference_ms=9.862
[chunk 0145] inference=0.010s predicted=(2, 22)
[cmd 000291 kind=policy chunk=0145 chunk_step=0] delta_max_rad=0.102425 delta_max_deg=5.8685 joint=right_thumb_MCP_AA joint_index=20 from_rad=-0.018645 to_rad=0.083781
[action 000291 chunk_step=0] raw=[-0.1865,1.3593] sent=[-0.1865,1.3593] limit_clips=0 step_clips=0 tracking_max=nan
[cmd 000292 kind=policy chunk=0145 chunk_step=1] delta_max_rad=0.115750 delta_max_deg=6.6320 joint=right_ring_PIP joint_index=15 from_rad=1.155300 to_rad=1.039550
[action 000292 chunk_step=1] raw=[-0.2522,1.2668] sent=[-0.2522,1.2668] limit_clips=0 step_clips=0 tracking_max=nan
[latency] hand_policy inference_ms=8.759
[chunk 0146] inference=0.009s predicted=(2, 22)
[cmd 000293 kind=policy chunk=0146 chunk_step=0] delta_max_rad=0.108738 delta_max_deg=6.2302 joint=right_middle_PIP joint_index=6 from_rad=0.866417 to_rad=0.757679
[action 000293 chunk_step=0] raw=[-0.3223,1.1754] sent=[-0.3223,1.1754] limit_clips=0 step_clips=0 tracking_max=nan
[cmd 000294 kind=policy chunk=0146 chunk_step=1] delta_max_rad=0.109080 delta_max_deg=6.2498 joint=right_thumb_MCP_FE joint_index=19 from_rad=0.749270 to_rad=0.640190
[action 000294 chunk_step=1] raw=[-0.3443,1.0887] sent=[-0.3443,1.0887] limit_clips=0 step_clips=0 tracking_max=nan
[latency] hand_policy inference_ms=8.721
[chunk 0147] inference=0.009s predicted=(2, 22)
[cmd 000295 kind=policy chunk=0147 chunk_step=0] delta_max_rad=0.103533 delta_max_deg=5.9320 joint=right_index_DIP joint_index=3 from_rad=1.039634 to_rad=1.143166
[action 000295 chunk_step=0] raw=[-0.3445,1.1432] sent=[-0.3445,1.1432] limit_clips=0 step_clips=0 tracking_max=nan
[cmd 000296 kind=policy chunk=0147 chunk_step=1] delta_max_rad=0.100333 delta_max_deg=5.7487 joint=right_ring_PIP joint_index=15 from_rad=0.776233 to_rad=0.675900
[action 000296 chunk_step=1] raw=[-0.3460,1.2356] sent=[-0.3460,1.2356] limit_clips=0 step_clips=0 tracking_max=nan
[latency] hand_policy inference_ms=9.472
[chunk 0148] inference=0.009s predicted=(2, 22)
[cmd 000297 kind=policy chunk=0148 chunk_step=0] delta_max_rad=0.108120 delta_max_deg=6.1948 joint=right_thumb_IP joint_index=21 from_rad=0.301659 to_rad=0.193539
[action 000297 chunk_step=0] raw=[-0.3461,1.3208] sent=[-0.3461,1.3208] limit_clips=0 step_clips=0 tracking_max=nan
[cmd 000298 kind=policy chunk=0148 chunk_step=1] delta_max_rad=0.113505 delta_max_deg=6.5034 joint=right_pinky_PIP joint_index=11 from_rad=0.591555 to_rad=0.705060
[action 000298 chunk_step=1] raw=[-0.3476,1.3797] sent=[-0.3476,1.3797] limit_clips=0 step_clips=0 tracking_max=nan
[latency] hand_policy inference_ms=9.189
[chunk 0149] inference=0.009s predicted=(2, 22)
[cmd 000299 kind=policy chunk=0149 chunk_step=0] delta_max_rad=0.113398 delta_max_deg=6.4973 joint=right_pinky_PIP joint_index=11 from_rad=0.705060 to_rad=0.818458
[action 000299 chunk_step=0] raw=[-0.3470,1.3921] sent=[-0.3470,1.3921] limit_clips=0 step_clips=0 tracking_max=nan
[cmd 000300 kind=policy chunk=0149 chunk_step=1] delta_max_rad=0.098699 delta_max_deg=5.6550 joint=right_ring_MCP_FE joint_index=13 from_rad=0.525758 to_rad=0.624457
[action 000300 chunk_step=1] raw=[-0.3459,1.3938] sent=[-0.3459,1.3938] limit_clips=0 step_clips=0 tracking_max=nan
[latency] hand_policy inference_ms=8.746
[chunk 0150] inference=0.009s predicted=(2, 22)
[cmd 000301 kind=policy chunk=0150 chunk_step=0] delta_max_rad=0.107449 delta_max_deg=6.1564 joint=right_ring_DIP joint_index=16 from_rad=0.583450 to_rad=0.690899
[action 000301 chunk_step=0] raw=[-0.3457,1.3344] sent=[-0.3457,1.3344] limit_clips=0 step_clips=0 tracking_max=nan
[cmd 000302 kind=policy chunk=0150 chunk_step=1] delta_max_rad=0.108934 delta_max_deg=6.2415 joint=right_ring_MCP_FE joint_index=13 from_rad=0.590889 to_rad=0.481955
[action 000302 chunk_step=1] raw=[-0.3466,1.2278] sent=[-0.3466,1.2278] limit_clips=0 step_clips=0 tracking_max=nan
[latency] hand_policy inference_ms=9.521
[chunk 0151] inference=0.010s predicted=(2, 22)
[cmd 000303 kind=policy chunk=0151 chunk_step=0] delta_max_rad=0.116152 delta_max_deg=6.6550 joint=right_ring_MCP_FE joint_index=13 from_rad=0.481955 to_rad=0.365803
[action 000303 chunk_step=0] raw=[-0.3460,1.1370] sent=[-0.3460,1.1370] limit_clips=0 step_clips=0 tracking_max=nan
[cmd 000304 kind=policy chunk=0151 chunk_step=1] delta_max_rad=0.114473 delta_max_deg=6.5588 joint=right_thumb_MCP_FE joint_index=19 from_rad=0.649922 to_rad=0.764395
[action 000304 chunk_step=1] raw=[-0.3449,1.0944] sent=[-0.3449,1.0944] limit_clips=0 step_clips=0 tracking_max=nan
[latency] hand_policy inference_ms=9.141
[chunk 0152] inference=0.009s predicted=(2, 22)
[cmd 000305 kind=policy chunk=0152 chunk_step=0] delta_max_rad=0.111652 delta_max_deg=6.3972 joint=right_pinky_PIP joint_index=11 from_rad=0.518312 to_rad=0.406660
[action 000305 chunk_step=0] raw=[-0.3491,1.0755] sent=[-0.3491,1.0755] limit_clips=0 step_clips=0 tracking_max=nan
[cmd 000306 kind=policy chunk=0152 chunk_step=1] delta_max_rad=0.104779 delta_max_deg=6.0034 joint=right_pinky_PIP joint_index=11 from_rad=0.406660 to_rad=0.301881
[action 000306 chunk_step=1] raw=[-0.3435,1.1578] sent=[-0.3435,1.1578] limit_clips=0 step_clips=0 tracking_max=nan
[latency] hand_policy inference_ms=8.765
[chunk 0153] inference=0.009s predicted=(2, 22)
[cmd 000307 kind=policy chunk=0153 chunk_step=0] delta_max_rad=0.096778 delta_max_deg=5.5450 joint=right_thumb_IP joint_index=21 from_rad=0.318799 to_rad=0.415576
[action 000307 chunk_step=0] raw=[-0.3018,1.2377] sent=[-0.3018,1.2377] limit_clips=0 step_clips=0 tracking_max=nan
[cmd 000308 kind=policy chunk=0153 chunk_step=1] delta_max_rad=0.089248 delta_max_deg=5.1135 joint=right_index_DIP joint_index=3 from_rad=0.848601 to_rad=0.937849
[action 000308 chunk_step=1] raw=[-0.2260,1.2813] sent=[-0.2260,1.2813] limit_clips=0 step_clips=0 tracking_max=nan
[latency] hand_policy inference_ms=9.997
[chunk 0154] inference=0.010s predicted=(2, 22)
[cmd 000309 kind=policy chunk=0154 chunk_step=0] delta_max_rad=0.112357 delta_max_deg=6.4376 joint=right_ring_PIP joint_index=15 from_rad=1.177021 to_rad=1.064664
[action 000309 chunk_step=0] raw=[-0.2413,1.1800] sent=[-0.2413,1.1800] limit_clips=0 step_clips=0 tracking_max=nan
[cmd 000310 kind=policy chunk=0154 chunk_step=1] delta_max_rad=0.100927 delta_max_deg=5.7827 joint=right_middle_PIP joint_index=6 from_rad=0.613238 to_rad=0.512311
[action 000310 chunk_step=1] raw=[-0.3140,1.1241] sent=[-0.3140,1.1241] limit_clips=0 step_clips=0 tracking_max=nan
[latency] hand_policy inference_ms=9.183
[chunk 0155] inference=0.009s predicted=(2, 22)
[cmd 000311 kind=policy chunk=0155 chunk_step=0] delta_max_rad=0.101693 delta_max_deg=5.8266 joint=right_ring_PIP joint_index=15 from_rad=0.971414 to_rad=0.869721
[action 000311 chunk_step=0] raw=[-0.3487,1.2007] sent=[-0.3487,1.2007] limit_clips=0 step_clips=0 tracking_max=nan
[cmd 000312 kind=policy chunk=0155 chunk_step=1] delta_max_rad=0.120500 delta_max_deg=6.9041 joint=right_index_DIP joint_index=3 from_rad=1.200748 to_rad=1.321248
[action 000312 chunk_step=1] raw=[-0.3491,1.3212] sent=[-0.3491,1.3212] limit_clips=0 step_clips=0 tracking_max=nan
[latency] hand_policy inference_ms=8.821
[chunk 0156] inference=0.009s predicted=(2, 22)
[cmd 000313 kind=policy chunk=0156 chunk_step=0] delta_max_rad=0.102182 delta_max_deg=5.8546 joint=right_index_PIP joint_index=2 from_rad=0.578671 to_rad=0.680853
[action 000313 chunk_step=0] raw=[-0.3491,1.3894] sent=[-0.3491,1.3894] limit_clips=0 step_clips=0 tracking_max=nan
[cmd 000314 kind=policy chunk=0156 chunk_step=1] delta_max_rad=0.111173 delta_max_deg=6.3698 joint=right_middle_MCP_FE joint_index=4 from_rad=0.307722 to_rad=0.418895
[action 000314 chunk_step=1] raw=[-0.3491,1.3963] sent=[-0.3491,1.3963] limit_clips=0 step_clips=0 tracking_max=nan
[latency] hand_policy inference_ms=10.053
[chunk 0157] inference=0.010s predicted=(2, 22)
[cmd 000315 kind=policy chunk=0157 chunk_step=0] delta_max_rad=0.119183 delta_max_deg=6.8287 joint=right_ring_MCP_FE joint_index=13 from_rad=0.332783 to_rad=0.451966
[action 000315 chunk_step=0] raw=[-0.3471,1.3963] sent=[-0.3471,1.3963] limit_clips=0 step_clips=0 tracking_max=nan
[cmd 000316 kind=policy chunk=0157 chunk_step=1] delta_max_rad=0.115177 delta_max_deg=6.5991 joint=right_ring_MCP_FE joint_index=13 from_rad=0.451966 to_rad=0.567143
[action 000316 chunk_step=1] raw=[-0.3456,1.3940] sent=[-0.3456,1.3940] limit_clips=0 step_clips=0 tracking_max=nan
[latency] hand_policy inference_ms=9.065
[chunk 0158] inference=0.009s predicted=(2, 22)
[cmd 000317 kind=policy chunk=0158 chunk_step=0] delta_max_rad=0.112713 delta_max_deg=6.4580 joint=right_ring_DIP joint_index=16 from_rad=0.576023 to_rad=0.688736
[action 000317 chunk_step=0] raw=[-0.3480,1.3655] sent=[-0.3480,1.3655] limit_clips=0 step_clips=0 tracking_max=nan
[cmd 000318 kind=policy chunk=0158 chunk_step=1] delta_max_rad=0.125483 delta_max_deg=7.1896 joint=right_pinky_PIP joint_index=11 from_rad=0.822242 to_rad=0.696759
[action 000318 chunk_step=1] raw=[-0.3491,1.2835] sent=[-0.3491,1.2835] limit_clips=0 step_clips=0 tracking_max=nan
[latency] hand_policy inference_ms=8.768
[chunk 0159] inference=0.009s predicted=(2, 22)
[cmd 000319 kind=policy chunk=0159 chunk_step=0] delta_max_rad=0.104401 delta_max_deg=5.9817 joint=right_middle_PIP joint_index=6 from_rad=0.468953 to_rad=0.573354
[action 000319 chunk_step=0] raw=[-0.3459,1.2026] sent=[-0.3459,1.2026] limit_clips=0 step_clips=0 tracking_max=nan
[cmd 000320 kind=policy chunk=0159 chunk_step=1] delta_max_rad=0.092116 delta_max_deg=5.2779 joint=right_index_DIP joint_index=3 from_rad=1.185557 to_rad=1.093441
[action 000320 chunk_step=1] raw=[-0.3454,1.1909] sent=[-0.3454,1.1909] limit_clips=0 step_clips=0 tracking_max=nan
[latency] hand_policy inference_ms=9.977
[chunk 0160] inference=0.010s predicted=(2, 22)
[cmd 000321 kind=policy chunk=0160 chunk_step=0] delta_max_rad=0.106332 delta_max_deg=6.0924 joint=right_middle_PIP joint_index=6 from_rad=0.652820 to_rad=0.759151
[action 000321 chunk_step=0] raw=[-0.3479,1.1678] sent=[-0.3479,1.1678] limit_clips=0 step_clips=0 tracking_max=nan
[cmd 000322 kind=policy chunk=0160 chunk_step=1] delta_max_rad=0.111067 delta_max_deg=6.3637 joint=right_ring_DIP joint_index=16 from_rad=1.010499 to_rad=1.121566
[action 000322 chunk_step=1] raw=[-0.3460,1.1752] sent=[-0.3460,1.1752] limit_clips=0 step_clips=0 tracking_max=nan
[latency] hand_policy inference_ms=9.182
[chunk 0161] inference=0.009s predicted=(2, 22)
[cmd 000323 kind=policy chunk=0161 chunk_step=0] delta_max_rad=0.100635 delta_max_deg=5.7660 joint=right_ring_MCP_FE joint_index=13 from_rad=0.213437 to_rad=0.112801
[action 000323 chunk_step=0] raw=[-0.3491,1.2509] sent=[-0.3491,1.2509] limit_clips=0 step_clips=0 tracking_max=nan
[cmd 000324 kind=policy chunk=0161 chunk_step=1] delta_max_rad=0.089196 delta_max_deg=5.1105 joint=right_ring_MCP_FE joint_index=13 from_rad=0.112801 to_rad=0.023605
[action 000324 chunk_step=1] raw=[-0.3484,1.3250] sent=[-0.3484,1.3250] limit_clips=0 step_clips=0 tracking_max=nan
[latency] hand_policy inference_ms=8.840
[chunk 0162] inference=0.009s predicted=(2, 22)
[cmd 000325 kind=policy chunk=0162 chunk_step=0] delta_max_rad=0.091886 delta_max_deg=5.2647 joint=right_pinky_CMC joint_index=8 from_rad=0.061341 to_rad=0.153227
[action 000325 chunk_step=0] raw=[-0.3486,1.3916] sent=[-0.3486,1.3916] limit_clips=0 step_clips=0 tracking_max=nan
[cmd 000326 kind=policy chunk=0162 chunk_step=1] delta_max_rad=0.110602 delta_max_deg=6.3371 joint=right_ring_PIP joint_index=15 from_rad=1.208636 to_rad=1.098033
[action 000326 chunk_step=1] raw=[-0.3489,1.3336] sent=[-0.3489,1.3336] limit_clips=0 step_clips=0 tracking_max=nan
[latency] hand_policy inference_ms=10.239
[chunk 0163] inference=0.010s predicted=(2, 22)
[cmd 000327 kind=policy chunk=0163 chunk_step=0] delta_max_rad=0.093772 delta_max_deg=5.3727 joint=right_middle_DIP joint_index=7 from_rad=1.333592 to_rad=1.239820
[action 000327 chunk_step=0] raw=[-0.3487,1.2398] sent=[-0.3487,1.2398] limit_clips=0 step_clips=0 tracking_max=nan
[cmd 000328 kind=policy chunk=0163 chunk_step=1] delta_max_rad=0.096543 delta_max_deg=5.5315 joint=right_ring_PIP joint_index=15 from_rad=1.014776 to_rad=0.918234
[action 000328 chunk_step=1] raw=[-0.3485,1.2793] sent=[-0.3485,1.2793] limit_clips=0 step_clips=0 tracking_max=nan
[latency] hand_policy inference_ms=10.126
[chunk 0164] inference=0.010s predicted=(2, 22)
[cmd 000329 kind=policy chunk=0164 chunk_step=0] delta_max_rad=0.095394 delta_max_deg=5.4656 joint=right_ring_PIP joint_index=15 from_rad=0.918234 to_rad=0.822840
[action 000329 chunk_step=0] raw=[-0.3491,1.3139] sent=[-0.3491,1.3139] limit_clips=0 step_clips=0 tracking_max=nan
[cmd 000330 kind=policy chunk=0164 chunk_step=1] delta_max_rad=0.093012 delta_max_deg=5.3292 joint=right_ring_PIP joint_index=15 from_rad=0.822840 to_rad=0.729828
[action 000330 chunk_step=1] raw=[-0.3491,1.2919] sent=[-0.3491,1.2919] limit_clips=0 step_clips=0 tracking_max=nan
[latency] hand_policy inference_ms=9.125
[chunk 0165] inference=0.009s predicted=(2, 22)
[cmd 000331 kind=policy chunk=0165 chunk_step=0] delta_max_rad=0.094733 delta_max_deg=5.4278 joint=right_middle_DIP joint_index=7 from_rad=0.974280 to_rad=0.879547
[action 000331 chunk_step=0] raw=[-0.3491,1.2388] sent=[-0.3491,1.2388] limit_clips=0 step_clips=0 tracking_max=nan
[cmd 000332 kind=policy chunk=0165 chunk_step=1] delta_max_rad=0.090615 delta_max_deg=5.1919 joint=right_index_DIP joint_index=3 from_rad=1.238830 to_rad=1.148215
[action 000332 chunk_step=1] raw=[-0.3480,1.1752] sent=[-0.3480,1.1752] limit_clips=0 step_clips=0 tracking_max=nan
[latency] hand_policy inference_ms=8.762
[chunk 0166] inference=0.009s predicted=(2, 22)
[cmd 000333 kind=policy chunk=0166 chunk_step=0] delta_max_rad=0.098036 delta_max_deg=5.6170 joint=right_ring_DIP joint_index=16 from_rad=0.818317 to_rad=0.916353
[action 000333 chunk_step=0] raw=[-0.3491,1.1608] sent=[-0.3491,1.1608] limit_clips=0 step_clips=0 tracking_max=nan
[cmd 000334 kind=policy chunk=0166 chunk_step=1] delta_max_rad=0.099755 delta_max_deg=5.7155 joint=right_ring_PIP joint_index=15 from_rad=0.808577 to_rad=0.908332
[action 000334 chunk_step=1] raw=[-0.3491,1.1324] sent=[-0.3491,1.1324] limit_clips=0 step_clips=0 tracking_max=nan
[latency] hand_policy inference_ms=9.543
[chunk 0167] inference=0.010s predicted=(2, 22)
[cmd 000335 kind=policy chunk=0167 chunk_step=0] delta_max_rad=0.090052 delta_max_deg=5.1596 joint=right_ring_DIP joint_index=16 from_rad=1.013368 to_rad=1.103420
[action 000335 chunk_step=0] raw=[-0.3481,1.1034] sent=[-0.3481,1.1034] limit_clips=0 step_clips=0 tracking_max=nan
[cmd 000336 kind=policy chunk=0167 chunk_step=1] delta_max_rad=0.093179 delta_max_deg=5.3388 joint=right_ring_MCP_FE joint_index=13 from_rad=0.205283 to_rad=0.112103
[action 000336 chunk_step=1] raw=[-0.3120,1.1942] sent=[-0.3120,1.1942] limit_clips=0 step_clips=0 tracking_max=nan
[latency] hand_policy inference_ms=9.143
[chunk 0168] inference=0.009s predicted=(2, 22)
[cmd 000337 kind=policy chunk=0168 chunk_step=0] delta_max_rad=0.098927 delta_max_deg=5.6681 joint=right_ring_PIP joint_index=15 from_rad=1.077511 to_rad=1.176438
[action 000337 chunk_step=0] raw=[-0.2805,1.2768] sent=[-0.2805,1.2768] limit_clips=0 step_clips=0 tracking_max=nan
[cmd 000338 kind=policy chunk=0168 chunk_step=1] delta_max_rad=0.098236 delta_max_deg=5.6285 joint=right_thumb_IP joint_index=21 from_rad=0.206571 to_rad=0.304807
[action 000338 chunk_step=1] raw=[-0.2027,1.3477] sent=[-0.2027,1.3477] limit_clips=0 step_clips=0 tracking_max=nan
[latency] hand_policy inference_ms=8.797
[chunk 0169] inference=0.009s predicted=(2, 22)
[cmd 000339 kind=policy chunk=0169 chunk_step=0] delta_max_rad=0.105372 delta_max_deg=6.0374 joint=right_thumb_IP joint_index=21 from_rad=0.304807 to_rad=0.410179
[action 000339 chunk_step=0] raw=[-0.1778,1.3786] sent=[-0.1778,1.3786] limit_clips=0 step_clips=0 tracking_max=nan
[cmd 000340 kind=policy chunk=0169 chunk_step=1] delta_max_rad=0.090350 delta_max_deg=5.1766 joint=right_pinky_DIP joint_index=12 from_rad=0.560120 to_rad=0.469771
[action 000340 chunk_step=1] raw=[-0.1751,1.3770] sent=[-0.1751,1.3770] limit_clips=0 step_clips=0 tracking_max=nan
[latency] hand_policy inference_ms=10.027
[chunk 0170] inference=0.010s predicted=(2, 22)
[cmd 000341 kind=policy chunk=0170 chunk_step=0] delta_max_rad=0.111428 delta_max_deg=6.3844 joint=right_ring_PIP joint_index=15 from_rad=1.278232 to_rad=1.166804
[action 000341 chunk_step=0] raw=[-0.2270,1.2827] sent=[-0.2270,1.2827] limit_clips=0 step_clips=0 tracking_max=nan
[cmd 000342 kind=policy chunk=0170 chunk_step=1] delta_max_rad=0.115525 delta_max_deg=6.6191 joint=right_thumb_MCP_FE joint_index=19 from_rad=0.850134 to_rad=0.734609
[action 000342 chunk_step=1] raw=[-0.3191,1.1963] sent=[-0.3191,1.1963] limit_clips=0 step_clips=0 tracking_max=nan
[latency] hand_policy inference_ms=9.184
[chunk 0171] inference=0.009s predicted=(2, 22)
[cmd 000343 kind=policy chunk=0171 chunk_step=0] delta_max_rad=0.099520 delta_max_deg=5.7021 joint=right_pinky_PIP joint_index=11 from_rad=0.396786 to_rad=0.496306
[action 000343 chunk_step=0] raw=[-0.3472,1.1123] sent=[-0.3472,1.1123] limit_clips=0 step_clips=0 tracking_max=nan
[cmd 000344 kind=policy chunk=0171 chunk_step=1] delta_max_rad=0.098400 delta_max_deg=5.6379 joint=right_ring_PIP joint_index=15 from_rad=1.003862 to_rad=0.905462
[action 000344 chunk_step=1] raw=[-0.3464,1.1786] sent=[-0.3464,1.1786] limit_clips=0 step_clips=0 tracking_max=nan
[latency] hand_policy inference_ms=8.789
[chunk 0172] inference=0.009s predicted=(2, 22)
[cmd 000345 kind=policy chunk=0172 chunk_step=0] delta_max_rad=0.098350 delta_max_deg=5.6351 joint=right_index_PIP joint_index=2 from_rad=0.342856 to_rad=0.441206
[action 000345 chunk_step=0] raw=[-0.3348,1.2673] sent=[-0.3348,1.2673] limit_clips=0 step_clips=0 tracking_max=nan
[cmd 000346 kind=policy chunk=0172 chunk_step=1] delta_max_rad=0.113206 delta_max_deg=6.4862 joint=right_index_PIP joint_index=2 from_rad=0.441206 to_rad=0.554412
[action 000346 chunk_step=1] raw=[-0.3456,1.3534] sent=[-0.3456,1.3534] limit_clips=0 step_clips=0 tracking_max=nan
[latency] hand_policy inference_ms=10.055
[chunk 0173] inference=0.010s predicted=(2, 22)
[cmd 000347 kind=policy chunk=0173 chunk_step=0] delta_max_rad=0.106835 delta_max_deg=6.1212 joint=right_ring_MCP_FE joint_index=13 from_rad=0.287102 to_rad=0.393937
[action 000347 chunk_step=0] raw=[-0.3491,1.3909] sent=[-0.3491,1.3909] limit_clips=0 step_clips=0 tracking_max=nan
[cmd 000348 kind=policy chunk=0173 chunk_step=1] delta_max_rad=0.107006 delta_max_deg=6.1310 joint=right_ring_DIP joint_index=16 from_rad=0.760510 to_rad=0.653505
[action 000348 chunk_step=1] raw=[-0.3484,1.3947] sent=[-0.3484,1.3947] limit_clips=0 step_clips=0 tracking_max=nan
[latency] hand_policy inference_ms=10.314
[chunk 0174] inference=0.010s predicted=(2, 22)
[cmd 000349 kind=policy chunk=0174 chunk_step=0] delta_max_rad=0.103713 delta_max_deg=5.9423 joint=right_index_PIP joint_index=2 from_rad=0.649995 to_rad=0.546282
[action 000349 chunk_step=0] raw=[-0.3488,1.3298] sent=[-0.3488,1.3298] limit_clips=0 step_clips=0 tracking_max=nan
[cmd 000350 kind=policy chunk=0174 chunk_step=1] delta_max_rad=0.102461 delta_max_deg=5.8706 joint=right_pinky_MCP_AA joint_index=10 from_rad=0.214023 to_rad=0.316484
[action 000350 chunk_step=1] raw=[-0.3470,1.2543] sent=[-0.3470,1.2543] limit_clips=0 step_clips=0 tracking_max=nan
[latency] hand_policy inference_ms=9.007
[chunk 0175] inference=0.009s predicted=(2, 22)
[cmd 000351 kind=policy chunk=0175 chunk_step=0] delta_max_rad=0.103947 delta_max_deg=5.9557 joint=right_ring_DIP joint_index=16 from_rad=0.806673 to_rad=0.910620
[action 000351 chunk_step=0] raw=[-0.3464,1.2175] sent=[-0.3464,1.2175] limit_clips=0 step_clips=0 tracking_max=nan
[cmd 000352 kind=policy chunk=0175 chunk_step=1] delta_max_rad=0.101013 delta_max_deg=5.7876 joint=right_middle_DIP joint_index=7 from_rad=1.189718 to_rad=1.290731
[action 000352 chunk_step=1] raw=[-0.3441,1.2907] sent=[-0.3441,1.2907] limit_clips=0 step_clips=0 tracking_max=nan
[latency] hand_policy inference_ms=9.791
[chunk 0176] inference=0.010s predicted=(2, 22)
[cmd 000353 kind=policy chunk=0176 chunk_step=0] delta_max_rad=0.109047 delta_max_deg=6.2479 joint=right_pinky_PIP joint_index=11 from_rad=0.554278 to_rad=0.445231
[action 000353 chunk_step=0] raw=[-0.3473,1.3688] sent=[-0.3473,1.3688] limit_clips=0 step_clips=0 tracking_max=nan
[cmd 000354 kind=policy chunk=0176 chunk_step=1] delta_max_rad=0.098276 delta_max_deg=5.6308 joint=right_pinky_PIP joint_index=11 from_rad=0.445231 to_rad=0.346955
[action 000354 chunk_step=1] raw=[-0.3213,1.3897] sent=[-0.3213,1.3897] limit_clips=0 step_clips=0 tracking_max=nan
[latency] hand_policy inference_ms=9.589
[chunk 0177] inference=0.010s predicted=(2, 22)
[cmd 000355 kind=policy chunk=0177 chunk_step=0] delta_max_rad=0.103677 delta_max_deg=5.9403 joint=right_pinky_DIP joint_index=12 from_rad=0.615549 to_rad=0.511872
[action 000355 chunk_step=0] raw=[-0.2966,1.3833] sent=[-0.2966,1.3833] limit_clips=0 step_clips=0 tracking_max=nan
[cmd 000356 kind=policy chunk=0177 chunk_step=1] delta_max_rad=0.104885 delta_max_deg=6.0095 joint=right_middle_PIP joint_index=6 from_rad=0.737061 to_rad=0.632176
[action 000356 chunk_step=1] raw=[-0.2709,1.3460] sent=[-0.2709,1.3460] limit_clips=0 step_clips=0 tracking_max=nan
[latency] hand_policy inference_ms=9.177
[chunk 0178] inference=0.009s predicted=(2, 22)
[cmd 000357 kind=policy chunk=0178 chunk_step=0] delta_max_rad=0.106026 delta_max_deg=6.0748 joint=right_ring_PIP joint_index=15 from_rad=1.130584 to_rad=1.024558
[action 000357 chunk_step=0] raw=[-0.3423,1.2503] sent=[-0.3423,1.2503] limit_clips=0 step_clips=0 tracking_max=nan
[cmd 000358 kind=policy chunk=0178 chunk_step=1] delta_max_rad=0.103354 delta_max_deg=5.9218 joint=right_pinky_PIP joint_index=11 from_rad=0.349153 to_rad=0.452507
[action 000358 chunk_step=1] raw=[-0.3462,1.1782] sent=[-0.3462,1.1782] limit_clips=0 step_clips=0 tracking_max=nan
[latency] hand_policy inference_ms=8.736
[chunk 0179] inference=0.009s predicted=(2, 22)
[cmd 000359 kind=policy chunk=0179 chunk_step=0] delta_max_rad=0.106844 delta_max_deg=6.1217 joint=right_thumb_IP joint_index=21 from_rad=0.299362 to_rad=0.192518
[action 000359 chunk_step=0] raw=[-0.3491,1.2724] sent=[-0.3491,1.2724] limit_clips=0 step_clips=0 tracking_max=nan
[cmd 000360 kind=policy chunk=0179 chunk_step=1] delta_max_rad=0.104020 delta_max_deg=5.9599 joint=right_middle_MCP_FE joint_index=4 from_rad=0.260993 to_rad=0.365014
[action 000360 chunk_step=1] raw=[-0.3491,1.3647] sent=[-0.3491,1.3647] limit_clips=0 step_clips=0 tracking_max=nan
[latency] hand_policy inference_ms=9.206
[chunk 0180] inference=0.009s predicted=(2, 22)
[cmd 000361 kind=policy chunk=0180 chunk_step=0] delta_max_rad=0.114107 delta_max_deg=6.5379 joint=right_index_PIP joint_index=2 from_rad=0.467476 to_rad=0.581583
[action 000361 chunk_step=0] raw=[-0.3491,1.3963] sent=[-0.3491,1.3963] limit_clips=0 step_clips=0 tracking_max=nan
[cmd 000362 kind=policy chunk=0180 chunk_step=1] delta_max_rad=0.117179 delta_max_deg=6.7139 joint=right_pinky_PIP joint_index=11 from_rad=0.735185 to_rad=0.852364
[action 000362 chunk_step=1] raw=[-0.3472,1.3927] sent=[-0.3472,1.3927] limit_clips=0 step_clips=0 tracking_max=nan
[latency] hand_policy inference_ms=9.199
[chunk 0181] inference=0.009s predicted=(2, 22)
[cmd 000363 kind=policy chunk=0181 chunk_step=0] delta_max_rad=0.101851 delta_max_deg=5.8356 joint=right_ring_MCP_FE joint_index=13 from_rad=0.460967 to_rad=0.562818
[action 000363 chunk_step=0] raw=[-0.3456,1.3866] sent=[-0.3456,1.3866] limit_clips=0 step_clips=0 tracking_max=nan
[cmd 000364 kind=policy chunk=0181 chunk_step=1] delta_max_rad=0.074214 delta_max_deg=4.2521 joint=right_ring_PIP joint_index=15 from_rad=0.614366 to_rad=0.688580
[action 000364 chunk_step=1] raw=[-0.3436,1.3729] sent=[-0.3436,1.3729] limit_clips=0 step_clips=0 tracking_max=nan
[latency] hand_policy inference_ms=8.765
[chunk 0182] inference=0.009s predicted=(2, 22)
[cmd 000365 kind=policy chunk=0182 chunk_step=0] delta_max_rad=0.107494 delta_max_deg=6.1590 joint=right_ring_DIP joint_index=16 from_rad=0.531882 to_rad=0.639376
[action 000365 chunk_step=0] raw=[-0.3470,1.2942] sent=[-0.3470,1.2942] limit_clips=0 step_clips=0 tracking_max=nan
[cmd 000366 kind=policy chunk=0182 chunk_step=1] delta_max_rad=0.121740 delta_max_deg=6.9752 joint=right_pinky_PIP joint_index=11 from_rad=0.900813 to_rad=0.779073
[action 000366 chunk_step=1] raw=[-0.3475,1.2162] sent=[-0.3475,1.2162] limit_clips=0 step_clips=0 tracking_max=nan
[latency] hand_policy inference_ms=9.577
[chunk 0183] inference=0.010s predicted=(2, 22)
[cmd 000367 kind=policy chunk=0183 chunk_step=0] delta_max_rad=0.109584 delta_max_deg=6.2787 joint=right_middle_PIP joint_index=6 from_rad=0.527820 to_rad=0.637404
[action 000367 chunk_step=0] raw=[-0.3443,1.1786] sent=[-0.3443,1.1786] limit_clips=0 step_clips=0 tracking_max=nan
[cmd 000368 kind=policy chunk=0183 chunk_step=1] delta_max_rad=0.119217 delta_max_deg=6.8307 joint=right_index_PIP joint_index=2 from_rad=0.468145 to_rad=0.348928
[action 000368 chunk_step=1] raw=[-0.3424,1.1531] sent=[-0.3424,1.1531] limit_clips=0 step_clips=0 tracking_max=nan
[latency] hand_policy inference_ms=9.156
[chunk 0184] inference=0.009s predicted=(2, 22)
[cmd 000369 kind=policy chunk=0184 chunk_step=0] delta_max_rad=0.116498 delta_max_deg=6.6749 joint=right_pinky_PIP joint_index=11 from_rad=0.578716 to_rad=0.462218
[action 000369 chunk_step=0] raw=[-0.3469,1.2006] sent=[-0.3469,1.2006] limit_clips=0 step_clips=0 tracking_max=nan
[cmd 000370 kind=policy chunk=0184 chunk_step=1] delta_max_rad=0.112621 delta_max_deg=6.4527 joint=right_pinky_PIP joint_index=11 from_rad=0.462218 to_rad=0.349597
[action 000370 chunk_step=1] raw=[-0.3250,1.2835] sent=[-0.3250,1.2835] limit_clips=0 step_clips=0 tracking_max=nan
[latency] hand_policy inference_ms=8.708
[chunk 0185] inference=0.009s predicted=(2, 22)
[cmd 000371 kind=policy chunk=0185 chunk_step=0] delta_max_rad=0.117360 delta_max_deg=6.7242 joint=right_thumb_IP joint_index=21 from_rad=0.443568 to_rad=0.560928
[action 000371 chunk_step=0] raw=[-0.3372,1.3506] sent=[-0.3372,1.3506] limit_clips=0 step_clips=0 tracking_max=nan
[cmd 000372 kind=policy chunk=0185 chunk_step=1] delta_max_rad=0.102605 delta_max_deg=5.8789 joint=right_index_PIP joint_index=2 from_rad=0.135262 to_rad=0.237867
[action 000372 chunk_step=1] raw=[-0.3420,1.3190] sent=[-0.3420,1.3190] limit_clips=0 step_clips=0 tracking_max=nan
[latency] hand_policy inference_ms=9.454
[chunk 0186] inference=0.009s predicted=(2, 22)
[cmd 000373 kind=policy chunk=0186 chunk_step=0] delta_max_rad=0.097394 delta_max_deg=5.5803 joint=right_ring_DIP joint_index=16 from_rad=1.151955 to_rad=1.054561
[action 000373 chunk_step=0] raw=[-0.3489,1.2326] sent=[-0.3489,1.2326] limit_clips=0 step_clips=0 tracking_max=nan
[cmd 000374 kind=policy chunk=0186 chunk_step=1] delta_max_rad=0.108854 delta_max_deg=6.2369 joint=right_pinky_PIP joint_index=11 from_rad=0.347064 to_rad=0.455918
[action 000374 chunk_step=1] raw=[-0.3472,1.1541] sent=[-0.3472,1.1541] limit_clips=0 step_clips=0 tracking_max=nan
[latency] hand_policy inference_ms=9.198
[chunk 0187] inference=0.009s predicted=(2, 22)
[cmd 000375 kind=policy chunk=0187 chunk_step=0] delta_max_rad=0.099281 delta_max_deg=5.6884 joint=right_ring_PIP joint_index=15 from_rad=0.909236 to_rad=0.809955
[action 000375 chunk_step=0] raw=[-0.3491,1.2345] sent=[-0.3491,1.2345] limit_clips=0 step_clips=0 tracking_max=nan
[cmd 000376 kind=policy chunk=0187 chunk_step=1] delta_max_rad=0.105759 delta_max_deg=6.0595 joint=right_thumb_IP joint_index=21 from_rad=0.266362 to_rad=0.160603
[action 000376 chunk_step=1] raw=[-0.3479,1.3261] sent=[-0.3479,1.3261] limit_clips=0 step_clips=0 tracking_max=nan
[latency] hand_policy inference_ms=8.761
[chunk 0188] inference=0.009s predicted=(2, 22)
[cmd 000377 kind=policy chunk=0188 chunk_step=0] delta_max_rad=0.116275 delta_max_deg=6.6621 joint=right_index_PIP joint_index=2 from_rad=0.581498 to_rad=0.697774
[action 000377 chunk_step=0] raw=[-0.3467,1.3809] sent=[-0.3467,1.3809] limit_clips=0 step_clips=0 tracking_max=nan
[cmd 000378 kind=policy chunk=0188 chunk_step=1] delta_max_rad=0.107658 delta_max_deg=6.1684 joint=right_ring_MCP_FE joint_index=13 from_rad=0.469921 to_rad=0.577580
[action 000378 chunk_step=1] raw=[-0.3486,1.3785] sent=[-0.3486,1.3785] limit_clips=0 step_clips=0 tracking_max=nan
[latency] hand_policy inference_ms=9.508
[chunk 0189] inference=0.010s predicted=(2, 22)
[cmd 000379 kind=policy chunk=0189 chunk_step=0] delta_max_rad=0.092547 delta_max_deg=5.3025 joint=right_index_DIP joint_index=3 from_rad=1.378513 to_rad=1.285967
[action 000379 chunk_step=0] raw=[-0.3487,1.2860] sent=[-0.3487,1.2860] limit_clips=0 step_clips=0 tracking_max=nan
[cmd 000380 kind=policy chunk=0189 chunk_step=1] delta_max_rad=0.132130 delta_max_deg=7.5705 joint=right_pinky_PIP joint_index=11 from_rad=0.794657 to_rad=0.662527
[action 000380 chunk_step=1] raw=[-0.3491,1.2384] sent=[-0.3491,1.2384] limit_clips=0 step_clips=0 tracking_max=nan
[latency] hand_policy inference_ms=9.152
[chunk 0190] inference=0.009s predicted=(2, 22)
[cmd 000381 kind=policy chunk=0190 chunk_step=0] delta_max_rad=0.099367 delta_max_deg=5.6933 joint=right_pinky_PIP joint_index=11 from_rad=0.662527 to_rad=0.563160
[action 000381 chunk_step=0] raw=[-0.3450,1.2342] sent=[-0.3450,1.2342] limit_clips=0 step_clips=0 tracking_max=nan
[cmd 000382 kind=policy chunk=0190 chunk_step=1] delta_max_rad=0.100898 delta_max_deg=5.7811 joint=right_index_DIP joint_index=3 from_rad=1.109617 to_rad=1.008718
[action 000382 chunk_step=1] raw=[-0.3481,1.2567] sent=[-0.3481,1.2567] limit_clips=0 step_clips=0 tracking_max=nan
[latency] hand_policy inference_ms=8.839
[chunk 0191] inference=0.009s predicted=(2, 22)
[cmd 000383 kind=policy chunk=0191 chunk_step=0] delta_max_rad=0.098509 delta_max_deg=5.6442 joint=right_ring_MCP_FE joint_index=13 from_rad=0.458091 to_rad=0.359582
[action 000383 chunk_step=0] raw=[-0.3489,1.3091] sent=[-0.3489,1.3091] limit_clips=0 step_clips=0 tracking_max=nan
[cmd 000384 kind=policy chunk=0191 chunk_step=1] delta_max_rad=0.096440 delta_max_deg=5.5256 joint=right_thumb_IP joint_index=21 from_rad=0.184956 to_rad=0.281396
[action 000384 chunk_step=1] raw=[-0.3420,1.3437] sent=[-0.3420,1.3437] limit_clips=0 step_clips=0 tracking_max=nan
[latency] hand_policy inference_ms=9.566
[chunk 0192] inference=0.010s predicted=(2, 22)
[cmd 000385 kind=policy chunk=0192 chunk_step=0] delta_max_rad=0.124835 delta_max_deg=7.1525 joint=right_pinky_DIP joint_index=12 from_rad=0.808728 to_rad=0.683893
[action 000385 chunk_step=0] raw=[-0.3477,1.3422] sent=[-0.3477,1.3422] limit_clips=0 step_clips=0 tracking_max=nan
[cmd 000386 kind=policy chunk=0192 chunk_step=1] delta_max_rad=0.098783 delta_max_deg=5.6598 joint=right_pinky_DIP joint_index=12 from_rad=0.683893 to_rad=0.585110
[action 000386 chunk_step=1] raw=[-0.3344,1.3438] sent=[-0.3344,1.3438] limit_clips=0 step_clips=0 tracking_max=nan
[latency] hand_policy inference_ms=9.076
[chunk 0193] inference=0.009s predicted=(2, 22)
[cmd 000387 kind=policy chunk=0193 chunk_step=0] delta_max_rad=0.092810 delta_max_deg=5.3176 joint=right_index_DIP joint_index=3 from_rad=0.734894 to_rad=0.827704
[action 000387 chunk_step=0] raw=[-0.3412,1.2893] sent=[-0.3412,1.2893] limit_clips=0 step_clips=0 tracking_max=nan
[cmd 000388 kind=policy chunk=0193 chunk_step=1] delta_max_rad=0.112415 delta_max_deg=6.4409 joint=right_ring_PIP joint_index=15 from_rad=1.016849 to_rad=0.904434
[action 000388 chunk_step=1] raw=[-0.3480,1.1836] sent=[-0.3480,1.1836] limit_clips=0 step_clips=0 tracking_max=nan
[latency] hand_policy inference_ms=8.816
[chunk 0194] inference=0.009s predicted=(2, 22)
[cmd 000389 kind=policy chunk=0194 chunk_step=0] delta_max_rad=0.104339 delta_max_deg=5.9782 joint=right_ring_PIP joint_index=15 from_rad=0.904434 to_rad=0.800095
[action 000389 chunk_step=0] raw=[-0.3490,1.1312] sent=[-0.3490,1.1312] limit_clips=0 step_clips=0 tracking_max=nan
[cmd 000390 kind=policy chunk=0194 chunk_step=1] delta_max_rad=0.095289 delta_max_deg=5.4597 joint=right_pinky_PIP joint_index=11 from_rad=0.328979 to_rad=0.424269
[action 000390 chunk_step=1] raw=[-0.3470,1.1410] sent=[-0.3470,1.1410] limit_clips=0 step_clips=0 tracking_max=nan
[latency] hand_policy inference_ms=9.528
[chunk 0195] inference=0.010s predicted=(2, 22)
[cmd 000391 kind=policy chunk=0195 chunk_step=0] delta_max_rad=0.106621 delta_max_deg=6.1089 joint=right_index_PIP joint_index=2 from_rad=0.543554 to_rad=0.650175
[action 000391 chunk_step=0] raw=[-0.3484,1.1968] sent=[-0.3484,1.1968] limit_clips=0 step_clips=0 tracking_max=nan
[cmd 000392 kind=policy chunk=0195 chunk_step=1] delta_max_rad=0.102784 delta_max_deg=5.8891 joint=right_pinky_PIP joint_index=11 from_rad=0.515363 to_rad=0.618147
[action 000392 chunk_step=1] raw=[-0.3470,1.2788] sent=[-0.3470,1.2788] limit_clips=0 step_clips=0 tracking_max=nan
[latency] hand_policy inference_ms=9.122
[chunk 0196] inference=0.009s predicted=(2, 22)
[cmd 000393 kind=policy chunk=0196 chunk_step=0] delta_max_rad=0.108475 delta_max_deg=6.2152 joint=right_ring_MCP_FE joint_index=13 from_rad=0.452793 to_rad=0.561268
[action 000393 chunk_step=0] raw=[-0.3444,1.3152] sent=[-0.3444,1.3152] limit_clips=0 step_clips=0 tracking_max=nan
[cmd 000394 kind=policy chunk=0196 chunk_step=1] delta_max_rad=0.100585 delta_max_deg=5.7631 joint=right_index_DIP joint_index=3 from_rad=1.315175 to_rad=1.214590
[action 000394 chunk_step=1] raw=[-0.3487,1.2802] sent=[-0.3487,1.2802] limit_clips=0 step_clips=0 tracking_max=nan
[latency] hand_policy inference_ms=8.716
[chunk 0197] inference=0.009s predicted=(2, 22)
[cmd 000395 kind=policy chunk=0197 chunk_step=0] delta_max_rad=0.101549 delta_max_deg=5.8183 joint=right_index_PIP joint_index=2 from_rad=0.696960 to_rad=0.595411
[action 000395 chunk_step=0] raw=[-0.3487,1.2704] sent=[-0.3487,1.2704] limit_clips=0 step_clips=0 tracking_max=nan
[cmd 000396 kind=policy chunk=0197 chunk_step=1] delta_max_rad=0.110794 delta_max_deg=6.3480 joint=right_pinky_PIP joint_index=11 from_rad=0.581564 to_rad=0.470770
[action 000396 chunk_step=1] raw=[-0.3491,1.2691] sent=[-0.3491,1.2691] limit_clips=0 step_clips=0 tracking_max=nan
[latency] hand_policy inference_ms=9.449
[chunk 0198] inference=0.009s predicted=(2, 22)
[cmd 000397 kind=policy chunk=0198 chunk_step=0] delta_max_rad=0.107932 delta_max_deg=6.1841 joint=right_ring_MCP_FE joint_index=13 from_rad=0.509210 to_rad=0.401277
[action 000397 chunk_step=0] raw=[-0.3443,1.2736] sent=[-0.3443,1.2736] limit_clips=0 step_clips=0 tracking_max=nan
[cmd 000398 kind=policy chunk=0198 chunk_step=1] delta_max_rad=0.103549 delta_max_deg=5.9329 joint=right_pinky_PIP joint_index=11 from_rad=0.378607 to_rad=0.275057
[action 000398 chunk_step=1] raw=[-0.3436,1.3414] sent=[-0.3436,1.3414] limit_clips=0 step_clips=0 tracking_max=nan
[latency] hand_policy inference_ms=9.056
[chunk 0199] inference=0.009s predicted=(2, 22)
[cmd 000399 kind=policy chunk=0199 chunk_step=0] delta_max_rad=0.096303 delta_max_deg=5.5177 joint=right_ring_MCP_FE joint_index=13 from_rad=0.308046 to_rad=0.211743
[action 000399 chunk_step=0] raw=[-0.3487,1.3787] sent=[-0.3487,1.3787] limit_clips=0 step_clips=0 tracking_max=nan
[cmd 000400 kind=policy chunk=0199 chunk_step=1] delta_max_rad=0.103680 delta_max_deg=5.9404 joint=right_ring_MCP_FE joint_index=13 from_rad=0.211743 to_rad=0.108063
[action 000400 chunk_step=1] raw=[-0.3488,1.3879] sent=[-0.3488,1.3879] limit_clips=0 step_clips=0 tracking_max=nan
[latency] hand_policy inference_ms=8.807
[chunk 0200] inference=0.009s predicted=(2, 22)
[cmd 000401 kind=policy chunk=0200 chunk_step=0] delta_max_rad=0.114955 delta_max_deg=6.5864 joint=right_thumb_IP joint_index=21 from_rad=0.383474 to_rad=0.498429
[action 000401 chunk_step=0] raw=[-0.3470,1.3946] sent=[-0.3470,1.3946] limit_clips=0 step_clips=0 tracking_max=nan
[cmd 000402 kind=policy chunk=0200 chunk_step=1] delta_max_rad=0.103391 delta_max_deg=5.9238 joint=right_ring_PIP joint_index=15 from_rad=1.041546 to_rad=0.938156
[action 000402 chunk_step=1] raw=[-0.3437,1.3576] sent=[-0.3437,1.3576] limit_clips=0 step_clips=0 tracking_max=nan
[latency] hand_policy inference_ms=9.503
[chunk 0201] inference=0.010s predicted=(2, 22)
[cmd 000403 kind=policy chunk=0201 chunk_step=0] delta_max_rad=0.117727 delta_max_deg=6.7453 joint=right_ring_PIP joint_index=15 from_rad=0.938156 to_rad=0.820428
[action 000403 chunk_step=0] raw=[-0.3471,1.2641] sent=[-0.3471,1.2641] limit_clips=0 step_clips=0 tracking_max=nan
[cmd 000404 kind=policy chunk=0201 chunk_step=1] delta_max_rad=0.110355 delta_max_deg=6.3229 joint=right_pinky_PIP joint_index=11 from_rad=0.152017 to_rad=0.262372
[action 000404 chunk_step=1] raw=[-0.3491,1.1797] sent=[-0.3491,1.1797] limit_clips=0 step_clips=0 tracking_max=nan
[latency] hand_policy inference_ms=9.116
[chunk 0202] inference=0.009s predicted=(2, 22)
[cmd 000405 kind=policy chunk=0202 chunk_step=0] delta_max_rad=0.122324 delta_max_deg=7.0086 joint=right_pinky_DIP joint_index=12 from_rad=0.789396 to_rad=0.911720
[action 000405 chunk_step=0] raw=[-0.3490,1.2293] sent=[-0.3490,1.2293] limit_clips=0 step_clips=0 tracking_max=nan
[cmd 000406 kind=policy chunk=0202 chunk_step=1] delta_max_rad=0.107355 delta_max_deg=6.1510 joint=right_thumb_IP joint_index=21 from_rad=0.253861 to_rad=0.146506
[action 000406 chunk_step=1] raw=[-0.3478,1.3247] sent=[-0.3478,1.3247] limit_clips=0 step_clips=0 tracking_max=nan
[latency] hand_policy inference_ms=8.776
[chunk 0203] inference=0.009s predicted=(2, 22)
[cmd 000407 kind=policy chunk=0203 chunk_step=0] delta_max_rad=0.110392 delta_max_deg=6.3250 joint=right_middle_MCP_FE joint_index=4 from_rad=0.385524 to_rad=0.495916
[action 000407 chunk_step=0] raw=[-0.3483,1.3861] sent=[-0.3483,1.3861] limit_clips=0 step_clips=0 tracking_max=nan
[cmd 000408 kind=policy chunk=0203 chunk_step=1] delta_max_rad=0.119000 delta_max_deg=6.8182 joint=right_ring_MCP_FE joint_index=13 from_rad=0.437877 to_rad=0.556876
[action 000408 chunk_step=1] raw=[-0.3491,1.3863] sent=[-0.3491,1.3863] limit_clips=0 step_clips=0 tracking_max=nan
[latency] hand_policy inference_ms=9.498
[chunk 0204] inference=0.009s predicted=(2, 22)
[cmd 000409 kind=policy chunk=0204 chunk_step=0] delta_max_rad=0.107261 delta_max_deg=6.1456 joint=right_ring_MCP_FE joint_index=13 from_rad=0.556876 to_rad=0.664137
[action 000409 chunk_step=0] raw=[-0.3465,1.3139] sent=[-0.3465,1.3139] limit_clips=0 step_clips=0 tracking_max=nan
[cmd 000410 kind=policy chunk=0204 chunk_step=1] delta_max_rad=0.099179 delta_max_deg=5.6826 joint=right_pinky_PIP joint_index=11 from_rad=0.598316 to_rad=0.499136
[action 000410 chunk_step=1] raw=[-0.3474,1.3388] sent=[-0.3474,1.3388] limit_clips=0 step_clips=0 tracking_max=nan
[latency] hand_policy inference_ms=8.759
[chunk 0205] inference=0.009s predicted=(2, 22)
[cmd 000411 kind=policy chunk=0205 chunk_step=0] delta_max_rad=0.096374 delta_max_deg=5.5218 joint=right_ring_MCP_FE joint_index=13 from_rad=0.643104 to_rad=0.546730
[action 000411 chunk_step=0] raw=[-0.3470,1.3199] sent=[-0.3470,1.3199] limit_clips=0 step_clips=0 tracking_max=nan
[cmd 000412 kind=policy chunk=0205 chunk_step=1] delta_max_rad=0.106932 delta_max_deg=6.1267 joint=right_pinky_MCP_FE joint_index=9 from_rad=0.934157 to_rad=1.041088
[action 000412 chunk_step=1] raw=[-0.3473,1.3042] sent=[-0.3473,1.3042] limit_clips=0 step_clips=0 tracking_max=nan
[latency] hand_policy inference_ms=9.330
[chunk 0206] inference=0.009s predicted=(2, 22)
[cmd 000413 kind=policy chunk=0206 chunk_step=0] delta_max_rad=0.103798 delta_max_deg=5.9472 joint=right_ring_MCP_FE joint_index=13 from_rad=0.449333 to_rad=0.345536
[action 000413 chunk_step=0] raw=[-0.3463,1.3576] sent=[-0.3463,1.3576] limit_clips=0 step_clips=0 tracking_max=nan
[cmd 000414 kind=policy chunk=0206 chunk_step=1] delta_max_rad=0.091727 delta_max_deg=5.2556 joint=right_ring_MCP_FE joint_index=13 from_rad=0.345536 to_rad=0.253809
[action 000414 chunk_step=1] raw=[-0.3487,1.3818] sent=[-0.3487,1.3818] limit_clips=0 step_clips=0 tracking_max=nan
[latency] hand_policy inference_ms=9.490
[chunk 0207] inference=0.009s predicted=(2, 22)
[cmd 000415 kind=policy chunk=0207 chunk_step=0] delta_max_rad=0.107693 delta_max_deg=6.1704 joint=right_ring_MCP_FE joint_index=13 from_rad=0.253809 to_rad=0.146116
[action 000415 chunk_step=0] raw=[-0.3491,1.3835] sent=[-0.3491,1.3835] limit_clips=0 step_clips=0 tracking_max=nan
[cmd 000416 kind=policy chunk=0207 chunk_step=1] delta_max_rad=0.095283 delta_max_deg=5.4593 joint=right_index_DIP joint_index=3 from_rad=0.911445 to_rad=1.006728
[action 000416 chunk_step=1] raw=[-0.3425,1.3547] sent=[-0.3425,1.3547] limit_clips=0 step_clips=0 tracking_max=nan
[latency] hand_policy inference_ms=9.064
[chunk 0208] inference=0.009s predicted=(2, 22)
[cmd 000417 kind=policy chunk=0208 chunk_step=0] delta_max_rad=0.105057 delta_max_deg=6.0193 joint=right_ring_DIP joint_index=16 from_rad=1.327343 to_rad=1.222286
[action 000417 chunk_step=0] raw=[-0.3467,1.2664] sent=[-0.3467,1.2664] limit_clips=0 step_clips=0 tracking_max=nan
[cmd 000418 kind=policy chunk=0208 chunk_step=1] delta_max_rad=0.109615 delta_max_deg=6.2805 joint=right_thumb_MCP_FE joint_index=19 from_rad=0.394147 to_rad=0.284532
[action 000418 chunk_step=1] raw=[-0.3491,1.2058] sent=[-0.3491,1.2058] limit_clips=0 step_clips=0 tracking_max=nan
[latency] hand_policy inference_ms=9.081
[chunk 0209] inference=0.009s predicted=(2, 22)
[cmd 000419 kind=policy chunk=0209 chunk_step=0] delta_max_rad=0.105460 delta_max_deg=6.0424 joint=right_ring_PIP joint_index=15 from_rad=0.671656 to_rad=0.566196
[action 000419 chunk_step=0] raw=[-0.3490,1.2809] sent=[-0.3490,1.2809] limit_clips=0 step_clips=0 tracking_max=nan
[cmd 000420 kind=policy chunk=0209 chunk_step=1] delta_max_rad=0.111632 delta_max_deg=6.3960 joint=right_thumb_IP joint_index=21 from_rad=0.221491 to_rad=0.109859
[action 000420 chunk_step=1] raw=[-0.3461,1.3698] sent=[-0.3461,1.3698] limit_clips=0 step_clips=0 tracking_max=nan
[latency] hand_policy inference_ms=9.461
[chunk 0210] inference=0.009s predicted=(2, 22)
[cmd 000421 kind=policy chunk=0210 chunk_step=0] delta_max_rad=0.114503 delta_max_deg=6.5606 joint=right_pinky_DIP joint_index=12 from_rad=1.152227 to_rad=1.266730
[action 000421 chunk_step=0] raw=[-0.3479,1.3930] sent=[-0.3479,1.3930] limit_clips=0 step_clips=0 tracking_max=nan
[cmd 000422 kind=policy chunk=0210 chunk_step=1] delta_max_rad=0.115550 delta_max_deg=6.6205 joint=right_ring_MCP_FE joint_index=13 from_rad=0.509900 to_rad=0.625450
[action 000422 chunk_step=1] raw=[-0.3484,1.3648] sent=[-0.3484,1.3648] limit_clips=0 step_clips=0 tracking_max=nan
[latency] hand_policy inference_ms=9.113
[chunk 0211] inference=0.009s predicted=(2, 22)
[cmd 000423 kind=policy chunk=0211 chunk_step=0] delta_max_rad=0.108358 delta_max_deg=6.2085 joint=right_ring_PIP joint_index=15 from_rad=0.461654 to_rad=0.570012
[action 000423 chunk_step=0] raw=[-0.3465,1.3594] sent=[-0.3465,1.3594] limit_clips=0 step_clips=0 tracking_max=nan
[cmd 000424 kind=policy chunk=0211 chunk_step=1] delta_max_rad=0.106130 delta_max_deg=6.0808 joint=right_index_PIP joint_index=2 from_rad=0.703270 to_rad=0.597141
[action 000424 chunk_step=1] raw=[-0.3491,1.3336] sent=[-0.3491,1.3336] limit_clips=0 step_clips=0 tracking_max=nan
[latency] hand_policy inference_ms=8.813
[chunk 0212] inference=0.009s predicted=(2, 22)
[cmd 000425 kind=policy chunk=0212 chunk_step=0] delta_max_rad=0.098500 delta_max_deg=5.6436 joint=right_pinky_DIP joint_index=12 from_rad=1.333597 to_rad=1.235097
[action 000425 chunk_step=0] raw=[-0.3460,1.3112] sent=[-0.3460,1.3112] limit_clips=0 step_clips=0 tracking_max=nan
[cmd 000426 kind=policy chunk=0212 chunk_step=1] delta_max_rad=0.103635 delta_max_deg=5.9379 joint=right_pinky_DIP joint_index=12 from_rad=1.235097 to_rad=1.131461
[action 000426 chunk_step=1] raw=[-0.3468,1.3083] sent=[-0.3468,1.3083] limit_clips=0 step_clips=0 tracking_max=nan
[latency] hand_policy inference_ms=9.540
[chunk 0213] inference=0.010s predicted=(2, 22)
[cmd 000427 kind=policy chunk=0213 chunk_step=0] delta_max_rad=0.119235 delta_max_deg=6.8317 joint=right_pinky_DIP joint_index=12 from_rad=1.131461 to_rad=1.012226
[action 000427 chunk_step=0] raw=[-0.3481,1.3550] sent=[-0.3481,1.3550] limit_clips=0 step_clips=0 tracking_max=nan
[cmd 000428 kind=policy chunk=0213 chunk_step=1] delta_max_rad=0.097283 delta_max_deg=5.5739 joint=right_pinky_DIP joint_index=12 from_rad=1.012226 to_rad=0.914944
[action 000428 chunk_step=1] raw=[-0.3326,1.3774] sent=[-0.3326,1.3774] limit_clips=0 step_clips=0 tracking_max=nan
[latency] hand_policy inference_ms=9.161
[chunk 0214] inference=0.009s predicted=(2, 22)
[cmd 000429 kind=policy chunk=0214 chunk_step=0] delta_max_rad=0.103009 delta_max_deg=5.9020 joint=right_ring_MCP_FE joint_index=13 from_rad=0.243713 to_rad=0.140705
[action 000429 chunk_step=0] raw=[-0.3332,1.3804] sent=[-0.3332,1.3804] limit_clips=0 step_clips=0 tracking_max=nan
[cmd 000430 kind=policy chunk=0214 chunk_step=1] delta_max_rad=0.108822 delta_max_deg=6.2350 joint=right_pinky_DIP joint_index=12 from_rad=0.814733 to_rad=0.705911
[action 000430 chunk_step=1] raw=[-0.3176,1.3925] sent=[-0.3176,1.3925] limit_clips=0 step_clips=0 tracking_max=nan
[latency] hand_policy inference_ms=8.763
[chunk 0215] inference=0.009s predicted=(2, 22)
[cmd 000431 kind=policy chunk=0215 chunk_step=0] delta_max_rad=0.096384 delta_max_deg=5.5224 joint=right_index_DIP joint_index=3 from_rad=0.861908 to_rad=0.958292
[action 000431 chunk_step=0] raw=[-0.3384,1.3406] sent=[-0.3384,1.3406] limit_clips=0 step_clips=0 tracking_max=nan
[cmd 000432 kind=policy chunk=0215 chunk_step=1] delta_max_rad=0.107671 delta_max_deg=6.1691 joint=right_middle_PIP joint_index=6 from_rad=0.400824 to_rad=0.293153
[action 000432 chunk_step=1] raw=[-0.3491,1.2495] sent=[-0.3491,1.2495] limit_clips=0 step_clips=0 tracking_max=nan
[latency] hand_policy inference_ms=9.523
[chunk 0216] inference=0.010s predicted=(2, 22)
[cmd 000433 kind=policy chunk=0216 chunk_step=0] delta_max_rad=0.110230 delta_max_deg=6.3157 joint=right_ring_PIP joint_index=15 from_rad=0.834519 to_rad=0.724289
[action 000433 chunk_step=0] raw=[-0.3471,1.1793] sent=[-0.3471,1.1793] limit_clips=0 step_clips=0 tracking_max=nan
[cmd 000434 kind=policy chunk=0216 chunk_step=1] delta_max_rad=0.100841 delta_max_deg=5.7778 joint=right_pinky_PIP joint_index=11 from_rad=0.150586 to_rad=0.251427
[action 000434 chunk_step=1] raw=[-0.3468,1.2385] sent=[-0.3468,1.2385] limit_clips=0 step_clips=0 tracking_max=nan
[latency] hand_policy inference_ms=9.039
[chunk 0217] inference=0.009s predicted=(2, 22)
[cmd 000435 kind=policy chunk=0217 chunk_step=0] delta_max_rad=0.108850 delta_max_deg=6.2366 joint=right_thumb_IP joint_index=21 from_rad=0.386568 to_rad=0.277718
[action 000435 chunk_step=0] raw=[-0.3459,1.3365] sent=[-0.3459,1.3365] limit_clips=0 step_clips=0 tracking_max=nan
[cmd 000436 kind=policy chunk=0217 chunk_step=1] delta_max_rad=0.111012 delta_max_deg=6.3605 joint=right_middle_MCP_FE joint_index=4 from_rad=0.439291 to_rad=0.550303
[action 000436 chunk_step=1] raw=[-0.3464,1.3848] sent=[-0.3464,1.3848] limit_clips=0 step_clips=0 tracking_max=nan
[latency] hand_policy inference_ms=8.818
[chunk 0218] inference=0.009s predicted=(2, 22)
[cmd 000437 kind=policy chunk=0218 chunk_step=0] delta_max_rad=0.113427 delta_max_deg=6.4989 joint=right_ring_MCP_FE joint_index=13 from_rad=0.413155 to_rad=0.526581
[action 000437 chunk_step=0] raw=[-0.3409,1.3940] sent=[-0.3409,1.3940] limit_clips=0 step_clips=0 tracking_max=nan
[cmd 000438 kind=policy chunk=0218 chunk_step=1] delta_max_rad=0.102288 delta_max_deg=5.8606 joint=right_ring_MCP_FE joint_index=13 from_rad=0.526581 to_rad=0.628869
[action 000438 chunk_step=1] raw=[-0.3478,1.3387] sent=[-0.3478,1.3387] limit_clips=0 step_clips=0 tracking_max=nan
[latency] hand_policy inference_ms=9.485
[chunk 0219] inference=0.009s predicted=(2, 22)
[cmd 000439 kind=policy chunk=0219 chunk_step=0] delta_max_rad=0.108762 delta_max_deg=6.2316 joint=right_ring_DIP joint_index=16 from_rad=0.786946 to_rad=0.895708
[action 000439 chunk_step=0] raw=[-0.3489,1.3606] sent=[-0.3489,1.3606] limit_clips=0 step_clips=0 tracking_max=nan
[cmd 000440 kind=policy chunk=0219 chunk_step=1] delta_max_rad=0.105911 delta_max_deg=6.0683 joint=right_index_PIP joint_index=2 from_rad=0.688535 to_rad=0.582624
[action 000440 chunk_step=1] raw=[-0.3486,1.3597] sent=[-0.3486,1.3597] limit_clips=0 step_clips=0 tracking_max=nan
[latency] hand_policy inference_ms=9.144
[chunk 0220] inference=0.009s predicted=(2, 22)
[cmd 000441 kind=policy chunk=0220 chunk_step=0] delta_max_rad=0.105328 delta_max_deg=6.0349 joint=right_pinky_DIP joint_index=12 from_rad=0.999954 to_rad=0.894626
[action 000441 chunk_step=0] raw=[-0.3429,1.3507] sent=[-0.3429,1.3507] limit_clips=0 step_clips=0 tracking_max=nan
[cmd 000442 kind=policy chunk=0220 chunk_step=1] delta_max_rad=0.105305 delta_max_deg=6.0335 joint=right_ring_DIP joint_index=16 from_rad=1.061464 to_rad=1.166769
[action 000442 chunk_step=1] raw=[-0.3469,1.3431] sent=[-0.3469,1.3431] limit_clips=0 step_clips=0 tracking_max=nan
[latency] hand_policy inference_ms=8.768
[chunk 0221] inference=0.009s predicted=(2, 22)
[cmd 000443 kind=policy chunk=0221 chunk_step=0] delta_max_rad=0.099149 delta_max_deg=5.6808 joint=right_ring_MCP_FE joint_index=13 from_rad=0.361246 to_rad=0.262097
[action 000443 chunk_step=0] raw=[-0.3491,1.3253] sent=[-0.3491,1.3253] limit_clips=0 step_clips=0 tracking_max=nan
[cmd 000444 kind=policy chunk=0221 chunk_step=1] delta_max_rad=0.112377 delta_max_deg=6.4388 joint=right_ring_MCP_FE joint_index=13 from_rad=0.262097 to_rad=0.149719
[action 000444 chunk_step=1] raw=[-0.3477,1.3333] sent=[-0.3477,1.3333] limit_clips=0 step_clips=0 tracking_max=nan
[latency] hand_policy inference_ms=9.540
[chunk 0222] inference=0.010s predicted=(2, 22)
[cmd 000445 kind=policy chunk=0222 chunk_step=0] delta_max_rad=0.098129 delta_max_deg=5.6224 joint=right_pinky_MCP_AA joint_index=10 from_rad=0.336108 to_rad=0.237979
[action 000445 chunk_step=0] raw=[-0.3491,1.3541] sent=[-0.3491,1.3541] limit_clips=0 step_clips=0 tracking_max=nan
[cmd 000446 kind=policy chunk=0222 chunk_step=1] delta_max_rad=0.113181 delta_max_deg=6.4848 joint=right_ring_PIP joint_index=15 from_rad=0.927825 to_rad=0.814645
[action 000446 chunk_step=1] raw=[-0.3474,1.2615] sent=[-0.3474,1.2615] limit_clips=0 step_clips=0 tracking_max=nan
[latency] hand_policy inference_ms=9.041
[chunk 0223] inference=0.009s predicted=(2, 22)
[cmd 000447 kind=policy chunk=0223 chunk_step=0] delta_max_rad=0.104670 delta_max_deg=5.9971 joint=right_middle_DIP joint_index=7 from_rad=1.185926 to_rad=1.081256
[action 000447 chunk_step=0] raw=[-0.3472,1.2163] sent=[-0.3472,1.2163] limit_clips=0 step_clips=0 tracking_max=nan
[cmd 000448 kind=policy chunk=0223 chunk_step=1] delta_max_rad=0.101242 delta_max_deg=5.8007 joint=right_pinky_PIP joint_index=11 from_rad=0.140445 to_rad=0.241686
[action 000448 chunk_step=1] raw=[-0.3476,1.2182] sent=[-0.3476,1.2182] limit_clips=0 step_clips=0 tracking_max=nan
[latency] hand_policy inference_ms=8.739
[chunk 0224] inference=0.009s predicted=(2, 22)
[cmd 000449 kind=policy chunk=0224 chunk_step=0] delta_max_rad=0.118865 delta_max_deg=6.8104 joint=right_index_PIP joint_index=2 from_rad=0.514494 to_rad=0.633359
[action 000449 chunk_step=0] raw=[-0.3476,1.2772] sent=[-0.3476,1.2772] limit_clips=0 step_clips=0 tracking_max=nan
[cmd 000450 kind=policy chunk=0224 chunk_step=1] delta_max_rad=0.094714 delta_max_deg=5.4267 joint=right_ring_MCP_FE joint_index=13 from_rad=0.354688 to_rad=0.449402
[action 000450 chunk_step=1] raw=[-0.3485,1.3573] sent=[-0.3485,1.3573] limit_clips=0 step_clips=0 tracking_max=nan
[latency] hand_policy inference_ms=9.465
[chunk 0225] inference=0.009s predicted=(2, 22)
[cmd 000451 kind=policy chunk=0225 chunk_step=0] delta_max_rad=0.100885 delta_max_deg=5.7803 joint=right_ring_MCP_FE joint_index=13 from_rad=0.449402 to_rad=0.550288
[action 000451 chunk_step=0] raw=[-0.3441,1.3884] sent=[-0.3441,1.3884] limit_clips=0 step_clips=0 tracking_max=nan
[cmd 000452 kind=policy chunk=0225 chunk_step=1] delta_max_rad=0.117928 delta_max_deg=6.7568 joint=right_ring_MCP_FE joint_index=13 from_rad=0.550288 to_rad=0.668216
[action 000452 chunk_step=1] raw=[-0.3491,1.3439] sent=[-0.3491,1.3439] limit_clips=0 step_clips=0 tracking_max=nan
[latency] hand_policy inference_ms=9.200
[chunk 0226] inference=0.009s predicted=(2, 22)
[cmd 000453 kind=policy chunk=0226 chunk_step=0] delta_max_rad=0.109929 delta_max_deg=6.2984 joint=right_ring_DIP joint_index=16 from_rad=0.726183 to_rad=0.836111
[action 000453 chunk_step=0] raw=[-0.3456,1.3174] sent=[-0.3456,1.3174] limit_clips=0 step_clips=0 tracking_max=nan
[cmd 000454 kind=policy chunk=0226 chunk_step=1] delta_max_rad=0.107123 delta_max_deg=6.1377 joint=right_pinky_PIP joint_index=11 from_rad=0.476729 to_rad=0.369606
[action 000454 chunk_step=1] raw=[-0.3459,1.2890] sent=[-0.3459,1.2890] limit_clips=0 step_clips=0 tracking_max=nan
[latency] hand_policy inference_ms=8.786
[chunk 0227] inference=0.009s predicted=(2, 22)
[cmd 000455 kind=policy chunk=0227 chunk_step=0] delta_max_rad=0.099911 delta_max_deg=5.7245 joint=right_index_PIP joint_index=2 from_rad=0.545599 to_rad=0.445688
[action 000455 chunk_step=0] raw=[-0.3469,1.2540] sent=[-0.3469,1.2540] limit_clips=0 step_clips=0 tracking_max=nan
[cmd 000456 kind=policy chunk=0227 chunk_step=1] delta_max_rad=0.099967 delta_max_deg=5.7277 joint=right_middle_DIP joint_index=7 from_rad=1.208889 to_rad=1.308855
[action 000456 chunk_step=1] raw=[-0.3478,1.3089] sent=[-0.3478,1.3089] limit_clips=0 step_clips=0 tracking_max=nan
[latency] hand_policy inference_ms=9.580
[chunk 0228] inference=0.010s predicted=(2, 22)
[cmd 000457 kind=policy chunk=0228 chunk_step=0] delta_max_rad=0.103896 delta_max_deg=5.9528 joint=right_ring_DIP joint_index=16 from_rad=1.092069 to_rad=1.195965
[action 000457 chunk_step=0] raw=[-0.3480,1.3673] sent=[-0.3480,1.3673] limit_clips=0 step_clips=0 tracking_max=nan
[cmd 000458 kind=policy chunk=0228 chunk_step=1] delta_max_rad=0.101782 delta_max_deg=5.8317 joint=right_index_PIP joint_index=2 from_rad=0.249675 to_rad=0.147894
[action 000458 chunk_step=1] raw=[-0.3128,1.3785] sent=[-0.3128,1.3785] limit_clips=0 step_clips=0 tracking_max=nan
[latency] hand_policy inference_ms=9.157
[chunk 0229] inference=0.009s predicted=(2, 22)
[cmd 000459 kind=policy chunk=0229 chunk_step=0] delta_max_rad=0.132348 delta_max_deg=7.5830 joint=right_thumb_IP joint_index=21 from_rad=0.392170 to_rad=0.524518
[action 000459 chunk_step=0] raw=[-0.2557,1.3855] sent=[-0.2557,1.3855] limit_clips=0 step_clips=0 tracking_max=nan
[cmd 000460 kind=policy chunk=0229 chunk_step=1] delta_max_rad=0.132326 delta_max_deg=7.5817 joint=right_thumb_IP joint_index=21 from_rad=0.524518 to_rad=0.656844
[action 000460 chunk_step=1] raw=[-0.2682,1.3918] sent=[-0.2682,1.3918] limit_clips=0 step_clips=0 tracking_max=nan
[latency] hand_policy inference_ms=8.811
[chunk 0230] inference=0.009s predicted=(2, 22)
[cmd 000461 kind=policy chunk=0230 chunk_step=0] delta_max_rad=0.135377 delta_max_deg=7.7565 joint=right_thumb_IP joint_index=21 from_rad=0.656844 to_rad=0.792221
[action 000461 chunk_step=0] raw=[-0.2562,1.3963] sent=[-0.2562,1.3963] limit_clips=0 step_clips=0 tracking_max=nan
[cmd 000462 kind=policy chunk=0230 chunk_step=1] delta_max_rad=0.106725 delta_max_deg=6.1149 joint=right_thumb_IP joint_index=21 from_rad=0.792221 to_rad=0.898946
[action 000462 chunk_step=1] raw=[-0.2254,1.3963] sent=[-0.2254,1.3963] limit_clips=0 step_clips=0 tracking_max=nan
[latency] hand_policy inference_ms=9.181
[chunk 0231] inference=0.009s predicted=(2, 22)
[cmd 000463 kind=policy chunk=0231 chunk_step=0] delta_max_rad=0.139676 delta_max_deg=8.0028 joint=right_pinky_DIP joint_index=12 from_rad=0.335013 to_rad=0.195337
[action 000463 chunk_step=0] raw=[-0.1616,1.3785] sent=[-0.1616,1.3785] limit_clips=0 step_clips=0 tracking_max=nan
[cmd 000464 kind=policy chunk=0231 chunk_step=1] delta_max_rad=0.102122 delta_max_deg=5.8511 joint=right_middle_DIP joint_index=7 from_rad=1.373073 to_rad=1.270952
[action 000464 chunk_step=1] raw=[-0.1453,1.3456] sent=[-0.1453,1.3456] limit_clips=0 step_clips=0 tracking_max=nan
[latency] hand_policy inference_ms=8.834
[chunk 0232] inference=0.009s predicted=(2, 22)
[cmd 000465 kind=policy chunk=0232 chunk_step=0] delta_max_rad=0.104839 delta_max_deg=6.0068 joint=right_ring_PIP joint_index=15 from_rad=1.139605 to_rad=1.034766
[action 000465 chunk_step=0] raw=[-0.1974,1.2740] sent=[-0.1974,1.2740] limit_clips=0 step_clips=0 tracking_max=nan
[cmd 000466 kind=policy chunk=0232 chunk_step=1] delta_max_rad=0.110480 delta_max_deg=6.3301 joint=right_middle_PIP joint_index=6 from_rad=0.644445 to_rad=0.533965
[action 000466 chunk_step=1] raw=[-0.2716,1.1763] sent=[-0.2716,1.1763] limit_clips=0 step_clips=0 tracking_max=nan
[latency] hand_policy inference_ms=9.278
[chunk 0233] inference=0.009s predicted=(2, 22)
[cmd 000467 kind=policy chunk=0233 chunk_step=0] delta_max_rad=0.123765 delta_max_deg=7.0912 joint=right_ring_PIP joint_index=15 from_rad=0.964262 to_rad=0.840497
[action 000467 chunk_step=0] raw=[-0.3250,1.0707] sent=[-0.3250,1.0707] limit_clips=0 step_clips=0 tracking_max=nan
[cmd 000468 kind=policy chunk=0233 chunk_step=1] delta_max_rad=0.118175 delta_max_deg=6.7709 joint=right_index_DIP joint_index=3 from_rad=1.033175 to_rad=1.151350
[action 000468 chunk_step=1] raw=[-0.3407,1.1514] sent=[-0.3407,1.1514] limit_clips=0 step_clips=0 tracking_max=nan
[latency] hand_policy inference_ms=9.601
[chunk 0234] inference=0.010s predicted=(2, 22)
[cmd 000469 kind=policy chunk=0234 chunk_step=0] delta_max_rad=0.108004 delta_max_deg=6.1882 joint=right_thumb_IP joint_index=21 from_rad=0.649720 to_rad=0.541716
[action 000469 chunk_step=0] raw=[-0.3344,1.2459] sent=[-0.3344,1.2459] limit_clips=0 step_clips=0 tracking_max=nan
[cmd 000470 kind=policy chunk=0234 chunk_step=1] delta_max_rad=0.122179 delta_max_deg=7.0003 joint=right_pinky_PIP joint_index=11 from_rad=0.602946 to_rad=0.725124
[action 000470 chunk_step=1] raw=[-0.3308,1.3251] sent=[-0.3308,1.3251] limit_clips=0 step_clips=0 tracking_max=nan
[latency] hand_policy inference_ms=9.144
[chunk 0235] inference=0.009s predicted=(2, 22)
[cmd 000471 kind=policy chunk=0235 chunk_step=0] delta_max_rad=0.103455 delta_max_deg=5.9275 joint=right_ring_MCP_FE joint_index=13 from_rad=0.237225 to_rad=0.340680
[action 000471 chunk_step=0] raw=[-0.3166,1.3841] sent=[-0.3166,1.3841] limit_clips=0 step_clips=0 tracking_max=nan
[cmd 000472 kind=policy chunk=0235 chunk_step=1] delta_max_rad=0.137078 delta_max_deg=7.8540 joint=right_pinky_PIP joint_index=11 from_rad=0.812674 to_rad=0.949752
[action 000472 chunk_step=1] raw=[-0.3384,1.3798] sent=[-0.3384,1.3798] limit_clips=0 step_clips=0 tracking_max=nan
[latency] hand_policy inference_ms=8.824
[chunk 0236] inference=0.009s predicted=(2, 22)
[cmd 000473 kind=policy chunk=0236 chunk_step=0] delta_max_rad=0.122470 delta_max_deg=7.0170 joint=right_index_PIP joint_index=2 from_rad=0.831674 to_rad=0.954144
[action 000473 chunk_step=0] raw=[-0.3491,1.3824] sent=[-0.3491,1.3824] limit_clips=0 step_clips=0 tracking_max=nan
[cmd 000474 kind=policy chunk=0236 chunk_step=1] delta_max_rad=0.101699 delta_max_deg=5.8269 joint=right_middle_MCP_FE joint_index=4 from_rad=0.408784 to_rad=0.510484
[action 000474 chunk_step=1] raw=[-0.3438,1.3963] sent=[-0.3438,1.3963] limit_clips=0 step_clips=0 tracking_max=nan
[latency] hand_policy inference_ms=9.481
[chunk 0237] inference=0.009s predicted=(2, 22)
[cmd 000475 kind=policy chunk=0237 chunk_step=0] delta_max_rad=0.084664 delta_max_deg=4.8509 joint=right_index_PIP joint_index=2 from_rad=0.992725 to_rad=0.908061
[action 000475 chunk_step=0] raw=[-0.3443,1.3860] sent=[-0.3443,1.3860] limit_clips=0 step_clips=0 tracking_max=nan
[cmd 000476 kind=policy chunk=0237 chunk_step=1] delta_max_rad=0.116902 delta_max_deg=6.6980 joint=right_index_PIP joint_index=2 from_rad=0.908061 to_rad=0.791159
[action 000476 chunk_step=1] raw=[-0.3491,1.3074] sent=[-0.3491,1.3074] limit_clips=0 step_clips=0 tracking_max=nan
[latency] hand_policy inference_ms=8.655
[chunk 0238] inference=0.009s predicted=(2, 22)
[cmd 000477 kind=policy chunk=0238 chunk_step=0] delta_max_rad=0.117454 delta_max_deg=6.7296 joint=right_index_PIP joint_index=2 from_rad=0.791159 to_rad=0.673705
[action 000477 chunk_step=0] raw=[-0.3443,1.2176] sent=[-0.3443,1.2176] limit_clips=0 step_clips=0 tracking_max=nan
[cmd 000478 kind=policy chunk=0238 chunk_step=1] delta_max_rad=0.105564 delta_max_deg=6.0483 joint=right_middle_DIP joint_index=7 from_rad=0.613986 to_rad=0.719549
[action 000478 chunk_step=1] raw=[-0.3468,1.1907] sent=[-0.3468,1.1907] limit_clips=0 step_clips=0 tracking_max=nan
[latency] hand_policy inference_ms=9.855
[chunk 0239] inference=0.010s predicted=(2, 22)
[cmd 000479 kind=policy chunk=0239 chunk_step=0] delta_max_rad=0.115952 delta_max_deg=6.6436 joint=right_pinky_PIP joint_index=11 from_rad=0.823198 to_rad=0.707246
[action 000479 chunk_step=0] raw=[-0.3487,1.1915] sent=[-0.3487,1.1915] limit_clips=0 step_clips=0 tracking_max=nan
[cmd 000480 kind=policy chunk=0239 chunk_step=1] delta_max_rad=0.105450 delta_max_deg=6.0419 joint=right_index_PIP joint_index=2 from_rad=0.487250 to_rad=0.381800
[action 000480 chunk_step=1] raw=[-0.3491,1.1860] sent=[-0.3491,1.1860] limit_clips=0 step_clips=0 tracking_max=nan
[latency] hand_policy inference_ms=9.474
[chunk 0240] inference=0.009s predicted=(2, 22)
[cmd 000481 kind=policy chunk=0240 chunk_step=0] delta_max_rad=0.106400 delta_max_deg=6.0963 joint=right_index_PIP joint_index=2 from_rad=0.381800 to_rad=0.275400
[action 000481 chunk_step=0] raw=[-0.3484,1.1711] sent=[-0.3484,1.1711] limit_clips=0 step_clips=0 tracking_max=nan
[cmd 000482 kind=policy chunk=0240 chunk_step=1] delta_max_rad=0.100287 delta_max_deg=5.7460 joint=right_index_DIP joint_index=3 from_rad=0.828713 to_rad=0.728426
[action 000482 chunk_step=1] raw=[-0.3261,1.1673] sent=[-0.3261,1.1673] limit_clips=0 step_clips=0 tracking_max=nan
[latency] hand_policy inference_ms=8.720
[chunk 0241] inference=0.009s predicted=(2, 22)
[cmd 000483 kind=policy chunk=0241 chunk_step=0] delta_max_rad=0.108743 delta_max_deg=6.2305 joint=right_middle_MCP_FE joint_index=4 from_rad=0.238786 to_rad=0.130043
[action 000483 chunk_step=0] raw=[-0.2699,1.1535] sent=[-0.2699,1.1535] limit_clips=0 step_clips=0 tracking_max=nan
[cmd 000484 kind=policy chunk=0241 chunk_step=1] delta_max_rad=0.091315 delta_max_deg=5.2320 joint=right_middle_MCP_FE joint_index=4 from_rad=0.130043 to_rad=0.038728
[action 000484 chunk_step=1] raw=[-0.2456,1.2351] sent=[-0.2456,1.2351] limit_clips=0 step_clips=0 tracking_max=nan
[latency] hand_policy inference_ms=9.848
[chunk 0242] inference=0.010s predicted=(2, 22)
[cmd 000485 kind=policy chunk=0242 chunk_step=0] delta_max_rad=0.131135 delta_max_deg=7.5135 joint=right_thumb_IP joint_index=21 from_rad=0.350361 to_rad=0.481496
[action 000485 chunk_step=0] raw=[-0.2183,1.3212] sent=[-0.2183,1.3212] limit_clips=0 step_clips=0 tracking_max=nan
[cmd 000486 kind=policy chunk=0242 chunk_step=1] delta_max_rad=0.093325 delta_max_deg=5.3471 joint=right_ring_MCP_FE joint_index=13 from_rad=0.164551 to_rad=0.071227
[action 000486 chunk_step=1] raw=[-0.1736,1.3259] sent=[-0.1736,1.3259] limit_clips=0 step_clips=0 tracking_max=nan
[latency] hand_policy inference_ms=9.498
[chunk 0243] inference=0.009s predicted=(2, 22)
[cmd 000487 kind=policy chunk=0243 chunk_step=0] delta_max_rad=0.106121 delta_max_deg=6.0803 joint=right_middle_PIP joint_index=6 from_rad=0.915757 to_rad=0.809636
[action 000487 chunk_step=0] raw=[-0.1816,1.3347] sent=[-0.1816,1.3347] limit_clips=0 step_clips=0 tracking_max=nan
[cmd 000488 kind=policy chunk=0243 chunk_step=1] delta_max_rad=0.101707 delta_max_deg=5.8274 joint=right_thumb_MCP_FE joint_index=19 from_rad=0.811946 to_rad=0.710239
[action 000488 chunk_step=1] raw=[-0.2513,1.2441] sent=[-0.2513,1.2441] limit_clips=0 step_clips=0 tracking_max=nan
[latency] hand_policy inference_ms=9.377
[chunk 0244] inference=0.009s predicted=(2, 22)
[cmd 000489 kind=policy chunk=0244 chunk_step=0] delta_max_rad=0.120838 delta_max_deg=6.9235 joint=right_thumb_MCP_FE joint_index=19 from_rad=0.710239 to_rad=0.589401
[action 000489 chunk_step=0] raw=[-0.3309,1.1600] sent=[-0.3309,1.1600] limit_clips=0 step_clips=0 tracking_max=nan
[cmd 000490 kind=policy chunk=0244 chunk_step=1] delta_max_rad=0.119668 delta_max_deg=6.8565 joint=right_thumb_MCP_AA joint_index=20 from_rad=-0.023622 to_rad=-0.143291
[action 000490 chunk_step=1] raw=[-0.3491,1.1196] sent=[-0.3491,1.1196] limit_clips=0 step_clips=0 tracking_max=nan
[latency] hand_policy inference_ms=8.745
[chunk 0245] inference=0.009s predicted=(2, 22)
[cmd 000491 kind=policy chunk=0245 chunk_step=0] delta_max_rad=0.103471 delta_max_deg=5.9285 joint=right_index_DIP joint_index=3 from_rad=0.960049 to_rad=1.063520
[action 000491 chunk_step=0] raw=[-0.3445,1.1606] sent=[-0.3445,1.1606] limit_clips=0 step_clips=0 tracking_max=nan
[cmd 000492 kind=policy chunk=0245 chunk_step=1] delta_max_rad=0.106156 delta_max_deg=6.0823 joint=right_pinky_PIP joint_index=11 from_rad=0.766649 to_rad=0.872805
[action 000492 chunk_step=1] raw=[-0.3471,1.2012] sent=[-0.3471,1.2012] limit_clips=0 step_clips=0 tracking_max=nan
[latency] hand_policy inference_ms=9.756
[chunk 0246] inference=0.010s predicted=(2, 22)
[cmd 000493 kind=policy chunk=0246 chunk_step=0] delta_max_rad=0.107776 delta_max_deg=6.1751 joint=right_index_PIP joint_index=2 from_rad=0.442575 to_rad=0.550351
[action 000493 chunk_step=0] raw=[-0.3491,1.2464] sent=[-0.3491,1.2464] limit_clips=0 step_clips=0 tracking_max=nan
[cmd 000494 kind=policy chunk=0246 chunk_step=1] delta_max_rad=0.115232 delta_max_deg=6.6023 joint=right_middle_MCP_FE joint_index=4 from_rad=0.222668 to_rad=0.337899
[action 000494 chunk_step=1] raw=[-0.3453,1.3073] sent=[-0.3453,1.3073] limit_clips=0 step_clips=0 tracking_max=nan
[latency] hand_policy inference_ms=8.701
[chunk 0247] inference=0.009s predicted=(2, 22)
[cmd 000495 kind=policy chunk=0247 chunk_step=0] delta_max_rad=0.129580 delta_max_deg=7.4244 joint=right_middle_MCP_FE joint_index=4 from_rad=0.337899 to_rad=0.467480
[action 000495 chunk_step=0] raw=[-0.3468,1.3629] sent=[-0.3468,1.3629] limit_clips=0 step_clips=0 tracking_max=nan
[cmd 000496 kind=policy chunk=0247 chunk_step=1] delta_max_rad=0.120160 delta_max_deg=6.8847 joint=right_middle_MCP_FE joint_index=4 from_rad=0.467480 to_rad=0.587640
[action 000496 chunk_step=1] raw=[-0.3491,1.3830] sent=[-0.3491,1.3830] limit_clips=0 step_clips=0 tracking_max=nan
[latency] hand_policy inference_ms=9.586
[chunk 0248] inference=0.010s predicted=(2, 22)
[cmd 000497 kind=policy chunk=0248 chunk_step=0] delta_max_rad=0.121417 delta_max_deg=6.9567 joint=right_middle_PIP joint_index=6 from_rad=0.392235 to_rad=0.513653
[action 000497 chunk_step=0] raw=[-0.3453,1.3812] sent=[-0.3453,1.3812] limit_clips=0 step_clips=0 tracking_max=nan
[cmd 000498 kind=policy chunk=0248 chunk_step=1] delta_max_rad=0.110885 delta_max_deg=6.3532 joint=right_pinky_MCP_AA joint_index=10 from_rad=0.144857 to_rad=0.255742
[action 000498 chunk_step=1] raw=[-0.3450,1.2901] sent=[-0.3450,1.2901] limit_clips=0 step_clips=0 tracking_max=nan
[latency] hand_policy inference_ms=9.530
[chunk 0249] inference=0.010s predicted=(2, 22)
[cmd 000499 kind=policy chunk=0249 chunk_step=0] delta_max_rad=0.109246 delta_max_deg=6.2594 joint=right_index_PIP joint_index=2 from_rad=0.618656 to_rad=0.509409
[action 000499 chunk_step=0] raw=[-0.3491,1.2549] sent=[-0.3491,1.2549] limit_clips=0 step_clips=0 tracking_max=nan
[cmd 000500 kind=policy chunk=0249 chunk_step=1] delta_max_rad=0.093090 delta_max_deg=5.3337 joint=right_middle_DIP joint_index=7 from_rad=0.855943 to_rad=0.949033
[action 000500 chunk_step=1] raw=[-0.3488,1.2507] sent=[-0.3488,1.2507] limit_clips=0 step_clips=0 tracking_max=nan
[latency] hand_policy inference_ms=8.857
[chunk 0250] inference=0.009s predicted=(2, 22)
[cmd 000501 kind=policy chunk=0250 chunk_step=0] delta_max_rad=0.100596 delta_max_deg=5.7637 joint=right_index_PIP joint_index=2 from_rad=0.433225 to_rad=0.332629
[action 000501 chunk_step=0] raw=[-0.3454,1.2218] sent=[-0.3454,1.2218] limit_clips=0 step_clips=0 tracking_max=nan
[cmd 000502 kind=policy chunk=0250 chunk_step=1] delta_max_rad=0.091481 delta_max_deg=5.2415 joint=right_index_PIP joint_index=2 from_rad=0.332629 to_rad=0.241148
[action 000502 chunk_step=1] raw=[-0.3455,1.1989] sent=[-0.3455,1.1989] limit_clips=0 step_clips=0 tracking_max=nan
[latency] hand_policy inference_ms=9.876
[chunk 0251] inference=0.010s predicted=(2, 22)
[cmd 000503 kind=policy chunk=0251 chunk_step=0] delta_max_rad=0.097481 delta_max_deg=5.5852 joint=right_pinky_PIP joint_index=11 from_rad=0.758006 to_rad=0.660525
[action 000503 chunk_step=0] raw=[-0.3491,1.2059] sent=[-0.3491,1.2059] limit_clips=0 step_clips=0 tracking_max=nan
[cmd 000504 kind=policy chunk=0251 chunk_step=1] delta_max_rad=0.094390 delta_max_deg=5.4081 joint=right_pinky_PIP joint_index=11 from_rad=0.660525 to_rad=0.566135
[action 000504 chunk_step=1] raw=[-0.3314,1.2994] sent=[-0.3314,1.2994] limit_clips=0 step_clips=0 tracking_max=nan
[latency] hand_policy inference_ms=9.524
[chunk 0252] inference=0.010s predicted=(2, 22)
[cmd 000505 kind=policy chunk=0252 chunk_step=0] delta_max_rad=0.097662 delta_max_deg=5.5956 joint=right_pinky_PIP joint_index=11 from_rad=0.566135 to_rad=0.468474
[action 000505 chunk_step=0] raw=[-0.2749,1.3794] sent=[-0.2749,1.3794] limit_clips=0 step_clips=0 tracking_max=nan
[cmd 000506 kind=policy chunk=0252 chunk_step=1] delta_max_rad=0.092707 delta_max_deg=5.3117 joint=right_thumb_MCP_AA joint_index=20 from_rad=-0.274927 to_rad=-0.182220
[action 000506 chunk_step=1] raw=[-0.1822,1.3963] sent=[-0.1822,1.3963] limit_clips=0 step_clips=0 tracking_max=nan
[latency] hand_policy inference_ms=9.009
[chunk 0253] inference=0.009s predicted=(2, 22)
[cmd 000507 kind=policy chunk=0253 chunk_step=0] delta_max_rad=0.115920 delta_max_deg=6.6418 joint=right_ring_PIP joint_index=15 from_rad=1.131099 to_rad=1.015179
[action 000507 chunk_step=0] raw=[-0.1741,1.3692] sent=[-0.1741,1.3692] limit_clips=0 step_clips=0 tracking_max=nan
[cmd 000508 kind=policy chunk=0253 chunk_step=1] delta_max_rad=0.113190 delta_max_deg=6.4853 joint=right_thumb_MCP_FE joint_index=19 from_rad=0.559427 to_rad=0.446238
[action 000508 chunk_step=1] raw=[-0.2578,1.2947] sent=[-0.2578,1.2947] limit_clips=0 step_clips=0 tracking_max=nan
[latency] hand_policy inference_ms=9.785
[chunk 0254] inference=0.010s predicted=(2, 22)
[cmd 000509 kind=policy chunk=0254 chunk_step=0] delta_max_rad=0.101554 delta_max_deg=5.8186 joint=right_ring_PIP joint_index=15 from_rad=0.919181 to_rad=0.817627
[action 000509 chunk_step=0] raw=[-0.3255,1.3561] sent=[-0.3255,1.3561] limit_clips=0 step_clips=0 tracking_max=nan
[cmd 000510 kind=policy chunk=0254 chunk_step=1] delta_max_rad=0.103558 delta_max_deg=5.9335 joint=right_pinky_PIP joint_index=11 from_rad=0.630763 to_rad=0.734321
[action 000510 chunk_step=1] raw=[-0.3486,1.3963] sent=[-0.3486,1.3963] limit_clips=0 step_clips=0 tracking_max=nan
[latency] hand_policy inference_ms=9.720
[chunk 0255] inference=0.010s predicted=(2, 22)
[cmd 000511 kind=policy chunk=0255 chunk_step=0] delta_max_rad=0.116682 delta_max_deg=6.6854 joint=right_index_PIP joint_index=2 from_rad=0.321078 to_rad=0.437761
[action 000511 chunk_step=0] raw=[-0.3491,1.3907] sent=[-0.3491,1.3907] limit_clips=0 step_clips=0 tracking_max=nan
[cmd 000512 kind=policy chunk=0255 chunk_step=1] delta_max_rad=0.125073 delta_max_deg=7.1661 joint=right_ring_MCP_FE joint_index=13 from_rad=0.432667 to_rad=0.557740
[action 000512 chunk_step=1] raw=[-0.3480,1.3925] sent=[-0.3480,1.3925] limit_clips=0 step_clips=0 tracking_max=nan
[latency] hand_policy inference_ms=8.877
[chunk 0256] inference=0.009s predicted=(2, 22)
[cmd 000513 kind=policy chunk=0256 chunk_step=0] delta_max_rad=0.110973 delta_max_deg=6.3583 joint=right_ring_DIP joint_index=16 from_rad=0.638243 to_rad=0.749217
[action 000513 chunk_step=0] raw=[-0.3491,1.3850] sent=[-0.3491,1.3850] limit_clips=0 step_clips=0 tracking_max=nan
[cmd 000514 kind=policy chunk=0256 chunk_step=1] delta_max_rad=0.111214 delta_max_deg=6.3721 joint=right_pinky_PIP joint_index=11 from_rad=0.858312 to_rad=0.747098
[action 000514 chunk_step=1] raw=[-0.3491,1.2871] sent=[-0.3491,1.2871] limit_clips=0 step_clips=0 tracking_max=nan
[latency] hand_policy inference_ms=9.524
[chunk 0257] inference=0.010s predicted=(2, 22)
[cmd 000515 kind=policy chunk=0257 chunk_step=0] delta_max_rad=0.099418 delta_max_deg=5.6962 joint=right_ring_DIP joint_index=16 from_rad=0.823789 to_rad=0.923207
[action 000515 chunk_step=0] raw=[-0.3455,1.2427] sent=[-0.3455,1.2427] limit_clips=0 step_clips=0 tracking_max=nan
[cmd 000516 kind=policy chunk=0257 chunk_step=1] delta_max_rad=0.104795 delta_max_deg=6.0043 joint=right_index_PIP joint_index=2 from_rad=0.347993 to_rad=0.243198
[action 000516 chunk_step=1] raw=[-0.3458,1.2735] sent=[-0.3458,1.2735] limit_clips=0 step_clips=0 tracking_max=nan
[latency] hand_policy inference_ms=9.504
[chunk 0258] inference=0.010s predicted=(2, 22)
[cmd 000517 kind=policy chunk=0258 chunk_step=0] delta_max_rad=0.121582 delta_max_deg=6.9661 joint=right_pinky_PIP joint_index=11 from_rad=0.564032 to_rad=0.442450
[action 000517 chunk_step=0] raw=[-0.3482,1.3559] sent=[-0.3482,1.3559] limit_clips=0 step_clips=0 tracking_max=nan
[cmd 000518 kind=policy chunk=0258 chunk_step=1] delta_max_rad=0.094111 delta_max_deg=5.3922 joint=right_index_PIP joint_index=2 from_rad=0.132138 to_rad=0.038027
[action 000518 chunk_step=1] raw=[-0.3431,1.3809] sent=[-0.3431,1.3809] limit_clips=0 step_clips=0 tracking_max=nan
[latency] hand_policy inference_ms=8.805
[chunk 0259] inference=0.009s predicted=(2, 22)
[cmd 000519 kind=policy chunk=0259 chunk_step=0] delta_max_rad=0.108479 delta_max_deg=6.2154 joint=right_pinky_DIP joint_index=12 from_rad=0.778269 to_rad=0.669790
[action 000519 chunk_step=0] raw=[-0.3446,1.3872] sent=[-0.3446,1.3872] limit_clips=0 step_clips=0 tracking_max=nan
[cmd 000520 kind=policy chunk=0259 chunk_step=1] delta_max_rad=0.116884 delta_max_deg=6.6970 joint=right_thumb_IP joint_index=21 from_rad=0.304831 to_rad=0.421715
[action 000520 chunk_step=1] raw=[-0.3152,1.3846] sent=[-0.3152,1.3846] limit_clips=0 step_clips=0 tracking_max=nan
[latency] hand_policy inference_ms=9.361
[chunk 0260] inference=0.009s predicted=(2, 22)
[cmd 000521 kind=policy chunk=0260 chunk_step=0] delta_max_rad=0.118971 delta_max_deg=6.8165 joint=right_thumb_IP joint_index=21 from_rad=0.421715 to_rad=0.540686
[action 000521 chunk_step=0] raw=[-0.2667,1.3851] sent=[-0.2667,1.3851] limit_clips=0 step_clips=0 tracking_max=nan
[cmd 000522 kind=policy chunk=0260 chunk_step=1] delta_max_rad=0.099143 delta_max_deg=5.6805 joint=right_ring_PIP joint_index=15 from_rad=1.267171 to_rad=1.168027
[action 000522 chunk_step=1] raw=[-0.2298,1.3765] sent=[-0.2298,1.3765] limit_clips=0 step_clips=0 tracking_max=nan
[latency] hand_policy inference_ms=9.541
[chunk 0261] inference=0.010s predicted=(2, 22)
[cmd 000523 kind=policy chunk=0261 chunk_step=0] delta_max_rad=0.115548 delta_max_deg=6.6204 joint=right_ring_DIP joint_index=16 from_rad=1.376490 to_rad=1.260942
[action 000523 chunk_step=0] raw=[-0.2910,1.2609] sent=[-0.2910,1.2609] limit_clips=0 step_clips=0 tracking_max=nan
[cmd 000524 kind=policy chunk=0261 chunk_step=1] delta_max_rad=0.109324 delta_max_deg=6.2638 joint=right_pinky_PIP joint_index=11 from_rad=0.260941 to_rad=0.370265
[action 000524 chunk_step=1] raw=[-0.3491,1.1747] sent=[-0.3491,1.1747] limit_clips=0 step_clips=0 tracking_max=nan
[latency] hand_policy inference_ms=8.760
[chunk 0262] inference=0.009s predicted=(2, 22)
[cmd 000525 kind=policy chunk=0262 chunk_step=0] delta_max_rad=0.104495 delta_max_deg=5.9871 joint=right_index_PIP joint_index=2 from_rad=0.252906 to_rad=0.357401
[action 000525 chunk_step=0] raw=[-0.3491,1.2720] sent=[-0.3491,1.2720] limit_clips=0 step_clips=0 tracking_max=nan
[cmd 000526 kind=policy chunk=0262 chunk_step=1] delta_max_rad=0.107546 delta_max_deg=6.1620 joint=right_ring_PIP joint_index=15 from_rad=0.888359 to_rad=0.780812
[action 000526 chunk_step=1] raw=[-0.3491,1.3535] sent=[-0.3491,1.3535] limit_clips=0 step_clips=0 tracking_max=nan
[latency] hand_policy inference_ms=9.570
[chunk 0263] inference=0.010s predicted=(2, 22)
[cmd 000527 kind=policy chunk=0263 chunk_step=0] delta_max_rad=0.128797 delta_max_deg=7.3796 joint=right_index_PIP joint_index=2 from_rad=0.448078 to_rad=0.576876
[action 000527 chunk_step=0] raw=[-0.3491,1.3963] sent=[-0.3491,1.3963] limit_clips=0 step_clips=0 tracking_max=nan
[cmd 000528 kind=policy chunk=0263 chunk_step=1] delta_max_rad=0.114832 delta_max_deg=6.5794 joint=right_middle_MCP_FE joint_index=4 from_rad=0.195412 to_rad=0.310244
[action 000528 chunk_step=1] raw=[-0.3491,1.3941] sent=[-0.3491,1.3941] limit_clips=0 step_clips=0 tracking_max=nan
[latency] hand_policy inference_ms=9.531
[chunk 0264] inference=0.010s predicted=(2, 22)
[cmd 000529 kind=policy chunk=0264 chunk_step=0] delta_max_rad=0.113238 delta_max_deg=6.4880 joint=right_middle_MCP_FE joint_index=4 from_rad=0.310244 to_rad=0.423482
[action 000529 chunk_step=0] raw=[-0.3464,1.3717] sent=[-0.3464,1.3717] limit_clips=0 step_clips=0 tracking_max=nan
[cmd 000530 kind=policy chunk=0264 chunk_step=1] delta_max_rad=0.109078 delta_max_deg=6.2497 joint=right_ring_MCP_FE joint_index=13 from_rad=0.500415 to_rad=0.609494
[action 000530 chunk_step=1] raw=[-0.3444,1.3746] sent=[-0.3444,1.3746] limit_clips=0 step_clips=0 tracking_max=nan
[latency] hand_policy inference_ms=9.212
[chunk 0265] inference=0.009s predicted=(2, 22)
[cmd 000531 kind=policy chunk=0265 chunk_step=0] delta_max_rad=0.114662 delta_max_deg=6.5696 joint=right_ring_DIP joint_index=16 from_rad=0.671865 to_rad=0.786527
[action 000531 chunk_step=0] raw=[-0.3468,1.2974] sent=[-0.3468,1.2974] limit_clips=0 step_clips=0 tracking_max=nan
[cmd 000532 kind=policy chunk=0265 chunk_step=1] delta_max_rad=0.104759 delta_max_deg=6.0022 joint=right_pinky_PIP joint_index=11 from_rad=0.833765 to_rad=0.729006
[action 000532 chunk_step=1] raw=[-0.3472,1.2078] sent=[-0.3472,1.2078] limit_clips=0 step_clips=0 tracking_max=nan
[latency] hand_policy inference_ms=8.840
[chunk 0266] inference=0.009s predicted=(2, 22)
[cmd 000533 kind=policy chunk=0266 chunk_step=0] delta_max_rad=0.101622 delta_max_deg=5.8225 joint=right_pinky_PIP joint_index=11 from_rad=0.729006 to_rad=0.627384
[action 000533 chunk_step=0] raw=[-0.3480,1.1215] sent=[-0.3480,1.1215] limit_clips=0 step_clips=0 tracking_max=nan
[cmd 000534 kind=policy chunk=0266 chunk_step=1] delta_max_rad=0.104806 delta_max_deg=6.0049 joint=right_index_PIP joint_index=2 from_rad=0.512712 to_rad=0.407906
[action 000534 chunk_step=1] raw=[-0.3491,1.0783] sent=[-0.3491,1.0783] limit_clips=0 step_clips=0 tracking_max=nan
[latency] hand_policy inference_ms=9.555
[chunk 0267] inference=0.010s predicted=(2, 22)
[cmd 000535 kind=policy chunk=0267 chunk_step=0] delta_max_rad=0.090224 delta_max_deg=5.1694 joint=right_middle_DIP joint_index=7 from_rad=1.036943 to_rad=1.127167
[action 000535 chunk_step=0] raw=[-0.3470,1.1272] sent=[-0.3470,1.1272] limit_clips=0 step_clips=0 tracking_max=nan
[cmd 000536 kind=policy chunk=0267 chunk_step=1] delta_max_rad=0.093054 delta_max_deg=5.3316 joint=right_thumb_IP joint_index=21 from_rad=0.244437 to_rad=0.337491
[action 000536 chunk_step=1] raw=[-0.3267,1.2029] sent=[-0.3267,1.2029] limit_clips=0 step_clips=0 tracking_max=nan
[latency] hand_policy inference_ms=9.032
[chunk 0268] inference=0.009s predicted=(2, 22)
[cmd 000537 kind=policy chunk=0268 chunk_step=0] delta_max_rad=0.111566 delta_max_deg=6.3922 joint=right_thumb_IP joint_index=21 from_rad=0.337491 to_rad=0.449057
[action 000537 chunk_step=0] raw=[-0.2765,1.2856] sent=[-0.2765,1.2856] limit_clips=0 step_clips=0 tracking_max=nan
[cmd 000538 kind=policy chunk=0268 chunk_step=1] delta_max_rad=0.091078 delta_max_deg=5.2184 joint=right_thumb_IP joint_index=21 from_rad=0.449057 to_rad=0.540135
[action 000538 chunk_step=1] raw=[-0.2506,1.3701] sent=[-0.2506,1.3701] limit_clips=0 step_clips=0 tracking_max=nan
[latency] hand_policy inference_ms=8.814
[chunk 0269] inference=0.009s predicted=(2, 22)
[cmd 000539 kind=policy chunk=0269 chunk_step=0] delta_max_rad=0.099061 delta_max_deg=5.6758 joint=right_index_DIP joint_index=3 from_rad=0.781174 to_rad=0.880235
[action 000539 chunk_step=0] raw=[-0.2746,1.3217] sent=[-0.2746,1.3217] limit_clips=0 step_clips=0 tracking_max=nan
[cmd 000540 kind=policy chunk=0269 chunk_step=1] delta_max_rad=0.110106 delta_max_deg=6.3086 joint=right_ring_PIP joint_index=15 from_rad=1.123425 to_rad=1.013319
[action 000540 chunk_step=1] raw=[-0.3444,1.2401] sent=[-0.3444,1.2401] limit_clips=0 step_clips=0 tracking_max=nan
[latency] hand_policy inference_ms=9.539
[chunk 0270] inference=0.010s predicted=(2, 22)
[cmd 000541 kind=policy chunk=0270 chunk_step=0] delta_max_rad=0.110597 delta_max_deg=6.3368 joint=right_ring_PIP joint_index=15 from_rad=1.013319 to_rad=0.902721
[action 000541 chunk_step=0] raw=[-0.3486,1.1434] sent=[-0.3486,1.1434] limit_clips=0 step_clips=0 tracking_max=nan
[cmd 000542 kind=policy chunk=0270 chunk_step=1] delta_max_rad=0.097983 delta_max_deg=5.6140 joint=right_pinky_PIP joint_index=11 from_rad=0.611276 to_rad=0.709259
[action 000542 chunk_step=1] raw=[-0.3476,1.1582] sent=[-0.3476,1.1582] limit_clips=0 step_clips=0 tracking_max=nan
[latency] hand_policy inference_ms=8.965
[chunk 0271] inference=0.009s predicted=(2, 22)
[cmd 000543 kind=policy chunk=0271 chunk_step=0] delta_max_rad=0.103210 delta_max_deg=5.9135 joint=right_thumb_IP joint_index=21 from_rad=0.237674 to_rad=0.134464
[action 000543 chunk_step=0] raw=[-0.3489,1.2507] sent=[-0.3489,1.2507] limit_clips=0 step_clips=0 tracking_max=nan
[cmd 000544 kind=policy chunk=0271 chunk_step=1] delta_max_rad=0.095144 delta_max_deg=5.4514 joint=right_thumb_IP joint_index=21 from_rad=0.134464 to_rad=0.039319
[action 000544 chunk_step=1] raw=[-0.3478,1.3280] sent=[-0.3478,1.3280] limit_clips=0 step_clips=0 tracking_max=nan
[latency] hand_policy inference_ms=8.762
[chunk 0272] inference=0.009s predicted=(2, 22)
[cmd 000545 kind=policy chunk=0272 chunk_step=0] delta_max_rad=0.100304 delta_max_deg=5.7470 joint=right_index_PIP joint_index=2 from_rad=0.606595 to_rad=0.706899
[action 000545 chunk_step=0] raw=[-0.3491,1.3826] sent=[-0.3491,1.3826] limit_clips=0 step_clips=0 tracking_max=nan
[cmd 000546 kind=policy chunk=0272 chunk_step=1] delta_max_rad=0.101187 delta_max_deg=5.7976 joint=right_ring_MCP_FE joint_index=13 from_rad=0.463021 to_rad=0.564208
[action 000546 chunk_step=1] raw=[-0.3489,1.3933] sent=[-0.3489,1.3933] limit_clips=0 step_clips=0 tracking_max=nan
[latency] hand_policy inference_ms=9.519
[chunk 0273] inference=0.010s predicted=(2, 22)
[cmd 000547 kind=policy chunk=0273 chunk_step=0] delta_max_rad=0.100333 delta_max_deg=5.7486 joint=right_pinky_MCP_AA joint_index=10 from_rad=0.163783 to_rad=0.264116
[action 000547 chunk_step=0] raw=[-0.3491,1.3019] sent=[-0.3491,1.3019] limit_clips=0 step_clips=0 tracking_max=nan
[cmd 000548 kind=policy chunk=0273 chunk_step=1] delta_max_rad=0.097248 delta_max_deg=5.5719 joint=right_index_PIP joint_index=2 from_rad=0.626123 to_rad=0.528875
[action 000548 chunk_step=1] raw=[-0.3485,1.2173] sent=[-0.3485,1.2173] limit_clips=0 step_clips=0 tracking_max=nan
[latency] hand_policy inference_ms=9.266
[chunk 0274] inference=0.009s predicted=(2, 22)
[cmd 000549 kind=policy chunk=0274 chunk_step=0] delta_max_rad=0.098128 delta_max_deg=5.6223 joint=right_ring_MCP_FE joint_index=13 from_rad=0.526640 to_rad=0.428511
[action 000549 chunk_step=0] raw=[-0.3442,1.2025] sent=[-0.3442,1.2025] limit_clips=0 step_clips=0 tracking_max=nan
[cmd 000550 kind=policy chunk=0274 chunk_step=1] delta_max_rad=0.105235 delta_max_deg=6.0295 joint=right_index_DIP joint_index=3 from_rad=1.119600 to_rad=1.014364
[action 000550 chunk_step=1] raw=[-0.3443,1.1910] sent=[-0.3443,1.1910] limit_clips=0 step_clips=0 tracking_max=nan
[latency] hand_policy inference_ms=8.749
[chunk 0275] inference=0.009s predicted=(2, 22)
[cmd 000551 kind=policy chunk=0275 chunk_step=0] delta_max_rad=0.109904 delta_max_deg=6.2971 joint=right_pinky_PIP joint_index=11 from_rad=0.634074 to_rad=0.524170
[action 000551 chunk_step=0] raw=[-0.3415,1.1678] sent=[-0.3415,1.1678] limit_clips=0 step_clips=0 tracking_max=nan
[cmd 000552 kind=policy chunk=0275 chunk_step=1] delta_max_rad=0.100256 delta_max_deg=5.7442 joint=right_pinky_PIP joint_index=11 from_rad=0.524170 to_rad=0.423914
[action 000552 chunk_step=1] raw=[-0.3045,1.2183] sent=[-0.3045,1.2183] limit_clips=0 step_clips=0 tracking_max=nan
[latency] hand_policy inference_ms=9.648
[chunk 0276] inference=0.010s predicted=(2, 22)
[cmd 000553 kind=policy chunk=0276 chunk_step=0] delta_max_rad=0.100024 delta_max_deg=5.7309 joint=right_pinky_PIP joint_index=11 from_rad=0.423914 to_rad=0.323890
[action 000553 chunk_step=0] raw=[-0.2532,1.3046] sent=[-0.2532,1.3046] limit_clips=0 step_clips=0 tracking_max=nan
[cmd 000554 kind=policy chunk=0276 chunk_step=1] delta_max_rad=0.092325 delta_max_deg=5.2898 joint=right_pinky_MCP_AA joint_index=10 from_rad=0.340734 to_rad=0.248409
[action 000554 chunk_step=1] raw=[-0.2158,1.3464] sent=[-0.2158,1.3464] limit_clips=0 step_clips=0 tracking_max=nan
[latency] hand_policy inference_ms=9.364
[chunk 0277] inference=0.009s predicted=(2, 22)
[cmd 000555 kind=policy chunk=0277 chunk_step=0] delta_max_rad=0.106196 delta_max_deg=6.0846 joint=right_ring_DIP joint_index=16 from_rad=1.346421 to_rad=1.240226
[action 000555 chunk_step=0] raw=[-0.2547,1.2402] sent=[-0.2547,1.2402] limit_clips=0 step_clips=0 tracking_max=nan
[cmd 000556 kind=policy chunk=0277 chunk_step=1] delta_max_rad=0.109315 delta_max_deg=6.2633 joint=right_index_DIP joint_index=3 from_rad=0.957258 to_rad=1.066573
[action 000556 chunk_step=1] raw=[-0.3325,1.1617] sent=[-0.3325,1.1617] limit_clips=0 step_clips=0 tracking_max=nan
[latency] hand_policy inference_ms=8.768
[chunk 0278] inference=0.009s predicted=(2, 22)
[cmd 000557 kind=policy chunk=0278 chunk_step=0] delta_max_rad=0.109885 delta_max_deg=6.2959 joint=right_index_PIP joint_index=2 from_rad=0.333861 to_rad=0.443746
[action 000557 chunk_step=0] raw=[-0.3491,1.1555] sent=[-0.3491,1.1555] limit_clips=0 step_clips=0 tracking_max=nan
[cmd 000558 kind=policy chunk=0278 chunk_step=1] delta_max_rad=0.101971 delta_max_deg=5.8425 joint=right_thumb_IP joint_index=21 from_rad=0.206342 to_rad=0.104371
[action 000558 chunk_step=1] raw=[-0.3491,1.2554] sent=[-0.3491,1.2554] limit_clips=0 step_clips=0 tracking_max=nan
[latency] hand_policy inference_ms=9.891
[chunk 0279] inference=0.010s predicted=(2, 22)
[cmd 000559 kind=policy chunk=0279 chunk_step=0] delta_max_rad=0.116091 delta_max_deg=6.6515 joint=right_pinky_DIP joint_index=12 from_rad=0.808098 to_rad=0.924189
[action 000559 chunk_step=0] raw=[-0.3484,1.3439] sent=[-0.3484,1.3439] limit_clips=0 step_clips=0 tracking_max=nan
[cmd 000560 kind=policy chunk=0279 chunk_step=1] delta_max_rad=0.114807 delta_max_deg=6.5780 joint=right_middle_MCP_FE joint_index=4 from_rad=0.463403 to_rad=0.578211
[action 000560 chunk_step=1] raw=[-0.3476,1.3894] sent=[-0.3476,1.3894] limit_clips=0 step_clips=0 tracking_max=nan
[latency] hand_policy inference_ms=9.162
[chunk 0280] inference=0.009s predicted=(2, 22)
[cmd 000561 kind=policy chunk=0280 chunk_step=0] delta_max_rad=0.106607 delta_max_deg=6.1081 joint=right_ring_MCP_FE joint_index=13 from_rad=0.390396 to_rad=0.497004
[action 000561 chunk_step=0] raw=[-0.3440,1.3856] sent=[-0.3440,1.3856] limit_clips=0 step_clips=0 tracking_max=nan
[cmd 000562 kind=policy chunk=0280 chunk_step=1] delta_max_rad=0.100104 delta_max_deg=5.7355 joint=right_ring_MCP_FE joint_index=13 from_rad=0.497004 to_rad=0.597107
[action 000562 chunk_step=1] raw=[-0.3438,1.3105] sent=[-0.3438,1.3105] limit_clips=0 step_clips=0 tracking_max=nan
[latency] hand_policy inference_ms=8.790
[chunk 0281] inference=0.009s predicted=(2, 22)
[cmd 000563 kind=policy chunk=0281 chunk_step=0] delta_max_rad=0.110517 delta_max_deg=6.3322 joint=right_ring_DIP joint_index=16 from_rad=0.673234 to_rad=0.783751
[action 000563 chunk_step=0] raw=[-0.3477,1.2535] sent=[-0.3477,1.2535] limit_clips=0 step_clips=0 tracking_max=nan
[cmd 000564 kind=policy chunk=0281 chunk_step=1] delta_max_rad=0.111779 delta_max_deg=6.4045 joint=right_middle_MCP_FE joint_index=4 from_rad=0.628585 to_rad=0.516806
[action 000564 chunk_step=1] raw=[-0.3491,1.2432] sent=[-0.3491,1.2432] limit_clips=0 step_clips=0 tracking_max=nan
[latency] hand_policy inference_ms=9.539
[chunk 0282] inference=0.010s predicted=(2, 22)
[cmd 000565 kind=policy chunk=0282 chunk_step=0] delta_max_rad=0.124231 delta_max_deg=7.1179 joint=right_pinky_DIP joint_index=12 from_rad=1.071401 to_rad=0.947170
[action 000565 chunk_step=0] raw=[-0.3439,1.2159] sent=[-0.3439,1.2159] limit_clips=0 step_clips=0 tracking_max=nan
[cmd 000566 kind=policy chunk=0282 chunk_step=1] delta_max_rad=0.101345 delta_max_deg=5.8066 joint=right_pinky_DIP joint_index=12 from_rad=0.947170 to_rad=0.845825
[action 000566 chunk_step=1] raw=[-0.3414,1.1858] sent=[-0.3414,1.1858] limit_clips=0 step_clips=0 tracking_max=nan
[latency] hand_policy inference_ms=8.982
[chunk 0283] inference=0.009s predicted=(2, 22)
[cmd 000567 kind=policy chunk=0283 chunk_step=0] delta_max_rad=0.104698 delta_max_deg=5.9988 joint=right_pinky_PIP joint_index=11 from_rad=0.542076 to_rad=0.437377
[action 000567 chunk_step=0] raw=[-0.3491,1.2587] sent=[-0.3491,1.2587] limit_clips=0 step_clips=0 tracking_max=nan
[cmd 000568 kind=policy chunk=0283 chunk_step=1] delta_max_rad=0.101321 delta_max_deg=5.8053 joint=right_ring_MCP_FE joint_index=13 from_rad=0.217131 to_rad=0.115810
[action 000568 chunk_step=1] raw=[-0.3402,1.3396] sent=[-0.3402,1.3396] limit_clips=0 step_clips=0 tracking_max=nan
[latency] hand_policy inference_ms=9.777
[chunk 0284] inference=0.010s predicted=(2, 22)
[cmd 000569 kind=policy chunk=0284 chunk_step=0] delta_max_rad=0.112998 delta_max_deg=6.4743 joint=right_ring_MCP_FE joint_index=13 from_rad=0.115810 to_rad=0.002812
[action 000569 chunk_step=0] raw=[-0.3452,1.3751] sent=[-0.3452,1.3751] limit_clips=0 step_clips=0 tracking_max=nan
[cmd 000570 kind=policy chunk=0284 chunk_step=1] delta_max_rad=0.088804 delta_max_deg=5.0881 joint=right_pinky_CMC joint_index=8 from_rad=0.081368 to_rad=0.170172
[action 000570 chunk_step=1] raw=[-0.3339,1.3852] sent=[-0.3339,1.3852] limit_clips=0 step_clips=0 tracking_max=nan
[latency] hand_policy inference_ms=9.209
[chunk 0285] inference=0.009s predicted=(2, 22)
[cmd 000571 kind=policy chunk=0285 chunk_step=0] delta_max_rad=0.092059 delta_max_deg=5.2746 joint=right_index_DIP joint_index=3 from_rad=0.772018 to_rad=0.864077
[action 000571 chunk_step=0] raw=[-0.3463,1.3274] sent=[-0.3463,1.3274] limit_clips=0 step_clips=0 tracking_max=nan
[cmd 000572 kind=policy chunk=0285 chunk_step=1] delta_max_rad=0.114849 delta_max_deg=6.5804 joint=right_ring_PIP joint_index=15 from_rad=1.090349 to_rad=0.975500
[action 000572 chunk_step=1] raw=[-0.3486,1.2389] sent=[-0.3486,1.2389] limit_clips=0 step_clips=0 tracking_max=nan
[latency] hand_policy inference_ms=8.951
[chunk 0286] inference=0.009s predicted=(2, 22)
[cmd 000573 kind=policy chunk=0286 chunk_step=0] delta_max_rad=0.104527 delta_max_deg=5.9890 joint=right_index_DIP joint_index=3 from_rad=0.959894 to_rad=1.064421
[action 000573 chunk_step=0] raw=[-0.3490,1.1481] sent=[-0.3490,1.1481] limit_clips=0 step_clips=0 tracking_max=nan
[cmd 000574 kind=policy chunk=0286 chunk_step=1] delta_max_rad=0.103805 delta_max_deg=5.9476 joint=right_pinky_PIP joint_index=11 from_rad=0.472841 to_rad=0.576646
[action 000574 chunk_step=1] raw=[-0.3491,1.1505] sent=[-0.3491,1.1505] limit_clips=0 step_clips=0 tracking_max=nan
[latency] hand_policy inference_ms=8.822
[chunk 0287] inference=0.009s predicted=(2, 22)
[cmd 000575 kind=policy chunk=0287 chunk_step=0] delta_max_rad=0.112502 delta_max_deg=6.4459 joint=right_index_PIP joint_index=2 from_rad=0.517090 to_rad=0.629592
[action 000575 chunk_step=0] raw=[-0.3491,1.2352] sent=[-0.3491,1.2352] limit_clips=0 step_clips=0 tracking_max=nan
[cmd 000576 kind=policy chunk=0287 chunk_step=1] delta_max_rad=0.112061 delta_max_deg=6.4206 joint=right_ring_MCP_FE joint_index=13 from_rad=0.289585 to_rad=0.401646
[action 000576 chunk_step=1] raw=[-0.3488,1.3179] sent=[-0.3488,1.3179] limit_clips=0 step_clips=0 tracking_max=nan
[latency] hand_policy inference_ms=9.598
[chunk 0288] inference=0.010s predicted=(2, 22)
[cmd 000577 kind=policy chunk=0288 chunk_step=0] delta_max_rad=0.115090 delta_max_deg=6.5942 joint=right_ring_MCP_FE joint_index=13 from_rad=0.401646 to_rad=0.516737
[action 000577 chunk_step=0] raw=[-0.3448,1.3599] sent=[-0.3448,1.3599] limit_clips=0 step_clips=0 tracking_max=nan
[cmd 000578 kind=policy chunk=0288 chunk_step=1] delta_max_rad=0.099603 delta_max_deg=5.7068 joint=right_middle_PIP joint_index=6 from_rad=0.502963 to_rad=0.602566
[action 000578 chunk_step=1] raw=[-0.3491,1.2803] sent=[-0.3491,1.2803] limit_clips=0 step_clips=0 tracking_max=nan
[latency] hand_policy inference_ms=9.076
[chunk 0289] inference=0.009s predicted=(2, 22)
[cmd 000579 kind=policy chunk=0289 chunk_step=0] delta_max_rad=0.108755 delta_max_deg=6.2312 joint=right_ring_PIP joint_index=15 from_rad=0.538106 to_rad=0.646861
[action 000579 chunk_step=0] raw=[-0.3472,1.2944] sent=[-0.3472,1.2944] limit_clips=0 step_clips=0 tracking_max=nan
[cmd 000580 kind=policy chunk=0289 chunk_step=1] delta_max_rad=0.107069 delta_max_deg=6.1346 joint=right_pinky_PIP joint_index=11 from_rad=0.808354 to_rad=0.701285
[action 000580 chunk_step=1] raw=[-0.3447,1.2852] sent=[-0.3447,1.2852] limit_clips=0 step_clips=0 tracking_max=nan
[latency] hand_policy inference_ms=8.796
[chunk 0290] inference=0.009s predicted=(2, 22)
[cmd 000581 kind=policy chunk=0290 chunk_step=0] delta_max_rad=0.108009 delta_max_deg=6.1885 joint=right_pinky_PIP joint_index=11 from_rad=0.701285 to_rad=0.593275
[action 000581 chunk_step=0] raw=[-0.3470,1.2641] sent=[-0.3470,1.2641] limit_clips=0 step_clips=0 tracking_max=nan
[cmd 000582 kind=policy chunk=0290 chunk_step=1] delta_max_rad=0.107224 delta_max_deg=6.1435 joint=right_index_DIP joint_index=3 from_rad=1.014277 to_rad=0.907053
[action 000582 chunk_step=1] raw=[-0.3452,1.2412] sent=[-0.3452,1.2412] limit_clips=0 step_clips=0 tracking_max=nan
[latency] hand_policy inference_ms=9.507
[chunk 0291] inference=0.010s predicted=(2, 22)
[cmd 000583 kind=policy chunk=0291 chunk_step=0] delta_max_rad=0.098542 delta_max_deg=5.6460 joint=right_index_DIP joint_index=3 from_rad=0.907053 to_rad=0.808512
[action 000583 chunk_step=0] raw=[-0.3461,1.2936] sent=[-0.3461,1.2936] limit_clips=0 step_clips=0 tracking_max=nan
[cmd 000584 kind=policy chunk=0291 chunk_step=1] delta_max_rad=0.107156 delta_max_deg=6.1396 joint=right_thumb_IP joint_index=21 from_rad=0.380612 to_rad=0.487769
[action 000584 chunk_step=1] raw=[-0.3411,1.3602] sent=[-0.3411,1.3602] limit_clips=0 step_clips=0 tracking_max=nan
[latency] hand_policy inference_ms=9.153
[chunk 0292] inference=0.009s predicted=(2, 22)
[cmd 000585 kind=policy chunk=0292 chunk_step=0] delta_max_rad=0.108668 delta_max_deg=6.2262 joint=right_thumb_IP joint_index=21 from_rad=0.487769 to_rad=0.596436
[action 000585 chunk_step=0] raw=[-0.3474,1.3689] sent=[-0.3474,1.3689] limit_clips=0 step_clips=0 tracking_max=nan
[cmd 000586 kind=policy chunk=0292 chunk_step=1] delta_max_rad=0.091016 delta_max_deg=5.2148 joint=right_middle_PIP joint_index=6 from_rad=0.801716 to_rad=0.710699
[action 000586 chunk_step=1] raw=[-0.3379,1.3884] sent=[-0.3379,1.3884] limit_clips=0 step_clips=0 tracking_max=nan
[latency] hand_policy inference_ms=9.397
[chunk 0293] inference=0.009s predicted=(2, 22)
[cmd 000587 kind=policy chunk=0293 chunk_step=0] delta_max_rad=0.098003 delta_max_deg=5.6151 joint=right_ring_PIP joint_index=15 from_rad=1.076304 to_rad=0.978302
[action 000587 chunk_step=0] raw=[-0.3424,1.3039] sent=[-0.3424,1.3039] limit_clips=0 step_clips=0 tracking_max=nan
[cmd 000588 kind=policy chunk=0293 chunk_step=1] delta_max_rad=0.102021 delta_max_deg=5.8454 joint=right_thumb_IP joint_index=21 from_rad=0.625596 to_rad=0.523574
[action 000588 chunk_step=1] raw=[-0.3465,1.2101] sent=[-0.3465,1.2101] limit_clips=0 step_clips=0 tracking_max=nan
[latency] hand_policy inference_ms=9.616
[chunk 0294] inference=0.010s predicted=(2, 22)
[cmd 000589 kind=policy chunk=0294 chunk_step=0] delta_max_rad=0.107989 delta_max_deg=6.1873 joint=right_index_PIP joint_index=2 from_rad=0.441270 to_rad=0.549259
[action 000589 chunk_step=0] raw=[-0.3491,1.1205] sent=[-0.3491,1.1205] limit_clips=0 step_clips=0 tracking_max=nan
[cmd 000590 kind=policy chunk=0294 chunk_step=1] delta_max_rad=0.102336 delta_max_deg=5.8634 joint=right_ring_PIP joint_index=15 from_rad=0.786213 to_rad=0.683877
[action 000590 chunk_step=1] raw=[-0.3482,1.1850] sent=[-0.3482,1.1850] limit_clips=0 step_clips=0 tracking_max=nan
[latency] hand_policy inference_ms=8.810
[chunk 0295] inference=0.009s predicted=(2, 22)
[cmd 000591 kind=policy chunk=0295 chunk_step=0] delta_max_rad=0.107973 delta_max_deg=6.1864 joint=right_index_PIP joint_index=2 from_rad=0.635612 to_rad=0.743585
[action 000591 chunk_step=0] raw=[-0.3491,1.2767] sent=[-0.3491,1.2767] limit_clips=0 step_clips=0 tracking_max=nan
[cmd 000592 kind=policy chunk=0295 chunk_step=1] delta_max_rad=0.113618 delta_max_deg=6.5098 joint=right_middle_MCP_FE joint_index=4 from_rad=0.365455 to_rad=0.479073
[action 000592 chunk_step=1] raw=[-0.3486,1.3478] sent=[-0.3486,1.3478] limit_clips=0 step_clips=0 tracking_max=nan
[latency] hand_policy inference_ms=8.822
[chunk 0296] inference=0.009s predicted=(2, 22)
[cmd 000593 kind=policy chunk=0296 chunk_step=0] delta_max_rad=0.133801 delta_max_deg=7.6662 joint=right_ring_MCP_FE joint_index=13 from_rad=0.442902 to_rad=0.576702
[action 000593 chunk_step=0] raw=[-0.3472,1.3671] sent=[-0.3472,1.3671] limit_clips=0 step_clips=0 tracking_max=nan
[cmd 000594 kind=policy chunk=0296 chunk_step=1] delta_max_rad=0.096082 delta_max_deg=5.5051 joint=right_ring_MCP_FE joint_index=13 from_rad=0.576702 to_rad=0.672785
[action 000594 chunk_step=1] raw=[-0.3487,1.2770] sent=[-0.3487,1.2770] limit_clips=0 step_clips=0 tracking_max=nan
[latency] hand_policy inference_ms=9.577
[chunk 0297] inference=0.010s predicted=(2, 22)
[cmd 000595 kind=policy chunk=0297 chunk_step=0] delta_max_rad=0.103090 delta_max_deg=5.9066 joint=right_index_PIP joint_index=2 from_rad=0.836898 to_rad=0.733808
[action 000595 chunk_step=0] raw=[-0.3491,1.2536] sent=[-0.3491,1.2536] limit_clips=0 step_clips=0 tracking_max=nan
[cmd 000596 kind=policy chunk=0297 chunk_step=1] delta_max_rad=0.114481 delta_max_deg=6.5593 joint=right_pinky_PIP joint_index=11 from_rad=0.732896 to_rad=0.618415
[action 000596 chunk_step=1] raw=[-0.3480,1.2207] sent=[-0.3480,1.2207] limit_clips=0 step_clips=0 tracking_max=nan
[latency] hand_policy inference_ms=9.184
[chunk 0298] inference=0.009s predicted=(2, 22)
[cmd 000597 kind=policy chunk=0298 chunk_step=0] delta_max_rad=0.101799 delta_max_deg=5.8326 joint=right_middle_PIP joint_index=6 from_rad=0.617074 to_rad=0.718873
[action 000597 chunk_step=0] raw=[-0.3463,1.1808] sent=[-0.3463,1.1808] limit_clips=0 step_clips=0 tracking_max=nan
[cmd 000598 kind=policy chunk=0298 chunk_step=1] delta_max_rad=0.105534 delta_max_deg=6.0467 joint=right_index_PIP joint_index=2 from_rad=0.568088 to_rad=0.462554
[action 000598 chunk_step=1] raw=[-0.3466,1.2255] sent=[-0.3466,1.2255] limit_clips=0 step_clips=0 tracking_max=nan
[latency] hand_policy inference_ms=8.747
[chunk 0299] inference=0.009s predicted=(2, 22)
[cmd 000599 kind=policy chunk=0299 chunk_step=0] delta_max_rad=0.112905 delta_max_deg=6.4690 joint=right_index_PIP joint_index=2 from_rad=0.462554 to_rad=0.349649
[action 000599 chunk_step=0] raw=[-0.3350,1.3166] sent=[-0.3350,1.3166] limit_clips=0 step_clips=0 tracking_max=nan
[cmd 000600 kind=policy chunk=0299 chunk_step=1] delta_max_rad=0.102579 delta_max_deg=5.8773 joint=right_index_PIP joint_index=2 from_rad=0.349649 to_rad=0.247070
[action 000600 chunk_step=1] raw=[-0.2982,1.3410] sent=[-0.2982,1.3410] limit_clips=0 step_clips=0 tracking_max=nan
[done] steps=600 chunks=300 elapsed=27.05s inference=2.78s joint_limit_clips=0 step_clips=0
[cmd 000601 kind=exit_hold chunk=0300 chunk_step=-] delta_max_rad=0.083381 delta_max_deg=4.7774 joint=right_index_PIP joint_index=2 from_rad=0.247070 to_rad=0.330450
[cleanup] SharpA held at measured position
