[real] log: /media/frankagvl/U393/Dex_Diffuse/reports/dataset_initialization_no_hold_20260917/dataset_pose_2_seed50.txt (keeping all runs; no retention limit)
[real] structured debug: /media/frankagvl/U393/Dex_Diffuse/reports/dataset_initialization_no_hold_20260917/dataset_pose_2_seed50.jsonl
[real] started: 2026-09-17T16:58:18+08:00
[experiment] 空手无灯泡 数据集初始化对照; dataset_pose_2; 来源=/media/frankagvl/U393/20260907173246/shards/shard_000317.h5; row=954748; episode=611083; step=0; 不holding; seed=50; 600动作; chunk=2; 30Hz; TensorRT FP32; fused DDIM4; 无插值; 软件步长限幅与关节限位关闭，与历史基线一致; 0.09rad是统计阈值，不是本次执行限幅; 统计相邻policy action的绝对差，分别统计逐关节与22关节最大变化; 初始化使用上述数据集qpos，不使用robot_init.py默认ROTATE数值
WARNING:torch_tensorrt.dynamo.conversion.aten_ops_converters:Unable to import quantization op. Please install modelopt library (https://github.com/NVIDIA/TensorRT-Model-Optimizer?tab=readme-ov-file#installation) to add support for compiling quantized models
[experiment] Dataset initialization (ROTATE slot overridden only in this process):
{"name": "dataset_pose_2", "shard": "/media/frankagvl/U393/20260907173246/shards/shard_000317.h5", "row": 954748, "episode_id": 611083, "env_id": 1430, "step": 0, "qualifying_rows_in_shard": 20, "qpos_policy_rad": [0.5791399478912354, 0.08311882615089417, 0.5385539531707764, 0.3476060628890991, 0.5411729216575623, 0.3394162356853485, 0.49994879961013794, 0.1541156768798828, 0.16176214814186096, 1.043245553970337, 0.3490999937057495, 0.2737238109111786, 1.1090278625488281, 0.6764301657676697, 0.31397730112075806, 0.2162274420261383, 0.7763609886169434, 1.2592047452926636, -0.035765890032052994, 0.3010876774787903, -0.3490999937057495, 0.0], "qpos_real_rad": [1.2592047452926636, -0.035765890032052994, 0.3010876774787903, -0.3490999937057495, 0.0, 0.5791399478912354, 0.08311882615089417, 0.5385539531707764, 0.3476060628890991, 0.5411729216575623, 0.3394162356853485, 0.49994879961013794, 0.1541156768798828, 0.6764301657676697, 0.31397730112075806, 0.2162274420261383, 0.7763609886169434, 0.16176214814186096, 1.043245553970337, 0.3490999937057495, 0.2737238109111786, 1.1090278625488281], "target_before_policy_rad": [0.5791399478912354, 0.08311882615089417, 0.5385539531707764, 0.3476060628890991, 0.5411729216575623, 0.3394162356853485, 0.49994879961013794, 0.1541156768798828, 0.16176214814186096, 1.043245553970337, 0.3490999937057495, 0.2737238109111786, 1.1090278625488281, 0.6764301657676697, 0.31397730112075806, 0.2162274420261383, 0.7763609886169434, 1.2592047452926636, -0.035765890032052994, 0.3010876774787903, -0.3490999937057495, 0.0], "target_after_policy_rad": [0.6220455169677734, 0.09961944818496704, 0.49203330278396606, 0.36644017696380615, 0.5411729216575623, 0.3184240460395813, 0.5323265194892883, 0.19731754064559937, 0.19005820155143738, 1.0595768690109253, 0.3490999937057495, 0.22967687249183655, 1.1563810110092163, 0.6548582911491394, 0.32186219096183777, 0.234018474817276, 0.7956823706626892, 1.2592047452926636, -0.030461441725492477, 0.3010876774787903, -0.3490999937057495, 0.0], "source_target_step_max_rad": 0.047353148460388184, "max_abs_marginal_z": 2.9103338031510497}
[init] SharpA init_pose=ROTATE
[debug] structured record: /media/frankagvl/U393/Dex_Diffuse/reports/dataset_initialization_no_hold_20260917/dataset_pose_2_seed50.jsonl
[hand] connecting to tcp://localhost:5570
[preflight] SharpA state OK: [1.1223000288009644, -0.16930000483989716, 0.5957000255584717, -0.3061999976634979, 0.4909000098705292, 0.6377000212669373, -0.2572999894618988, 0.32710000872612, 0.8025000095367432, 0.16750000417232513, 0.0697999969124794, 0.8082000017166138, 1.2843999862670898, 0.29420000314712524, 0.23190000653266907, 0.9135000109672546, 1.2417000532150269, 0.030899999663233757, 1.1175999641418457, 0.31310001015663147, 0.2921000123023987, 0.7257000207901001]
[init] moving SharpA to HAND_READY_JOINTS: 50 steps / 2s
[init] SharpA max error=0.0351 rad
[init] SharpA HAND_READY_JOINTS reached
[init] requested robot initialization completed
WARNING:torch_tensorrt.dynamo.conversion.aten_ops_converters:Unable to import quantization op. Please install modelopt library (https://github.com/NVIDIA/TensorRT-Model-Optimizer?tab=readme-ov-file#installation) to add support for compiling quantized models
[real] python: /home/frankagvl/anaconda3/envs/dexIL/bin/python
[real] checkpoint: /media/frankagvl/U393/Dex_Diffuse/runs/obs_4-66.ckpt
[real] policy: obs=66 action=22 sampler=ddim inference_steps=4 chunk=2
[real] acceleration: tensorrt=1 precision=fp32 fused_ddim=1
[real] startup: SharpA initial-pose motion disabled
[real] LIVE: wait_for_enter=0; Ctrl-C holds measured hand qpos
[real] schedule: infer -> execute 2 targets at 30 Hz -> infer
[real] hold during inference: 0 (live only)
WARNING:torch_tensorrt.dynamo.conversion.aten_ops_converters:Unable to import quantization op. Please install modelopt library (https://github.com/NVIDIA/TensorRT-Model-Optimizer?tab=readme-ov-file#installation) to add support for compiling quantized models
[debug] structured record: /media/frankagvl/U393/Dex_Diffuse/reports/dataset_initialization_no_hold_20260917/dataset_pose_2_seed50.jsonl
[hand] connecting to tcp://localhost:5570
[hand] SharpA server ready
[initial-pose] motion disabled; using measured qpos
[policy] loading /media/frankagvl/U393/Dex_Diffuse/runs/obs_4-66.ckpt
[policy] loaded EMA model; step=54316 epoch=74; spec={'obs_dim': 66, 'action_dim': 22, 'n_obs_steps': 4, 'n_pred_action_steps': 9, 'n_action_steps': 5, 'horizon': 12}; sampler=ddim inference_steps=4
[policy] preparing TensorRT FP32 UNet (load validated cache or compile)...
[TensorRT] loaded cached engine: /media/frankagvl/U393/Dex_Diffuse/runs/obs_4-66.unet.fp32.trt.pt
[policy] TensorRT UNet ready in 1.7s
WARNING: [Torch-TensorRT] - Using default stream in enqueueV3() may lead to performance issues due to additional calls to cudaStreamSynchronize() by TensorRT to ensure correct synchronization. Please use non-default stream instead.
[latency] hand_policy inference_ms=72.643
[policy] synthetic inference passed in 0.073s
[initial-state] measured policy-order qpos(rad)=[ 0.577141,  0.074955,  0.535377,  0.348863,  0.537071,  0.3144  ,  0.50259 ,  0.155626,  0.155638,  1.049676,  0.316488,  0.280329,  1.107686,  0.672563,  0.314686,  0.220187,  0.777531,  1.251245, -0.040316,  0.305889, -0.31429 ,  0.003212]
[mode] LIVE; 66-D obs -> 22-D absolute SharpA targets; serial 2-step chunks at 30 Hz
[limits] joint_limits=False step_clamp=False max_tracking_error=0
[schedule] freeze obs from shared qpos sample -> infer -> execute chunk with per-step state reads -> repeat
[latency] hand_policy inference_ms=9.484
[chunk 0000] inference=0.009s predicted=(2, 22)
[cmd 000001 kind=policy chunk=0000 chunk_step=0] delta_max_rad=nan delta_max_deg=nan reference=unknown
[action 000001 chunk_step=0] raw=[-0.3491,1.2783] sent=[-0.3491,1.2783] limit_clips=0 step_clips=0 tracking_max=nan
[cmd 000002 kind=policy chunk=0000 chunk_step=1] delta_max_rad=0.058343 delta_max_deg=3.3428 joint=right_index_PIP joint_index=2 from_rad=0.473961 to_rad=0.415617
[action 000002 chunk_step=1] raw=[-0.3477,1.2718] sent=[-0.3477,1.2718] limit_clips=0 step_clips=0 tracking_max=nan
[latency] hand_policy inference_ms=8.968
[chunk 0001] inference=0.009s predicted=(2, 22)
[cmd 000003 kind=policy chunk=0001 chunk_step=0] delta_max_rad=0.088813 delta_max_deg=5.0886 joint=right_middle_DIP joint_index=7 from_rad=0.267148 to_rad=0.355961
[action 000003 chunk_step=0] raw=[-0.3468,1.2834] sent=[-0.3468,1.2834] limit_clips=0 step_clips=0 tracking_max=nan
[cmd 000004 kind=policy chunk=0001 chunk_step=1] delta_max_rad=0.094048 delta_max_deg=5.3885 joint=right_index_DIP joint_index=3 from_rad=0.518895 to_rad=0.612943
[action 000004 chunk_step=1] raw=[-0.3491,1.3523] sent=[-0.3491,1.3523] limit_clips=0 step_clips=0 tracking_max=nan
[latency] hand_policy inference_ms=9.181
[chunk 0002] inference=0.009s predicted=(2, 22)
[cmd 000005 kind=policy chunk=0002 chunk_step=0] delta_max_rad=0.084544 delta_max_deg=4.8440 joint=right_index_DIP joint_index=3 from_rad=0.612943 to_rad=0.697487
[action 000005 chunk_step=0] raw=[-0.3490,1.3815] sent=[-0.3490,1.3815] limit_clips=0 step_clips=0 tracking_max=nan
[cmd 000006 kind=policy chunk=0002 chunk_step=1] delta_max_rad=0.100215 delta_max_deg=5.7419 joint=right_index_DIP joint_index=3 from_rad=0.697487 to_rad=0.797703
[action 000006 chunk_step=1] raw=[-0.3488,1.3953] sent=[-0.3488,1.3953] limit_clips=0 step_clips=0 tracking_max=nan
[latency] hand_policy inference_ms=10.021
[chunk 0003] inference=0.010s predicted=(2, 22)
[cmd 000007 kind=policy chunk=0003 chunk_step=0] delta_max_rad=0.100927 delta_max_deg=5.7827 joint=right_index_PIP joint_index=2 from_rad=0.283398 to_rad=0.182470
[action 000007 chunk_step=0] raw=[-0.3484,1.3906] sent=[-0.3484,1.3906] limit_clips=0 step_clips=0 tracking_max=nan
[cmd 000008 kind=policy chunk=0003 chunk_step=1] delta_max_rad=0.099515 delta_max_deg=5.7018 joint=right_thumb_CMC_FE joint_index=17 from_rad=1.323501 to_rad=1.423015
[action 000008 chunk_step=1] raw=[-0.3491,1.4230] sent=[-0.3491,1.4230] limit_clips=0 step_clips=0 tracking_max=nan
[latency] hand_policy inference_ms=8.788
[chunk 0004] inference=0.009s predicted=(2, 22)
[cmd 000009 kind=policy chunk=0004 chunk_step=0] delta_max_rad=0.099080 delta_max_deg=5.6769 joint=right_middle_MCP_AA joint_index=5 from_rad=0.218025 to_rad=0.118945
[action 000009 chunk_step=0] raw=[-0.3491,1.4713] sent=[-0.3491,1.4713] limit_clips=0 step_clips=0 tracking_max=nan
[cmd 000010 kind=policy chunk=0004 chunk_step=1] delta_max_rad=0.098824 delta_max_deg=5.6622 joint=right_ring_PIP joint_index=15 from_rad=0.543827 to_rad=0.642651
[action 000010 chunk_step=1] raw=[-0.2607,1.4007] sent=[-0.2607,1.4007] limit_clips=0 step_clips=0 tracking_max=nan
[latency] hand_policy inference_ms=9.206
[chunk 0005] inference=0.009s predicted=(2, 22)
[cmd 000011 kind=policy chunk=0005 chunk_step=0] delta_max_rad=0.092244 delta_max_deg=5.2852 joint=right_ring_PIP joint_index=15 from_rad=0.642651 to_rad=0.734895
[action 000011 chunk_step=0] raw=[-0.2623,1.3933] sent=[-0.2623,1.3933] limit_clips=0 step_clips=0 tracking_max=nan
[cmd 000012 kind=policy chunk=0005 chunk_step=1] delta_max_rad=0.103440 delta_max_deg=5.9267 joint=right_thumb_IP joint_index=21 from_rad=0.074757 to_rad=0.178197
[action 000012 chunk_step=1] raw=[-0.2866,1.3897] sent=[-0.2866,1.3897] limit_clips=0 step_clips=0 tracking_max=nan
[latency] hand_policy inference_ms=9.939
[chunk 0006] inference=0.010s predicted=(2, 22)
[cmd 000013 kind=policy chunk=0006 chunk_step=0] delta_max_rad=0.096633 delta_max_deg=5.5367 joint=right_index_DIP joint_index=3 from_rad=0.982839 to_rad=1.079472
[action 000013 chunk_step=0] raw=[-0.2876,1.3909] sent=[-0.2876,1.3909] limit_clips=0 step_clips=0 tracking_max=nan
[cmd 000014 kind=policy chunk=0006 chunk_step=1] delta_max_rad=0.104431 delta_max_deg=5.9834 joint=right_pinky_PIP joint_index=11 from_rad=0.288422 to_rad=0.392853
[action 000014 chunk_step=1] raw=[-0.3385,1.3963] sent=[-0.3385,1.3963] limit_clips=0 step_clips=0 tracking_max=nan
[latency] hand_policy inference_ms=10.006
[chunk 0007] inference=0.010s predicted=(2, 22)
[cmd 000015 kind=policy chunk=0007 chunk_step=0] delta_max_rad=0.107427 delta_max_deg=6.1551 joint=right_index_DIP joint_index=3 from_rad=1.167973 to_rad=1.275399
[action 000015 chunk_step=0] raw=[-0.3491,1.3878] sent=[-0.3491,1.3878] limit_clips=0 step_clips=0 tracking_max=nan
[cmd 000016 kind=policy chunk=0007 chunk_step=1] delta_max_rad=0.101308 delta_max_deg=5.8045 joint=right_ring_DIP joint_index=16 from_rad=0.966516 to_rad=0.865209
[action 000016 chunk_step=1] raw=[-0.3486,1.3945] sent=[-0.3486,1.3945] limit_clips=0 step_clips=0 tracking_max=nan
[latency] hand_policy inference_ms=8.841
[chunk 0008] inference=0.009s predicted=(2, 22)
[cmd 000017 kind=policy chunk=0008 chunk_step=0] delta_max_rad=0.089818 delta_max_deg=5.1462 joint=right_pinky_PIP joint_index=11 from_rad=0.576739 to_rad=0.666557
[action 000017 chunk_step=0] raw=[-0.3491,1.3939] sent=[-0.3491,1.3939] limit_clips=0 step_clips=0 tracking_max=nan
[cmd 000018 kind=policy chunk=0008 chunk_step=1] delta_max_rad=0.095211 delta_max_deg=5.4552 joint=right_ring_DIP joint_index=16 from_rad=0.778700 to_rad=0.683490
[action 000018 chunk_step=1] raw=[-0.3491,1.3921] sent=[-0.3491,1.3921] limit_clips=0 step_clips=0 tracking_max=nan
[latency] hand_policy inference_ms=9.224
[chunk 0009] inference=0.009s predicted=(2, 22)
[cmd 000019 kind=policy chunk=0009 chunk_step=0] delta_max_rad=0.094158 delta_max_deg=5.3949 joint=right_middle_DIP joint_index=7 from_rad=1.152898 to_rad=1.058739
[action 000019 chunk_step=0] raw=[-0.3491,1.3907] sent=[-0.3491,1.3907] limit_clips=0 step_clips=0 tracking_max=nan
[cmd 000020 kind=policy chunk=0009 chunk_step=1] delta_max_rad=0.088275 delta_max_deg=5.0578 joint=right_pinky_CMC joint_index=8 from_rad=0.168629 to_rad=0.080354
[action 000020 chunk_step=1] raw=[-0.3488,1.3963] sent=[-0.3488,1.3963] limit_clips=0 step_clips=0 tracking_max=nan
[latency] hand_policy inference_ms=10.318
[chunk 0010] inference=0.010s predicted=(2, 22)
[cmd 000021 kind=policy chunk=0010 chunk_step=0] delta_max_rad=0.085147 delta_max_deg=4.8786 joint=right_middle_DIP joint_index=7 from_rad=0.972333 to_rad=0.887186
[action 000021 chunk_step=0] raw=[-0.3483,1.3958] sent=[-0.3483,1.3958] limit_clips=0 step_clips=0 tracking_max=nan
[cmd 000022 kind=policy chunk=0010 chunk_step=1] delta_max_rad=0.052548 delta_max_deg=3.0108 joint=right_pinky_MCP_FE joint_index=9 from_rad=0.754381 to_rad=0.701832
[action 000022 chunk_step=1] raw=[-0.3485,1.3963] sent=[-0.3485,1.3963] limit_clips=0 step_clips=0 tracking_max=nan
[latency] hand_policy inference_ms=10.030
[chunk 0011] inference=0.010s predicted=(2, 22)
[cmd 000023 kind=policy chunk=0011 chunk_step=0] delta_max_rad=0.056117 delta_max_deg=3.2152 joint=right_ring_DIP joint_index=16 from_rad=0.664356 to_rad=0.720473
[action 000023 chunk_step=0] raw=[-0.3490,1.3963] sent=[-0.3490,1.3963] limit_clips=0 step_clips=0 tracking_max=nan
[cmd 000024 kind=policy chunk=0011 chunk_step=1] delta_max_rad=0.067476 delta_max_deg=3.8661 joint=right_ring_DIP joint_index=16 from_rad=0.720473 to_rad=0.787948
[action 000024 chunk_step=1] raw=[-0.3486,1.3963] sent=[-0.3486,1.3963] limit_clips=0 step_clips=0 tracking_max=nan
[latency] hand_policy inference_ms=8.754
[chunk 0012] inference=0.009s predicted=(2, 22)
[cmd 000025 kind=policy chunk=0012 chunk_step=0] delta_max_rad=0.064375 delta_max_deg=3.6884 joint=right_ring_DIP joint_index=16 from_rad=0.787948 to_rad=0.852323
[action 000025 chunk_step=0] raw=[-0.3487,1.3941] sent=[-0.3487,1.3941] limit_clips=0 step_clips=0 tracking_max=nan
[cmd 000026 kind=policy chunk=0012 chunk_step=1] delta_max_rad=0.050274 delta_max_deg=2.8805 joint=right_ring_DIP joint_index=16 from_rad=0.852323 to_rad=0.902597
[action 000026 chunk_step=1] raw=[-0.3488,1.3908] sent=[-0.3488,1.3908] limit_clips=0 step_clips=0 tracking_max=nan
[latency] hand_policy inference_ms=9.117
[chunk 0013] inference=0.009s predicted=(2, 22)
[cmd 000027 kind=policy chunk=0013 chunk_step=0] delta_max_rad=0.045605 delta_max_deg=2.6129 joint=right_ring_DIP joint_index=16 from_rad=0.902597 to_rad=0.948202
[action 000027 chunk_step=0] raw=[-0.3486,1.3877] sent=[-0.3486,1.3877] limit_clips=0 step_clips=0 tracking_max=nan
[cmd 000028 kind=policy chunk=0013 chunk_step=1] delta_max_rad=0.031152 delta_max_deg=1.7849 joint=right_thumb_MCP_FE joint_index=19 from_rad=0.769551 to_rad=0.800703
[action 000028 chunk_step=1] raw=[-0.3491,1.3906] sent=[-0.3491,1.3906] limit_clips=0 step_clips=0 tracking_max=nan
[latency] hand_policy inference_ms=9.904
[chunk 0014] inference=0.010s predicted=(2, 22)
[cmd 000029 kind=policy chunk=0014 chunk_step=0] delta_max_rad=0.033085 delta_max_deg=1.8956 joint=right_thumb_MCP_FE joint_index=19 from_rad=0.800703 to_rad=0.833787
[action 000029 chunk_step=0] raw=[-0.3487,1.3909] sent=[-0.3487,1.3909] limit_clips=0 step_clips=0 tracking_max=nan
[cmd 000030 kind=policy chunk=0014 chunk_step=1] delta_max_rad=0.030434 delta_max_deg=1.7437 joint=right_thumb_MCP_FE joint_index=19 from_rad=0.833787 to_rad=0.864221
[action 000030 chunk_step=1] raw=[-0.3491,1.3947] sent=[-0.3491,1.3947] limit_clips=0 step_clips=0 tracking_max=nan
[latency] hand_policy inference_ms=9.471
[chunk 0015] inference=0.009s predicted=(2, 22)
[cmd 000031 kind=policy chunk=0015 chunk_step=0] delta_max_rad=0.037084 delta_max_deg=2.1247 joint=right_index_PIP joint_index=2 from_rad=0.207182 to_rad=0.244265
[action 000031 chunk_step=0] raw=[-0.3474,1.3949] sent=[-0.3474,1.3949] limit_clips=0 step_clips=0 tracking_max=nan
[cmd 000032 kind=policy chunk=0015 chunk_step=1] delta_max_rad=0.026964 delta_max_deg=1.5449 joint=right_pinky_CMC joint_index=8 from_rad=0.097093 to_rad=0.124057
[action 000032 chunk_step=1] raw=[-0.3491,1.3944] sent=[-0.3491,1.3944] limit_clips=0 step_clips=0 tracking_max=nan
[latency] hand_policy inference_ms=9.032
[chunk 0016] inference=0.009s predicted=(2, 22)
[cmd 000033 kind=policy chunk=0016 chunk_step=0] delta_max_rad=0.043979 delta_max_deg=2.5198 joint=right_pinky_CMC joint_index=8 from_rad=0.124057 to_rad=0.168036
[action 000033 chunk_step=0] raw=[-0.3478,1.3924] sent=[-0.3478,1.3924] limit_clips=0 step_clips=0 tracking_max=nan
[cmd 000034 kind=policy chunk=0016 chunk_step=1] delta_max_rad=0.037434 delta_max_deg=2.1448 joint=right_ring_DIP joint_index=16 from_rad=0.922415 to_rad=0.884981
[action 000034 chunk_step=1] raw=[-0.3491,1.3879] sent=[-0.3491,1.3879] limit_clips=0 step_clips=0 tracking_max=nan
[latency] hand_policy inference_ms=9.896
[chunk 0017] inference=0.010s predicted=(2, 22)
[cmd 000035 kind=policy chunk=0017 chunk_step=0] delta_max_rad=0.045731 delta_max_deg=2.6202 joint=right_ring_DIP joint_index=16 from_rad=0.884981 to_rad=0.839250
[action 000035 chunk_step=0] raw=[-0.3491,1.3918] sent=[-0.3491,1.3918] limit_clips=0 step_clips=0 tracking_max=nan
[cmd 000036 kind=policy chunk=0017 chunk_step=1] delta_max_rad=0.043096 delta_max_deg=2.4692 joint=right_ring_DIP joint_index=16 from_rad=0.839250 to_rad=0.796154
[action 000036 chunk_step=1] raw=[-0.3491,1.3954] sent=[-0.3491,1.3954] limit_clips=0 step_clips=0 tracking_max=nan
[latency] hand_policy inference_ms=9.271
[chunk 0018] inference=0.009s predicted=(2, 22)
[cmd 000037 kind=policy chunk=0018 chunk_step=0] delta_max_rad=0.046367 delta_max_deg=2.6566 joint=right_ring_DIP joint_index=16 from_rad=0.796154 to_rad=0.749787
[action 000037 chunk_step=0] raw=[-0.3488,1.3946] sent=[-0.3488,1.3946] limit_clips=0 step_clips=0 tracking_max=nan
[cmd 000038 kind=policy chunk=0018 chunk_step=1] delta_max_rad=0.059662 delta_max_deg=3.4184 joint=right_index_DIP joint_index=3 from_rad=1.106518 to_rad=1.046856
[action 000038 chunk_step=1] raw=[-0.3491,1.3963] sent=[-0.3491,1.3963] limit_clips=0 step_clips=0 tracking_max=nan
[latency] hand_policy inference_ms=9.010
[chunk 0019] inference=0.009s predicted=(2, 22)
[cmd 000039 kind=policy chunk=0019 chunk_step=0] delta_max_rad=0.071871 delta_max_deg=4.1179 joint=right_index_DIP joint_index=3 from_rad=1.046856 to_rad=0.974985
[action 000039 chunk_step=0] raw=[-0.3482,1.3912] sent=[-0.3482,1.3912] limit_clips=0 step_clips=0 tracking_max=nan
[cmd 000040 kind=policy chunk=0019 chunk_step=1] delta_max_rad=0.064087 delta_max_deg=3.6719 joint=right_index_DIP joint_index=3 from_rad=0.974985 to_rad=0.910898
[action 000040 chunk_step=1] raw=[-0.3489,1.3953] sent=[-0.3489,1.3953] limit_clips=0 step_clips=0 tracking_max=nan
[latency] hand_policy inference_ms=8.738
[chunk 0020] inference=0.009s predicted=(2, 22)
[cmd 000041 kind=policy chunk=0020 chunk_step=0] delta_max_rad=0.059966 delta_max_deg=3.4358 joint=right_index_DIP joint_index=3 from_rad=0.910898 to_rad=0.850932
[action 000041 chunk_step=0] raw=[-0.3485,1.3937] sent=[-0.3485,1.3937] limit_clips=0 step_clips=0 tracking_max=nan
[cmd 000042 kind=policy chunk=0020 chunk_step=1] delta_max_rad=0.042994 delta_max_deg=2.4634 joint=right_index_DIP joint_index=3 from_rad=0.850932 to_rad=0.807938
[action 000042 chunk_step=1] raw=[-0.3477,1.3950] sent=[-0.3477,1.3950] limit_clips=0 step_clips=0 tracking_max=nan
[latency] hand_policy inference_ms=9.313
[chunk 0021] inference=0.009s predicted=(2, 22)
[cmd 000043 kind=policy chunk=0021 chunk_step=0] delta_max_rad=0.030040 delta_max_deg=1.7211 joint=right_index_PIP joint_index=2 from_rad=0.313771 to_rad=0.343811
[action 000043 chunk_step=0] raw=[-0.3489,1.3929] sent=[-0.3489,1.3929] limit_clips=0 step_clips=0 tracking_max=nan
[cmd 000044 kind=policy chunk=0021 chunk_step=1] delta_max_rad=0.029151 delta_max_deg=1.6703 joint=right_pinky_MCP_FE joint_index=9 from_rad=0.560074 to_rad=0.589226
[action 000044 chunk_step=1] raw=[-0.3481,1.3909] sent=[-0.3481,1.3909] limit_clips=0 step_clips=0 tracking_max=nan
[latency] hand_policy inference_ms=9.016
[chunk 0022] inference=0.009s predicted=(2, 22)
[cmd 000045 kind=policy chunk=0022 chunk_step=0] delta_max_rad=0.031959 delta_max_deg=1.8311 joint=right_ring_PIP joint_index=15 from_rad=0.632249 to_rad=0.600290
[action 000045 chunk_step=0] raw=[-0.3491,1.3922] sent=[-0.3491,1.3922] limit_clips=0 step_clips=0 tracking_max=nan
[cmd 000046 kind=policy chunk=0022 chunk_step=1] delta_max_rad=0.032646 delta_max_deg=1.8705 joint=right_middle_DIP joint_index=7 from_rad=0.752652 to_rad=0.785298
[action 000046 chunk_step=1] raw=[-0.3491,1.3963] sent=[-0.3491,1.3963] limit_clips=0 step_clips=0 tracking_max=nan
[latency] hand_policy inference_ms=8.821
[chunk 0023] inference=0.009s predicted=(2, 22)
[cmd 000047 kind=policy chunk=0023 chunk_step=0] delta_max_rad=0.056417 delta_max_deg=3.2325 joint=right_middle_DIP joint_index=7 from_rad=0.785298 to_rad=0.841716
[action 000047 chunk_step=0] raw=[-0.3491,1.3942] sent=[-0.3491,1.3942] limit_clips=0 step_clips=0 tracking_max=nan
[cmd 000048 kind=policy chunk=0023 chunk_step=1] delta_max_rad=0.053965 delta_max_deg=3.0920 joint=right_middle_DIP joint_index=7 from_rad=0.841716 to_rad=0.895680
[action 000048 chunk_step=1] raw=[-0.3490,1.3912] sent=[-0.3490,1.3912] limit_clips=0 step_clips=0 tracking_max=nan
[latency] hand_policy inference_ms=9.823
[chunk 0024] inference=0.010s predicted=(2, 22)
[cmd 000049 kind=policy chunk=0024 chunk_step=0] delta_max_rad=0.055604 delta_max_deg=3.1859 joint=right_middle_DIP joint_index=7 from_rad=0.895680 to_rad=0.951284
[action 000049 chunk_step=0] raw=[-0.3491,1.3927] sent=[-0.3491,1.3927] limit_clips=0 step_clips=0 tracking_max=nan
[cmd 000050 kind=policy chunk=0024 chunk_step=1] delta_max_rad=0.051177 delta_max_deg=2.9322 joint=right_middle_DIP joint_index=7 from_rad=0.951284 to_rad=1.002462
[action 000050 chunk_step=1] raw=[-0.3485,1.3929] sent=[-0.3485,1.3929] limit_clips=0 step_clips=0 tracking_max=nan
[latency] hand_policy inference_ms=8.822
[chunk 0025] inference=0.009s predicted=(2, 22)
[cmd 000051 kind=policy chunk=0025 chunk_step=0] delta_max_rad=0.094166 delta_max_deg=5.3953 joint=right_thumb_CMC_FE joint_index=17 from_rad=1.097739 to_rad=1.191905
[action 000051 chunk_step=0] raw=[-0.3485,1.3877] sent=[-0.3485,1.3877] limit_clips=0 step_clips=0 tracking_max=nan
[cmd 000052 kind=policy chunk=0025 chunk_step=1] delta_max_rad=0.099570 delta_max_deg=5.7050 joint=right_ring_PIP joint_index=15 from_rad=0.590431 to_rad=0.690002
[action 000052 chunk_step=1] raw=[-0.3463,1.3913] sent=[-0.3463,1.3913] limit_clips=0 step_clips=0 tracking_max=nan
[latency] hand_policy inference_ms=8.803
[chunk 0026] inference=0.009s predicted=(2, 22)
[cmd 000053 kind=policy chunk=0026 chunk_step=0] delta_max_rad=0.095427 delta_max_deg=5.4676 joint=right_ring_DIP joint_index=16 from_rad=1.020138 to_rad=1.115565
[action 000053 chunk_step=0] raw=[-0.3462,1.3951] sent=[-0.3462,1.3951] limit_clips=0 step_clips=0 tracking_max=nan
[cmd 000054 kind=policy chunk=0026 chunk_step=1] delta_max_rad=0.106906 delta_max_deg=6.1253 joint=right_pinky_MCP_FE joint_index=9 from_rad=0.821571 to_rad=0.928477
[action 000054 chunk_step=1] raw=[-0.3255,1.3647] sent=[-0.3255,1.3647] limit_clips=0 step_clips=0 tracking_max=nan
[latency] hand_policy inference_ms=9.196
[chunk 0027] inference=0.009s predicted=(2, 22)
[cmd 000055 kind=policy chunk=0027 chunk_step=0] delta_max_rad=0.101231 delta_max_deg=5.8001 joint=right_pinky_DIP joint_index=12 from_rad=1.364666 to_rad=1.263436
[action 000055 chunk_step=0] raw=[-0.3491,1.2735] sent=[-0.3491,1.2735] limit_clips=0 step_clips=0 tracking_max=nan
[cmd 000056 kind=policy chunk=0027 chunk_step=1] delta_max_rad=0.114753 delta_max_deg=6.5748 joint=right_pinky_DIP joint_index=12 from_rad=1.263436 to_rad=1.148683
[action 000056 chunk_step=1] raw=[-0.3491,1.2310] sent=[-0.3491,1.2310] limit_clips=0 step_clips=0 tracking_max=nan
[latency] hand_policy inference_ms=8.796
[chunk 0028] inference=0.009s predicted=(2, 22)
[cmd 000057 kind=policy chunk=0028 chunk_step=0] delta_max_rad=0.125221 delta_max_deg=7.1747 joint=right_pinky_DIP joint_index=12 from_rad=1.148683 to_rad=1.023462
[action 000057 chunk_step=0] raw=[-0.3482,1.2486] sent=[-0.3482,1.2486] limit_clips=0 step_clips=0 tracking_max=nan
[cmd 000058 kind=policy chunk=0028 chunk_step=1] delta_max_rad=0.125746 delta_max_deg=7.2047 joint=right_pinky_DIP joint_index=12 from_rad=1.023462 to_rad=0.897716
[action 000058 chunk_step=1] raw=[-0.3491,1.3100] sent=[-0.3491,1.3100] limit_clips=0 step_clips=0 tracking_max=nan
[latency] hand_policy inference_ms=9.142
[chunk 0029] inference=0.009s predicted=(2, 22)
[cmd 000059 kind=policy chunk=0029 chunk_step=0] delta_max_rad=0.113189 delta_max_deg=6.4852 joint=right_pinky_DIP joint_index=12 from_rad=0.897716 to_rad=0.784527
[action 000059 chunk_step=0] raw=[-0.3463,1.2287] sent=[-0.3463,1.2287] limit_clips=0 step_clips=0 tracking_max=nan
[cmd 000060 kind=policy chunk=0029 chunk_step=1] delta_max_rad=0.099504 delta_max_deg=5.7011 joint=right_ring_MCP_FE joint_index=13 from_rad=0.184374 to_rad=0.283878
[action 000060 chunk_step=1] raw=[-0.3480,1.2090] sent=[-0.3480,1.2090] limit_clips=0 step_clips=0 tracking_max=nan
[latency] hand_policy inference_ms=9.965
[chunk 0030] inference=0.010s predicted=(2, 22)
[cmd 000061 kind=policy chunk=0030 chunk_step=0] delta_max_rad=0.092845 delta_max_deg=5.3196 joint=right_pinky_DIP joint_index=12 from_rad=0.796147 to_rad=0.888992
[action 000061 chunk_step=0] raw=[-0.3491,1.3017] sent=[-0.3491,1.3017] limit_clips=0 step_clips=0 tracking_max=nan
[cmd 000062 kind=policy chunk=0030 chunk_step=1] delta_max_rad=0.100744 delta_max_deg=5.7722 joint=right_thumb_MCP_FE joint_index=19 from_rad=0.475986 to_rad=0.375241
[action 000062 chunk_step=1] raw=[-0.3489,1.3825] sent=[-0.3489,1.3825] limit_clips=0 step_clips=0 tracking_max=nan
[latency] hand_policy inference_ms=9.026
[chunk 0031] inference=0.009s predicted=(2, 22)
[cmd 000063 kind=policy chunk=0031 chunk_step=0] delta_max_rad=0.098690 delta_max_deg=5.6545 joint=right_ring_MCP_FE joint_index=13 from_rad=0.468233 to_rad=0.566923
[action 000063 chunk_step=0] raw=[-0.3471,1.3900] sent=[-0.3471,1.3900] limit_clips=0 step_clips=0 tracking_max=nan
[cmd 000064 kind=policy chunk=0031 chunk_step=1] delta_max_rad=0.116339 delta_max_deg=6.6657 joint=right_ring_MCP_FE joint_index=13 from_rad=0.566923 to_rad=0.683262
[action 000064 chunk_step=1] raw=[-0.3469,1.3226] sent=[-0.3469,1.3226] limit_clips=0 step_clips=0 tracking_max=nan
[latency] hand_policy inference_ms=8.863
[chunk 0032] inference=0.009s predicted=(2, 22)
[cmd 000065 kind=policy chunk=0032 chunk_step=0] delta_max_rad=0.102736 delta_max_deg=5.8863 joint=right_middle_MCP_AA joint_index=5 from_rad=0.242289 to_rad=0.139553
[action 000065 chunk_step=0] raw=[-0.3491,1.3120] sent=[-0.3491,1.3120] limit_clips=0 step_clips=0 tracking_max=nan
[cmd 000066 kind=policy chunk=0032 chunk_step=1] delta_max_rad=0.100376 delta_max_deg=5.7511 joint=right_ring_PIP joint_index=15 from_rad=0.562753 to_rad=0.663129
[action 000066 chunk_step=1] raw=[-0.3482,1.3353] sent=[-0.3482,1.3353] limit_clips=0 step_clips=0 tracking_max=nan
[latency] hand_policy inference_ms=9.847
[chunk 0033] inference=0.010s predicted=(2, 22)
[cmd 000067 kind=policy chunk=0033 chunk_step=0] delta_max_rad=0.095897 delta_max_deg=5.4945 joint=right_index_DIP joint_index=3 from_rad=1.147920 to_rad=1.052023
[action 000067 chunk_step=0] raw=[-0.3464,1.3602] sent=[-0.3464,1.3602] limit_clips=0 step_clips=0 tracking_max=nan
[cmd 000068 kind=policy chunk=0033 chunk_step=1] delta_max_rad=0.105228 delta_max_deg=6.0291 joint=right_pinky_PIP joint_index=11 from_rad=0.293830 to_rad=0.188602
[action 000068 chunk_step=1] raw=[-0.3473,1.3444] sent=[-0.3473,1.3444] limit_clips=0 step_clips=0 tracking_max=nan
[latency] hand_policy inference_ms=9.684
[chunk 0034] inference=0.010s predicted=(2, 22)
[cmd 000069 kind=policy chunk=0034 chunk_step=0] delta_max_rad=0.101807 delta_max_deg=5.8331 joint=right_pinky_DIP joint_index=12 from_rad=1.153090 to_rad=1.051282
[action 000069 chunk_step=0] raw=[-0.3478,1.3513] sent=[-0.3478,1.3513] limit_clips=0 step_clips=0 tracking_max=nan
[cmd 000070 kind=policy chunk=0034 chunk_step=1] delta_max_rad=0.118892 delta_max_deg=6.8120 joint=right_pinky_DIP joint_index=12 from_rad=1.051282 to_rad=0.932390
[action 000070 chunk_step=1] raw=[-0.3491,1.3768] sent=[-0.3491,1.3768] limit_clips=0 step_clips=0 tracking_max=nan
[latency] hand_policy inference_ms=9.166
[chunk 0035] inference=0.009s predicted=(2, 22)
[cmd 000071 kind=policy chunk=0035 chunk_step=0] delta_max_rad=0.103886 delta_max_deg=5.9523 joint=right_index_PIP joint_index=2 from_rad=0.026864 to_rad=0.130751
[action 000071 chunk_step=0] raw=[-0.3463,1.3649] sent=[-0.3463,1.3649] limit_clips=0 step_clips=0 tracking_max=nan
[cmd 000072 kind=policy chunk=0035 chunk_step=1] delta_max_rad=0.098541 delta_max_deg=5.6460 joint=right_thumb_MCP_FE joint_index=19 from_rad=0.500505 to_rad=0.401964
[action 000072 chunk_step=1] raw=[-0.3491,1.2729] sent=[-0.3491,1.2729] limit_clips=0 step_clips=0 tracking_max=nan
[latency] hand_policy inference_ms=9.124
[chunk 0036] inference=0.009s predicted=(2, 22)
[cmd 000073 kind=policy chunk=0036 chunk_step=0] delta_max_rad=0.113616 delta_max_deg=6.5097 joint=right_pinky_DIP joint_index=12 from_rad=0.968269 to_rad=1.081885
[action 000073 chunk_step=0] raw=[-0.3491,1.2195] sent=[-0.3491,1.2195] limit_clips=0 step_clips=0 tracking_max=nan
[cmd 000074 kind=policy chunk=0036 chunk_step=1] delta_max_rad=0.115333 delta_max_deg=6.6081 joint=right_middle_DIP joint_index=7 from_rad=1.204884 to_rad=1.089551
[action 000074 chunk_step=1] raw=[-0.3488,1.2879] sent=[-0.3488,1.2879] limit_clips=0 step_clips=0 tracking_max=nan
[latency] hand_policy inference_ms=9.936
[chunk 0037] inference=0.010s predicted=(2, 22)
[cmd 000075 kind=policy chunk=0037 chunk_step=0] delta_max_rad=0.104962 delta_max_deg=6.0139 joint=right_thumb_MCP_FE joint_index=19 from_rad=0.409892 to_rad=0.514854
[action 000075 chunk_step=0] raw=[-0.3488,1.3213] sent=[-0.3488,1.3213] limit_clips=0 step_clips=0 tracking_max=nan
[cmd 000076 kind=policy chunk=0037 chunk_step=1] delta_max_rad=0.104728 delta_max_deg=6.0005 joint=right_index_PIP joint_index=2 from_rad=0.329671 to_rad=0.224943
[action 000076 chunk_step=1] raw=[-0.3491,1.2852] sent=[-0.3491,1.2852] limit_clips=0 step_clips=0 tracking_max=nan
[latency] hand_policy inference_ms=8.688
[chunk 0038] inference=0.009s predicted=(2, 22)
[cmd 000077 kind=policy chunk=0038 chunk_step=0] delta_max_rad=0.101725 delta_max_deg=5.8284 joint=right_index_DIP joint_index=3 from_rad=1.218390 to_rad=1.116665
[action 000077 chunk_step=0] raw=[-0.3491,1.2645] sent=[-0.3491,1.2645] limit_clips=0 step_clips=0 tracking_max=nan
[cmd 000078 kind=policy chunk=0038 chunk_step=1] delta_max_rad=0.095573 delta_max_deg=5.4759 joint=right_ring_DIP joint_index=16 from_rad=0.844777 to_rad=0.940350
[action 000078 chunk_step=1] raw=[-0.3467,1.2234] sent=[-0.3467,1.2234] limit_clips=0 step_clips=0 tracking_max=nan
[latency] hand_policy inference_ms=9.110
[chunk 0039] inference=0.009s predicted=(2, 22)
[cmd 000079 kind=policy chunk=0039 chunk_step=0] delta_max_rad=0.089753 delta_max_deg=5.1425 joint=right_index_DIP joint_index=3 from_rad=1.035105 to_rad=0.945352
[action 000079 chunk_step=0] raw=[-0.3477,1.2799] sent=[-0.3477,1.2799] limit_clips=0 step_clips=0 tracking_max=nan
[cmd 000080 kind=policy chunk=0039 chunk_step=1] delta_max_rad=0.091649 delta_max_deg=5.2511 joint=right_pinky_CMC joint_index=8 from_rad=0.029050 to_rad=0.120698
[action 000080 chunk_step=1] raw=[-0.3480,1.3592] sent=[-0.3480,1.3592] limit_clips=0 step_clips=0 tracking_max=nan
[latency] hand_policy inference_ms=9.953
[chunk 0040] inference=0.010s predicted=(2, 22)
[cmd 000081 kind=policy chunk=0040 chunk_step=0] delta_max_rad=0.091649 delta_max_deg=5.2511 joint=right_pinky_CMC joint_index=8 from_rad=0.120698 to_rad=0.212347
[action 000081 chunk_step=0] raw=[-0.3341,1.3881] sent=[-0.3341,1.3881] limit_clips=0 step_clips=0 tracking_max=nan
[cmd 000082 kind=policy chunk=0040 chunk_step=1] delta_max_rad=0.100925 delta_max_deg=5.7826 joint=right_index_DIP joint_index=3 from_rad=0.883773 to_rad=0.984698
[action 000082 chunk_step=1] raw=[-0.3226,1.3651] sent=[-0.3226,1.3651] limit_clips=0 step_clips=0 tracking_max=nan
[latency] hand_policy inference_ms=8.659
[chunk 0041] inference=0.009s predicted=(2, 22)
[cmd 000083 kind=policy chunk=0041 chunk_step=0] delta_max_rad=0.109854 delta_max_deg=6.2942 joint=right_pinky_PIP joint_index=11 from_rad=0.009156 to_rad=0.119010
[action 000083 chunk_step=0] raw=[-0.3491,1.2555] sent=[-0.3491,1.2555] limit_clips=0 step_clips=0 tracking_max=nan
[cmd 000084 kind=policy chunk=0041 chunk_step=1] delta_max_rad=0.114788 delta_max_deg=6.5768 joint=right_middle_MCP_FE joint_index=4 from_rad=0.346314 to_rad=0.461102
[action 000084 chunk_step=1] raw=[-0.3491,1.2665] sent=[-0.3491,1.2665] limit_clips=0 step_clips=0 tracking_max=nan
[latency] hand_policy inference_ms=9.064
[chunk 0042] inference=0.009s predicted=(2, 22)
[cmd 000085 kind=policy chunk=0042 chunk_step=0] delta_max_rad=0.098928 delta_max_deg=5.6681 joint=right_index_PIP joint_index=2 from_rad=0.282886 to_rad=0.381814
[action 000085 chunk_step=0] raw=[-0.3478,1.3290] sent=[-0.3478,1.3290] limit_clips=0 step_clips=0 tracking_max=nan
[cmd 000086 kind=policy chunk=0042 chunk_step=1] delta_max_rad=0.095252 delta_max_deg=5.4575 joint=right_ring_DIP joint_index=16 from_rad=0.930112 to_rad=0.834861
[action 000086 chunk_step=1] raw=[-0.3484,1.3797] sent=[-0.3484,1.3797] limit_clips=0 step_clips=0 tracking_max=nan
[latency] hand_policy inference_ms=10.291
[chunk 0043] inference=0.010s predicted=(2, 22)
[cmd 000087 kind=policy chunk=0043 chunk_step=0] delta_max_rad=0.127102 delta_max_deg=7.2824 joint=right_index_PIP joint_index=2 from_rad=0.475096 to_rad=0.602198
[action 000087 chunk_step=0] raw=[-0.3457,1.3932] sent=[-0.3457,1.3932] limit_clips=0 step_clips=0 tracking_max=nan
[cmd 000088 kind=policy chunk=0043 chunk_step=1] delta_max_rad=0.091619 delta_max_deg=5.2494 joint=right_ring_MCP_FE joint_index=13 from_rad=0.630673 to_rad=0.722293
[action 000088 chunk_step=1] raw=[-0.3491,1.3811] sent=[-0.3491,1.3811] limit_clips=0 step_clips=0 tracking_max=nan
[latency] hand_policy inference_ms=9.374
[chunk 0044] inference=0.009s predicted=(2, 22)
[cmd 000089 kind=policy chunk=0044 chunk_step=0] delta_max_rad=0.100217 delta_max_deg=5.7420 joint=right_pinky_MCP_AA joint_index=10 from_rad=0.151148 to_rad=0.251366
[action 000089 chunk_step=0] raw=[-0.3483,1.3326] sent=[-0.3483,1.3326] limit_clips=0 step_clips=0 tracking_max=nan
[cmd 000090 kind=policy chunk=0044 chunk_step=1] delta_max_rad=0.115009 delta_max_deg=6.5896 joint=right_pinky_PIP joint_index=11 from_rad=0.394305 to_rad=0.279296
[action 000090 chunk_step=1] raw=[-0.3488,1.2709] sent=[-0.3488,1.2709] limit_clips=0 step_clips=0 tracking_max=nan
[latency] hand_policy inference_ms=9.123
[chunk 0045] inference=0.009s predicted=(2, 22)
[cmd 000091 kind=policy chunk=0045 chunk_step=0] delta_max_rad=0.101539 delta_max_deg=5.8178 joint=right_thumb_IP joint_index=21 from_rad=0.123144 to_rad=0.224683
[action 000091 chunk_step=0] raw=[-0.3490,1.2763] sent=[-0.3490,1.2763] limit_clips=0 step_clips=0 tracking_max=nan
[cmd 000092 kind=policy chunk=0045 chunk_step=1] delta_max_rad=0.100871 delta_max_deg=5.7795 joint=right_middle_MCP_FE joint_index=4 from_rad=0.526424 to_rad=0.425553
[action 000092 chunk_step=1] raw=[-0.3454,1.2915] sent=[-0.3454,1.2915] limit_clips=0 step_clips=0 tracking_max=nan
[latency] hand_policy inference_ms=8.926
[chunk 0046] inference=0.009s predicted=(2, 22)
[cmd 000093 kind=policy chunk=0046 chunk_step=0] delta_max_rad=0.094462 delta_max_deg=5.4123 joint=right_ring_DIP joint_index=16 from_rad=1.058756 to_rad=1.153218
[action 000093 chunk_step=0] raw=[-0.3432,1.2880] sent=[-0.3432,1.2880] limit_clips=0 step_clips=0 tracking_max=nan
[cmd 000094 kind=policy chunk=0046 chunk_step=1] delta_max_rad=0.099777 delta_max_deg=5.7168 joint=right_thumb_IP joint_index=21 from_rad=0.404786 to_rad=0.504563
[action 000094 chunk_step=1] raw=[-0.2820,1.3623] sent=[-0.2820,1.3623] limit_clips=0 step_clips=0 tracking_max=nan
[latency] hand_policy inference_ms=9.982
[chunk 0047] inference=0.010s predicted=(2, 22)
[cmd 000095 kind=policy chunk=0047 chunk_step=0] delta_max_rad=0.127478 delta_max_deg=7.3040 joint=right_thumb_IP joint_index=21 from_rad=0.504563 to_rad=0.632041
[action 000095 chunk_step=0] raw=[-0.2647,1.3915] sent=[-0.2647,1.3915] limit_clips=0 step_clips=0 tracking_max=nan
[cmd 000096 kind=policy chunk=0047 chunk_step=1] delta_max_rad=0.101288 delta_max_deg=5.8034 joint=right_index_DIP joint_index=3 from_rad=0.823393 to_rad=0.924682
[action 000096 chunk_step=1] raw=[-0.2542,1.3867] sent=[-0.2542,1.3867] limit_clips=0 step_clips=0 tracking_max=nan
[latency] hand_policy inference_ms=8.632
[chunk 0048] inference=0.009s predicted=(2, 22)
[cmd 000097 kind=policy chunk=0048 chunk_step=0] delta_max_rad=0.100990 delta_max_deg=5.7863 joint=right_middle_DIP joint_index=7 from_rad=1.386691 to_rad=1.285701
[action 000097 chunk_step=0] raw=[-0.3182,1.2857] sent=[-0.3182,1.2857] limit_clips=0 step_clips=0 tracking_max=nan
[cmd 000098 kind=policy chunk=0048 chunk_step=1] delta_max_rad=0.099251 delta_max_deg=5.6867 joint=right_ring_PIP joint_index=15 from_rad=0.909638 to_rad=0.810386
[action 000098 chunk_step=1] raw=[-0.3461,1.2034] sent=[-0.3461,1.2034] limit_clips=0 step_clips=0 tracking_max=nan
[latency] hand_policy inference_ms=8.875
[chunk 0049] inference=0.009s predicted=(2, 22)
[cmd 000099 kind=policy chunk=0049 chunk_step=0] delta_max_rad=0.097605 delta_max_deg=5.5924 joint=right_ring_PIP joint_index=15 from_rad=0.810386 to_rad=0.712781
[action 000099 chunk_step=0] raw=[-0.3491,1.1941] sent=[-0.3491,1.1941] limit_clips=0 step_clips=0 tracking_max=nan
[cmd 000100 kind=policy chunk=0049 chunk_step=1] delta_max_rad=0.107950 delta_max_deg=6.1851 joint=right_index_DIP joint_index=3 from_rad=1.194118 to_rad=1.302068
[action 000100 chunk_step=1] raw=[-0.3482,1.3021] sent=[-0.3482,1.3021] limit_clips=0 step_clips=0 tracking_max=nan
[latency] hand_policy inference_ms=10.074
[chunk 0050] inference=0.010s predicted=(2, 22)
[cmd 000101 kind=policy chunk=0050 chunk_step=0] delta_max_rad=0.109990 delta_max_deg=6.3020 joint=right_index_PIP joint_index=2 from_rad=0.436273 to_rad=0.546263
[action 000101 chunk_step=0] raw=[-0.3491,1.3748] sent=[-0.3491,1.3748] limit_clips=0 step_clips=0 tracking_max=nan
[cmd 000102 kind=policy chunk=0050 chunk_step=1] delta_max_rad=0.103086 delta_max_deg=5.9064 joint=right_middle_MCP_FE joint_index=4 from_rad=0.478124 to_rad=0.581210
[action 000102 chunk_step=1] raw=[-0.3481,1.3917] sent=[-0.3481,1.3917] limit_clips=0 step_clips=0 tracking_max=nan
[latency] hand_policy inference_ms=9.431
[chunk 0051] inference=0.009s predicted=(2, 22)
[cmd 000103 kind=policy chunk=0051 chunk_step=0] delta_max_rad=0.116977 delta_max_deg=6.7023 joint=right_ring_MCP_FE joint_index=13 from_rad=0.495543 to_rad=0.612520
[action 000103 chunk_step=0] raw=[-0.3448,1.3866] sent=[-0.3448,1.3866] limit_clips=0 step_clips=0 tracking_max=nan
[cmd 000104 kind=policy chunk=0051 chunk_step=1] delta_max_rad=0.100927 delta_max_deg=5.7827 joint=right_middle_PIP joint_index=6 from_rad=0.316714 to_rad=0.417641
[action 000104 chunk_step=1] raw=[-0.3474,1.3668] sent=[-0.3474,1.3668] limit_clips=0 step_clips=0 tracking_max=nan
[latency] hand_policy inference_ms=8.970
[chunk 0052] inference=0.009s predicted=(2, 22)
[cmd 000105 kind=policy chunk=0052 chunk_step=0] delta_max_rad=0.104773 delta_max_deg=6.0031 joint=right_pinky_MCP_AA joint_index=10 from_rad=0.137112 to_rad=0.241886
[action 000105 chunk_step=0] raw=[-0.3491,1.2638] sent=[-0.3491,1.2638] limit_clips=0 step_clips=0 tracking_max=nan
[cmd 000106 kind=policy chunk=0052 chunk_step=1] delta_max_rad=0.124811 delta_max_deg=7.1511 joint=right_middle_MCP_FE joint_index=4 from_rad=0.680959 to_rad=0.556149
[action 000106 chunk_step=1] raw=[-0.3491,1.2655] sent=[-0.3491,1.2655] limit_clips=0 step_clips=0 tracking_max=nan
[latency] hand_policy inference_ms=9.009
[chunk 0053] inference=0.009s predicted=(2, 22)
[cmd 000107 kind=policy chunk=0053 chunk_step=0] delta_max_rad=0.112395 delta_max_deg=6.4398 joint=right_middle_PIP joint_index=6 from_rad=0.533894 to_rad=0.646289
[action 000107 chunk_step=0] raw=[-0.3473,1.2676] sent=[-0.3473,1.2676] limit_clips=0 step_clips=0 tracking_max=nan
[cmd 000108 kind=policy chunk=0053 chunk_step=1] delta_max_rad=0.101918 delta_max_deg=5.8395 joint=right_pinky_DIP joint_index=12 from_rad=1.080203 to_rad=0.978284
[action 000108 chunk_step=1] raw=[-0.3467,1.2537] sent=[-0.3467,1.2537] limit_clips=0 step_clips=0 tracking_max=nan
[latency] hand_policy inference_ms=9.951
[chunk 0054] inference=0.010s predicted=(2, 22)
[cmd 000109 kind=policy chunk=0054 chunk_step=0] delta_max_rad=0.113746 delta_max_deg=6.5172 joint=right_pinky_PIP joint_index=11 from_rad=0.241511 to_rad=0.127766
[action 000109 chunk_step=0] raw=[-0.3476,1.3157] sent=[-0.3476,1.3157] limit_clips=0 step_clips=0 tracking_max=nan
[cmd 000110 kind=policy chunk=0054 chunk_step=1] delta_max_rad=0.104825 delta_max_deg=6.0060 joint=right_thumb_IP joint_index=21 from_rad=0.427700 to_rad=0.532524
[action 000110 chunk_step=1] raw=[-0.3240,1.3647] sent=[-0.3240,1.3647] limit_clips=0 step_clips=0 tracking_max=nan
[latency] hand_policy inference_ms=8.686
[chunk 0055] inference=0.009s predicted=(2, 22)
[cmd 000111 kind=policy chunk=0055 chunk_step=0] delta_max_rad=0.112869 delta_max_deg=6.4669 joint=right_thumb_IP joint_index=21 from_rad=0.532524 to_rad=0.645393
[action 000111 chunk_step=0] raw=[-0.2596,1.3940] sent=[-0.2596,1.3940] limit_clips=0 step_clips=0 tracking_max=nan
[cmd 000112 kind=policy chunk=0055 chunk_step=1] delta_max_rad=0.111357 delta_max_deg=6.3803 joint=right_thumb_IP joint_index=21 from_rad=0.645393 to_rad=0.756750
[action 000112 chunk_step=1] raw=[-0.2249,1.3963] sent=[-0.2249,1.3963] limit_clips=0 step_clips=0 tracking_max=nan
[latency] hand_policy inference_ms=9.477
[chunk 0056] inference=0.009s predicted=(2, 22)
[cmd 000113 kind=policy chunk=0056 chunk_step=0] delta_max_rad=0.125125 delta_max_deg=7.1691 joint=right_pinky_DIP joint_index=12 from_rad=0.576042 to_rad=0.450918
[action 000113 chunk_step=0] raw=[-0.2208,1.3885] sent=[-0.2208,1.3885] limit_clips=0 step_clips=0 tracking_max=nan
[cmd 000114 kind=policy chunk=0056 chunk_step=1] delta_max_rad=0.102696 delta_max_deg=5.8840 joint=right_middle_PIP joint_index=6 from_rad=0.844614 to_rad=0.741918
[action 000114 chunk_step=1] raw=[-0.2319,1.3395] sent=[-0.2319,1.3395] limit_clips=0 step_clips=0 tracking_max=nan
[latency] hand_policy inference_ms=10.059
[chunk 0057] inference=0.010s predicted=(2, 22)
[cmd 000115 kind=policy chunk=0057 chunk_step=0] delta_max_rad=0.106253 delta_max_deg=6.0879 joint=right_middle_DIP joint_index=7 from_rad=1.339512 to_rad=1.233259
[action 000115 chunk_step=0] raw=[-0.3081,1.2333] sent=[-0.3081,1.2333] limit_clips=0 step_clips=0 tracking_max=nan
[cmd 000116 kind=policy chunk=0057 chunk_step=1] delta_max_rad=0.099291 delta_max_deg=5.6889 joint=right_index_DIP joint_index=3 from_rad=0.861995 to_rad=0.961286
[action 000116 chunk_step=1] raw=[-0.3437,1.1533] sent=[-0.3437,1.1533] limit_clips=0 step_clips=0 tracking_max=nan
[latency] hand_policy inference_ms=9.985
[chunk 0058] inference=0.010s predicted=(2, 22)
[cmd 000117 kind=policy chunk=0058 chunk_step=0] delta_max_rad=0.108689 delta_max_deg=6.2274 joint=right_thumb_IP joint_index=21 from_rad=0.704924 to_rad=0.596236
[action 000117 chunk_step=0] raw=[-0.3423,1.0677] sent=[-0.3423,1.0677] limit_clips=0 step_clips=0 tracking_max=nan
[cmd 000118 kind=policy chunk=0058 chunk_step=1] delta_max_rad=0.109437 delta_max_deg=6.2703 joint=right_index_DIP joint_index=3 from_rad=1.052158 to_rad=1.161595
[action 000118 chunk_step=1] raw=[-0.3431,1.1616] sent=[-0.3431,1.1616] limit_clips=0 step_clips=0 tracking_max=nan
[latency] hand_policy inference_ms=8.910
[chunk 0059] inference=0.009s predicted=(2, 22)
[cmd 000119 kind=policy chunk=0059 chunk_step=0] delta_max_rad=0.120525 delta_max_deg=6.9056 joint=right_thumb_IP joint_index=21 from_rad=0.527079 to_rad=0.406554
[action 000119 chunk_step=0] raw=[-0.3436,1.2525] sent=[-0.3436,1.2525] limit_clips=0 step_clips=0 tracking_max=nan
[cmd 000120 kind=policy chunk=0059 chunk_step=1] delta_max_rad=0.100002 delta_max_deg=5.7297 joint=right_ring_MCP_FE joint_index=13 from_rad=0.255341 to_rad=0.355342
[action 000120 chunk_step=1] raw=[-0.3491,1.3368] sent=[-0.3491,1.3368] limit_clips=0 step_clips=0 tracking_max=nan
[latency] hand_policy inference_ms=9.324
[chunk 0060] inference=0.009s predicted=(2, 22)
[cmd 000121 kind=policy chunk=0060 chunk_step=0] delta_max_rad=0.120937 delta_max_deg=6.9292 joint=right_index_PIP joint_index=2 from_rad=0.630267 to_rad=0.751204
[action 000121 chunk_step=0] raw=[-0.3491,1.3858] sent=[-0.3491,1.3858] limit_clips=0 step_clips=0 tracking_max=nan
[cmd 000122 kind=policy chunk=0060 chunk_step=1] delta_max_rad=0.117485 delta_max_deg=6.7314 joint=right_ring_MCP_FE joint_index=13 from_rad=0.467909 to_rad=0.585394
[action 000122 chunk_step=1] raw=[-0.3476,1.3961] sent=[-0.3476,1.3961] limit_clips=0 step_clips=0 tracking_max=nan
[latency] hand_policy inference_ms=10.016
[chunk 0061] inference=0.010s predicted=(2, 22)
[cmd 000123 kind=policy chunk=0061 chunk_step=0] delta_max_rad=0.091765 delta_max_deg=5.2577 joint=right_middle_MCP_FE joint_index=4 from_rad=0.557893 to_rad=0.649658
[action 000123 chunk_step=0] raw=[-0.3441,1.3926] sent=[-0.3441,1.3926] limit_clips=0 step_clips=0 tracking_max=nan
[cmd 000124 kind=policy chunk=0061 chunk_step=1] delta_max_rad=0.112806 delta_max_deg=6.4633 joint=right_ring_PIP joint_index=15 from_rad=0.606907 to_rad=0.719713
[action 000124 chunk_step=1] raw=[-0.3491,1.3430] sent=[-0.3491,1.3430] limit_clips=0 step_clips=0 tracking_max=nan
[latency] hand_policy inference_ms=10.010
[chunk 0062] inference=0.010s predicted=(2, 22)
[cmd 000125 kind=policy chunk=0062 chunk_step=0] delta_max_rad=0.113455 delta_max_deg=6.5005 joint=right_index_PIP joint_index=2 from_rad=0.795260 to_rad=0.681804
[action 000125 chunk_step=0] raw=[-0.3419,1.2462] sent=[-0.3419,1.2462] limit_clips=0 step_clips=0 tracking_max=nan
[cmd 000126 kind=policy chunk=0062 chunk_step=1] delta_max_rad=0.116265 delta_max_deg=6.6615 joint=right_pinky_PIP joint_index=11 from_rad=0.760047 to_rad=0.643782
[action 000126 chunk_step=1] raw=[-0.3432,1.1592] sent=[-0.3432,1.1592] limit_clips=0 step_clips=0 tracking_max=nan
[latency] hand_policy inference_ms=8.696
[chunk 0063] inference=0.009s predicted=(2, 22)
[cmd 000127 kind=policy chunk=0063 chunk_step=0] delta_max_rad=0.113408 delta_max_deg=6.4978 joint=right_pinky_PIP joint_index=11 from_rad=0.643782 to_rad=0.530374
[action 000127 chunk_step=0] raw=[-0.3433,1.1739] sent=[-0.3433,1.1739] limit_clips=0 step_clips=0 tracking_max=nan
[cmd 000128 kind=policy chunk=0063 chunk_step=1] delta_max_rad=0.099637 delta_max_deg=5.7088 joint=right_middle_MCP_FE joint_index=4 from_rad=0.400608 to_rad=0.300970
[action 000128 chunk_step=1] raw=[-0.3421,1.2359] sent=[-0.3421,1.2359] limit_clips=0 step_clips=0 tracking_max=nan
[latency] hand_policy inference_ms=9.419
[chunk 0064] inference=0.009s predicted=(2, 22)
[cmd 000129 kind=policy chunk=0064 chunk_step=0] delta_max_rad=0.101207 delta_max_deg=5.7987 joint=right_middle_PIP joint_index=6 from_rad=0.842611 to_rad=0.943817
[action 000129 chunk_step=0] raw=[-0.3451,1.3321] sent=[-0.3451,1.3321] limit_clips=0 step_clips=0 tracking_max=nan
[cmd 000130 kind=policy chunk=0064 chunk_step=1] delta_max_rad=0.102144 delta_max_deg=5.8524 joint=right_ring_DIP joint_index=16 from_rad=1.112854 to_rad=1.214998
[action 000130 chunk_step=1] raw=[-0.3181,1.3863] sent=[-0.3181,1.3863] limit_clips=0 step_clips=0 tracking_max=nan
[latency] hand_policy inference_ms=9.058
[chunk 0065] inference=0.009s predicted=(2, 22)
[cmd 000131 kind=policy chunk=0065 chunk_step=0] delta_max_rad=0.125580 delta_max_deg=7.1952 joint=right_thumb_IP joint_index=21 from_rad=0.549699 to_rad=0.675279
[action 000131 chunk_step=0] raw=[-0.2668,1.3786] sent=[-0.2668,1.3786] limit_clips=0 step_clips=0 tracking_max=nan
[cmd 000132 kind=policy chunk=0065 chunk_step=1] delta_max_rad=0.087880 delta_max_deg=5.0352 joint=right_pinky_CMC joint_index=8 from_rad=0.113114 to_rad=0.200995
[action 000132 chunk_step=1] raw=[-0.2330,1.3707] sent=[-0.2330,1.3707] limit_clips=0 step_clips=0 tracking_max=nan
[latency] hand_policy inference_ms=9.980
[chunk 0066] inference=0.010s predicted=(2, 22)
[cmd 000133 kind=policy chunk=0066 chunk_step=0] delta_max_rad=0.104367 delta_max_deg=5.9798 joint=right_index_DIP joint_index=3 from_rad=0.797802 to_rad=0.902169
[action 000133 chunk_step=0] raw=[-0.2698,1.2848] sent=[-0.2698,1.2848] limit_clips=0 step_clips=0 tracking_max=nan
[cmd 000134 kind=policy chunk=0066 chunk_step=1] delta_max_rad=0.107987 delta_max_deg=6.1872 joint=right_thumb_IP joint_index=21 from_rad=0.696629 to_rad=0.588642
[action 000134 chunk_step=1] raw=[-0.3175,1.1961] sent=[-0.3175,1.1961] limit_clips=0 step_clips=0 tracking_max=nan
[latency] hand_policy inference_ms=8.713
[chunk 0067] inference=0.009s predicted=(2, 22)
[cmd 000135 kind=policy chunk=0067 chunk_step=0] delta_max_rad=0.106096 delta_max_deg=6.0789 joint=right_middle_PIP joint_index=6 from_rad=0.798560 to_rad=0.692464
[action 000135 chunk_step=0] raw=[-0.3397,1.1052] sent=[-0.3397,1.1052] limit_clips=0 step_clips=0 tracking_max=nan
[cmd 000136 kind=policy chunk=0067 chunk_step=1] delta_max_rad=0.095745 delta_max_deg=5.4858 joint=right_index_DIP joint_index=3 from_rad=1.090665 to_rad=1.186410
[action 000136 chunk_step=1] raw=[-0.3455,1.1864] sent=[-0.3455,1.1864] limit_clips=0 step_clips=0 tracking_max=nan
[latency] hand_policy inference_ms=9.121
[chunk 0068] inference=0.009s predicted=(2, 22)
[cmd 000137 kind=policy chunk=0068 chunk_step=0] delta_max_rad=0.104954 delta_max_deg=6.0134 joint=right_index_PIP joint_index=2 from_rad=0.556987 to_rad=0.661941
[action 000137 chunk_step=0] raw=[-0.3489,1.2716] sent=[-0.3489,1.2716] limit_clips=0 step_clips=0 tracking_max=nan
[cmd 000138 kind=policy chunk=0068 chunk_step=1] delta_max_rad=0.100643 delta_max_deg=5.7664 joint=right_middle_MCP_FE joint_index=4 from_rad=0.302245 to_rad=0.402888
[action 000138 chunk_step=1] raw=[-0.3491,1.3546] sent=[-0.3491,1.3546] limit_clips=0 step_clips=0 tracking_max=nan
[latency] hand_policy inference_ms=10.429
[chunk 0069] inference=0.010s predicted=(2, 22)
[cmd 000139 kind=policy chunk=0069 chunk_step=0] delta_max_rad=0.107914 delta_max_deg=6.1830 joint=right_pinky_DIP joint_index=12 from_rad=1.190398 to_rad=1.298312
[action 000139 chunk_step=0] raw=[-0.3491,1.3872] sent=[-0.3491,1.3872] limit_clips=0 step_clips=0 tracking_max=nan
[cmd 000140 kind=policy chunk=0069 chunk_step=1] delta_max_rad=0.108891 delta_max_deg=6.2390 joint=right_middle_MCP_FE joint_index=4 from_rad=0.494178 to_rad=0.603069
[action 000140 chunk_step=1] raw=[-0.3483,1.3876] sent=[-0.3483,1.3876] limit_clips=0 step_clips=0 tracking_max=nan
[latency] hand_policy inference_ms=9.910
[chunk 0070] inference=0.010s predicted=(2, 22)
[cmd 000141 kind=policy chunk=0070 chunk_step=0] delta_max_rad=0.120680 delta_max_deg=6.9144 joint=right_ring_MCP_FE joint_index=13 from_rad=0.542195 to_rad=0.662875
[action 000141 chunk_step=0] raw=[-0.3456,1.3963] sent=[-0.3456,1.3963] limit_clips=0 step_clips=0 tracking_max=nan
[cmd 000142 kind=policy chunk=0070 chunk_step=1] delta_max_rad=0.129562 delta_max_deg=7.4234 joint=right_middle_PIP joint_index=6 from_rad=0.450514 to_rad=0.580077
[action 000142 chunk_step=1] raw=[-0.3491,1.3401] sent=[-0.3491,1.3401] limit_clips=0 step_clips=0 tracking_max=nan
[latency] hand_policy inference_ms=8.645
[chunk 0071] inference=0.009s predicted=(2, 22)
[cmd 000143 kind=policy chunk=0071 chunk_step=0] delta_max_rad=0.105783 delta_max_deg=6.0609 joint=right_ring_DIP joint_index=16 from_rad=0.656424 to_rad=0.762206
[action 000143 chunk_step=0] raw=[-0.3430,1.2360] sent=[-0.3430,1.2360] limit_clips=0 step_clips=0 tracking_max=nan
[cmd 000144 kind=policy chunk=0071 chunk_step=1] delta_max_rad=0.119936 delta_max_deg=6.8718 joint=right_middle_MCP_FE joint_index=4 from_rad=0.611940 to_rad=0.492005
[action 000144 chunk_step=1] raw=[-0.3462,1.1600] sent=[-0.3462,1.1600] limit_clips=0 step_clips=0 tracking_max=nan
[latency] hand_policy inference_ms=9.200
[chunk 0072] inference=0.009s predicted=(2, 22)
[cmd 000145 kind=policy chunk=0072 chunk_step=0] delta_max_rad=0.126337 delta_max_deg=7.2386 joint=right_middle_PIP joint_index=6 from_rad=0.742085 to_rad=0.868423
[action 000145 chunk_step=0] raw=[-0.3465,1.1589] sent=[-0.3465,1.1589] limit_clips=0 step_clips=0 tracking_max=nan
[cmd 000146 kind=policy chunk=0072 chunk_step=1] delta_max_rad=0.108614 delta_max_deg=6.2231 joint=right_index_PIP joint_index=2 from_rad=0.661705 to_rad=0.553091
[action 000146 chunk_step=1] raw=[-0.3402,1.1402] sent=[-0.3402,1.1402] limit_clips=0 step_clips=0 tracking_max=nan
[latency] hand_policy inference_ms=10.453
[chunk 0073] inference=0.010s predicted=(2, 22)
[cmd 000147 kind=policy chunk=0073 chunk_step=0] delta_max_rad=0.102877 delta_max_deg=5.8944 joint=right_index_PIP joint_index=2 from_rad=0.553091 to_rad=0.450214
[action 000147 chunk_step=0] raw=[-0.3479,1.1121] sent=[-0.3479,1.1121] limit_clips=0 step_clips=0 tracking_max=nan
[cmd 000148 kind=policy chunk=0073 chunk_step=1] delta_max_rad=0.120274 delta_max_deg=6.8912 joint=right_index_PIP joint_index=2 from_rad=0.450214 to_rad=0.329941
[action 000148 chunk_step=1] raw=[-0.3044,1.2039] sent=[-0.3044,1.2039] limit_clips=0 step_clips=0 tracking_max=nan
[latency] hand_policy inference_ms=9.997
[chunk 0074] inference=0.010s predicted=(2, 22)
[cmd 000149 kind=policy chunk=0074 chunk_step=0] delta_max_rad=0.100211 delta_max_deg=5.7417 joint=right_middle_DIP joint_index=7 from_rad=1.203898 to_rad=1.304109
[action 000149 chunk_step=0] raw=[-0.2370,1.3041] sent=[-0.2370,1.3041] limit_clips=0 step_clips=0 tracking_max=nan
[cmd 000150 kind=policy chunk=0074 chunk_step=1] delta_max_rad=0.088452 delta_max_deg=5.0679 joint=right_thumb_MCP_AA joint_index=20 from_rad=-0.220607 to_rad=-0.132155
[action 000150 chunk_step=1] raw=[-0.2248,1.3602] sent=[-0.2248,1.3602] limit_clips=0 step_clips=0 tracking_max=nan
[latency] hand_policy inference_ms=8.697
[chunk 0075] inference=0.009s predicted=(2, 22)
[cmd 000151 kind=policy chunk=0075 chunk_step=0] delta_max_rad=0.097617 delta_max_deg=5.5931 joint=right_index_DIP joint_index=3 from_rad=0.807356 to_rad=0.904974
[action 000151 chunk_step=0] raw=[-0.2806,1.2920] sent=[-0.2806,1.2920] limit_clips=0 step_clips=0 tracking_max=nan
[cmd 000152 kind=policy chunk=0075 chunk_step=1] delta_max_rad=0.109010 delta_max_deg=6.2458 joint=right_thumb_MCP_AA joint_index=20 from_rad=-0.164538 to_rad=-0.273549
[action 000152 chunk_step=1] raw=[-0.3491,1.1942] sent=[-0.3491,1.1942] limit_clips=0 step_clips=0 tracking_max=nan
[latency] hand_policy inference_ms=9.093
[chunk 0076] inference=0.009s predicted=(2, 22)
[cmd 000153 kind=policy chunk=0076 chunk_step=0] delta_max_rad=0.103336 delta_max_deg=5.9207 joint=right_middle_PIP joint_index=6 from_rad=0.980669 to_rad=0.877333
[action 000153 chunk_step=0] raw=[-0.3447,1.1055] sent=[-0.3447,1.1055] limit_clips=0 step_clips=0 tracking_max=nan
[cmd 000154 kind=policy chunk=0076 chunk_step=1] delta_max_rad=0.091181 delta_max_deg=5.2243 joint=right_thumb_IP joint_index=21 from_rad=0.481969 to_rad=0.390787
[action 000154 chunk_step=1] raw=[-0.3485,1.1769] sent=[-0.3485,1.1769] limit_clips=0 step_clips=0 tracking_max=nan
[latency] hand_policy inference_ms=10.617
[chunk 0077] inference=0.011s predicted=(2, 22)
[cmd 000155 kind=policy chunk=0077 chunk_step=0] delta_max_rad=0.118786 delta_max_deg=6.8059 joint=right_thumb_IP joint_index=21 from_rad=0.390787 to_rad=0.272001
[action 000155 chunk_step=0] raw=[-0.3491,1.2661] sent=[-0.3491,1.2661] limit_clips=0 step_clips=0 tracking_max=nan
[cmd 000156 kind=policy chunk=0077 chunk_step=1] delta_max_rad=0.122855 delta_max_deg=7.0391 joint=right_thumb_IP joint_index=21 from_rad=0.272001 to_rad=0.149146
[action 000156 chunk_step=1] raw=[-0.3476,1.3441] sent=[-0.3476,1.3441] limit_clips=0 step_clips=0 tracking_max=nan
[latency] hand_policy inference_ms=9.973
[chunk 0078] inference=0.010s predicted=(2, 22)
[cmd 000157 kind=policy chunk=0078 chunk_step=0] delta_max_rad=0.114522 delta_max_deg=6.5616 joint=right_middle_MCP_FE joint_index=4 from_rad=0.324784 to_rad=0.439306
[action 000157 chunk_step=0] raw=[-0.3478,1.3868] sent=[-0.3478,1.3868] limit_clips=0 step_clips=0 tracking_max=nan
[cmd 000158 kind=policy chunk=0078 chunk_step=1] delta_max_rad=0.095993 delta_max_deg=5.5000 joint=right_ring_PIP joint_index=15 from_rad=0.561030 to_rad=0.657023
[action 000158 chunk_step=1] raw=[-0.3484,1.3784] sent=[-0.3484,1.3784] limit_clips=0 step_clips=0 tracking_max=nan
[latency] hand_policy inference_ms=8.711
[chunk 0079] inference=0.009s predicted=(2, 22)
[cmd 000159 kind=policy chunk=0079 chunk_step=0] delta_max_rad=0.104696 delta_max_deg=5.9987 joint=right_pinky_MCP_AA joint_index=10 from_rad=0.168027 to_rad=0.272724
[action 000159 chunk_step=0] raw=[-0.3461,1.2821] sent=[-0.3461,1.2821] limit_clips=0 step_clips=0 tracking_max=nan
[cmd 000160 kind=policy chunk=0079 chunk_step=1] delta_max_rad=0.106713 delta_max_deg=6.1142 joint=right_thumb_IP joint_index=21 from_rad=0.137900 to_rad=0.244614
[action 000160 chunk_step=1] raw=[-0.3472,1.3088] sent=[-0.3472,1.3088] limit_clips=0 step_clips=0 tracking_max=nan
[latency] hand_policy inference_ms=9.410
[chunk 0080] inference=0.009s predicted=(2, 22)
[cmd 000161 kind=policy chunk=0080 chunk_step=0] delta_max_rad=0.107273 delta_max_deg=6.1463 joint=right_thumb_IP joint_index=21 from_rad=0.244614 to_rad=0.351887
[action 000161 chunk_step=0] raw=[-0.3465,1.3079] sent=[-0.3465,1.3079] limit_clips=0 step_clips=0 tracking_max=nan
[cmd 000162 kind=policy chunk=0080 chunk_step=1] delta_max_rad=0.109596 delta_max_deg=6.2794 joint=right_pinky_PIP joint_index=11 from_rad=0.395654 to_rad=0.286058
[action 000162 chunk_step=1] raw=[-0.3417,1.2743] sent=[-0.3417,1.2743] limit_clips=0 step_clips=0 tracking_max=nan
[latency] hand_policy inference_ms=9.826
[chunk 0081] inference=0.010s predicted=(2, 22)
[cmd 000163 kind=policy chunk=0081 chunk_step=0] delta_max_rad=0.102649 delta_max_deg=5.8813 joint=right_ring_MCP_FE joint_index=13 from_rad=0.407211 to_rad=0.304563
[action 000163 chunk_step=0] raw=[-0.3491,1.2829] sent=[-0.3491,1.2829] limit_clips=0 step_clips=0 tracking_max=nan
[cmd 000164 kind=policy chunk=0081 chunk_step=1] delta_max_rad=0.107272 delta_max_deg=6.1462 joint=right_thumb_IP joint_index=21 from_rad=0.546611 to_rad=0.653883
[action 000164 chunk_step=1] raw=[-0.3289,1.3555] sent=[-0.3289,1.3555] limit_clips=0 step_clips=0 tracking_max=nan
[latency] hand_policy inference_ms=9.994
[chunk 0082] inference=0.010s predicted=(2, 22)
[cmd 000165 kind=policy chunk=0082 chunk_step=0] delta_max_rad=0.125428 delta_max_deg=7.1865 joint=right_thumb_IP joint_index=21 from_rad=0.653883 to_rad=0.779312
[action 000165 chunk_step=0] raw=[-0.2829,1.3923] sent=[-0.2829,1.3923] limit_clips=0 step_clips=0 tracking_max=nan
[cmd 000166 kind=policy chunk=0082 chunk_step=1] delta_max_rad=0.108029 delta_max_deg=6.1896 joint=right_ring_MCP_FE joint_index=13 from_rad=0.080248 to_rad=-0.027781
[action 000166 chunk_step=1] raw=[-0.2222,1.3924] sent=[-0.2222,1.3924] limit_clips=0 step_clips=0 tracking_max=nan
[latency] hand_policy inference_ms=8.679
[chunk 0083] inference=0.009s predicted=(2, 22)
[cmd 000167 kind=policy chunk=0083 chunk_step=0] delta_max_rad=0.113667 delta_max_deg=6.5126 joint=right_thumb_IP joint_index=21 from_rad=0.883160 to_rad=0.996827
[action 000167 chunk_step=0] raw=[-0.1879,1.3963] sent=[-0.1879,1.3963] limit_clips=0 step_clips=0 tracking_max=nan
[cmd 000168 kind=policy chunk=0083 chunk_step=1] delta_max_rad=0.097588 delta_max_deg=5.5914 joint=right_ring_PIP joint_index=15 from_rad=1.292997 to_rad=1.195409
[action 000168 chunk_step=1] raw=[-0.2011,1.3609] sent=[-0.2011,1.3609] limit_clips=0 step_clips=0 tracking_max=nan
[latency] hand_policy inference_ms=9.096
[chunk 0084] inference=0.009s predicted=(2, 22)
[cmd 000169 kind=policy chunk=0084 chunk_step=0] delta_max_rad=0.106588 delta_max_deg=6.1070 joint=right_middle_PIP joint_index=6 from_rad=0.958699 to_rad=0.852111
[action 000169 chunk_step=0] raw=[-0.2691,1.2757] sent=[-0.2691,1.2757] limit_clips=0 step_clips=0 tracking_max=nan
[cmd 000170 kind=policy chunk=0084 chunk_step=1] delta_max_rad=0.108303 delta_max_deg=6.2053 joint=right_thumb_MCP_AA joint_index=20 from_rad=-0.162016 to_rad=-0.270319
[action 000170 chunk_step=1] raw=[-0.3260,1.1946] sent=[-0.3260,1.1946] limit_clips=0 step_clips=0 tracking_max=nan
[latency] hand_policy inference_ms=10.442
[chunk 0085] inference=0.010s predicted=(2, 22)
[cmd 000171 kind=policy chunk=0085 chunk_step=0] delta_max_rad=0.113256 delta_max_deg=6.4891 joint=right_index_PIP joint_index=2 from_rad=0.304830 to_rad=0.418086
[action 000171 chunk_step=0] raw=[-0.3415,1.1978] sent=[-0.3415,1.1978] limit_clips=0 step_clips=0 tracking_max=nan
[cmd 000172 kind=policy chunk=0085 chunk_step=1] delta_max_rad=0.110912 delta_max_deg=6.3548 joint=right_index_DIP joint_index=3 from_rad=1.197760 to_rad=1.308672
[action 000172 chunk_step=1] raw=[-0.3429,1.3087] sent=[-0.3429,1.3087] limit_clips=0 step_clips=0 tracking_max=nan
[latency] hand_policy inference_ms=10.007
[chunk 0086] inference=0.010s predicted=(2, 22)
[cmd 000173 kind=policy chunk=0086 chunk_step=0] delta_max_rad=0.118300 delta_max_deg=6.7781 joint=right_thumb_IP joint_index=21 from_rad=0.644431 to_rad=0.526131
[action 000173 chunk_step=0] raw=[-0.3491,1.3771] sent=[-0.3491,1.3771] limit_clips=0 step_clips=0 tracking_max=nan
[cmd 000174 kind=policy chunk=0086 chunk_step=1] delta_max_rad=0.113006 delta_max_deg=6.4748 joint=right_middle_MCP_FE joint_index=4 from_rad=0.190834 to_rad=0.303841
[action 000174 chunk_step=1] raw=[-0.3491,1.3957] sent=[-0.3491,1.3957] limit_clips=0 step_clips=0 tracking_max=nan
[latency] hand_policy inference_ms=8.760
[chunk 0087] inference=0.009s predicted=(2, 22)
[cmd 000175 kind=policy chunk=0087 chunk_step=0] delta_max_rad=0.111415 delta_max_deg=6.3836 joint=right_thumb_IP joint_index=21 from_rad=0.429221 to_rad=0.317806
[action 000175 chunk_step=0] raw=[-0.3443,1.3889] sent=[-0.3443,1.3889] limit_clips=0 step_clips=0 tracking_max=nan
[cmd 000176 kind=policy chunk=0087 chunk_step=1] delta_max_rad=0.126079 delta_max_deg=7.2238 joint=right_ring_MCP_FE joint_index=13 from_rad=0.420018 to_rad=0.546097
[action 000176 chunk_step=1] raw=[-0.3484,1.3881] sent=[-0.3484,1.3881] limit_clips=0 step_clips=0 tracking_max=nan
[latency] hand_policy inference_ms=8.917
[chunk 0088] inference=0.009s predicted=(2, 22)
[cmd 000177 kind=policy chunk=0088 chunk_step=0] delta_max_rad=0.111685 delta_max_deg=6.3991 joint=right_ring_MCP_FE joint_index=13 from_rad=0.546097 to_rad=0.657782
[action 000177 chunk_step=0] raw=[-0.3447,1.3852] sent=[-0.3447,1.3852] limit_clips=0 step_clips=0 tracking_max=nan
[cmd 000178 kind=policy chunk=0088 chunk_step=1] delta_max_rad=0.121765 delta_max_deg=6.9766 joint=right_ring_DIP joint_index=16 from_rad=0.611359 to_rad=0.733124
[action 000178 chunk_step=1] raw=[-0.3457,1.3089] sent=[-0.3457,1.3089] limit_clips=0 step_clips=0 tracking_max=nan
[latency] hand_policy inference_ms=10.422
[chunk 0089] inference=0.010s predicted=(2, 22)
[cmd 000179 kind=policy chunk=0089 chunk_step=0] delta_max_rad=0.111014 delta_max_deg=6.3606 joint=right_index_DIP joint_index=3 from_rad=1.308885 to_rad=1.197871
[action 000179 chunk_step=0] raw=[-0.3465,1.2037] sent=[-0.3465,1.2037] limit_clips=0 step_clips=0 tracking_max=nan
[cmd 000180 kind=policy chunk=0089 chunk_step=1] delta_max_rad=0.095742 delta_max_deg=5.4856 joint=right_middle_DIP joint_index=7 from_rad=0.903719 to_rad=0.999461
[action 000180 chunk_step=1] raw=[-0.3491,1.1774] sent=[-0.3491,1.1774] limit_clips=0 step_clips=0 tracking_max=nan
[latency] hand_policy inference_ms=9.910
[chunk 0090] inference=0.010s predicted=(2, 22)
[cmd 000181 kind=policy chunk=0090 chunk_step=0] delta_max_rad=0.114729 delta_max_deg=6.5735 joint=right_pinky_PIP joint_index=11 from_rad=0.593816 to_rad=0.479087
[action 000181 chunk_step=0] raw=[-0.3469,1.1904] sent=[-0.3469,1.1904] limit_clips=0 step_clips=0 tracking_max=nan
[cmd 000182 kind=policy chunk=0090 chunk_step=1] delta_max_rad=0.101942 delta_max_deg=5.8408 joint=right_index_DIP joint_index=3 from_rad=1.013092 to_rad=0.911150
[action 000182 chunk_step=1] raw=[-0.3445,1.2038] sent=[-0.3445,1.2038] limit_clips=0 step_clips=0 tracking_max=nan
[latency] hand_policy inference_ms=8.722
[chunk 0091] inference=0.009s predicted=(2, 22)
[cmd 000183 kind=policy chunk=0091 chunk_step=0] delta_max_rad=0.109206 delta_max_deg=6.2570 joint=right_pinky_PIP joint_index=11 from_rad=0.390573 to_rad=0.281368
[action 000183 chunk_step=0] raw=[-0.3353,1.2655] sent=[-0.3353,1.2655] limit_clips=0 step_clips=0 tracking_max=nan
[cmd 000184 kind=policy chunk=0091 chunk_step=1] delta_max_rad=0.103036 delta_max_deg=5.9035 joint=right_pinky_PIP joint_index=11 from_rad=0.281368 to_rad=0.178332
[action 000184 chunk_step=1] raw=[-0.2897,1.3150] sent=[-0.2897,1.3150] limit_clips=0 step_clips=0 tracking_max=nan
[latency] hand_policy inference_ms=8.899
[chunk 0092] inference=0.009s predicted=(2, 22)
[cmd 000185 kind=policy chunk=0092 chunk_step=0] delta_max_rad=0.115740 delta_max_deg=6.6314 joint=right_thumb_IP joint_index=21 from_rad=0.805988 to_rad=0.921728
[action 000185 chunk_step=0] raw=[-0.2469,1.3517] sent=[-0.2469,1.3517] limit_clips=0 step_clips=0 tracking_max=nan
[cmd 000186 kind=policy chunk=0092 chunk_step=1] delta_max_rad=0.087928 delta_max_deg=5.0379 joint=right_pinky_CMC joint_index=8 from_rad=0.093871 to_rad=0.181799
[action 000186 chunk_step=1] raw=[-0.1858,1.3868] sent=[-0.1858,1.3868] limit_clips=0 step_clips=0 tracking_max=nan
[latency] hand_policy inference_ms=9.864
[chunk 0093] inference=0.010s predicted=(2, 22)
[cmd 000187 kind=policy chunk=0093 chunk_step=0] delta_max_rad=0.105534 delta_max_deg=6.0467 joint=right_index_DIP joint_index=3 from_rad=0.765761 to_rad=0.871295
[action 000187 chunk_step=0] raw=[-0.1927,1.3123] sent=[-0.1927,1.3123] limit_clips=0 step_clips=0 tracking_max=nan
[cmd 000188 kind=policy chunk=0093 chunk_step=1] delta_max_rad=0.110068 delta_max_deg=6.3064 joint=right_pinky_PIP joint_index=11 from_rad=0.153349 to_rad=0.263417
[action 000188 chunk_step=1] raw=[-0.2780,1.2339] sent=[-0.2780,1.2339] limit_clips=0 step_clips=0 tracking_max=nan
[latency] hand_policy inference_ms=9.553
[chunk 0094] inference=0.010s predicted=(2, 22)
[cmd 000189 kind=policy chunk=0094 chunk_step=0] delta_max_rad=0.103214 delta_max_deg=5.9137 joint=right_index_DIP joint_index=3 from_rad=0.972268 to_rad=1.075482
[action 000189 chunk_step=0] raw=[-0.3435,1.1398] sent=[-0.3435,1.1398] limit_clips=0 step_clips=0 tracking_max=nan
[cmd 000190 kind=policy chunk=0094 chunk_step=1] delta_max_rad=0.100234 delta_max_deg=5.7430 joint=right_pinky_PIP joint_index=11 from_rad=0.352109 to_rad=0.452343
[action 000190 chunk_step=1] raw=[-0.3491,1.1673] sent=[-0.3491,1.1673] limit_clips=0 step_clips=0 tracking_max=nan
[latency] hand_policy inference_ms=9.045
[chunk 0095] inference=0.009s predicted=(2, 22)
[cmd 000191 kind=policy chunk=0095 chunk_step=0] delta_max_rad=0.100129 delta_max_deg=5.7370 joint=right_index_DIP joint_index=3 from_rad=1.167307 to_rad=1.267436
[action 000191 chunk_step=0] raw=[-0.3478,1.2674] sent=[-0.3478,1.2674] limit_clips=0 step_clips=0 tracking_max=nan
[cmd 000192 kind=policy chunk=0095 chunk_step=1] delta_max_rad=0.102768 delta_max_deg=5.8882 joint=right_index_PIP joint_index=2 from_rad=0.563517 to_rad=0.666285
[action 000192 chunk_step=1] raw=[-0.3476,1.3412] sent=[-0.3476,1.3412] limit_clips=0 step_clips=0 tracking_max=nan
[latency] hand_policy inference_ms=9.001
[chunk 0096] inference=0.009s predicted=(2, 22)
[cmd 000193 kind=policy chunk=0096 chunk_step=0] delta_max_rad=0.113250 delta_max_deg=6.4888 joint=right_pinky_DIP joint_index=12 from_rad=0.946664 to_rad=1.059914
[action 000193 chunk_step=0] raw=[-0.3475,1.3674] sent=[-0.3475,1.3674] limit_clips=0 step_clips=0 tracking_max=nan
[cmd 000194 kind=policy chunk=0096 chunk_step=1] delta_max_rad=0.106316 delta_max_deg=6.0915 joint=right_ring_MCP_FE joint_index=13 from_rad=0.443281 to_rad=0.549597
[action 000194 chunk_step=1] raw=[-0.3481,1.2968] sent=[-0.3481,1.2968] limit_clips=0 step_clips=0 tracking_max=nan
[latency] hand_policy inference_ms=9.522
[chunk 0097] inference=0.010s predicted=(2, 22)
[cmd 000195 kind=policy chunk=0097 chunk_step=0] delta_max_rad=0.095198 delta_max_deg=5.4545 joint=right_pinky_MCP_AA joint_index=10 from_rad=0.239685 to_rad=0.334884
[action 000195 chunk_step=0] raw=[-0.3483,1.2934] sent=[-0.3483,1.2934] limit_clips=0 step_clips=0 tracking_max=nan
[cmd 000196 kind=policy chunk=0097 chunk_step=1] delta_max_rad=0.116522 delta_max_deg=6.6762 joint=right_pinky_PIP joint_index=11 from_rad=0.634216 to_rad=0.517694
[action 000196 chunk_step=1] raw=[-0.3488,1.2955] sent=[-0.3488,1.2955] limit_clips=0 step_clips=0 tracking_max=nan
[latency] hand_policy inference_ms=9.087
[chunk 0098] inference=0.009s predicted=(2, 22)
[cmd 000197 kind=policy chunk=0098 chunk_step=0] delta_max_rad=0.096950 delta_max_deg=5.5548 joint=right_thumb_IP joint_index=21 from_rad=0.392920 to_rad=0.489870
[action 000197 chunk_step=0] raw=[-0.3491,1.2889] sent=[-0.3491,1.2889] limit_clips=0 step_clips=0 tracking_max=nan
[cmd 000198 kind=policy chunk=0098 chunk_step=1] delta_max_rad=0.103536 delta_max_deg=5.9322 joint=right_index_PIP joint_index=2 from_rad=0.429338 to_rad=0.325802
[action 000198 chunk_step=1] raw=[-0.3476,1.3189] sent=[-0.3476,1.3189] limit_clips=0 step_clips=0 tracking_max=nan
[latency] hand_policy inference_ms=9.047
[chunk 0099] inference=0.009s predicted=(2, 22)
[cmd 000199 kind=policy chunk=0099 chunk_step=0] delta_max_rad=0.110382 delta_max_deg=6.3244 joint=right_thumb_IP joint_index=21 from_rad=0.583665 to_rad=0.694047
[action 000199 chunk_step=0] raw=[-0.3392,1.3634] sent=[-0.3392,1.3634] limit_clips=0 step_clips=0 tracking_max=nan
[cmd 000200 kind=policy chunk=0099 chunk_step=1] delta_max_rad=0.094833 delta_max_deg=5.4335 joint=right_ring_MCP_FE joint_index=13 from_rad=0.286034 to_rad=0.191201
[action 000200 chunk_step=1] raw=[-0.3284,1.3804] sent=[-0.3284,1.3804] limit_clips=0 step_clips=0 tracking_max=nan
[latency] hand_policy inference_ms=10.308
[chunk 0100] inference=0.010s predicted=(2, 22)
[cmd 000201 kind=policy chunk=0100 chunk_step=0] delta_max_rad=0.109469 delta_max_deg=6.2721 joint=right_pinky_DIP joint_index=12 from_rad=0.862872 to_rad=0.753404
[action 000201 chunk_step=0] raw=[-0.3491,1.3625] sent=[-0.3491,1.3625] limit_clips=0 step_clips=0 tracking_max=nan
[cmd 000202 kind=policy chunk=0100 chunk_step=1] delta_max_rad=0.108021 delta_max_deg=6.1892 joint=right_middle_PIP joint_index=6 from_rad=0.418342 to_rad=0.310321
[action 000202 chunk_step=1] raw=[-0.3485,1.2739] sent=[-0.3485,1.2739] limit_clips=0 step_clips=0 tracking_max=nan
[latency] hand_policy inference_ms=8.676
[chunk 0101] inference=0.009s predicted=(2, 22)
[cmd 000203 kind=policy chunk=0101 chunk_step=0] delta_max_rad=0.109412 delta_max_deg=6.2688 joint=right_index_DIP joint_index=3 from_rad=1.043212 to_rad=1.152624
[action 000203 chunk_step=0] raw=[-0.3491,1.1857] sent=[-0.3491,1.1857] limit_clips=0 step_clips=0 tracking_max=nan
[cmd 000204 kind=policy chunk=0101 chunk_step=1] delta_max_rad=0.109516 delta_max_deg=6.2748 joint=right_pinky_PIP joint_index=11 from_rad=0.208662 to_rad=0.318179
[action 000204 chunk_step=1] raw=[-0.3469,1.2413] sent=[-0.3469,1.2413] limit_clips=0 step_clips=0 tracking_max=nan
[latency] hand_policy inference_ms=8.966
[chunk 0102] inference=0.009s predicted=(2, 22)
[cmd 000205 kind=policy chunk=0102 chunk_step=0] delta_max_rad=0.111346 delta_max_deg=6.3797 joint=right_thumb_IP joint_index=21 from_rad=0.635145 to_rad=0.523799
[action 000205 chunk_step=0] raw=[-0.3476,1.3369] sent=[-0.3476,1.3369] limit_clips=0 step_clips=0 tracking_max=nan
[cmd 000206 kind=policy chunk=0102 chunk_step=1] delta_max_rad=0.107692 delta_max_deg=6.1703 joint=right_middle_MCP_FE joint_index=4 from_rad=0.508945 to_rad=0.616638
[action 000206 chunk_step=1] raw=[-0.3483,1.3785] sent=[-0.3483,1.3785] limit_clips=0 step_clips=0 tracking_max=nan
[latency] hand_policy inference_ms=10.582
[chunk 0103] inference=0.011s predicted=(2, 22)
[cmd 000207 kind=policy chunk=0103 chunk_step=0] delta_max_rad=0.108780 delta_max_deg=6.2326 joint=right_pinky_DIP joint_index=12 from_rad=1.094535 to_rad=1.203315
[action 000207 chunk_step=0] raw=[-0.3480,1.3852] sent=[-0.3480,1.3852] limit_clips=0 step_clips=0 tracking_max=nan
[cmd 000208 kind=policy chunk=0103 chunk_step=1] delta_max_rad=0.112217 delta_max_deg=6.4296 joint=right_ring_MCP_FE joint_index=13 from_rad=0.600843 to_rad=0.713060
[action 000208 chunk_step=1] raw=[-0.3473,1.3120] sent=[-0.3473,1.3120] limit_clips=0 step_clips=0 tracking_max=nan
[latency] hand_policy inference_ms=9.480
[chunk 0104] inference=0.009s predicted=(2, 22)
[cmd 000209 kind=policy chunk=0104 chunk_step=0] delta_max_rad=0.102934 delta_max_deg=5.8977 joint=right_ring_PIP joint_index=15 from_rad=0.395040 to_rad=0.497974
[action 000209 chunk_step=0] raw=[-0.3491,1.3001] sent=[-0.3491,1.3001] limit_clips=0 step_clips=0 tracking_max=nan
[cmd 000210 kind=policy chunk=0104 chunk_step=1] delta_max_rad=0.111438 delta_max_deg=6.3849 joint=right_middle_DIP joint_index=7 from_rad=1.151055 to_rad=1.262493
[action 000210 chunk_step=1] raw=[-0.3462,1.2733] sent=[-0.3462,1.2733] limit_clips=0 step_clips=0 tracking_max=nan
[latency] hand_policy inference_ms=9.127
[chunk 0105] inference=0.009s predicted=(2, 22)
[cmd 000211 kind=policy chunk=0105 chunk_step=0] delta_max_rad=0.095707 delta_max_deg=5.4836 joint=right_index_PIP joint_index=2 from_rad=0.569571 to_rad=0.473864
[action 000211 chunk_step=0] raw=[-0.3468,1.3504] sent=[-0.3468,1.3504] limit_clips=0 step_clips=0 tracking_max=nan
[cmd 000212 kind=policy chunk=0105 chunk_step=1] delta_max_rad=0.101597 delta_max_deg=5.8211 joint=right_index_DIP joint_index=3 from_rad=1.025719 to_rad=0.924122
[action 000212 chunk_step=1] raw=[-0.3461,1.3955] sent=[-0.3461,1.3955] limit_clips=0 step_clips=0 tracking_max=nan
[latency] hand_policy inference_ms=8.995
[chunk 0106] inference=0.009s predicted=(2, 22)
[cmd 000213 kind=policy chunk=0106 chunk_step=0] delta_max_rad=0.109465 delta_max_deg=6.2719 joint=right_index_PIP joint_index=2 from_rad=0.376711 to_rad=0.267246
[action 000213 chunk_step=0] raw=[-0.3484,1.3963] sent=[-0.3484,1.3963] limit_clips=0 step_clips=0 tracking_max=nan
[cmd 000214 kind=policy chunk=0106 chunk_step=1] delta_max_rad=0.106004 delta_max_deg=6.0736 joint=right_ring_MCP_FE joint_index=13 from_rad=0.354110 to_rad=0.248106
[action 000214 chunk_step=1] raw=[-0.3454,1.3939] sent=[-0.3454,1.3939] limit_clips=0 step_clips=0 tracking_max=nan
[latency] hand_policy inference_ms=10.007
[chunk 0107] inference=0.010s predicted=(2, 22)
[cmd 000215 kind=policy chunk=0107 chunk_step=0] delta_max_rad=0.110783 delta_max_deg=6.3474 joint=right_thumb_IP joint_index=21 from_rad=0.766182 to_rad=0.876964
[action 000215 chunk_step=0] raw=[-0.3487,1.3818] sent=[-0.3487,1.3818] limit_clips=0 step_clips=0 tracking_max=nan
[cmd 000216 kind=policy chunk=0107 chunk_step=1] delta_max_rad=0.095030 delta_max_deg=5.4448 joint=right_middle_PIP joint_index=6 from_rad=0.547278 to_rad=0.452248
[action 000216 chunk_step=1] raw=[-0.3453,1.3695] sent=[-0.3453,1.3695] limit_clips=0 step_clips=0 tracking_max=nan
[latency] hand_policy inference_ms=8.740
[chunk 0108] inference=0.009s predicted=(2, 22)
[cmd 000217 kind=policy chunk=0108 chunk_step=0] delta_max_rad=0.101164 delta_max_deg=5.7963 joint=right_ring_PIP joint_index=15 from_rad=0.813055 to_rad=0.711891
[action 000217 chunk_step=0] raw=[-0.3486,1.2721] sent=[-0.3486,1.2721] limit_clips=0 step_clips=0 tracking_max=nan
[cmd 000218 kind=policy chunk=0108 chunk_step=1] delta_max_rad=0.104255 delta_max_deg=5.9734 joint=right_pinky_PIP joint_index=11 from_rad=0.091076 to_rad=0.195331
[action 000218 chunk_step=1] raw=[-0.3491,1.1933] sent=[-0.3491,1.1933] limit_clips=0 step_clips=0 tracking_max=nan
[latency] hand_policy inference_ms=8.976
[chunk 0109] inference=0.009s predicted=(2, 22)
[cmd 000219 kind=policy chunk=0109 chunk_step=0] delta_max_rad=0.104769 delta_max_deg=6.0028 joint=right_index_PIP joint_index=2 from_rad=0.411224 to_rad=0.515993
[action 000219 chunk_step=0] raw=[-0.3487,1.2451] sent=[-0.3487,1.2451] limit_clips=0 step_clips=0 tracking_max=nan
[cmd 000220 kind=policy chunk=0109 chunk_step=1] delta_max_rad=0.103694 delta_max_deg=5.9412 joint=right_ring_MCP_FE joint_index=13 from_rad=0.311166 to_rad=0.414860
[action 000220 chunk_step=1] raw=[-0.3478,1.3488] sent=[-0.3478,1.3488] limit_clips=0 step_clips=0 tracking_max=nan
[latency] hand_policy inference_ms=10.185
[chunk 0110] inference=0.010s predicted=(2, 22)
[cmd 000221 kind=policy chunk=0110 chunk_step=0] delta_max_rad=0.125146 delta_max_deg=7.1703 joint=right_index_PIP joint_index=2 from_rad=0.603147 to_rad=0.728293
[action 000221 chunk_step=0] raw=[-0.3464,1.3928] sent=[-0.3464,1.3928] limit_clips=0 step_clips=0 tracking_max=nan
[cmd 000222 kind=policy chunk=0110 chunk_step=1] delta_max_rad=0.113257 delta_max_deg=6.4891 joint=right_ring_MCP_FE joint_index=13 from_rad=0.508487 to_rad=0.621744
[action 000222 chunk_step=1] raw=[-0.3480,1.3880] sent=[-0.3480,1.3880] limit_clips=0 step_clips=0 tracking_max=nan
[latency] hand_policy inference_ms=9.687
[chunk 0111] inference=0.010s predicted=(2, 22)
[cmd 000223 kind=policy chunk=0111 chunk_step=0] delta_max_rad=0.127700 delta_max_deg=7.3167 joint=right_middle_PIP joint_index=6 from_rad=0.364395 to_rad=0.492095
[action 000223 chunk_step=0] raw=[-0.3487,1.3306] sent=[-0.3487,1.3306] limit_clips=0 step_clips=0 tracking_max=nan
[cmd 000224 kind=policy chunk=0111 chunk_step=1] delta_max_rad=0.109905 delta_max_deg=6.2971 joint=right_ring_DIP joint_index=16 from_rad=0.826638 to_rad=0.936543
[action 000224 chunk_step=1] raw=[-0.3483,1.3337] sent=[-0.3483,1.3337] limit_clips=0 step_clips=0 tracking_max=nan
[latency] hand_policy inference_ms=9.208
[chunk 0112] inference=0.009s predicted=(2, 22)
[cmd 000225 kind=policy chunk=0112 chunk_step=0] delta_max_rad=0.093301 delta_max_deg=5.3458 joint=right_ring_DIP joint_index=16 from_rad=0.936543 to_rad=1.029845
[action 000225 chunk_step=0] raw=[-0.3449,1.3182] sent=[-0.3449,1.3182] limit_clips=0 step_clips=0 tracking_max=nan
[cmd 000226 kind=policy chunk=0112 chunk_step=1] delta_max_rad=0.105176 delta_max_deg=6.0262 joint=right_index_DIP joint_index=3 from_rad=1.159265 to_rad=1.054088
[action 000226 chunk_step=1] raw=[-0.3471,1.3054] sent=[-0.3471,1.3054] limit_clips=0 step_clips=0 tracking_max=nan
[latency] hand_policy inference_ms=9.046
[chunk 0113] inference=0.009s predicted=(2, 22)
[cmd 000227 kind=policy chunk=0113 chunk_step=0] delta_max_rad=0.101917 delta_max_deg=5.8394 joint=right_thumb_IP joint_index=21 from_rad=0.574123 to_rad=0.676040
[action 000227 chunk_step=0] raw=[-0.3468,1.2847] sent=[-0.3468,1.2847] limit_clips=0 step_clips=0 tracking_max=nan
[cmd 000228 kind=policy chunk=0113 chunk_step=1] delta_max_rad=0.097158 delta_max_deg=5.5668 joint=right_thumb_IP joint_index=21 from_rad=0.676040 to_rad=0.773199
[action 000228 chunk_step=1] raw=[-0.3353,1.2935] sent=[-0.3353,1.2935] limit_clips=0 step_clips=0 tracking_max=nan
[latency] hand_policy inference_ms=10.028
[chunk 0114] inference=0.010s predicted=(2, 22)
[cmd 000229 kind=policy chunk=0114 chunk_step=0] delta_max_rad=0.119711 delta_max_deg=6.8590 joint=right_thumb_IP joint_index=21 from_rad=0.773199 to_rad=0.892910
[action 000229 chunk_step=0] raw=[-0.3397,1.3532] sent=[-0.3397,1.3532] limit_clips=0 step_clips=0 tracking_max=nan
[cmd 000230 kind=policy chunk=0114 chunk_step=1] delta_max_rad=0.101786 delta_max_deg=5.8319 joint=right_ring_MCP_FE joint_index=13 from_rad=0.228540 to_rad=0.126754
[action 000230 chunk_step=1] raw=[-0.3410,1.3932] sent=[-0.3410,1.3932] limit_clips=0 step_clips=0 tracking_max=nan
[latency] hand_policy inference_ms=8.790
[chunk 0115] inference=0.009s predicted=(2, 22)
[cmd 000231 kind=policy chunk=0115 chunk_step=0] delta_max_rad=0.092387 delta_max_deg=5.2934 joint=right_pinky_MCP_AA joint_index=10 from_rad=0.322178 to_rad=0.229790
[action 000231 chunk_step=0] raw=[-0.3472,1.3608] sent=[-0.3472,1.3608] limit_clips=0 step_clips=0 tracking_max=nan
[cmd 000232 kind=policy chunk=0115 chunk_step=1] delta_max_rad=0.107978 delta_max_deg=6.1867 joint=right_ring_PIP joint_index=15 from_rad=0.883037 to_rad=0.775059
[action 000232 chunk_step=1] raw=[-0.3460,1.2859] sent=[-0.3460,1.2859] limit_clips=0 step_clips=0 tracking_max=nan
[latency] hand_policy inference_ms=9.021
[chunk 0116] inference=0.009s predicted=(2, 22)
[cmd 000233 kind=policy chunk=0116 chunk_step=0] delta_max_rad=0.102838 delta_max_deg=5.8922 joint=right_index_DIP joint_index=3 from_rad=1.014971 to_rad=1.117809
[action 000233 chunk_step=0] raw=[-0.3491,1.2025] sent=[-0.3491,1.2025] limit_clips=0 step_clips=0 tracking_max=nan
[cmd 000234 kind=policy chunk=0116 chunk_step=1] delta_max_rad=0.103475 delta_max_deg=5.9287 joint=right_pinky_DIP joint_index=12 from_rad=0.739071 to_rad=0.842546
[action 000234 chunk_step=1] raw=[-0.3470,1.2133] sent=[-0.3470,1.2133] limit_clips=0 step_clips=0 tracking_max=nan
[latency] hand_policy inference_ms=9.990
[chunk 0117] inference=0.010s predicted=(2, 22)
[cmd 000235 kind=policy chunk=0117 chunk_step=0] delta_max_rad=0.107826 delta_max_deg=6.1780 joint=right_pinky_PIP joint_index=11 from_rad=0.271981 to_rad=0.379807
[action 000235 chunk_step=0] raw=[-0.3471,1.3120] sent=[-0.3471,1.3120] limit_clips=0 step_clips=0 tracking_max=nan
[cmd 000236 kind=policy chunk=0117 chunk_step=1] delta_max_rad=0.106094 delta_max_deg=6.0787 joint=right_pinky_PIP joint_index=11 from_rad=0.379807 to_rad=0.485900
[action 000236 chunk_step=1] raw=[-0.3465,1.3705] sent=[-0.3465,1.3705] limit_clips=0 step_clips=0 tracking_max=nan
[latency] hand_policy inference_ms=8.730
[chunk 0118] inference=0.009s predicted=(2, 22)
[cmd 000237 kind=policy chunk=0118 chunk_step=0] delta_max_rad=0.115733 delta_max_deg=6.6310 joint=right_ring_MCP_FE joint_index=13 from_rad=0.464798 to_rad=0.580531
[action 000237 chunk_step=0] raw=[-0.3449,1.3852] sent=[-0.3449,1.3852] limit_clips=0 step_clips=0 tracking_max=nan
[cmd 000238 kind=policy chunk=0118 chunk_step=1] delta_max_rad=0.106407 delta_max_deg=6.0966 joint=right_ring_MCP_FE joint_index=13 from_rad=0.580531 to_rad=0.686937
[action 000238 chunk_step=1] raw=[-0.3471,1.3360] sent=[-0.3471,1.3360] limit_clips=0 step_clips=0 tracking_max=nan
[latency] hand_policy inference_ms=9.075
[chunk 0119] inference=0.009s predicted=(2, 22)
[cmd 000239 kind=policy chunk=0119 chunk_step=0] delta_max_rad=0.118772 delta_max_deg=6.8052 joint=right_middle_PIP joint_index=6 from_rad=0.365244 to_rad=0.484016
[action 000239 chunk_step=0] raw=[-0.3462,1.3519] sent=[-0.3462,1.3519] limit_clips=0 step_clips=0 tracking_max=nan
[cmd 000240 kind=policy chunk=0119 chunk_step=1] delta_max_rad=0.117201 delta_max_deg=6.7151 joint=right_index_PIP joint_index=2 from_rad=0.663811 to_rad=0.546611
[action 000240 chunk_step=1] raw=[-0.3485,1.3310] sent=[-0.3485,1.3310] limit_clips=0 step_clips=0 tracking_max=nan
[latency] hand_policy inference_ms=10.051
[chunk 0120] inference=0.010s predicted=(2, 22)
[cmd 000241 kind=policy chunk=0120 chunk_step=0] delta_max_rad=0.108825 delta_max_deg=6.2352 joint=right_ring_DIP joint_index=16 from_rad=1.006868 to_rad=1.115693
[action 000241 chunk_step=0] raw=[-0.3466,1.3100] sent=[-0.3466,1.3100] limit_clips=0 step_clips=0 tracking_max=nan
[cmd 000242 kind=policy chunk=0120 chunk_step=1] delta_max_rad=0.098358 delta_max_deg=5.6355 joint=right_index_DIP joint_index=3 from_rad=1.033704 to_rad=0.935345
[action 000242 chunk_step=1] raw=[-0.3444,1.2759] sent=[-0.3444,1.2759] limit_clips=0 step_clips=0 tracking_max=nan
[latency] hand_policy inference_ms=9.735
[chunk 0121] inference=0.010s predicted=(2, 22)
[cmd 000243 kind=policy chunk=0121 chunk_step=0] delta_max_rad=0.102784 delta_max_deg=5.8891 joint=right_thumb_IP joint_index=21 from_rad=0.712815 to_rad=0.815599
[action 000243 chunk_step=0] raw=[-0.3491,1.2892] sent=[-0.3491,1.2892] limit_clips=0 step_clips=0 tracking_max=nan
[cmd 000244 kind=policy chunk=0121 chunk_step=1] delta_max_rad=0.096972 delta_max_deg=5.5561 joint=right_thumb_IP joint_index=21 from_rad=0.815599 to_rad=0.912572
[action 000244 chunk_step=1] raw=[-0.3454,1.3559] sent=[-0.3454,1.3559] limit_clips=0 step_clips=0 tracking_max=nan
[latency] hand_policy inference_ms=9.503
[chunk 0122] inference=0.010s predicted=(2, 22)
[cmd 000245 kind=policy chunk=0122 chunk_step=0] delta_max_rad=0.117420 delta_max_deg=6.7277 joint=right_ring_MCP_FE joint_index=13 from_rad=0.327159 to_rad=0.209739
[action 000245 chunk_step=0] raw=[-0.3479,1.3800] sent=[-0.3479,1.3800] limit_clips=0 step_clips=0 tracking_max=nan
[cmd 000246 kind=policy chunk=0122 chunk_step=1] delta_max_rad=0.092543 delta_max_deg=5.3023 joint=right_middle_PIP joint_index=6 from_rad=0.691101 to_rad=0.598558
[action 000246 chunk_step=1] raw=[-0.3405,1.3778] sent=[-0.3405,1.3778] limit_clips=0 step_clips=0 tracking_max=nan
[latency] hand_policy inference_ms=10.238
[chunk 0123] inference=0.010s predicted=(2, 22)
[cmd 000247 kind=policy chunk=0123 chunk_step=0] delta_max_rad=0.106531 delta_max_deg=6.1038 joint=right_thumb_IP joint_index=21 from_rad=1.040569 to_rad=0.934039
[action 000247 chunk_step=0] raw=[-0.3473,1.2955] sent=[-0.3473,1.2955] limit_clips=0 step_clips=0 tracking_max=nan
[cmd 000248 kind=policy chunk=0123 chunk_step=1] delta_max_rad=0.103919 delta_max_deg=5.9541 joint=right_pinky_DIP joint_index=12 from_rad=0.760889 to_rad=0.864808
[action 000248 chunk_step=1] raw=[-0.3468,1.2024] sent=[-0.3468,1.2024] limit_clips=0 step_clips=0 tracking_max=nan
[latency] hand_policy inference_ms=9.489
[chunk 0124] inference=0.009s predicted=(2, 22)
[cmd 000249 kind=policy chunk=0124 chunk_step=0] delta_max_rad=0.107997 delta_max_deg=6.1877 joint=right_pinky_PIP joint_index=11 from_rad=0.226476 to_rad=0.334472
[action 000249 chunk_step=0] raw=[-0.3491,1.1661] sent=[-0.3491,1.1661] limit_clips=0 step_clips=0 tracking_max=nan
[cmd 000250 kind=policy chunk=0124 chunk_step=1] delta_max_rad=0.099968 delta_max_deg=5.7277 joint=right_index_DIP joint_index=3 from_rad=1.134944 to_rad=1.234911
[action 000250 chunk_step=1] raw=[-0.3491,1.2349] sent=[-0.3491,1.2349] limit_clips=0 step_clips=0 tracking_max=nan
[latency] hand_policy inference_ms=9.038
[chunk 0125] inference=0.009s predicted=(2, 22)
[cmd 000251 kind=policy chunk=0125 chunk_step=0] delta_max_rad=0.103660 delta_max_deg=5.9393 joint=right_index_PIP joint_index=2 from_rad=0.588071 to_rad=0.691730
[action 000251 chunk_step=0] raw=[-0.3448,1.3253] sent=[-0.3448,1.3253] limit_clips=0 step_clips=0 tracking_max=nan
[cmd 000252 kind=policy chunk=0125 chunk_step=1] delta_max_rad=0.110945 delta_max_deg=6.3567 joint=right_ring_MCP_FE joint_index=13 from_rad=0.554155 to_rad=0.665100
[action 000252 chunk_step=1] raw=[-0.3448,1.3456] sent=[-0.3448,1.3456] limit_clips=0 step_clips=0 tracking_max=nan
[latency] hand_policy inference_ms=9.095
[chunk 0126] inference=0.009s predicted=(2, 22)
[cmd 000253 kind=policy chunk=0126 chunk_step=0] delta_max_rad=0.106673 delta_max_deg=6.1119 joint=right_middle_PIP joint_index=6 from_rad=0.540745 to_rad=0.647418
[action 000253 chunk_step=0] raw=[-0.3491,1.3494] sent=[-0.3491,1.3494] limit_clips=0 step_clips=0 tracking_max=nan
[cmd 000254 kind=policy chunk=0126 chunk_step=1] delta_max_rad=0.106141 delta_max_deg=6.0814 joint=right_ring_DIP joint_index=16 from_rad=0.829991 to_rad=0.936132
[action 000254 chunk_step=1] raw=[-0.3468,1.3594] sent=[-0.3468,1.3594] limit_clips=0 step_clips=0 tracking_max=nan
[latency] hand_policy inference_ms=10.257
[chunk 0127] inference=0.010s predicted=(2, 22)
[cmd 000255 kind=policy chunk=0127 chunk_step=0] delta_max_rad=0.097071 delta_max_deg=5.5617 joint=right_ring_DIP joint_index=16 from_rad=0.936132 to_rad=1.033202
[action 000255 chunk_step=0] raw=[-0.3445,1.3619] sent=[-0.3445,1.3619] limit_clips=0 step_clips=0 tracking_max=nan
[cmd 000256 kind=policy chunk=0127 chunk_step=1] delta_max_rad=0.102261 delta_max_deg=5.8591 joint=right_pinky_PIP joint_index=11 from_rad=0.365444 to_rad=0.263183
[action 000256 chunk_step=1] raw=[-0.3455,1.3500] sent=[-0.3455,1.3500] limit_clips=0 step_clips=0 tracking_max=nan
[latency] hand_policy inference_ms=8.814
[chunk 0128] inference=0.009s predicted=(2, 22)
[cmd 000257 kind=policy chunk=0128 chunk_step=0] delta_max_rad=0.093149 delta_max_deg=5.3371 joint=right_pinky_PIP joint_index=11 from_rad=0.263183 to_rad=0.170034
[action 000257 chunk_step=0] raw=[-0.3482,1.3381] sent=[-0.3482,1.3381] limit_clips=0 step_clips=0 tracking_max=nan
[cmd 000258 kind=policy chunk=0128 chunk_step=1] delta_max_rad=0.095895 delta_max_deg=5.4944 joint=right_ring_MCP_FE joint_index=13 from_rad=0.458066 to_rad=0.362171
[action 000258 chunk_step=1] raw=[-0.3489,1.3488] sent=[-0.3489,1.3488] limit_clips=0 step_clips=0 tracking_max=nan
[latency] hand_policy inference_ms=9.241
[chunk 0129] inference=0.009s predicted=(2, 22)
[cmd 000259 kind=policy chunk=0129 chunk_step=0] delta_max_rad=0.110598 delta_max_deg=6.3368 joint=right_ring_MCP_FE joint_index=13 from_rad=0.362171 to_rad=0.251574
[action 000259 chunk_step=0] raw=[-0.3491,1.3963] sent=[-0.3491,1.3963] limit_clips=0 step_clips=0 tracking_max=nan
[cmd 000260 kind=policy chunk=0129 chunk_step=1] delta_max_rad=0.094036 delta_max_deg=5.3879 joint=right_pinky_MCP_AA joint_index=10 from_rad=0.328975 to_rad=0.234939
[action 000260 chunk_step=1] raw=[-0.3476,1.3963] sent=[-0.3476,1.3963] limit_clips=0 step_clips=0 tracking_max=nan
[latency] hand_policy inference_ms=10.001
[chunk 0130] inference=0.010s predicted=(2, 22)
[cmd 000261 kind=policy chunk=0130 chunk_step=0] delta_max_rad=0.107468 delta_max_deg=6.1574 joint=right_thumb_IP joint_index=21 from_rad=0.838967 to_rad=0.731499
[action 000261 chunk_step=0] raw=[-0.3491,1.3286] sent=[-0.3491,1.3286] limit_clips=0 step_clips=0 tracking_max=nan
[cmd 000262 kind=policy chunk=0130 chunk_step=1] delta_max_rad=0.111966 delta_max_deg=6.4152 joint=right_pinky_PIP joint_index=11 from_rad=0.035924 to_rad=0.147891
[action 000262 chunk_step=1] raw=[-0.3491,1.3963] sent=[-0.3491,1.3963] limit_clips=0 step_clips=0 tracking_max=nan
[latency] hand_policy inference_ms=8.829
[chunk 0131] inference=0.009s predicted=(2, 22)
[cmd 000263 kind=policy chunk=0131 chunk_step=0] delta_max_rad=0.106954 delta_max_deg=6.1280 joint=right_index_PIP joint_index=2 from_rad=0.431629 to_rad=0.538583
[action 000263 chunk_step=0] raw=[-0.3491,1.3963] sent=[-0.3491,1.3963] limit_clips=0 step_clips=0 tracking_max=nan
[cmd 000264 kind=policy chunk=0131 chunk_step=1] delta_max_rad=0.105333 delta_max_deg=6.0352 joint=right_ring_MCP_FE joint_index=13 from_rad=0.489093 to_rad=0.594426
[action 000264 chunk_step=1] raw=[-0.3469,1.3930] sent=[-0.3469,1.3930] limit_clips=0 step_clips=0 tracking_max=nan
[latency] hand_policy inference_ms=8.970
[chunk 0132] inference=0.009s predicted=(2, 22)
[cmd 000265 kind=policy chunk=0132 chunk_step=0] delta_max_rad=0.101225 delta_max_deg=5.7998 joint=right_ring_MCP_FE joint_index=13 from_rad=0.594426 to_rad=0.695651
[action 000265 chunk_step=0] raw=[-0.3449,1.3963] sent=[-0.3449,1.3963] limit_clips=0 step_clips=0 tracking_max=nan
[cmd 000266 kind=policy chunk=0132 chunk_step=1] delta_max_rad=0.106766 delta_max_deg=6.1172 joint=right_middle_PIP joint_index=6 from_rad=0.341934 to_rad=0.448700
[action 000266 chunk_step=1] raw=[-0.3478,1.3277] sent=[-0.3478,1.3277] limit_clips=0 step_clips=0 tracking_max=nan
[latency] hand_policy inference_ms=10.004
[chunk 0133] inference=0.010s predicted=(2, 22)
[cmd 000267 kind=policy chunk=0133 chunk_step=0] delta_max_rad=0.100156 delta_max_deg=5.7385 joint=right_ring_DIP joint_index=16 from_rad=0.863937 to_rad=0.964093
[action 000267 chunk_step=0] raw=[-0.3472,1.3906] sent=[-0.3472,1.3906] limit_clips=0 step_clips=0 tracking_max=nan
[cmd 000268 kind=policy chunk=0133 chunk_step=1] delta_max_rad=0.106594 delta_max_deg=6.1074 joint=right_pinky_PIP joint_index=11 from_rad=0.396004 to_rad=0.289410
[action 000268 chunk_step=1] raw=[-0.3459,1.3950] sent=[-0.3459,1.3950] limit_clips=0 step_clips=0 tracking_max=nan
[latency] hand_policy inference_ms=8.762
[chunk 0134] inference=0.009s predicted=(2, 22)
[cmd 000269 kind=policy chunk=0134 chunk_step=0] delta_max_rad=0.104731 delta_max_deg=6.0006 joint=right_ring_MCP_FE joint_index=13 from_rad=0.728308 to_rad=0.623577
[action 000269 chunk_step=0] raw=[-0.3464,1.3963] sent=[-0.3464,1.3963] limit_clips=0 step_clips=0 tracking_max=nan
[cmd 000270 kind=policy chunk=0134 chunk_step=1] delta_max_rad=0.101147 delta_max_deg=5.7953 joint=right_pinky_DIP joint_index=12 from_rad=1.151815 to_rad=1.050668
[action 000270 chunk_step=1] raw=[-0.3463,1.3963] sent=[-0.3463,1.3963] limit_clips=0 step_clips=0 tracking_max=nan
[latency] hand_policy inference_ms=9.246
[chunk 0135] inference=0.009s predicted=(2, 22)
[cmd 000271 kind=policy chunk=0135 chunk_step=0] delta_max_rad=0.107624 delta_max_deg=6.1664 joint=right_pinky_DIP joint_index=12 from_rad=1.050668 to_rad=0.943044
[action 000271 chunk_step=0] raw=[-0.3483,1.3963] sent=[-0.3483,1.3963] limit_clips=0 step_clips=0 tracking_max=nan
[cmd 000272 kind=policy chunk=0135 chunk_step=1] delta_max_rad=0.104348 delta_max_deg=5.9787 joint=right_thumb_IP joint_index=21 from_rad=0.507294 to_rad=0.611642
[action 000272 chunk_step=1] raw=[-0.3440,1.3963] sent=[-0.3440,1.3963] limit_clips=0 step_clips=0 tracking_max=nan
[latency] hand_policy inference_ms=10.557
[chunk 0136] inference=0.011s predicted=(2, 22)
[cmd 000273 kind=policy chunk=0136 chunk_step=0] delta_max_rad=0.110607 delta_max_deg=6.3373 joint=right_ring_MCP_FE joint_index=13 from_rad=0.317072 to_rad=0.206465
[action 000273 chunk_step=0] raw=[-0.3491,1.3935] sent=[-0.3491,1.3935] limit_clips=0 step_clips=0 tracking_max=nan
[cmd 000274 kind=policy chunk=0136 chunk_step=1] delta_max_rad=0.101407 delta_max_deg=5.8102 joint=right_pinky_DIP joint_index=12 from_rad=0.749519 to_rad=0.648112
[action 000274 chunk_step=1] raw=[-0.3452,1.3936] sent=[-0.3452,1.3936] limit_clips=0 step_clips=0 tracking_max=nan
[latency] hand_policy inference_ms=10.008
[chunk 0137] inference=0.010s predicted=(2, 22)
[cmd 000275 kind=policy chunk=0137 chunk_step=0] delta_max_rad=0.100195 delta_max_deg=5.7408 joint=right_pinky_MCP_AA joint_index=10 from_rad=0.265839 to_rad=0.165644
[action 000275 chunk_step=0] raw=[-0.3476,1.3188] sent=[-0.3476,1.3188] limit_clips=0 step_clips=0 tracking_max=nan
[cmd 000276 kind=policy chunk=0137 chunk_step=1] delta_max_rad=0.114238 delta_max_deg=6.5454 joint=right_ring_PIP joint_index=15 from_rad=0.814108 to_rad=0.699870
[action 000276 chunk_step=1] raw=[-0.3491,1.2410] sent=[-0.3491,1.2410] limit_clips=0 step_clips=0 tracking_max=nan
[latency] hand_policy inference_ms=8.768
[chunk 0138] inference=0.009s predicted=(2, 22)
[cmd 000277 kind=policy chunk=0138 chunk_step=0] delta_max_rad=0.099862 delta_max_deg=5.7217 joint=right_index_PIP joint_index=2 from_rad=0.351323 to_rad=0.451185
[action 000277 chunk_step=0] raw=[-0.3482,1.1779] sent=[-0.3482,1.1779] limit_clips=0 step_clips=0 tracking_max=nan
[cmd 000278 kind=policy chunk=0138 chunk_step=1] delta_max_rad=0.102522 delta_max_deg=5.8741 joint=right_pinky_PIP joint_index=11 from_rad=0.236345 to_rad=0.338867
[action 000278 chunk_step=1] raw=[-0.3478,1.2512] sent=[-0.3478,1.2512] limit_clips=0 step_clips=0 tracking_max=nan
[latency] hand_policy inference_ms=8.984
[chunk 0139] inference=0.009s predicted=(2, 22)
[cmd 000279 kind=policy chunk=0139 chunk_step=0] delta_max_rad=0.115493 delta_max_deg=6.6173 joint=right_thumb_IP joint_index=21 from_rad=0.475207 to_rad=0.359714
[action 000279 chunk_step=0] raw=[-0.3483,1.3399] sent=[-0.3483,1.3399] limit_clips=0 step_clips=0 tracking_max=nan
[cmd 000280 kind=policy chunk=0139 chunk_step=1] delta_max_rad=0.109534 delta_max_deg=6.2758 joint=right_thumb_IP joint_index=21 from_rad=0.359714 to_rad=0.250179
[action 000280 chunk_step=1] raw=[-0.3443,1.3807] sent=[-0.3443,1.3807] limit_clips=0 step_clips=0 tracking_max=nan
[latency] hand_policy inference_ms=10.062
[chunk 0140] inference=0.010s predicted=(2, 22)
[cmd 000281 kind=policy chunk=0140 chunk_step=0] delta_max_rad=0.103092 delta_max_deg=5.9067 joint=right_ring_MCP_FE joint_index=13 from_rad=0.606766 to_rad=0.709858
[action 000281 chunk_step=0] raw=[-0.3468,1.3963] sent=[-0.3468,1.3963] limit_clips=0 step_clips=0 tracking_max=nan
[cmd 000282 kind=policy chunk=0140 chunk_step=1] delta_max_rad=0.081682 delta_max_deg=4.6800 joint=right_thumb_MCP_FE joint_index=19 from_rad=0.234517 to_rad=0.316199
[action 000282 chunk_step=1] raw=[-0.3466,1.3219] sent=[-0.3466,1.3219] limit_clips=0 step_clips=0 tracking_max=nan
[latency] hand_policy inference_ms=9.606
[chunk 0141] inference=0.010s predicted=(2, 22)
[cmd 000283 kind=policy chunk=0141 chunk_step=0] delta_max_rad=0.106190 delta_max_deg=6.0842 joint=right_ring_DIP joint_index=16 from_rad=0.795577 to_rad=0.901767
[action 000283 chunk_step=0] raw=[-0.3481,1.2856] sent=[-0.3481,1.2856] limit_clips=0 step_clips=0 tracking_max=nan
[cmd 000284 kind=policy chunk=0141 chunk_step=1] delta_max_rad=0.103714 delta_max_deg=5.9424 joint=right_ring_MCP_FE joint_index=13 from_rad=0.736041 to_rad=0.632327
[action 000284 chunk_step=1] raw=[-0.3478,1.2722] sent=[-0.3478,1.2722] limit_clips=0 step_clips=0 tracking_max=nan
[latency] hand_policy inference_ms=9.136
[chunk 0142] inference=0.009s predicted=(2, 22)
[cmd 000285 kind=policy chunk=0142 chunk_step=0] delta_max_rad=0.107754 delta_max_deg=6.1739 joint=right_ring_MCP_FE joint_index=13 from_rad=0.632327 to_rad=0.524572
[action 000285 chunk_step=0] raw=[-0.3491,1.2483] sent=[-0.3491,1.2483] limit_clips=0 step_clips=0 tracking_max=nan
[cmd 000286 kind=policy chunk=0142 chunk_step=1] delta_max_rad=0.106456 delta_max_deg=6.0995 joint=right_index_DIP joint_index=3 from_rad=1.053527 to_rad=0.947071
[action 000286 chunk_step=1] raw=[-0.3460,1.2215] sent=[-0.3460,1.2215] limit_clips=0 step_clips=0 tracking_max=nan
[latency] hand_policy inference_ms=9.875
[chunk 0143] inference=0.010s predicted=(2, 22)
[cmd 000287 kind=policy chunk=0143 chunk_step=0] delta_max_rad=0.102495 delta_max_deg=5.8725 joint=right_pinky_DIP joint_index=12 from_rad=0.891211 to_rad=0.788716
[action 000287 chunk_step=0] raw=[-0.3458,1.2654] sent=[-0.3458,1.2654] limit_clips=0 step_clips=0 tracking_max=nan
[cmd 000288 kind=policy chunk=0143 chunk_step=1] delta_max_rad=0.096356 delta_max_deg=5.5208 joint=right_thumb_IP joint_index=21 from_rad=0.340754 to_rad=0.437111
[action 000288 chunk_step=1] raw=[-0.3351,1.3415] sent=[-0.3351,1.3415] limit_clips=0 step_clips=0 tracking_max=nan
[latency] hand_policy inference_ms=9.631
[chunk 0144] inference=0.010s predicted=(2, 22)
[cmd 000289 kind=policy chunk=0144 chunk_step=0] delta_max_rad=0.103992 delta_max_deg=5.9583 joint=right_ring_MCP_FE joint_index=13 from_rad=0.268085 to_rad=0.164093
[action 000289 chunk_step=0] raw=[-0.2756,1.3748] sent=[-0.2756,1.3748] limit_clips=0 step_clips=0 tracking_max=nan
[cmd 000290 kind=policy chunk=0144 chunk_step=1] delta_max_rad=0.100380 delta_max_deg=5.7513 joint=right_ring_MCP_FE joint_index=13 from_rad=0.164093 to_rad=0.063713
[action 000290 chunk_step=1] raw=[-0.1949,1.3869] sent=[-0.1949,1.3869] limit_clips=0 step_clips=0 tracking_max=nan
[latency] hand_policy inference_ms=9.097
[chunk 0145] inference=0.009s predicted=(2, 22)
[cmd 000291 kind=policy chunk=0145 chunk_step=0] delta_max_rad=0.087734 delta_max_deg=5.0268 joint=right_index_DIP joint_index=3 from_rad=0.717157 to_rad=0.804891
[action 000291 chunk_step=0] raw=[-0.1866,1.3500] sent=[-0.1866,1.3500] limit_clips=0 step_clips=0 tracking_max=nan
[cmd 000292 kind=policy chunk=0145 chunk_step=1] delta_max_rad=0.118833 delta_max_deg=6.8086 joint=right_ring_PIP joint_index=15 from_rad=0.976802 to_rad=0.857969
[action 000292 chunk_step=1] raw=[-0.2463,1.2641] sent=[-0.2463,1.2641] limit_clips=0 step_clips=0 tracking_max=nan
[latency] hand_policy inference_ms=9.073
[chunk 0146] inference=0.009s predicted=(2, 22)
[cmd 000293 kind=policy chunk=0146 chunk_step=0] delta_max_rad=0.099545 delta_max_deg=5.7035 joint=right_thumb_IP joint_index=21 from_rad=0.584530 to_rad=0.484986
[action 000293 chunk_step=0] raw=[-0.3049,1.1737] sent=[-0.3049,1.1737] limit_clips=0 step_clips=0 tracking_max=nan
[cmd 000294 kind=policy chunk=0146 chunk_step=1] delta_max_rad=0.105356 delta_max_deg=6.0365 joint=right_thumb_MCP_FE joint_index=19 from_rad=0.545638 to_rad=0.440282
[action 000294 chunk_step=1] raw=[-0.3254,1.1105] sent=[-0.3254,1.1105] limit_clips=0 step_clips=0 tracking_max=nan
[latency] hand_policy inference_ms=10.044
[chunk 0147] inference=0.010s predicted=(2, 22)
[cmd 000295 kind=policy chunk=0147 chunk_step=0] delta_max_rad=0.107074 delta_max_deg=6.1349 joint=right_index_PIP joint_index=2 from_rad=0.461674 to_rad=0.568748
[action 000295 chunk_step=0] raw=[-0.3491,1.1798] sent=[-0.3491,1.1798] limit_clips=0 step_clips=0 tracking_max=nan
[cmd 000296 kind=policy chunk=0147 chunk_step=1] delta_max_rad=0.097711 delta_max_deg=5.5984 joint=right_pinky_PIP joint_index=11 from_rad=0.394181 to_rad=0.491892
[action 000296 chunk_step=1] raw=[-0.3491,1.2734] sent=[-0.3491,1.2734] limit_clips=0 step_clips=0 tracking_max=nan
[latency] hand_policy inference_ms=8.806
[chunk 0148] inference=0.009s predicted=(2, 22)
[cmd 000297 kind=policy chunk=0148 chunk_step=0] delta_max_rad=0.126593 delta_max_deg=7.2532 joint=right_thumb_IP joint_index=21 from_rad=0.218577 to_rad=0.091984
[action 000297 chunk_step=0] raw=[-0.3474,1.3389] sent=[-0.3474,1.3389] limit_clips=0 step_clips=0 tracking_max=nan
[cmd 000298 kind=policy chunk=0148 chunk_step=1] delta_max_rad=0.120339 delta_max_deg=6.8949 joint=right_ring_MCP_FE joint_index=13 from_rad=0.495229 to_rad=0.615568
[action 000298 chunk_step=1] raw=[-0.3472,1.3745] sent=[-0.3472,1.3745] limit_clips=0 step_clips=0 tracking_max=nan
[latency] hand_policy inference_ms=9.051
[chunk 0149] inference=0.009s predicted=(2, 22)
[cmd 000299 kind=policy chunk=0149 chunk_step=0] delta_max_rad=0.110850 delta_max_deg=6.3513 joint=right_index_PIP joint_index=2 from_rad=0.802522 to_rad=0.691672
[action 000299 chunk_step=0] raw=[-0.3474,1.2932] sent=[-0.3474,1.2932] limit_clips=0 step_clips=0 tracking_max=nan
[cmd 000300 kind=policy chunk=0149 chunk_step=1] delta_max_rad=0.101510 delta_max_deg=5.8161 joint=right_pinky_PIP joint_index=11 from_rad=0.649157 to_rad=0.547648
[action 000300 chunk_step=1] raw=[-0.3475,1.2601] sent=[-0.3475,1.2601] limit_clips=0 step_clips=0 tracking_max=nan
[latency] hand_policy inference_ms=10.303
[chunk 0150] inference=0.010s predicted=(2, 22)
[cmd 000301 kind=policy chunk=0150 chunk_step=0] delta_max_rad=0.092844 delta_max_deg=5.3196 joint=right_index_PIP joint_index=2 from_rad=0.592698 to_rad=0.499854
[action 000301 chunk_step=0] raw=[-0.3455,1.2243] sent=[-0.3455,1.2243] limit_clips=0 step_clips=0 tracking_max=nan
[cmd 000302 kind=policy chunk=0150 chunk_step=1] delta_max_rad=0.110957 delta_max_deg=6.3574 joint=right_index_DIP joint_index=3 from_rad=1.120630 to_rad=1.009673
[action 000302 chunk_step=1] raw=[-0.3473,1.2093] sent=[-0.3473,1.2093] limit_clips=0 step_clips=0 tracking_max=nan
[latency] hand_policy inference_ms=9.508
[chunk 0151] inference=0.010s predicted=(2, 22)
[cmd 000303 kind=policy chunk=0151 chunk_step=0] delta_max_rad=0.104195 delta_max_deg=5.9699 joint=right_pinky_PIP joint_index=11 from_rad=0.388643 to_rad=0.284447
[action 000303 chunk_step=0] raw=[-0.3477,1.2058] sent=[-0.3477,1.2058] limit_clips=0 step_clips=0 tracking_max=nan
[cmd 000304 kind=policy chunk=0151 chunk_step=1] delta_max_rad=0.096300 delta_max_deg=5.5176 joint=right_pinky_PIP joint_index=11 from_rad=0.284447 to_rad=0.188148
[action 000304 chunk_step=1] raw=[-0.3452,1.2475] sent=[-0.3452,1.2475] limit_clips=0 step_clips=0 tracking_max=nan
[latency] hand_policy inference_ms=9.337
[chunk 0152] inference=0.009s predicted=(2, 22)
[cmd 000305 kind=policy chunk=0152 chunk_step=0] delta_max_rad=0.110295 delta_max_deg=6.3195 joint=right_pinky_PIP joint_index=11 from_rad=0.188148 to_rad=0.077852
[action 000305 chunk_step=0] raw=[-0.3491,1.2736] sent=[-0.3491,1.2736] limit_clips=0 step_clips=0 tracking_max=nan
[cmd 000306 kind=policy chunk=0152 chunk_step=1] delta_max_rad=0.107948 delta_max_deg=6.1850 joint=right_middle_PIP joint_index=6 from_rad=0.370469 to_rad=0.262521
[action 000306 chunk_step=1] raw=[-0.3489,1.2613] sent=[-0.3489,1.2613] limit_clips=0 step_clips=0 tracking_max=nan
[latency] hand_policy inference_ms=8.851
[chunk 0153] inference=0.009s predicted=(2, 22)
[cmd 000307 kind=policy chunk=0153 chunk_step=0] delta_max_rad=0.096167 delta_max_deg=5.5100 joint=right_index_DIP joint_index=3 from_rad=0.963243 to_rad=1.059410
[action 000307 chunk_step=0] raw=[-0.3482,1.1694] sent=[-0.3482,1.1694] limit_clips=0 step_clips=0 tracking_max=nan
[cmd 000308 kind=policy chunk=0153 chunk_step=1] delta_max_rad=0.111660 delta_max_deg=6.3977 joint=right_pinky_DIP joint_index=12 from_rad=0.780668 to_rad=0.892328
[action 000308 chunk_step=1] raw=[-0.3484,1.1533] sent=[-0.3484,1.1533] limit_clips=0 step_clips=0 tracking_max=nan
[latency] hand_policy inference_ms=10.131
[chunk 0154] inference=0.010s predicted=(2, 22)
[cmd 000309 kind=policy chunk=0154 chunk_step=0] delta_max_rad=0.114903 delta_max_deg=6.5834 joint=right_index_PIP joint_index=2 from_rad=0.377873 to_rad=0.492776
[action 000309 chunk_step=0] raw=[-0.3479,1.2411] sent=[-0.3479,1.2411] limit_clips=0 step_clips=0 tracking_max=nan
[cmd 000310 kind=policy chunk=0154 chunk_step=1] delta_max_rad=0.094293 delta_max_deg=5.4026 joint=right_ring_DIP joint_index=16 from_rad=0.890136 to_rad=0.795843
[action 000310 chunk_step=1] raw=[-0.3487,1.3217] sent=[-0.3487,1.3217] limit_clips=0 step_clips=0 tracking_max=nan
[latency] hand_policy inference_ms=8.518
[chunk 0155] inference=0.009s predicted=(2, 22)
[cmd 000311 kind=policy chunk=0155 chunk_step=0] delta_max_rad=0.108504 delta_max_deg=6.2168 joint=right_index_PIP joint_index=2 from_rad=0.570018 to_rad=0.678522
[action 000311 chunk_step=0] raw=[-0.3480,1.3466] sent=[-0.3480,1.3466] limit_clips=0 step_clips=0 tracking_max=nan
[cmd 000312 kind=policy chunk=0155 chunk_step=1] delta_max_rad=0.096723 delta_max_deg=5.5418 joint=right_ring_MCP_FE joint_index=13 from_rad=0.501211 to_rad=0.597934
[action 000312 chunk_step=1] raw=[-0.3491,1.3739] sent=[-0.3491,1.3739] limit_clips=0 step_clips=0 tracking_max=nan
[latency] hand_policy inference_ms=8.805
[chunk 0156] inference=0.009s predicted=(2, 22)
[cmd 000313 kind=policy chunk=0156 chunk_step=0] delta_max_rad=0.101292 delta_max_deg=5.8036 joint=right_index_PIP joint_index=2 from_rad=0.680161 to_rad=0.578869
[action 000313 chunk_step=0] raw=[-0.3491,1.3023] sent=[-0.3491,1.3023] limit_clips=0 step_clips=0 tracking_max=nan
[cmd 000314 kind=policy chunk=0156 chunk_step=1] delta_max_rad=0.106771 delta_max_deg=6.1175 joint=right_pinky_PIP joint_index=11 from_rad=0.459843 to_rad=0.353072
[action 000314 chunk_step=1] raw=[-0.3487,1.2979] sent=[-0.3487,1.2979] limit_clips=0 step_clips=0 tracking_max=nan
[latency] hand_policy inference_ms=9.745
[chunk 0157] inference=0.010s predicted=(2, 22)
[cmd 000315 kind=policy chunk=0157 chunk_step=0] delta_max_rad=0.097284 delta_max_deg=5.5740 joint=right_pinky_DIP joint_index=12 from_rad=1.149680 to_rad=1.052396
[action 000315 chunk_step=0] raw=[-0.3468,1.2663] sent=[-0.3468,1.2663] limit_clips=0 step_clips=0 tracking_max=nan
[cmd 000316 kind=policy chunk=0157 chunk_step=1] delta_max_rad=0.099591 delta_max_deg=5.7062 joint=right_index_DIP joint_index=3 from_rad=1.109567 to_rad=1.009976
[action 000316 chunk_step=1] raw=[-0.3446,1.2425] sent=[-0.3446,1.2425] limit_clips=0 step_clips=0 tracking_max=nan
[latency] hand_policy inference_ms=8.512
[chunk 0158] inference=0.009s predicted=(2, 22)
[cmd 000317 kind=policy chunk=0158 chunk_step=0] delta_max_rad=0.103535 delta_max_deg=5.9321 joint=right_pinky_PIP joint_index=11 from_rad=0.176880 to_rad=0.073345
[action 000317 chunk_step=0] raw=[-0.3491,1.3206] sent=[-0.3491,1.3206] limit_clips=0 step_clips=0 tracking_max=nan
[cmd 000318 kind=policy chunk=0158 chunk_step=1] delta_max_rad=0.108199 delta_max_deg=6.1993 joint=right_index_PIP joint_index=2 from_rad=0.224412 to_rad=0.116213
[action 000318 chunk_step=1] raw=[-0.3382,1.3863] sent=[-0.3382,1.3863] limit_clips=0 step_clips=0 tracking_max=nan
[latency] hand_policy inference_ms=8.785
[chunk 0159] inference=0.009s predicted=(2, 22)
[cmd 000319 kind=policy chunk=0159 chunk_step=0] delta_max_rad=0.111805 delta_max_deg=6.4060 joint=right_pinky_DIP joint_index=12 from_rad=0.763060 to_rad=0.651255
[action 000319 chunk_step=0] raw=[-0.3346,1.3850] sent=[-0.3346,1.3850] limit_clips=0 step_clips=0 tracking_max=nan
[cmd 000320 kind=policy chunk=0159 chunk_step=1] delta_max_rad=0.094667 delta_max_deg=5.4240 joint=right_thumb_IP joint_index=21 from_rad=0.413659 to_rad=0.508326
[action 000320 chunk_step=1] raw=[-0.2933,1.3626] sent=[-0.2933,1.3626] limit_clips=0 step_clips=0 tracking_max=nan
[latency] hand_policy inference_ms=9.749
[chunk 0160] inference=0.010s predicted=(2, 22)
[cmd 000321 kind=policy chunk=0160 chunk_step=0] delta_max_rad=0.114109 delta_max_deg=6.5380 joint=right_ring_DIP joint_index=16 from_rad=1.339463 to_rad=1.225354
[action 000321 chunk_step=0] raw=[-0.3356,1.2739] sent=[-0.3356,1.2739] limit_clips=0 step_clips=0 tracking_max=nan
[cmd 000322 kind=policy chunk=0160 chunk_step=1] delta_max_rad=0.103142 delta_max_deg=5.9096 joint=right_middle_PIP joint_index=6 from_rad=0.539605 to_rad=0.436463
[action 000322 chunk_step=1] raw=[-0.3482,1.1896] sent=[-0.3482,1.1896] limit_clips=0 step_clips=0 tracking_max=nan
[latency] hand_policy inference_ms=8.591
[chunk 0161] inference=0.009s predicted=(2, 22)
[cmd 000323 kind=policy chunk=0161 chunk_step=0] delta_max_rad=0.101056 delta_max_deg=5.7901 joint=right_thumb_MCP_FE joint_index=19 from_rad=0.574316 to_rad=0.473260
[action 000323 chunk_step=0] raw=[-0.3491,1.2177] sent=[-0.3491,1.2177] limit_clips=0 step_clips=0 tracking_max=nan
[cmd 000324 kind=policy chunk=0161 chunk_step=1] delta_max_rad=0.099641 delta_max_deg=5.7090 joint=right_index_DIP joint_index=3 from_rad=1.217719 to_rad=1.317359
[action 000324 chunk_step=1] raw=[-0.3491,1.3174] sent=[-0.3491,1.3174] limit_clips=0 step_clips=0 tracking_max=nan
[latency] hand_policy inference_ms=9.051
[chunk 0162] inference=0.009s predicted=(2, 22)
[cmd 000325 kind=policy chunk=0162 chunk_step=0] delta_max_rad=0.115156 delta_max_deg=6.5979 joint=right_index_PIP joint_index=2 from_rad=0.514708 to_rad=0.629863
[action 000325 chunk_step=0] raw=[-0.3491,1.3841] sent=[-0.3491,1.3841] limit_clips=0 step_clips=0 tracking_max=nan
[cmd 000326 kind=policy chunk=0162 chunk_step=1] delta_max_rad=0.103775 delta_max_deg=5.9459 joint=right_ring_MCP_FE joint_index=13 from_rad=0.314354 to_rad=0.418129
[action 000326 chunk_step=1] raw=[-0.3489,1.3946] sent=[-0.3489,1.3946] limit_clips=0 step_clips=0 tracking_max=nan
[latency] hand_policy inference_ms=9.763
[chunk 0163] inference=0.010s predicted=(2, 22)
[cmd 000327 kind=policy chunk=0163 chunk_step=0] delta_max_rad=0.121354 delta_max_deg=6.9530 joint=right_ring_MCP_FE joint_index=13 from_rad=0.418129 to_rad=0.539483
[action 000327 chunk_step=0] raw=[-0.3445,1.3864] sent=[-0.3445,1.3864] limit_clips=0 step_clips=0 tracking_max=nan
[cmd 000328 kind=policy chunk=0163 chunk_step=1] delta_max_rad=0.108498 delta_max_deg=6.2164 joint=right_thumb_MCP_FE joint_index=19 from_rad=0.305351 to_rad=0.413848
[action 000328 chunk_step=1] raw=[-0.3440,1.3135] sent=[-0.3440,1.3135] limit_clips=0 step_clips=0 tracking_max=nan
[latency] hand_policy inference_ms=8.566
[chunk 0164] inference=0.009s predicted=(2, 22)
[cmd 000329 kind=policy chunk=0164 chunk_step=0] delta_max_rad=0.105413 delta_max_deg=6.0397 joint=right_pinky_PIP joint_index=11 from_rad=0.608452 to_rad=0.503039
[action 000329 chunk_step=0] raw=[-0.3467,1.2282] sent=[-0.3467,1.2282] limit_clips=0 step_clips=0 tracking_max=nan
[cmd 000330 kind=policy chunk=0164 chunk_step=1] delta_max_rad=0.103829 delta_max_deg=5.9490 joint=right_pinky_PIP joint_index=11 from_rad=0.503039 to_rad=0.399210
[action 000330 chunk_step=1] raw=[-0.3485,1.1976] sent=[-0.3485,1.1976] limit_clips=0 step_clips=0 tracking_max=nan
[latency] hand_policy inference_ms=8.736
[chunk 0165] inference=0.009s predicted=(2, 22)
[cmd 000331 kind=policy chunk=0165 chunk_step=0] delta_max_rad=0.106210 delta_max_deg=6.0854 joint=right_thumb_MCP_FE joint_index=19 from_rad=0.551664 to_rad=0.657875
[action 000331 chunk_step=0] raw=[-0.3476,1.2726] sent=[-0.3476,1.2726] limit_clips=0 step_clips=0 tracking_max=nan
[cmd 000332 kind=policy chunk=0165 chunk_step=1] delta_max_rad=0.108475 delta_max_deg=6.2152 joint=right_index_DIP joint_index=3 from_rad=1.054940 to_rad=0.946465
[action 000332 chunk_step=1] raw=[-0.3344,1.3583] sent=[-0.3344,1.3583] limit_clips=0 step_clips=0 tracking_max=nan
[latency] hand_policy inference_ms=9.816
[chunk 0166] inference=0.010s predicted=(2, 22)
[cmd 000333 kind=policy chunk=0166 chunk_step=0] delta_max_rad=0.107371 delta_max_deg=6.1519 joint=right_ring_MCP_FE joint_index=13 from_rad=0.243121 to_rad=0.135750
[action 000333 chunk_step=0] raw=[-0.3292,1.3926] sent=[-0.3292,1.3926] limit_clips=0 step_clips=0 tracking_max=nan
[cmd 000334 kind=policy chunk=0166 chunk_step=1] delta_max_rad=0.106879 delta_max_deg=6.1237 joint=right_thumb_IP joint_index=21 from_rad=0.329983 to_rad=0.436862
[action 000334 chunk_step=1] raw=[-0.2507,1.3682] sent=[-0.2507,1.3682] limit_clips=0 step_clips=0 tracking_max=nan
[latency] hand_policy inference_ms=8.526
[chunk 0167] inference=0.009s predicted=(2, 22)
[cmd 000335 kind=policy chunk=0167 chunk_step=0] delta_max_rad=0.125951 delta_max_deg=7.2165 joint=right_thumb_IP joint_index=21 from_rad=0.436862 to_rad=0.562813
[action 000335 chunk_step=0] raw=[-0.2051,1.3808] sent=[-0.2051,1.3808] limit_clips=0 step_clips=0 tracking_max=nan
[cmd 000336 kind=policy chunk=0167 chunk_step=1] delta_max_rad=0.119326 delta_max_deg=6.8369 joint=right_thumb_IP joint_index=21 from_rad=0.562813 to_rad=0.682139
[action 000336 chunk_step=1] raw=[-0.1881,1.3963] sent=[-0.1881,1.3963] limit_clips=0 step_clips=0 tracking_max=nan
[latency] hand_policy inference_ms=8.755
[chunk 0168] inference=0.009s predicted=(2, 22)
[cmd 000337 kind=policy chunk=0168 chunk_step=0] delta_max_rad=0.103227 delta_max_deg=5.9145 joint=right_thumb_IP joint_index=21 from_rad=0.682139 to_rad=0.785366
[action 000337 chunk_step=0] raw=[-0.1841,1.3916] sent=[-0.1841,1.3916] limit_clips=0 step_clips=0 tracking_max=nan
[cmd 000338 kind=policy chunk=0168 chunk_step=1] delta_max_rad=0.086576 delta_max_deg=4.9604 joint=right_index_DIP joint_index=3 from_rad=0.710657 to_rad=0.797233
[action 000338 chunk_step=1] raw=[-0.2127,1.3551] sent=[-0.2127,1.3551] limit_clips=0 step_clips=0 tracking_max=nan
[latency] hand_policy inference_ms=9.986
[chunk 0169] inference=0.010s predicted=(2, 22)
[cmd 000339 kind=policy chunk=0169 chunk_step=0] delta_max_rad=0.103850 delta_max_deg=5.9501 joint=right_ring_DIP joint_index=16 from_rad=1.355076 to_rad=1.251226
[action 000339 chunk_step=0] raw=[-0.2890,1.2512] sent=[-0.2890,1.2512] limit_clips=0 step_clips=0 tracking_max=nan
[cmd 000340 kind=policy chunk=0169 chunk_step=1] delta_max_rad=0.103815 delta_max_deg=5.9482 joint=right_pinky_PIP joint_index=11 from_rad=0.198121 to_rad=0.301937
[action 000340 chunk_step=1] raw=[-0.3404,1.1658] sent=[-0.3404,1.1658] limit_clips=0 step_clips=0 tracking_max=nan
[latency] hand_policy inference_ms=8.482
[chunk 0170] inference=0.008s predicted=(2, 22)
[cmd 000341 kind=policy chunk=0170 chunk_step=0] delta_max_rad=0.105544 delta_max_deg=6.0473 joint=right_index_DIP joint_index=3 from_rad=0.970817 to_rad=1.076362
[action 000341 chunk_step=0] raw=[-0.3444,1.0764] sent=[-0.3444,1.0764] limit_clips=0 step_clips=0 tracking_max=nan
[cmd 000342 kind=policy chunk=0170 chunk_step=1] delta_max_rad=0.100897 delta_max_deg=5.7810 joint=right_thumb_MCP_FE joint_index=19 from_rad=0.705436 to_rad=0.604538
[action 000342 chunk_step=1] raw=[-0.3466,1.1692] sent=[-0.3466,1.1692] limit_clips=0 step_clips=0 tracking_max=nan
[latency] hand_policy inference_ms=8.691
[chunk 0171] inference=0.009s predicted=(2, 22)
[cmd 000343 kind=policy chunk=0171 chunk_step=0] delta_max_rad=0.108235 delta_max_deg=6.2014 joint=right_pinky_PIP joint_index=11 from_rad=0.485865 to_rad=0.594100
[action 000343 chunk_step=0] raw=[-0.3448,1.2474] sent=[-0.3448,1.2474] limit_clips=0 step_clips=0 tracking_max=nan
[cmd 000344 kind=policy chunk=0171 chunk_step=1] delta_max_rad=0.101060 delta_max_deg=5.7903 joint=right_ring_DIP joint_index=16 from_rad=0.918968 to_rad=0.817909
[action 000344 chunk_step=1] raw=[-0.3447,1.3393] sent=[-0.3447,1.3393] limit_clips=0 step_clips=0 tracking_max=nan
[latency] hand_policy inference_ms=9.834
[chunk 0172] inference=0.010s predicted=(2, 22)
[cmd 000345 kind=policy chunk=0172 chunk_step=0] delta_max_rad=0.102048 delta_max_deg=5.8469 joint=right_ring_MCP_FE joint_index=13 from_rad=0.223206 to_rad=0.325254
[action 000345 chunk_step=0] raw=[-0.3478,1.3842] sent=[-0.3478,1.3842] limit_clips=0 step_clips=0 tracking_max=nan
[cmd 000346 kind=policy chunk=0172 chunk_step=1] delta_max_rad=0.115587 delta_max_deg=6.6226 joint=right_middle_MCP_FE joint_index=4 from_rad=0.303541 to_rad=0.419128
[action 000346 chunk_step=1] raw=[-0.3401,1.3819] sent=[-0.3401,1.3819] limit_clips=0 step_clips=0 tracking_max=nan
[latency] hand_policy inference_ms=9.420
[chunk 0173] inference=0.009s predicted=(2, 22)
[cmd 000347 kind=policy chunk=0173 chunk_step=0] delta_max_rad=0.116823 delta_max_deg=6.6935 joint=right_middle_MCP_FE joint_index=4 from_rad=0.419128 to_rad=0.535951
[action 000347 chunk_step=0] raw=[-0.3489,1.3963] sent=[-0.3489,1.3963] limit_clips=0 step_clips=0 tracking_max=nan
[cmd 000348 kind=policy chunk=0173 chunk_step=1] delta_max_rad=0.120925 delta_max_deg=6.9285 joint=right_index_PIP joint_index=2 from_rad=0.798793 to_rad=0.677869
[action 000348 chunk_step=1] raw=[-0.3462,1.3467] sent=[-0.3462,1.3467] limit_clips=0 step_clips=0 tracking_max=nan
[latency] hand_policy inference_ms=9.041
[chunk 0174] inference=0.009s predicted=(2, 22)
[cmd 000349 kind=policy chunk=0174 chunk_step=0] delta_max_rad=0.103693 delta_max_deg=5.9412 joint=right_middle_MCP_AA joint_index=5 from_rad=-0.125566 to_rad=-0.021873
[action 000349 chunk_step=0] raw=[-0.3477,1.2613] sent=[-0.3477,1.2613] limit_clips=0 step_clips=0 tracking_max=nan
[cmd 000350 kind=policy chunk=0174 chunk_step=1] delta_max_rad=0.092877 delta_max_deg=5.3214 joint=right_middle_DIP joint_index=7 from_rad=0.863781 to_rad=0.956657
[action 000350 chunk_step=1] raw=[-0.3459,1.2392] sent=[-0.3459,1.2392] limit_clips=0 step_clips=0 tracking_max=nan
[latency] hand_policy inference_ms=8.999
[chunk 0175] inference=0.009s predicted=(2, 22)
[cmd 000351 kind=policy chunk=0175 chunk_step=0] delta_max_rad=0.094877 delta_max_deg=5.4361 joint=right_index_PIP joint_index=2 from_rad=0.511674 to_rad=0.416797
[action 000351 chunk_step=0] raw=[-0.3470,1.2102] sent=[-0.3470,1.2102] limit_clips=0 step_clips=0 tracking_max=nan
[cmd 000352 kind=policy chunk=0175 chunk_step=1] delta_max_rad=0.111300 delta_max_deg=6.3770 joint=right_pinky_PIP joint_index=11 from_rad=0.592553 to_rad=0.481253
[action 000352 chunk_step=1] raw=[-0.3463,1.1862] sent=[-0.3463,1.1862] limit_clips=0 step_clips=0 tracking_max=nan
[latency] hand_policy inference_ms=9.948
[chunk 0176] inference=0.010s predicted=(2, 22)
[cmd 000353 kind=policy chunk=0176 chunk_step=0] delta_max_rad=0.107984 delta_max_deg=6.1870 joint=right_pinky_PIP joint_index=11 from_rad=0.481253 to_rad=0.373269
[action 000353 chunk_step=0] raw=[-0.3340,1.2157] sent=[-0.3340,1.2157] limit_clips=0 step_clips=0 tracking_max=nan
[cmd 000354 kind=policy chunk=0176 chunk_step=1] delta_max_rad=0.093208 delta_max_deg=5.3404 joint=right_pinky_CMC joint_index=8 from_rad=0.082291 to_rad=0.175499
[action 000354 chunk_step=1] raw=[-0.2505,1.3046] sent=[-0.2505,1.3046] limit_clips=0 step_clips=0 tracking_max=nan
[latency] hand_policy inference_ms=8.951
[chunk 0177] inference=0.009s predicted=(2, 22)
[cmd 000355 kind=policy chunk=0177 chunk_step=0] delta_max_rad=0.099054 delta_max_deg=5.6754 joint=right_index_DIP joint_index=3 from_rad=0.942211 to_rad=1.041265
[action 000355 chunk_step=0] raw=[-0.1999,1.3080] sent=[-0.1999,1.3080] limit_clips=0 step_clips=0 tracking_max=nan
[cmd 000356 kind=policy chunk=0177 chunk_step=1] delta_max_rad=0.106594 delta_max_deg=6.1074 joint=right_thumb_MCP_FE joint_index=19 from_rad=0.721563 to_rad=0.614969
[action 000356 chunk_step=1] raw=[-0.2527,1.2053] sent=[-0.2527,1.2053] limit_clips=0 step_clips=0 tracking_max=nan
[latency] hand_policy inference_ms=9.047
[chunk 0178] inference=0.009s predicted=(2, 22)
[cmd 000357 kind=policy chunk=0178 chunk_step=0] delta_max_rad=0.099372 delta_max_deg=5.6936 joint=right_index_PIP joint_index=2 from_rad=0.192629 to_rad=0.292002
[action 000357 chunk_step=0] raw=[-0.3397,1.2137] sent=[-0.3397,1.2137] limit_clips=0 step_clips=0 tracking_max=nan
[cmd 000358 kind=policy chunk=0178 chunk_step=1] delta_max_rad=0.108401 delta_max_deg=6.2109 joint=right_pinky_DIP joint_index=12 from_rad=0.613839 to_rad=0.722239
[action 000358 chunk_step=1] raw=[-0.3480,1.3177] sent=[-0.3480,1.3177] limit_clips=0 step_clips=0 tracking_max=nan
[latency] hand_policy inference_ms=9.324
[chunk 0179] inference=0.009s predicted=(2, 22)
[cmd 000359 kind=policy chunk=0179 chunk_step=0] delta_max_rad=0.099017 delta_max_deg=5.6732 joint=right_index_PIP joint_index=2 from_rad=0.381881 to_rad=0.480898
[action 000359 chunk_step=0] raw=[-0.3491,1.3875] sent=[-0.3491,1.3875] limit_clips=0 step_clips=0 tracking_max=nan
[cmd 000360 kind=policy chunk=0179 chunk_step=1] delta_max_rad=0.102993 delta_max_deg=5.9011 joint=right_middle_MCP_FE joint_index=4 from_rad=0.403226 to_rad=0.506219
[action 000360 chunk_step=1] raw=[-0.3491,1.3856] sent=[-0.3491,1.3856] limit_clips=0 step_clips=0 tracking_max=nan
[latency] hand_policy inference_ms=8.835
[chunk 0180] inference=0.009s predicted=(2, 22)
[cmd 000361 kind=policy chunk=0180 chunk_step=0] delta_max_rad=0.111862 delta_max_deg=6.4092 joint=right_middle_DIP joint_index=7 from_rad=0.854802 to_rad=0.742940
[action 000361 chunk_step=0] raw=[-0.3457,1.3896] sent=[-0.3457,1.3896] limit_clips=0 step_clips=0 tracking_max=nan
[cmd 000362 kind=policy chunk=0180 chunk_step=1] delta_max_rad=0.061445 delta_max_deg=3.5205 joint=right_middle_DIP joint_index=7 from_rad=0.742940 to_rad=0.681495
[action 000362 chunk_step=1] raw=[-0.3463,1.3905] sent=[-0.3463,1.3905] limit_clips=0 step_clips=0 tracking_max=nan
[latency] hand_policy inference_ms=9.049
[chunk 0181] inference=0.009s predicted=(2, 22)
[cmd 000363 kind=policy chunk=0181 chunk_step=0] delta_max_rad=0.102030 delta_max_deg=5.8459 joint=right_index_PIP joint_index=2 from_rad=0.665243 to_rad=0.563213
[action 000363 chunk_step=0] raw=[-0.3466,1.3082] sent=[-0.3466,1.3082] limit_clips=0 step_clips=0 tracking_max=nan
[cmd 000364 kind=policy chunk=0181 chunk_step=1] delta_max_rad=0.109494 delta_max_deg=6.2735 joint=right_middle_MCP_FE joint_index=4 from_rad=0.627742 to_rad=0.518248
[action 000364 chunk_step=1] raw=[-0.3466,1.2349] sent=[-0.3466,1.2349] limit_clips=0 step_clips=0 tracking_max=nan
[latency] hand_policy inference_ms=9.444
[chunk 0182] inference=0.009s predicted=(2, 22)
[cmd 000365 kind=policy chunk=0182 chunk_step=0] delta_max_rad=0.115455 delta_max_deg=6.6151 joint=right_thumb_MCP_FE joint_index=19 from_rad=0.506483 to_rad=0.621938
[action 000365 chunk_step=0] raw=[-0.3456,1.2017] sent=[-0.3456,1.2017] limit_clips=0 step_clips=0 tracking_max=nan
[cmd 000366 kind=policy chunk=0182 chunk_step=1] delta_max_rad=0.108039 delta_max_deg=6.1902 joint=right_thumb_MCP_FE joint_index=19 from_rad=0.621938 to_rad=0.729977
[action 000366 chunk_step=1] raw=[-0.3450,1.1675] sent=[-0.3450,1.1675] limit_clips=0 step_clips=0 tracking_max=nan
[latency] hand_policy inference_ms=9.012
[chunk 0183] inference=0.009s predicted=(2, 22)
[cmd 000367 kind=policy chunk=0183 chunk_step=0] delta_max_rad=0.116814 delta_max_deg=6.6929 joint=right_middle_MCP_FE joint_index=4 from_rad=0.321857 to_rad=0.205044
[action 000367 chunk_step=0] raw=[-0.3474,1.1465] sent=[-0.3474,1.1465] limit_clips=0 step_clips=0 tracking_max=nan
[cmd 000368 kind=policy chunk=0183 chunk_step=1] delta_max_rad=0.113086 delta_max_deg=6.4794 joint=right_index_PIP joint_index=2 from_rad=0.201614 to_rad=0.088528
[action 000368 chunk_step=1] raw=[-0.3268,1.2194] sent=[-0.3268,1.2194] limit_clips=0 step_clips=0 tracking_max=nan
[latency] hand_policy inference_ms=10.185
[chunk 0184] inference=0.010s predicted=(2, 22)
[cmd 000369 kind=policy chunk=0184 chunk_step=0] delta_max_rad=0.114571 delta_max_deg=6.5644 joint=right_thumb_IP joint_index=21 from_rad=0.401133 to_rad=0.515703
[action 000369 chunk_step=0] raw=[-0.2940,1.3058] sent=[-0.2940,1.3058] limit_clips=0 step_clips=0 tracking_max=nan
[cmd 000370 kind=policy chunk=0184 chunk_step=1] delta_max_rad=0.108870 delta_max_deg=6.2378 joint=right_index_DIP joint_index=3 from_rad=0.887890 to_rad=0.996759
[action 000370 chunk_step=1] raw=[-0.2704,1.2753] sent=[-0.2704,1.2753] limit_clips=0 step_clips=0 tracking_max=nan
[latency] hand_policy inference_ms=9.301
[chunk 0185] inference=0.009s predicted=(2, 22)
[cmd 000371 kind=policy chunk=0185 chunk_step=0] delta_max_rad=0.105734 delta_max_deg=6.0581 joint=right_index_DIP joint_index=3 from_rad=0.996759 to_rad=1.102493
[action 000371 chunk_step=0] raw=[-0.3432,1.1743] sent=[-0.3432,1.1743] limit_clips=0 step_clips=0 tracking_max=nan
[cmd 000372 kind=policy chunk=0185 chunk_step=1] delta_max_rad=0.104738 delta_max_deg=6.0011 joint=right_pinky_PIP joint_index=11 from_rad=0.278801 to_rad=0.383539
[action 000372 chunk_step=1] raw=[-0.3472,1.1865] sent=[-0.3472,1.1865] limit_clips=0 step_clips=0 tracking_max=nan
[latency] hand_policy inference_ms=8.970
[chunk 0186] inference=0.009s predicted=(2, 22)
[cmd 000373 kind=policy chunk=0186 chunk_step=0] delta_max_rad=0.100668 delta_max_deg=5.7678 joint=right_pinky_DIP joint_index=12 from_rad=0.698628 to_rad=0.799295
[action 000373 chunk_step=0] raw=[-0.3491,1.2723] sent=[-0.3491,1.2723] limit_clips=0 step_clips=0 tracking_max=nan
[cmd 000374 kind=policy chunk=0186 chunk_step=1] delta_max_rad=0.102345 delta_max_deg=5.8639 joint=right_index_PIP joint_index=2 from_rad=0.376901 to_rad=0.479245
[action 000374 chunk_step=1] raw=[-0.3470,1.3571] sent=[-0.3470,1.3571] limit_clips=0 step_clips=0 tracking_max=nan
[latency] hand_policy inference_ms=10.457
[chunk 0187] inference=0.010s predicted=(2, 22)
[cmd 000375 kind=policy chunk=0187 chunk_step=0] delta_max_rad=0.109316 delta_max_deg=6.2633 joint=right_middle_MCP_FE joint_index=4 from_rad=0.261138 to_rad=0.370454
[action 000375 chunk_step=0] raw=[-0.3491,1.3963] sent=[-0.3491,1.3963] limit_clips=0 step_clips=0 tracking_max=nan
[cmd 000376 kind=policy chunk=0187 chunk_step=1] delta_max_rad=0.105926 delta_max_deg=6.0691 joint=right_ring_MCP_FE joint_index=13 from_rad=0.348583 to_rad=0.454509
[action 000376 chunk_step=1] raw=[-0.3476,1.3932] sent=[-0.3476,1.3932] limit_clips=0 step_clips=0 tracking_max=nan
[latency] hand_policy inference_ms=9.227
[chunk 0188] inference=0.009s predicted=(2, 22)
[cmd 000377 kind=policy chunk=0188 chunk_step=0] delta_max_rad=0.113775 delta_max_deg=6.5188 joint=right_ring_MCP_FE joint_index=13 from_rad=0.454509 to_rad=0.568284
[action 000377 chunk_step=0] raw=[-0.3455,1.3928] sent=[-0.3455,1.3928] limit_clips=0 step_clips=0 tracking_max=nan
[cmd 000378 kind=policy chunk=0188 chunk_step=1] delta_max_rad=0.103119 delta_max_deg=5.9083 joint=right_index_DIP joint_index=3 from_rad=1.392787 to_rad=1.289668
[action 000378 chunk_step=1] raw=[-0.3479,1.2897] sent=[-0.3479,1.2897] limit_clips=0 step_clips=0 tracking_max=nan
[latency] hand_policy inference_ms=8.720
[chunk 0189] inference=0.009s predicted=(2, 22)
[cmd 000379 kind=policy chunk=0189 chunk_step=0] delta_max_rad=0.106996 delta_max_deg=6.1304 joint=right_pinky_MCP_FE joint_index=9 from_rad=0.898657 to_rad=1.005653
[action 000379 chunk_step=0] raw=[-0.3484,1.2230] sent=[-0.3484,1.2230] limit_clips=0 step_clips=0 tracking_max=nan
[cmd 000380 kind=policy chunk=0189 chunk_step=1] delta_max_rad=0.113295 delta_max_deg=6.4913 joint=right_pinky_PIP joint_index=11 from_rad=0.615948 to_rad=0.502653
[action 000380 chunk_step=1] raw=[-0.3475,1.3136] sent=[-0.3475,1.3136] limit_clips=0 step_clips=0 tracking_max=nan
[latency] hand_policy inference_ms=8.960
[chunk 0190] inference=0.009s predicted=(2, 22)
[cmd 000381 kind=policy chunk=0190 chunk_step=0] delta_max_rad=0.103514 delta_max_deg=5.9309 joint=right_pinky_DIP joint_index=12 from_rad=1.103299 to_rad=0.999785
[action 000381 chunk_step=0] raw=[-0.3462,1.3727] sent=[-0.3462,1.3727] limit_clips=0 step_clips=0 tracking_max=nan
[cmd 000382 kind=policy chunk=0190 chunk_step=1] delta_max_rad=0.099667 delta_max_deg=5.7105 joint=right_pinky_DIP joint_index=12 from_rad=0.999785 to_rad=0.900118
[action 000382 chunk_step=1] raw=[-0.3475,1.3776] sent=[-0.3475,1.3776] limit_clips=0 step_clips=0 tracking_max=nan
[latency] hand_policy inference_ms=9.838
[chunk 0191] inference=0.010s predicted=(2, 22)
[cmd 000383 kind=policy chunk=0191 chunk_step=0] delta_max_rad=0.099023 delta_max_deg=5.6736 joint=right_ring_MCP_FE joint_index=13 from_rad=0.302555 to_rad=0.203532
[action 000383 chunk_step=0] raw=[-0.3491,1.3843] sent=[-0.3491,1.3843] limit_clips=0 step_clips=0 tracking_max=nan
[cmd 000384 kind=policy chunk=0191 chunk_step=1] delta_max_rad=0.103036 delta_max_deg=5.9035 joint=right_thumb_IP joint_index=21 from_rad=0.243631 to_rad=0.346667
[action 000384 chunk_step=1] raw=[-0.3468,1.3963] sent=[-0.3468,1.3963] limit_clips=0 step_clips=0 tracking_max=nan
[latency] hand_policy inference_ms=8.586
[chunk 0192] inference=0.009s predicted=(2, 22)
[cmd 000385 kind=policy chunk=0192 chunk_step=0] delta_max_rad=0.115829 delta_max_deg=6.6365 joint=right_pinky_DIP joint_index=12 from_rad=0.713349 to_rad=0.597520
[action 000385 chunk_step=0] raw=[-0.3474,1.3653] sent=[-0.3474,1.3653] limit_clips=0 step_clips=0 tracking_max=nan
[cmd 000386 kind=policy chunk=0192 chunk_step=1] delta_max_rad=0.116261 delta_max_deg=6.6612 joint=right_ring_PIP joint_index=15 from_rad=1.131426 to_rad=1.015166
[action 000386 chunk_step=1] raw=[-0.3487,1.2797] sent=[-0.3487,1.2797] limit_clips=0 step_clips=0 tracking_max=nan
[latency] hand_policy inference_ms=8.771
[chunk 0193] inference=0.009s predicted=(2, 22)
[cmd 000387 kind=policy chunk=0193 chunk_step=0] delta_max_rad=0.101550 delta_max_deg=5.8184 joint=right_ring_PIP joint_index=15 from_rad=1.015166 to_rad=0.913616
[action 000387 chunk_step=0] raw=[-0.3478,1.1903] sent=[-0.3478,1.1903] limit_clips=0 step_clips=0 tracking_max=nan
[cmd 000388 kind=policy chunk=0193 chunk_step=1] delta_max_rad=0.098426 delta_max_deg=5.6394 joint=right_ring_DIP joint_index=16 from_rad=1.000940 to_rad=0.902515
[action 000388 chunk_step=1] raw=[-0.3483,1.2462] sent=[-0.3483,1.2462] limit_clips=0 step_clips=0 tracking_max=nan
[latency] hand_policy inference_ms=9.230
[chunk 0194] inference=0.009s predicted=(2, 22)
[cmd 000389 kind=policy chunk=0194 chunk_step=0] delta_max_rad=0.110602 delta_max_deg=6.3370 joint=right_index_PIP joint_index=2 from_rad=0.482355 to_rad=0.592957
[action 000389 chunk_step=0] raw=[-0.3491,1.3365] sent=[-0.3491,1.3365] limit_clips=0 step_clips=0 tracking_max=nan
[cmd 000390 kind=policy chunk=0194 chunk_step=1] delta_max_rad=0.101101 delta_max_deg=5.7926 joint=right_ring_MCP_FE joint_index=13 from_rad=0.303852 to_rad=0.404952
[action 000390 chunk_step=1] raw=[-0.3480,1.3741] sent=[-0.3480,1.3741] limit_clips=0 step_clips=0 tracking_max=nan
[latency] hand_policy inference_ms=8.978
[chunk 0195] inference=0.009s predicted=(2, 22)
[cmd 000391 kind=policy chunk=0195 chunk_step=0] delta_max_rad=0.105739 delta_max_deg=6.0584 joint=right_ring_MCP_FE joint_index=13 from_rad=0.404952 to_rad=0.510691
[action 000391 chunk_step=0] raw=[-0.3455,1.3850] sent=[-0.3455,1.3850] limit_clips=0 step_clips=0 tracking_max=nan
[cmd 000392 kind=policy chunk=0195 chunk_step=1] delta_max_rad=0.101253 delta_max_deg=5.8014 joint=right_middle_DIP joint_index=7 from_rad=0.997427 to_rad=1.098680
[action 000392 chunk_step=1] raw=[-0.3458,1.2838] sent=[-0.3458,1.2838] limit_clips=0 step_clips=0 tracking_max=nan
[latency] hand_policy inference_ms=10.312
[chunk 0196] inference=0.010s predicted=(2, 22)
[cmd 000393 kind=policy chunk=0196 chunk_step=0] delta_max_rad=0.096075 delta_max_deg=5.5047 joint=right_index_PIP joint_index=2 from_rad=0.612873 to_rad=0.516798
[action 000393 chunk_step=0] raw=[-0.3452,1.2846] sent=[-0.3452,1.2846] limit_clips=0 step_clips=0 tracking_max=nan
[cmd 000394 kind=policy chunk=0196 chunk_step=1] delta_max_rad=0.106646 delta_max_deg=6.1104 joint=right_ring_PIP joint_index=15 from_rad=0.705891 to_rad=0.812536
[action 000394 chunk_step=1] raw=[-0.3480,1.2750] sent=[-0.3480,1.2750] limit_clips=0 step_clips=0 tracking_max=nan
[latency] hand_policy inference_ms=9.207
[chunk 0197] inference=0.009s predicted=(2, 22)
[cmd 000395 kind=policy chunk=0197 chunk_step=0] delta_max_rad=0.100511 delta_max_deg=5.7589 joint=right_ring_MCP_FE joint_index=13 from_rad=0.427402 to_rad=0.326891
[action 000395 chunk_step=0] raw=[-0.3475,1.3363] sent=[-0.3475,1.3363] limit_clips=0 step_clips=0 tracking_max=nan
[cmd 000396 kind=policy chunk=0197 chunk_step=1] delta_max_rad=0.114908 delta_max_deg=6.5837 joint=right_pinky_PIP joint_index=11 from_rad=0.288030 to_rad=0.173121
[action 000396 chunk_step=1] raw=[-0.3488,1.3803] sent=[-0.3488,1.3803] limit_clips=0 step_clips=0 tracking_max=nan
[latency] hand_policy inference_ms=9.171
[chunk 0198] inference=0.009s predicted=(2, 22)
[cmd 000397 kind=policy chunk=0198 chunk_step=0] delta_max_rad=0.108533 delta_max_deg=6.2185 joint=right_ring_MCP_FE joint_index=13 from_rad=0.236178 to_rad=0.127645
[action 000397 chunk_step=0] raw=[-0.3471,1.3869] sent=[-0.3471,1.3869] limit_clips=0 step_clips=0 tracking_max=nan
[cmd 000398 kind=policy chunk=0198 chunk_step=1] delta_max_rad=0.103685 delta_max_deg=5.9407 joint=right_thumb_IP joint_index=21 from_rad=0.407799 to_rad=0.511484
[action 000398 chunk_step=1] raw=[-0.3447,1.3878] sent=[-0.3447,1.3878] limit_clips=0 step_clips=0 tracking_max=nan
[latency] hand_policy inference_ms=9.929
[chunk 0199] inference=0.010s predicted=(2, 22)
[cmd 000399 kind=policy chunk=0199 chunk_step=0] delta_max_rad=0.107033 delta_max_deg=6.1325 joint=right_pinky_MCP_AA joint_index=10 from_rad=0.280539 to_rad=0.173506
[action 000399 chunk_step=0] raw=[-0.3477,1.3322] sent=[-0.3477,1.3322] limit_clips=0 step_clips=0 tracking_max=nan
[cmd 000400 kind=policy chunk=0199 chunk_step=1] delta_max_rad=0.099527 delta_max_deg=5.7025 joint=right_ring_PIP joint_index=15 from_rad=0.905603 to_rad=0.806076
[action 000400 chunk_step=1] raw=[-0.3491,1.2461] sent=[-0.3491,1.2461] limit_clips=0 step_clips=0 tracking_max=nan
[latency] hand_policy inference_ms=9.491
[chunk 0200] inference=0.009s predicted=(2, 22)
[cmd 000401 kind=policy chunk=0200 chunk_step=0] delta_max_rad=0.097240 delta_max_deg=5.5714 joint=right_ring_MCP_FE joint_index=13 from_rad=0.129087 to_rad=0.226326
[action 000401 chunk_step=0] raw=[-0.3491,1.2826] sent=[-0.3491,1.2826] limit_clips=0 step_clips=0 tracking_max=nan
[cmd 000402 kind=policy chunk=0200 chunk_step=1] delta_max_rad=0.097669 delta_max_deg=5.5960 joint=right_ring_PIP joint_index=15 from_rad=0.710183 to_rad=0.612514
[action 000402 chunk_step=1] raw=[-0.3475,1.3695] sent=[-0.3475,1.3695] limit_clips=0 step_clips=0 tracking_max=nan
[latency] hand_policy inference_ms=8.757
[chunk 0201] inference=0.009s predicted=(2, 22)
[cmd 000403 kind=policy chunk=0201 chunk_step=0] delta_max_rad=0.115335 delta_max_deg=6.6082 joint=right_index_PIP joint_index=2 from_rad=0.532010 to_rad=0.647345
[action 000403 chunk_step=0] raw=[-0.3470,1.3935] sent=[-0.3470,1.3935] limit_clips=0 step_clips=0 tracking_max=nan
[cmd 000404 kind=policy chunk=0201 chunk_step=1] delta_max_rad=0.111337 delta_max_deg=6.3791 joint=right_ring_MCP_FE joint_index=13 from_rad=0.415722 to_rad=0.527059
[action 000404 chunk_step=1] raw=[-0.3490,1.3851] sent=[-0.3490,1.3851] limit_clips=0 step_clips=0 tracking_max=nan
[latency] hand_policy inference_ms=9.921
[chunk 0202] inference=0.010s predicted=(2, 22)
[cmd 000405 kind=policy chunk=0202 chunk_step=0] delta_max_rad=0.124559 delta_max_deg=7.1367 joint=right_pinky_DIP joint_index=12 from_rad=1.182031 to_rad=1.306590
[action 000405 chunk_step=0] raw=[-0.3457,1.3698] sent=[-0.3457,1.3698] limit_clips=0 step_clips=0 tracking_max=nan
[cmd 000406 kind=policy chunk=0202 chunk_step=1] delta_max_rad=0.103305 delta_max_deg=5.9190 joint=right_index_DIP joint_index=3 from_rad=1.369776 to_rad=1.266471
[action 000406 chunk_step=1] raw=[-0.3445,1.3469] sent=[-0.3445,1.3469] limit_clips=0 step_clips=0 tracking_max=nan
[latency] hand_policy inference_ms=8.553
[chunk 0203] inference=0.009s predicted=(2, 22)
[cmd 000407 kind=policy chunk=0203 chunk_step=0] delta_max_rad=0.098916 delta_max_deg=5.6675 joint=right_index_PIP joint_index=2 from_rad=0.655324 to_rad=0.556408
[action 000407 chunk_step=0] raw=[-0.3476,1.3372] sent=[-0.3476,1.3372] limit_clips=0 step_clips=0 tracking_max=nan
[cmd 000408 kind=policy chunk=0203 chunk_step=1] delta_max_rad=0.098094 delta_max_deg=5.6204 joint=right_ring_PIP joint_index=15 from_rad=0.662095 to_rad=0.760189
[action 000408 chunk_step=1] raw=[-0.3491,1.3748] sent=[-0.3491,1.3748] limit_clips=0 step_clips=0 tracking_max=nan
[latency] hand_policy inference_ms=8.961
[chunk 0204] inference=0.009s predicted=(2, 22)
[cmd 000409 kind=policy chunk=0204 chunk_step=0] delta_max_rad=0.114967 delta_max_deg=6.5871 joint=right_pinky_DIP joint_index=12 from_rad=1.279568 to_rad=1.164602
[action 000409 chunk_step=0] raw=[-0.3465,1.3797] sent=[-0.3465,1.3797] limit_clips=0 step_clips=0 tracking_max=nan
[cmd 000410 kind=policy chunk=0204 chunk_step=1] delta_max_rad=0.103248 delta_max_deg=5.9157 joint=right_pinky_DIP joint_index=12 from_rad=1.164602 to_rad=1.061354
[action 000410 chunk_step=1] raw=[-0.3474,1.3889] sent=[-0.3474,1.3889] limit_clips=0 step_clips=0 tracking_max=nan
[latency] hand_policy inference_ms=10.039
[chunk 0205] inference=0.010s predicted=(2, 22)
[cmd 000411 kind=policy chunk=0205 chunk_step=0] delta_max_rad=0.100357 delta_max_deg=5.7500 joint=right_ring_MCP_FE joint_index=13 from_rad=0.336575 to_rad=0.236219
[action 000411 chunk_step=0] raw=[-0.3491,1.3881] sent=[-0.3491,1.3881] limit_clips=0 step_clips=0 tracking_max=nan
[cmd 000412 kind=policy chunk=0205 chunk_step=1] delta_max_rad=0.110197 delta_max_deg=6.3138 joint=right_pinky_DIP joint_index=12 from_rad=0.971601 to_rad=0.861404
[action 000412 chunk_step=1] raw=[-0.3488,1.3933] sent=[-0.3488,1.3933] limit_clips=0 step_clips=0 tracking_max=nan
[latency] hand_policy inference_ms=8.757
[chunk 0206] inference=0.009s predicted=(2, 22)
[cmd 000413 kind=policy chunk=0206 chunk_step=0] delta_max_rad=0.102017 delta_max_deg=5.8451 joint=right_pinky_DIP joint_index=12 from_rad=0.861404 to_rad=0.759387
[action 000413 chunk_step=0] raw=[-0.3469,1.3928] sent=[-0.3469,1.3928] limit_clips=0 step_clips=0 tracking_max=nan
[cmd 000414 kind=policy chunk=0206 chunk_step=1] delta_max_rad=0.106857 delta_max_deg=6.1225 joint=right_thumb_IP joint_index=21 from_rad=0.468081 to_rad=0.361224
[action 000414 chunk_step=1] raw=[-0.3491,1.3271] sent=[-0.3491,1.3271] limit_clips=0 step_clips=0 tracking_max=nan
[latency] hand_policy inference_ms=8.974
[chunk 0207] inference=0.009s predicted=(2, 22)
[cmd 000415 kind=policy chunk=0207 chunk_step=0] delta_max_rad=0.095185 delta_max_deg=5.4537 joint=right_ring_PIP joint_index=15 from_rad=0.832562 to_rad=0.737376
[action 000415 chunk_step=0] raw=[-0.3491,1.2444] sent=[-0.3491,1.2444] limit_clips=0 step_clips=0 tracking_max=nan
[cmd 000416 kind=policy chunk=0207 chunk_step=1] delta_max_rad=0.114423 delta_max_deg=6.5559 joint=right_pinky_DIP joint_index=12 from_rad=0.846724 to_rad=0.961147
[action 000416 chunk_step=1] raw=[-0.3480,1.3117] sent=[-0.3480,1.3117] limit_clips=0 step_clips=0 tracking_max=nan
[latency] hand_policy inference_ms=10.028
[chunk 0208] inference=0.010s predicted=(2, 22)
[cmd 000417 kind=policy chunk=0208 chunk_step=0] delta_max_rad=0.101723 delta_max_deg=5.8283 joint=right_index_PIP joint_index=2 from_rad=0.548156 to_rad=0.649878
[action 000417 chunk_step=0] raw=[-0.3476,1.3874] sent=[-0.3476,1.3874] limit_clips=0 step_clips=0 tracking_max=nan
[cmd 000418 kind=policy chunk=0208 chunk_step=1] delta_max_rad=0.113654 delta_max_deg=6.5119 joint=right_pinky_DIP joint_index=12 from_rad=1.049388 to_rad=1.163041
[action 000418 chunk_step=1] raw=[-0.3489,1.3959] sent=[-0.3489,1.3959] limit_clips=0 step_clips=0 tracking_max=nan
[latency] hand_policy inference_ms=8.646
[chunk 0209] inference=0.009s predicted=(2, 22)
[cmd 000419 kind=policy chunk=0209 chunk_step=0] delta_max_rad=0.103108 delta_max_deg=5.9077 joint=right_ring_MCP_FE joint_index=13 from_rad=0.510459 to_rad=0.613567
[action 000419 chunk_step=0] raw=[-0.3465,1.3893] sent=[-0.3465,1.3893] limit_clips=0 step_clips=0 tracking_max=nan
[cmd 000420 kind=policy chunk=0209 chunk_step=1] delta_max_rad=0.097220 delta_max_deg=5.5703 joint=right_pinky_MCP_AA joint_index=10 from_rad=0.126820 to_rad=0.224041
[action 000420 chunk_step=1] raw=[-0.3441,1.3491] sent=[-0.3441,1.3491] limit_clips=0 step_clips=0 tracking_max=nan
[latency] hand_policy inference_ms=8.794
[chunk 0210] inference=0.009s predicted=(2, 22)
[cmd 000421 kind=policy chunk=0210 chunk_step=0] delta_max_rad=0.108001 delta_max_deg=6.1880 joint=right_index_PIP joint_index=2 from_rad=0.722006 to_rad=0.614005
[action 000421 chunk_step=0] raw=[-0.3488,1.3439] sent=[-0.3488,1.3439] limit_clips=0 step_clips=0 tracking_max=nan
[cmd 000422 kind=policy chunk=0210 chunk_step=1] delta_max_rad=0.103722 delta_max_deg=5.9428 joint=right_ring_MCP_FE joint_index=13 from_rad=0.645242 to_rad=0.541519
[action 000422 chunk_step=1] raw=[-0.3491,1.3252] sent=[-0.3491,1.3252] limit_clips=0 step_clips=0 tracking_max=nan
[latency] hand_policy inference_ms=9.485
[chunk 0211] inference=0.009s predicted=(2, 22)
[cmd 000423 kind=policy chunk=0211 chunk_step=0] delta_max_rad=0.112887 delta_max_deg=6.4680 joint=right_pinky_DIP joint_index=12 from_rad=1.216720 to_rad=1.103832
[action 000423 chunk_step=0] raw=[-0.3461,1.3574] sent=[-0.3461,1.3574] limit_clips=0 step_clips=0 tracking_max=nan
[cmd 000424 kind=policy chunk=0211 chunk_step=1] delta_max_rad=0.113900 delta_max_deg=6.5260 joint=right_index_DIP joint_index=3 from_rad=1.030922 to_rad=0.917022
[action 000424 chunk_step=1] raw=[-0.3481,1.3696] sent=[-0.3481,1.3696] limit_clips=0 step_clips=0 tracking_max=nan
[latency] hand_policy inference_ms=9.114
[chunk 0212] inference=0.009s predicted=(2, 22)
[cmd 000425 kind=policy chunk=0212 chunk_step=0] delta_max_rad=0.112539 delta_max_deg=6.4480 joint=right_pinky_DIP joint_index=12 from_rad=0.997483 to_rad=0.884944
[action 000425 chunk_step=0] raw=[-0.3487,1.3891] sent=[-0.3487,1.3891] limit_clips=0 step_clips=0 tracking_max=nan
[cmd 000426 kind=policy chunk=0212 chunk_step=1] delta_max_rad=0.111374 delta_max_deg=6.3813 joint=right_pinky_DIP joint_index=12 from_rad=0.884944 to_rad=0.773569
[action 000426 chunk_step=1] raw=[-0.3471,1.3963] sent=[-0.3471,1.3963] limit_clips=0 step_clips=0 tracking_max=nan
[latency] hand_policy inference_ms=9.049
[chunk 0213] inference=0.009s predicted=(2, 22)
[cmd 000427 kind=policy chunk=0213 chunk_step=0] delta_max_rad=0.127400 delta_max_deg=7.2995 joint=right_pinky_DIP joint_index=12 from_rad=0.773569 to_rad=0.646169
[action 000427 chunk_step=0] raw=[-0.3491,1.3758] sent=[-0.3491,1.3758] limit_clips=0 step_clips=0 tracking_max=nan
[cmd 000428 kind=policy chunk=0213 chunk_step=1] delta_max_rad=0.092704 delta_max_deg=5.3115 joint=right_pinky_MCP_FE joint_index=9 from_rad=1.185516 to_rad=1.092813
[action 000428 chunk_step=1] raw=[-0.3384,1.3626] sent=[-0.3384,1.3626] limit_clips=0 step_clips=0 tracking_max=nan
[latency] hand_policy inference_ms=9.664
[chunk 0214] inference=0.010s predicted=(2, 22)
[cmd 000429 kind=policy chunk=0214 chunk_step=0] delta_max_rad=0.104503 delta_max_deg=5.9876 joint=right_index_DIP joint_index=3 from_rad=0.934697 to_rad=1.039200
[action 000429 chunk_step=0] raw=[-0.3465,1.2779] sent=[-0.3465,1.2779] limit_clips=0 step_clips=0 tracking_max=nan
[cmd 000430 kind=policy chunk=0214 chunk_step=1] delta_max_rad=0.108408 delta_max_deg=6.2113 joint=right_pinky_PIP joint_index=11 from_rad=0.056868 to_rad=0.165276
[action 000430 chunk_step=1] raw=[-0.3491,1.1969] sent=[-0.3491,1.1969] limit_clips=0 step_clips=0 tracking_max=nan
[latency] hand_policy inference_ms=9.249
[chunk 0215] inference=0.009s predicted=(2, 22)
[cmd 000431 kind=policy chunk=0215 chunk_step=0] delta_max_rad=0.092325 delta_max_deg=5.2898 joint=right_index_DIP joint_index=3 from_rad=1.114551 to_rad=1.206876
[action 000431 chunk_step=0] raw=[-0.3491,1.2069] sent=[-0.3491,1.2069] limit_clips=0 step_clips=0 tracking_max=nan
[cmd 000432 kind=policy chunk=0215 chunk_step=1] delta_max_rad=0.097450 delta_max_deg=5.5835 joint=right_index_DIP joint_index=3 from_rad=1.206876 to_rad=1.304326
[action 000432 chunk_step=1] raw=[-0.3491,1.3043] sent=[-0.3491,1.3043] limit_clips=0 step_clips=0 tracking_max=nan
[latency] hand_policy inference_ms=9.541
[chunk 0216] inference=0.010s predicted=(2, 22)
[cmd 000433 kind=policy chunk=0216 chunk_step=0] delta_max_rad=0.111740 delta_max_deg=6.4022 joint=right_pinky_DIP joint_index=12 from_rad=0.820563 to_rad=0.932303
[action 000433 chunk_step=0] raw=[-0.3471,1.3766] sent=[-0.3471,1.3766] limit_clips=0 step_clips=0 tracking_max=nan
[cmd 000434 kind=policy chunk=0216 chunk_step=1] delta_max_rad=0.100341 delta_max_deg=5.7491 joint=right_pinky_PIP joint_index=11 from_rad=0.418680 to_rad=0.519021
[action 000434 chunk_step=1] raw=[-0.3476,1.3893] sent=[-0.3476,1.3893] limit_clips=0 step_clips=0 tracking_max=nan
[latency] hand_policy inference_ms=10.222
[chunk 0217] inference=0.010s predicted=(2, 22)
[cmd 000435 kind=policy chunk=0217 chunk_step=0] delta_max_rad=0.101775 delta_max_deg=5.8313 joint=right_ring_MCP_FE joint_index=13 from_rad=0.496450 to_rad=0.598224
[action 000435 chunk_step=0] raw=[-0.3434,1.3337] sent=[-0.3434,1.3337] limit_clips=0 step_clips=0 tracking_max=nan
[cmd 000436 kind=policy chunk=0217 chunk_step=1] delta_max_rad=0.103682 delta_max_deg=5.9405 joint=right_middle_DIP joint_index=7 from_rad=1.160577 to_rad=1.264259
[action 000436 chunk_step=1] raw=[-0.3452,1.3245] sent=[-0.3452,1.3245] limit_clips=0 step_clips=0 tracking_max=nan
[latency] hand_policy inference_ms=8.771
[chunk 0218] inference=0.009s predicted=(2, 22)
[cmd 000437 kind=policy chunk=0218 chunk_step=0] delta_max_rad=0.096345 delta_max_deg=5.5201 joint=right_ring_DIP joint_index=16 from_rad=0.852401 to_rad=0.948746
[action 000437 chunk_step=0] raw=[-0.3437,1.3455] sent=[-0.3437,1.3455] limit_clips=0 step_clips=0 tracking_max=nan
[cmd 000438 kind=policy chunk=0218 chunk_step=1] delta_max_rad=0.094202 delta_max_deg=5.3974 joint=right_pinky_MCP_FE joint_index=9 from_rad=1.047042 to_rad=1.141244
[action 000438 chunk_step=1] raw=[-0.3478,1.3963] sent=[-0.3478,1.3963] limit_clips=0 step_clips=0 tracking_max=nan
[latency] hand_policy inference_ms=8.937
[chunk 0219] inference=0.009s predicted=(2, 22)
[cmd 000439 kind=policy chunk=0219 chunk_step=0] delta_max_rad=0.102461 delta_max_deg=5.8706 joint=right_ring_MCP_FE joint_index=13 from_rad=0.440634 to_rad=0.338173
[action 000439 chunk_step=0] raw=[-0.3473,1.3911] sent=[-0.3473,1.3911] limit_clips=0 step_clips=0 tracking_max=nan
[cmd 000440 kind=policy chunk=0219 chunk_step=1] delta_max_rad=0.109167 delta_max_deg=6.2548 joint=right_pinky_DIP joint_index=12 from_rad=0.990322 to_rad=0.881154
[action 000440 chunk_step=1] raw=[-0.3471,1.3852] sent=[-0.3471,1.3852] limit_clips=0 step_clips=0 tracking_max=nan
[latency] hand_policy inference_ms=9.409
[chunk 0220] inference=0.009s predicted=(2, 22)
[cmd 000441 kind=policy chunk=0220 chunk_step=0] delta_max_rad=0.125068 delta_max_deg=7.1659 joint=right_pinky_DIP joint_index=12 from_rad=0.881154 to_rad=0.756086
[action 000441 chunk_step=0] raw=[-0.3479,1.3860] sent=[-0.3479,1.3860] limit_clips=0 step_clips=0 tracking_max=nan
[cmd 000442 kind=policy chunk=0220 chunk_step=1] delta_max_rad=0.114233 delta_max_deg=6.5451 joint=right_thumb_IP joint_index=21 from_rad=0.497248 to_rad=0.611480
[action 000442 chunk_step=1] raw=[-0.3475,1.3897] sent=[-0.3475,1.3897] limit_clips=0 step_clips=0 tracking_max=nan
[latency] hand_policy inference_ms=9.384
[chunk 0221] inference=0.009s predicted=(2, 22)
[cmd 000443 kind=policy chunk=0221 chunk_step=0] delta_max_rad=0.105460 delta_max_deg=6.0424 joint=right_pinky_DIP joint_index=12 from_rad=0.647143 to_rad=0.541684
[action 000443 chunk_step=0] raw=[-0.3491,1.3963] sent=[-0.3491,1.3963] limit_clips=0 step_clips=0 tracking_max=nan
[cmd 000444 kind=policy chunk=0221 chunk_step=1] delta_max_rad=0.122968 delta_max_deg=7.0455 joint=right_ring_PIP joint_index=15 from_rad=1.050733 to_rad=0.927765
[action 000444 chunk_step=1] raw=[-0.3491,1.3254] sent=[-0.3491,1.3254] limit_clips=0 step_clips=0 tracking_max=nan
[latency] hand_policy inference_ms=9.303
[chunk 0222] inference=0.009s predicted=(2, 22)
[cmd 000445 kind=policy chunk=0222 chunk_step=0] delta_max_rad=0.113394 delta_max_deg=6.4970 joint=right_thumb_IP joint_index=21 from_rad=0.604861 to_rad=0.491467
[action 000445 chunk_step=0] raw=[-0.3491,1.2326] sent=[-0.3491,1.2326] limit_clips=0 step_clips=0 tracking_max=nan
[cmd 000446 kind=policy chunk=0222 chunk_step=1] delta_max_rad=0.105282 delta_max_deg=6.0322 joint=right_pinky_PIP joint_index=11 from_rad=0.148871 to_rad=0.254152
[action 000446 chunk_step=1] raw=[-0.3485,1.3269] sent=[-0.3485,1.3269] limit_clips=0 step_clips=0 tracking_max=nan
[latency] hand_policy inference_ms=9.949
[chunk 0223] inference=0.010s predicted=(2, 22)
[cmd 000447 kind=policy chunk=0223 chunk_step=0] delta_max_rad=0.098112 delta_max_deg=5.6214 joint=right_ring_DIP joint_index=16 from_rad=1.137078 to_rad=1.038965
[action 000447 chunk_step=0] raw=[-0.3473,1.3937] sent=[-0.3473,1.3937] limit_clips=0 step_clips=0 tracking_max=nan
[cmd 000448 kind=policy chunk=0223 chunk_step=1] delta_max_rad=0.100742 delta_max_deg=5.7721 joint=right_middle_MCP_FE joint_index=4 from_rad=0.463817 to_rad=0.564558
[action 000448 chunk_step=1] raw=[-0.3477,1.3931] sent=[-0.3477,1.3931] limit_clips=0 step_clips=0 tracking_max=nan
[latency] hand_policy inference_ms=8.687
[chunk 0224] inference=0.009s predicted=(2, 22)
[cmd 000449 kind=policy chunk=0224 chunk_step=0] delta_max_rad=0.110958 delta_max_deg=6.3574 joint=right_ring_MCP_FE joint_index=13 from_rad=0.362340 to_rad=0.473298
[action 000449 chunk_step=0] raw=[-0.3435,1.3954] sent=[-0.3435,1.3954] limit_clips=0 step_clips=0 tracking_max=nan
[cmd 000450 kind=policy chunk=0224 chunk_step=1] delta_max_rad=0.127196 delta_max_deg=7.2878 joint=right_index_PIP joint_index=2 from_rad=0.680816 to_rad=0.553620
[action 000450 chunk_step=1] raw=[-0.3465,1.3073] sent=[-0.3465,1.3073] limit_clips=0 step_clips=0 tracking_max=nan
[latency] hand_policy inference_ms=8.841
[chunk 0225] inference=0.009s predicted=(2, 22)
[cmd 000451 kind=policy chunk=0225 chunk_step=0] delta_max_rad=0.103659 delta_max_deg=5.9392 joint=right_ring_DIP joint_index=16 from_rad=0.848328 to_rad=0.951986
[action 000451 chunk_step=0] raw=[-0.3452,1.3004] sent=[-0.3452,1.3004] limit_clips=0 step_clips=0 tracking_max=nan
[cmd 000452 kind=policy chunk=0225 chunk_step=1] delta_max_rad=0.097304 delta_max_deg=5.5751 joint=right_pinky_PIP joint_index=11 from_rad=0.383097 to_rad=0.285793
[action 000452 chunk_step=1] raw=[-0.3479,1.2769] sent=[-0.3479,1.2769] limit_clips=0 step_clips=0 tracking_max=nan
[latency] hand_policy inference_ms=9.524
[chunk 0226] inference=0.010s predicted=(2, 22)
[cmd 000453 kind=policy chunk=0226 chunk_step=0] delta_max_rad=0.106373 delta_max_deg=6.0947 joint=right_ring_DIP joint_index=16 from_rad=1.035040 to_rad=1.141413
[action 000453 chunk_step=0] raw=[-0.3461,1.3159] sent=[-0.3461,1.3159] limit_clips=0 step_clips=0 tracking_max=nan
[cmd 000454 kind=policy chunk=0226 chunk_step=1] delta_max_rad=0.102974 delta_max_deg=5.9000 joint=right_index_PIP joint_index=2 from_rad=0.285579 to_rad=0.182605
[action 000454 chunk_step=1] raw=[-0.3407,1.3436] sent=[-0.3407,1.3436] limit_clips=0 step_clips=0 tracking_max=nan
[latency] hand_policy inference_ms=9.138
[chunk 0227] inference=0.009s predicted=(2, 22)
[cmd 000455 kind=policy chunk=0227 chunk_step=0] delta_max_rad=0.108216 delta_max_deg=6.2003 joint=right_thumb_IP joint_index=21 from_rad=0.420536 to_rad=0.528752
[action 000455 chunk_step=0] raw=[-0.3470,1.3700] sent=[-0.3470,1.3700] limit_clips=0 step_clips=0 tracking_max=nan
[cmd 000456 kind=policy chunk=0227 chunk_step=1] delta_max_rad=0.115417 delta_max_deg=6.6129 joint=right_thumb_IP joint_index=21 from_rad=0.528752 to_rad=0.644169
[action 000456 chunk_step=1] raw=[-0.3294,1.3805] sent=[-0.3294,1.3805] limit_clips=0 step_clips=0 tracking_max=nan
[latency] hand_policy inference_ms=10.222
[chunk 0228] inference=0.010s predicted=(2, 22)
[cmd 000457 kind=policy chunk=0228 chunk_step=0] delta_max_rad=0.114178 delta_max_deg=6.5419 joint=right_thumb_IP joint_index=21 from_rad=0.644169 to_rad=0.758348
[action 000457 chunk_step=0] raw=[-0.2866,1.3963] sent=[-0.2866,1.3963] limit_clips=0 step_clips=0 tracking_max=nan
[cmd 000458 kind=policy chunk=0228 chunk_step=1] delta_max_rad=0.090652 delta_max_deg=5.1940 joint=right_thumb_IP joint_index=21 from_rad=0.758348 to_rad=0.849000
[action 000458 chunk_step=1] raw=[-0.2092,1.3931] sent=[-0.2092,1.3931] limit_clips=0 step_clips=0 tracking_max=nan
[latency] hand_policy inference_ms=9.457
[chunk 0229] inference=0.009s predicted=(2, 22)
[cmd 000459 kind=policy chunk=0229 chunk_step=0] delta_max_rad=0.130822 delta_max_deg=7.4956 joint=right_thumb_IP joint_index=21 from_rad=0.849000 to_rad=0.979822
[action 000459 chunk_step=0] raw=[-0.1371,1.3955] sent=[-0.1371,1.3955] limit_clips=0 step_clips=0 tracking_max=nan
[cmd 000460 kind=policy chunk=0229 chunk_step=1] delta_max_rad=0.110744 delta_max_deg=6.3452 joint=right_thumb_MCP_AA joint_index=20 from_rad=-0.103606 to_rad=0.007139
[action 000460 chunk_step=1] raw=[-0.1371,1.3771] sent=[-0.1371,1.3771] limit_clips=0 step_clips=0 tracking_max=nan
[latency] hand_policy inference_ms=9.112
[chunk 0230] inference=0.009s predicted=(2, 22)
[cmd 000461 kind=policy chunk=0230 chunk_step=0] delta_max_rad=0.097922 delta_max_deg=5.6105 joint=right_thumb_MCP_AA joint_index=20 from_rad=0.007139 to_rad=0.105061
[action 000461 chunk_step=0] raw=[-0.1341,1.3660] sent=[-0.1341,1.3660] limit_clips=0 step_clips=0 tracking_max=nan
[cmd 000462 kind=policy chunk=0230 chunk_step=1] delta_max_rad=0.094570 delta_max_deg=5.4185 joint=right_ring_PIP joint_index=15 from_rad=1.119619 to_rad=1.025049
[action 000462 chunk_step=1] raw=[-0.1488,1.3029] sent=[-0.1488,1.3029] limit_clips=0 step_clips=0 tracking_max=nan
[latency] hand_policy inference_ms=9.053
[chunk 0231] inference=0.009s predicted=(2, 22)
[cmd 000463 kind=policy chunk=0231 chunk_step=0] delta_max_rad=0.106715 delta_max_deg=6.1143 joint=right_pinky_DIP joint_index=12 from_rad=0.135771 to_rad=0.029056
[action 000463 chunk_step=0] raw=[-0.2153,1.2338] sent=[-0.2153,1.2338] limit_clips=0 step_clips=0 tracking_max=nan
[cmd 000464 kind=policy chunk=0231 chunk_step=1] delta_max_rad=0.108636 delta_max_deg=6.2244 joint=right_pinky_PIP joint_index=11 from_rad=0.240951 to_rad=0.349587
[action 000464 chunk_step=1] raw=[-0.2860,1.1465] sent=[-0.2860,1.1465] limit_clips=0 step_clips=0 tracking_max=nan
[latency] hand_policy inference_ms=9.392
[chunk 0232] inference=0.009s predicted=(2, 22)
[cmd 000465 kind=policy chunk=0232 chunk_step=0] delta_max_rad=0.109040 delta_max_deg=6.2476 joint=right_index_DIP joint_index=3 from_rad=0.962526 to_rad=1.071566
[action 000465 chunk_step=0] raw=[-0.3250,1.0716] sent=[-0.3250,1.0716] limit_clips=0 step_clips=0 tracking_max=nan
[cmd 000466 kind=policy chunk=0232 chunk_step=1] delta_max_rad=0.098797 delta_max_deg=5.6607 joint=right_index_DIP joint_index=3 from_rad=1.071566 to_rad=1.170364
[action 000466 chunk_step=1] raw=[-0.3338,1.1704] sent=[-0.3338,1.1704] limit_clips=0 step_clips=0 tracking_max=nan
[latency] hand_policy inference_ms=9.042
[chunk 0233] inference=0.009s predicted=(2, 22)
[cmd 000467 kind=policy chunk=0233 chunk_step=0] delta_max_rad=0.103845 delta_max_deg=5.9499 joint=right_thumb_IP joint_index=21 from_rad=0.707063 to_rad=0.603218
[action 000467 chunk_step=0] raw=[-0.3307,1.2589] sent=[-0.3307,1.2589] limit_clips=0 step_clips=0 tracking_max=nan
[cmd 000468 kind=policy chunk=0233 chunk_step=1] delta_max_rad=0.127777 delta_max_deg=7.3211 joint=right_pinky_PIP joint_index=11 from_rad=0.614233 to_rad=0.742010
[action 000468 chunk_step=1] raw=[-0.3437,1.3438] sent=[-0.3437,1.3438] limit_clips=0 step_clips=0 tracking_max=nan
[latency] hand_policy inference_ms=8.937
[chunk 0234] inference=0.009s predicted=(2, 22)
[cmd 000469 kind=policy chunk=0234 chunk_step=0] delta_max_rad=0.112696 delta_max_deg=6.4570 joint=right_ring_MCP_FE joint_index=13 from_rad=0.236209 to_rad=0.348904
[action 000469 chunk_step=0] raw=[-0.3464,1.3829] sent=[-0.3464,1.3829] limit_clips=0 step_clips=0 tracking_max=nan
[cmd 000470 kind=policy chunk=0234 chunk_step=1] delta_max_rad=0.115232 delta_max_deg=6.6023 joint=right_pinky_PIP joint_index=11 from_rad=0.842504 to_rad=0.957735
[action 000470 chunk_step=1] raw=[-0.3395,1.3773] sent=[-0.3395,1.3773] limit_clips=0 step_clips=0 tracking_max=nan
[latency] hand_policy inference_ms=9.890
[chunk 0235] inference=0.010s predicted=(2, 22)
[cmd 000471 kind=policy chunk=0235 chunk_step=0] delta_max_rad=0.102515 delta_max_deg=5.8737 joint=right_middle_MCP_FE joint_index=4 from_rad=0.266256 to_rad=0.368771
[action 000471 chunk_step=0] raw=[-0.3444,1.3963] sent=[-0.3444,1.3963] limit_clips=0 step_clips=0 tracking_max=nan
[cmd 000472 kind=policy chunk=0235 chunk_step=1] delta_max_rad=0.101526 delta_max_deg=5.8170 joint=right_index_PIP joint_index=2 from_rad=0.774115 to_rad=0.672589
[action 000472 chunk_step=1] raw=[-0.3428,1.3730] sent=[-0.3428,1.3730] limit_clips=0 step_clips=0 tracking_max=nan
[latency] hand_policy inference_ms=8.734
[chunk 0236] inference=0.009s predicted=(2, 22)
[cmd 000473 kind=policy chunk=0236 chunk_step=0] delta_max_rad=0.127933 delta_max_deg=7.3300 joint=right_middle_PIP joint_index=6 from_rad=0.396565 to_rad=0.524498
[action 000473 chunk_step=0] raw=[-0.3468,1.3279] sent=[-0.3468,1.3279] limit_clips=0 step_clips=0 tracking_max=nan
[cmd 000474 kind=policy chunk=0236 chunk_step=1] delta_max_rad=0.098899 delta_max_deg=5.6665 joint=right_middle_MCP_AA joint_index=5 from_rad=-0.082721 to_rad=0.016178
[action 000474 chunk_step=1] raw=[-0.3452,1.3161] sent=[-0.3452,1.3161] limit_clips=0 step_clips=0 tracking_max=nan
[latency] hand_policy inference_ms=9.148
[chunk 0237] inference=0.009s predicted=(2, 22)
[cmd 000475 kind=policy chunk=0237 chunk_step=0] delta_max_rad=0.095937 delta_max_deg=5.4968 joint=right_index_PIP joint_index=2 from_rad=0.497762 to_rad=0.401824
[action 000475 chunk_step=0] raw=[-0.3449,1.2747] sent=[-0.3449,1.2747] limit_clips=0 step_clips=0 tracking_max=nan
[cmd 000476 kind=policy chunk=0237 chunk_step=1] delta_max_rad=0.098489 delta_max_deg=5.6430 joint=right_index_PIP joint_index=2 from_rad=0.401824 to_rad=0.303335
[action 000476 chunk_step=1] raw=[-0.3481,1.2345] sent=[-0.3481,1.2345] limit_clips=0 step_clips=0 tracking_max=nan
[latency] hand_policy inference_ms=10.273
[chunk 0238] inference=0.010s predicted=(2, 22)
[cmd 000477 kind=policy chunk=0238 chunk_step=0] delta_max_rad=0.113846 delta_max_deg=6.5229 joint=right_index_PIP joint_index=2 from_rad=0.303335 to_rad=0.189489
[action 000477 chunk_step=0] raw=[-0.3456,1.1792] sent=[-0.3456,1.1792] limit_clips=0 step_clips=0 tracking_max=nan
[cmd 000478 kind=policy chunk=0238 chunk_step=1] delta_max_rad=0.096905 delta_max_deg=5.5523 joint=right_pinky_PIP joint_index=11 from_rad=0.532255 to_rad=0.435350
[action 000478 chunk_step=1] raw=[-0.3410,1.1542] sent=[-0.3410,1.1542] limit_clips=0 step_clips=0 tracking_max=nan
[latency] hand_policy inference_ms=9.472
[chunk 0239] inference=0.009s predicted=(2, 22)
[cmd 000479 kind=policy chunk=0239 chunk_step=0] delta_max_rad=0.103632 delta_max_deg=5.9377 joint=right_pinky_PIP joint_index=11 from_rad=0.435350 to_rad=0.331719
[action 000479 chunk_step=0] raw=[-0.3452,1.2296] sent=[-0.3452,1.2296] limit_clips=0 step_clips=0 tracking_max=nan
[cmd 000480 kind=policy chunk=0239 chunk_step=1] delta_max_rad=0.101482 delta_max_deg=5.8145 joint=right_middle_DIP joint_index=7 from_rad=1.229616 to_rad=1.331098
[action 000480 chunk_step=1] raw=[-0.3277,1.3311] sent=[-0.3277,1.3311] limit_clips=0 step_clips=0 tracking_max=nan
[latency] hand_policy inference_ms=9.068
[chunk 0240] inference=0.009s predicted=(2, 22)
[cmd 000481 kind=policy chunk=0240 chunk_step=0] delta_max_rad=0.094695 delta_max_deg=5.4256 joint=right_middle_PIP joint_index=6 from_rad=0.633884 to_rad=0.539189
[action 000481 chunk_step=0] raw=[-0.3221,1.3428] sent=[-0.3221,1.3428] limit_clips=0 step_clips=0 tracking_max=nan
[cmd 000482 kind=policy chunk=0240 chunk_step=1] delta_max_rad=0.103283 delta_max_deg=5.9177 joint=right_middle_PIP joint_index=6 from_rad=0.539189 to_rad=0.435906
[action 000482 chunk_step=1] raw=[-0.3483,1.2635] sent=[-0.3483,1.2635] limit_clips=0 step_clips=0 tracking_max=nan
[latency] hand_policy inference_ms=10.147
[chunk 0241] inference=0.010s predicted=(2, 22)
[cmd 000483 kind=policy chunk=0241 chunk_step=0] delta_max_rad=0.096049 delta_max_deg=5.5032 joint=right_pinky_PIP joint_index=11 from_rad=0.321277 to_rad=0.417326
[action 000483 chunk_step=0] raw=[-0.3473,1.3451] sent=[-0.3473,1.3451] limit_clips=0 step_clips=0 tracking_max=nan
[cmd 000484 kind=policy chunk=0241 chunk_step=1] delta_max_rad=0.102554 delta_max_deg=5.8759 joint=right_pinky_DIP joint_index=12 from_rad=0.714639 to_rad=0.817194
[action 000484 chunk_step=1] raw=[-0.3453,1.3909] sent=[-0.3453,1.3909] limit_clips=0 step_clips=0 tracking_max=nan
[latency] hand_policy inference_ms=9.457
[chunk 0242] inference=0.009s predicted=(2, 22)
[cmd 000485 kind=policy chunk=0242 chunk_step=0] delta_max_rad=0.089070 delta_max_deg=5.1033 joint=right_pinky_DIP joint_index=12 from_rad=0.817194 to_rad=0.906264
[action 000485 chunk_step=0] raw=[-0.3491,1.3914] sent=[-0.3491,1.3914] limit_clips=0 step_clips=0 tracking_max=nan
[cmd 000486 kind=policy chunk=0242 chunk_step=1] delta_max_rad=0.091947 delta_max_deg=5.2682 joint=right_middle_DIP joint_index=7 from_rad=0.982693 to_rad=0.890746
[action 000486 chunk_step=1] raw=[-0.3491,1.3963] sent=[-0.3491,1.3963] limit_clips=0 step_clips=0 tracking_max=nan
[latency] hand_policy inference_ms=8.763
[chunk 0243] inference=0.009s predicted=(2, 22)
[cmd 000487 kind=policy chunk=0243 chunk_step=0] delta_max_rad=0.105704 delta_max_deg=6.0564 joint=right_index_PIP joint_index=2 from_rad=0.404142 to_rad=0.298438
[action 000487 chunk_step=0] raw=[-0.3478,1.3210] sent=[-0.3478,1.3210] limit_clips=0 step_clips=0 tracking_max=nan
[cmd 000488 kind=policy chunk=0243 chunk_step=1] delta_max_rad=0.111388 delta_max_deg=6.3820 joint=right_pinky_PIP joint_index=11 from_rad=0.548249 to_rad=0.436862
[action 000488 chunk_step=1] raw=[-0.3491,1.2391] sent=[-0.3491,1.2391] limit_clips=0 step_clips=0 tracking_max=nan
[latency] hand_policy inference_ms=8.920
[chunk 0244] inference=0.009s predicted=(2, 22)
[cmd 000489 kind=policy chunk=0244 chunk_step=0] delta_max_rad=0.102986 delta_max_deg=5.9007 joint=right_ring_DIP joint_index=16 from_rad=0.621953 to_rad=0.724939
[action 000489 chunk_step=0] raw=[-0.3460,1.1888] sent=[-0.3460,1.1888] limit_clips=0 step_clips=0 tracking_max=nan
[cmd 000490 kind=policy chunk=0244 chunk_step=1] delta_max_rad=0.097852 delta_max_deg=5.6065 joint=right_middle_MCP_FE joint_index=4 from_rad=0.469380 to_rad=0.371528
[action 000490 chunk_step=1] raw=[-0.3491,1.1629] sent=[-0.3491,1.1629] limit_clips=0 step_clips=0 tracking_max=nan
[latency] hand_policy inference_ms=9.451
[chunk 0245] inference=0.009s predicted=(2, 22)
[cmd 000491 kind=policy chunk=0245 chunk_step=0] delta_max_rad=0.120110 delta_max_deg=6.8818 joint=right_pinky_PIP joint_index=11 from_rad=0.250927 to_rad=0.130817
[action 000491 chunk_step=0] raw=[-0.3491,1.1297] sent=[-0.3491,1.1297] limit_clips=0 step_clips=0 tracking_max=nan
[cmd 000492 kind=policy chunk=0245 chunk_step=1] delta_max_rad=0.110150 delta_max_deg=6.3111 joint=right_thumb_IP joint_index=21 from_rad=0.219821 to_rad=0.329971
[action 000492 chunk_step=1] raw=[-0.3297,1.2170] sent=[-0.3297,1.2170] limit_clips=0 step_clips=0 tracking_max=nan
[latency] hand_policy inference_ms=9.087
[chunk 0246] inference=0.009s predicted=(2, 22)
[cmd 000493 kind=policy chunk=0246 chunk_step=0] delta_max_rad=0.095926 delta_max_deg=5.4961 joint=right_ring_DIP joint_index=16 from_rad=0.990049 to_rad=1.085974
[action 000493 chunk_step=0] raw=[-0.2911,1.2909] sent=[-0.2911,1.2909] limit_clips=0 step_clips=0 tracking_max=nan
[cmd 000494 kind=policy chunk=0246 chunk_step=1] delta_max_rad=0.089408 delta_max_deg=5.1227 joint=right_pinky_MCP_AA joint_index=10 from_rad=0.284971 to_rad=0.195563
[action 000494 chunk_step=1] raw=[-0.2471,1.2795] sent=[-0.2471,1.2795] limit_clips=0 step_clips=0 tracking_max=nan
[latency] hand_policy inference_ms=9.757
[chunk 0247] inference=0.010s predicted=(2, 22)
[cmd 000495 kind=policy chunk=0247 chunk_step=0] delta_max_rad=0.097301 delta_max_deg=5.5750 joint=right_index_DIP joint_index=3 from_rad=0.973814 to_rad=1.071115
[action 000495 chunk_step=0] raw=[-0.3157,1.1863] sent=[-0.3157,1.1863] limit_clips=0 step_clips=0 tracking_max=nan
[cmd 000496 kind=policy chunk=0247 chunk_step=1] delta_max_rad=0.110071 delta_max_deg=6.3066 joint=right_pinky_PIP joint_index=11 from_rad=0.150087 to_rad=0.260158
[action 000496 chunk_step=1] raw=[-0.3491,1.1675] sent=[-0.3491,1.1675] limit_clips=0 step_clips=0 tracking_max=nan
[latency] hand_policy inference_ms=9.351
[chunk 0248] inference=0.009s predicted=(2, 22)
[cmd 000497 kind=policy chunk=0248 chunk_step=0] delta_max_rad=0.097224 delta_max_deg=5.5705 joint=right_ring_PIP joint_index=15 from_rad=0.969059 to_rad=0.871835
[action 000497 chunk_step=0] raw=[-0.3486,1.2619] sent=[-0.3486,1.2619] limit_clips=0 step_clips=0 tracking_max=nan
[cmd 000498 kind=policy chunk=0248 chunk_step=1] delta_max_rad=0.108484 delta_max_deg=6.2157 joint=right_thumb_IP joint_index=21 from_rad=0.256411 to_rad=0.147926
[action 000498 chunk_step=1] raw=[-0.3491,1.3590] sent=[-0.3491,1.3590] limit_clips=0 step_clips=0 tracking_max=nan
[latency] hand_policy inference_ms=9.134
[chunk 0249] inference=0.009s predicted=(2, 22)
[cmd 000499 kind=policy chunk=0249 chunk_step=0] delta_max_rad=0.110358 delta_max_deg=6.3231 joint=right_pinky_DIP joint_index=12 from_rad=0.571127 to_rad=0.681485
[action 000499 chunk_step=0] raw=[-0.3491,1.3963] sent=[-0.3491,1.3963] limit_clips=0 step_clips=0 tracking_max=nan
[cmd 000500 kind=policy chunk=0249 chunk_step=1] delta_max_rad=0.114403 delta_max_deg=6.5548 joint=right_middle_MCP_FE joint_index=4 from_rad=0.339193 to_rad=0.453596
[action 000500 chunk_step=1] raw=[-0.3491,1.3963] sent=[-0.3491,1.3963] limit_clips=0 step_clips=0 tracking_max=nan
[latency] hand_policy inference_ms=9.947
[chunk 0250] inference=0.010s predicted=(2, 22)
[cmd 000501 kind=policy chunk=0250 chunk_step=0] delta_max_rad=0.117087 delta_max_deg=6.7086 joint=right_index_PIP joint_index=2 from_rad=0.635930 to_rad=0.753017
[action 000501 chunk_step=0] raw=[-0.3418,1.3851] sent=[-0.3418,1.3851] limit_clips=0 step_clips=0 tracking_max=nan
[cmd 000502 kind=policy chunk=0250 chunk_step=1] delta_max_rad=0.105997 delta_max_deg=6.0732 joint=right_ring_MCP_FE joint_index=13 from_rad=0.534210 to_rad=0.640207
[action 000502 chunk_step=1] raw=[-0.3464,1.3847] sent=[-0.3464,1.3847] limit_clips=0 step_clips=0 tracking_max=nan
[latency] hand_policy inference_ms=9.504
[chunk 0251] inference=0.010s predicted=(2, 22)
[cmd 000503 kind=policy chunk=0251 chunk_step=0] delta_max_rad=0.106218 delta_max_deg=6.0859 joint=right_middle_PIP joint_index=6 from_rad=0.316519 to_rad=0.422737
[action 000503 chunk_step=0] raw=[-0.3491,1.3052] sent=[-0.3491,1.3052] limit_clips=0 step_clips=0 tracking_max=nan
[cmd 000504 kind=policy chunk=0251 chunk_step=1] delta_max_rad=0.095751 delta_max_deg=5.4861 joint=right_ring_MCP_FE joint_index=13 from_rad=0.641611 to_rad=0.545861
[action 000504 chunk_step=1] raw=[-0.3484,1.2163] sent=[-0.3484,1.2163] limit_clips=0 step_clips=0 tracking_max=nan
[latency] hand_policy inference_ms=9.174
[chunk 0252] inference=0.009s predicted=(2, 22)
[cmd 000505 kind=policy chunk=0252 chunk_step=0] delta_max_rad=0.100550 delta_max_deg=5.7611 joint=right_index_PIP joint_index=2 from_rad=0.616774 to_rad=0.516224
[action 000505 chunk_step=0] raw=[-0.3470,1.1827] sent=[-0.3470,1.1827] limit_clips=0 step_clips=0 tracking_max=nan
[cmd 000506 kind=policy chunk=0252 chunk_step=1] delta_max_rad=0.097041 delta_max_deg=5.5601 joint=right_middle_DIP joint_index=7 from_rad=0.923170 to_rad=1.020212
[action 000506 chunk_step=1] raw=[-0.3451,1.1683] sent=[-0.3451,1.1683] limit_clips=0 step_clips=0 tracking_max=nan
[latency] hand_policy inference_ms=10.010
[chunk 0253] inference=0.010s predicted=(2, 22)
[cmd 000507 kind=policy chunk=0253 chunk_step=0] delta_max_rad=0.100494 delta_max_deg=5.7579 joint=right_middle_PIP joint_index=6 from_rad=0.649517 to_rad=0.750011
[action 000507 chunk_step=0] raw=[-0.3451,1.1568] sent=[-0.3451,1.1568] limit_clips=0 step_clips=0 tracking_max=nan
[cmd 000508 kind=policy chunk=0253 chunk_step=1] delta_max_rad=0.111549 delta_max_deg=6.3913 joint=right_index_PIP joint_index=2 from_rad=0.339799 to_rad=0.228250
[action 000508 chunk_step=1] raw=[-0.3427,1.1916] sent=[-0.3427,1.1916] limit_clips=0 step_clips=0 tracking_max=nan
[latency] hand_policy inference_ms=9.977
[chunk 0254] inference=0.010s predicted=(2, 22)
[cmd 000509 kind=policy chunk=0254 chunk_step=0] delta_max_rad=0.109752 delta_max_deg=6.2883 joint=right_middle_MCP_FE joint_index=4 from_rad=0.215279 to_rad=0.105527
[action 000509 chunk_step=0] raw=[-0.3368,1.2800] sent=[-0.3368,1.2800] limit_clips=0 step_clips=0 tracking_max=nan
[cmd 000510 kind=policy chunk=0254 chunk_step=1] delta_max_rad=0.096495 delta_max_deg=5.5287 joint=right_middle_MCP_FE joint_index=4 from_rad=0.105527 to_rad=0.009032
[action 000510 chunk_step=1] raw=[-0.2754,1.3380] sent=[-0.2754,1.3380] limit_clips=0 step_clips=0 tracking_max=nan
[latency] hand_policy inference_ms=8.996
[chunk 0255] inference=0.009s predicted=(2, 22)
[cmd 000511 kind=policy chunk=0255 chunk_step=0] delta_max_rad=0.094765 delta_max_deg=5.4297 joint=right_pinky_MCP_AA joint_index=10 from_rad=0.319259 to_rad=0.224493
[action 000511 chunk_step=0] raw=[-0.2118,1.3472] sent=[-0.2118,1.3472] limit_clips=0 step_clips=0 tracking_max=nan
[cmd 000512 kind=policy chunk=0255 chunk_step=1] delta_max_rad=0.106482 delta_max_deg=6.1010 joint=right_middle_DIP joint_index=7 from_rad=1.347157 to_rad=1.240674
[action 000512 chunk_step=1] raw=[-0.2391,1.2407] sent=[-0.2391,1.2407] limit_clips=0 step_clips=0 tracking_max=nan
[latency] hand_policy inference_ms=9.028
[chunk 0256] inference=0.009s predicted=(2, 22)
[cmd 000513 kind=policy chunk=0256 chunk_step=0] delta_max_rad=0.099344 delta_max_deg=5.6920 joint=right_ring_PIP joint_index=15 from_rad=0.993935 to_rad=0.894591
[action 000513 chunk_step=0] raw=[-0.3111,1.1633] sent=[-0.3111,1.1633] limit_clips=0 step_clips=0 tracking_max=nan
[cmd 000514 kind=policy chunk=0256 chunk_step=1] delta_max_rad=0.098132 delta_max_deg=5.6226 joint=right_ring_DIP joint_index=16 from_rad=1.105416 to_rad=1.007284
[action 000514 chunk_step=1] raw=[-0.3485,1.1168] sent=[-0.3485,1.1168] limit_clips=0 step_clips=0 tracking_max=nan
[latency] hand_policy inference_ms=9.555
[chunk 0257] inference=0.010s predicted=(2, 22)
[cmd 000515 kind=policy chunk=0257 chunk_step=0] delta_max_rad=0.102581 delta_max_deg=5.8774 joint=right_pinky_DIP joint_index=12 from_rad=0.407284 to_rad=0.509865
[action 000515 chunk_step=0] raw=[-0.3491,1.2011] sent=[-0.3491,1.2011] limit_clips=0 step_clips=0 tracking_max=nan
[cmd 000516 kind=policy chunk=0257 chunk_step=1] delta_max_rad=0.095027 delta_max_deg=5.4446 joint=right_index_DIP joint_index=3 from_rad=1.201106 to_rad=1.296133
[action 000516 chunk_step=1] raw=[-0.3491,1.2961] sent=[-0.3491,1.2961] limit_clips=0 step_clips=0 tracking_max=nan
[latency] hand_policy inference_ms=9.186
[chunk 0258] inference=0.009s predicted=(2, 22)
[cmd 000517 kind=policy chunk=0258 chunk_step=0] delta_max_rad=0.110887 delta_max_deg=6.3534 joint=right_ring_MCP_FE joint_index=13 from_rad=0.310674 to_rad=0.421561
[action 000517 chunk_step=0] raw=[-0.3470,1.3649] sent=[-0.3470,1.3649] limit_clips=0 step_clips=0 tracking_max=nan
[cmd 000518 kind=policy chunk=0258 chunk_step=1] delta_max_rad=0.106603 delta_max_deg=6.1079 joint=right_ring_MCP_FE joint_index=13 from_rad=0.421561 to_rad=0.528164
[action 000518 chunk_step=1] raw=[-0.3491,1.3876] sent=[-0.3491,1.3876] limit_clips=0 step_clips=0 tracking_max=nan
[latency] hand_policy inference_ms=9.042
[chunk 0259] inference=0.009s predicted=(2, 22)
[cmd 000519 kind=policy chunk=0259 chunk_step=0] delta_max_rad=0.089173 delta_max_deg=5.1092 joint=right_index_PIP joint_index=2 from_rad=0.642448 to_rad=0.553275
[action 000519 chunk_step=0] raw=[-0.3453,1.3637] sent=[-0.3453,1.3637] limit_clips=0 step_clips=0 tracking_max=nan
[cmd 000520 kind=policy chunk=0259 chunk_step=1] delta_max_rad=0.101516 delta_max_deg=5.8164 joint=right_ring_DIP joint_index=16 from_rad=0.632168 to_rad=0.733684
[action 000520 chunk_step=1] raw=[-0.3476,1.2624] sent=[-0.3476,1.2624] limit_clips=0 step_clips=0 tracking_max=nan
[latency] hand_policy inference_ms=9.157
[chunk 0260] inference=0.009s predicted=(2, 22)
[cmd 000521 kind=policy chunk=0260 chunk_step=0] delta_max_rad=0.101731 delta_max_deg=5.8287 joint=right_pinky_PIP joint_index=11 from_rad=0.468542 to_rad=0.366812
[action 000521 chunk_step=0] raw=[-0.3491,1.2226] sent=[-0.3491,1.2226] limit_clips=0 step_clips=0 tracking_max=nan
[cmd 000522 kind=policy chunk=0260 chunk_step=1] delta_max_rad=0.095342 delta_max_deg=5.4627 joint=right_pinky_PIP joint_index=11 from_rad=0.366812 to_rad=0.271470
[action 000522 chunk_step=1] raw=[-0.3486,1.2135] sent=[-0.3486,1.2135] limit_clips=0 step_clips=0 tracking_max=nan
[latency] hand_policy inference_ms=9.164
[chunk 0261] inference=0.009s predicted=(2, 22)
[cmd 000523 kind=policy chunk=0261 chunk_step=0] delta_max_rad=0.098832 delta_max_deg=5.6627 joint=right_pinky_PIP joint_index=11 from_rad=0.271470 to_rad=0.172638
[action 000523 chunk_step=0] raw=[-0.3488,1.1984] sent=[-0.3488,1.1984] limit_clips=0 step_clips=0 tracking_max=nan
[cmd 000524 kind=policy chunk=0261 chunk_step=1] delta_max_rad=0.093027 delta_max_deg=5.3300 joint=right_pinky_CMC joint_index=8 from_rad=0.013010 to_rad=0.106036
[action 000524 chunk_step=1] raw=[-0.3465,1.1818] sent=[-0.3465,1.1818] limit_clips=0 step_clips=0 tracking_max=nan
[latency] hand_policy inference_ms=9.035
[chunk 0262] inference=0.009s predicted=(2, 22)
[cmd 000525 kind=policy chunk=0262 chunk_step=0] delta_max_rad=0.096945 delta_max_deg=5.5546 joint=right_index_DIP joint_index=3 from_rad=0.956710 to_rad=1.053655
[action 000525 chunk_step=0] raw=[-0.3484,1.1791] sent=[-0.3484,1.1791] limit_clips=0 step_clips=0 tracking_max=nan
[cmd 000526 kind=policy chunk=0262 chunk_step=1] delta_max_rad=0.103457 delta_max_deg=5.9277 joint=right_pinky_DIP joint_index=12 from_rad=0.745020 to_rad=0.848477
[action 000526 chunk_step=1] raw=[-0.3491,1.1637] sent=[-0.3491,1.1637] limit_clips=0 step_clips=0 tracking_max=nan
[latency] hand_policy inference_ms=9.544
[chunk 0263] inference=0.010s predicted=(2, 22)
[cmd 000527 kind=policy chunk=0263 chunk_step=0] delta_max_rad=0.091023 delta_max_deg=5.2152 joint=right_ring_DIP joint_index=16 from_rad=0.896229 to_rad=0.805206
[action 000527 chunk_step=0] raw=[-0.3480,1.2249] sent=[-0.3480,1.2249] limit_clips=0 step_clips=0 tracking_max=nan
[cmd 000528 kind=policy chunk=0263 chunk_step=1] delta_max_rad=0.083761 delta_max_deg=4.7991 joint=right_ring_DIP joint_index=16 from_rad=0.805206 to_rad=0.721445
[action 000528 chunk_step=1] raw=[-0.3487,1.2801] sent=[-0.3487,1.2801] limit_clips=0 step_clips=0 tracking_max=nan
[latency] hand_policy inference_ms=9.131
[chunk 0264] inference=0.009s predicted=(2, 22)
[cmd 000529 kind=policy chunk=0264 chunk_step=0] delta_max_rad=0.076697 delta_max_deg=4.3944 joint=right_index_DIP joint_index=3 from_rad=1.280064 to_rad=1.203367
[action 000529 chunk_step=0] raw=[-0.3477,1.2034] sent=[-0.3477,1.2034] limit_clips=0 step_clips=0 tracking_max=nan
[cmd 000530 kind=policy chunk=0264 chunk_step=1] delta_max_rad=0.090243 delta_max_deg=5.1705 joint=right_ring_DIP joint_index=16 from_rad=0.759078 to_rad=0.849320
[action 000530 chunk_step=1] raw=[-0.3471,1.2198] sent=[-0.3471,1.2198] limit_clips=0 step_clips=0 tracking_max=nan
[latency] hand_policy inference_ms=8.968
[chunk 0265] inference=0.009s predicted=(2, 22)
[cmd 000531 kind=policy chunk=0265 chunk_step=0] delta_max_rad=0.095378 delta_max_deg=5.4648 joint=right_middle_DIP joint_index=7 from_rad=0.726816 to_rad=0.822194
[action 000531 chunk_step=0] raw=[-0.3483,1.2701] sent=[-0.3483,1.2701] limit_clips=0 step_clips=0 tracking_max=nan
[cmd 000532 kind=policy chunk=0265 chunk_step=1] delta_max_rad=0.098880 delta_max_deg=5.6654 joint=right_middle_DIP joint_index=7 from_rad=0.822194 to_rad=0.921074
[action 000532 chunk_step=1] raw=[-0.3485,1.2680] sent=[-0.3485,1.2680] limit_clips=0 step_clips=0 tracking_max=nan
[latency] hand_policy inference_ms=9.371
[chunk 0266] inference=0.009s predicted=(2, 22)
[cmd 000533 kind=policy chunk=0266 chunk_step=0] delta_max_rad=0.089892 delta_max_deg=5.1504 joint=right_pinky_DIP joint_index=12 from_rad=1.177119 to_rad=1.267011
[action 000533 chunk_step=0] raw=[-0.3482,1.2670] sent=[-0.3482,1.2670] limit_clips=0 step_clips=0 tracking_max=nan
[cmd 000534 kind=policy chunk=0266 chunk_step=1] delta_max_rad=0.087749 delta_max_deg=5.0277 joint=right_pinky_CMC joint_index=8 from_rad=0.000725 to_rad=0.088474
[action 000534 chunk_step=1] raw=[-0.3491,1.3376] sent=[-0.3491,1.3376] limit_clips=0 step_clips=0 tracking_max=nan
[latency] hand_policy inference_ms=9.094
[chunk 0267] inference=0.009s predicted=(2, 22)
[cmd 000535 kind=policy chunk=0267 chunk_step=0] delta_max_rad=0.102667 delta_max_deg=5.8824 joint=right_index_PIP joint_index=2 from_rad=0.011371 to_rad=0.114038
[action 000535 chunk_step=0] raw=[-0.3459,1.3658] sent=[-0.3459,1.3658] limit_clips=0 step_clips=0 tracking_max=nan
[cmd 000536 kind=policy chunk=0267 chunk_step=1] delta_max_rad=0.091517 delta_max_deg=5.2435 joint=right_ring_DIP joint_index=16 from_rad=0.983084 to_rad=0.891567
[action 000536 chunk_step=1] raw=[-0.3472,1.3958] sent=[-0.3472,1.3958] limit_clips=0 step_clips=0 tracking_max=nan
[latency] hand_policy inference_ms=8.989
[chunk 0268] inference=0.009s predicted=(2, 22)
[cmd 000537 kind=policy chunk=0268 chunk_step=0] delta_max_rad=0.106165 delta_max_deg=6.0828 joint=right_thumb_MCP_FE joint_index=19 from_rad=0.723045 to_rad=0.616880
[action 000537 chunk_step=0] raw=[-0.3477,1.3936] sent=[-0.3477,1.3936] limit_clips=0 step_clips=0 tracking_max=nan
[cmd 000538 kind=policy chunk=0268 chunk_step=1] delta_max_rad=0.104644 delta_max_deg=5.9957 joint=right_pinky_PIP joint_index=11 from_rad=0.140180 to_rad=0.244824
[action 000538 chunk_step=1] raw=[-0.3491,1.3963] sent=[-0.3491,1.3963] limit_clips=0 step_clips=0 tracking_max=nan
[latency] hand_policy inference_ms=9.609
[chunk 0269] inference=0.010s predicted=(2, 22)
[cmd 000539 kind=policy chunk=0269 chunk_step=0] delta_max_rad=0.094209 delta_max_deg=5.3978 joint=right_middle_DIP joint_index=7 from_rad=0.920442 to_rad=0.826234
[action 000539 chunk_step=0] raw=[-0.3475,1.3961] sent=[-0.3475,1.3961] limit_clips=0 step_clips=0 tracking_max=nan
[cmd 000540 kind=policy chunk=0269 chunk_step=1] delta_max_rad=0.080281 delta_max_deg=4.5998 joint=right_middle_DIP joint_index=7 from_rad=0.826234 to_rad=0.745952
[action 000540 chunk_step=1] raw=[-0.3491,1.3963] sent=[-0.3491,1.3963] limit_clips=0 step_clips=0 tracking_max=nan
[latency] hand_policy inference_ms=9.154
[chunk 0270] inference=0.009s predicted=(2, 22)
[cmd 000541 kind=policy chunk=0270 chunk_step=0] delta_max_rad=0.097556 delta_max_deg=5.5895 joint=right_index_DIP joint_index=3 from_rad=1.377130 to_rad=1.279575
[action 000541 chunk_step=0] raw=[-0.3491,1.3632] sent=[-0.3491,1.3632] limit_clips=0 step_clips=0 tracking_max=nan
[cmd 000542 kind=policy chunk=0270 chunk_step=1] delta_max_rad=0.102241 delta_max_deg=5.8580 joint=right_ring_DIP joint_index=16 from_rad=0.612556 to_rad=0.714797
[action 000542 chunk_step=1] raw=[-0.3469,1.3471] sent=[-0.3469,1.3471] limit_clips=0 step_clips=0 tracking_max=nan
[latency] hand_policy inference_ms=9.800
[chunk 0271] inference=0.010s predicted=(2, 22)
[cmd 000543 kind=policy chunk=0271 chunk_step=0] delta_max_rad=0.106440 delta_max_deg=6.0985 joint=right_index_PIP joint_index=2 from_rad=0.159845 to_rad=0.053406
[action 000543 chunk_step=0] raw=[-0.3485,1.3298] sent=[-0.3485,1.3298] limit_clips=0 step_clips=0 tracking_max=nan
[cmd 000544 kind=policy chunk=0271 chunk_step=1] delta_max_rad=0.102746 delta_max_deg=5.8869 joint=right_ring_DIP joint_index=16 from_rad=0.802900 to_rad=0.905646
[action 000544 chunk_step=1] raw=[-0.3491,1.2957] sent=[-0.3491,1.2957] limit_clips=0 step_clips=0 tracking_max=nan
[latency] hand_policy inference_ms=9.566
[chunk 0272] inference=0.010s predicted=(2, 22)
[cmd 000545 kind=policy chunk=0272 chunk_step=0] delta_max_rad=0.101322 delta_max_deg=5.8054 joint=right_ring_DIP joint_index=16 from_rad=0.905646 to_rad=1.006969
[action 000545 chunk_step=0] raw=[-0.3491,1.2421] sent=[-0.3491,1.2421] limit_clips=0 step_clips=0 tracking_max=nan
[cmd 000546 kind=policy chunk=0272 chunk_step=1] delta_max_rad=0.102127 delta_max_deg=5.8515 joint=right_ring_MCP_FE joint_index=13 from_rad=0.229582 to_rad=0.127454
[action 000546 chunk_step=1] raw=[-0.3429,1.1872] sent=[-0.3429,1.1872] limit_clips=0 step_clips=0 tracking_max=nan
[latency] hand_policy inference_ms=9.040
[chunk 0273] inference=0.009s predicted=(2, 22)
[cmd 000547 kind=policy chunk=0273 chunk_step=0] delta_max_rad=0.101574 delta_max_deg=5.8198 joint=right_thumb_IP joint_index=21 from_rad=0.246182 to_rad=0.347756
[action 000547 chunk_step=0] raw=[-0.3491,1.2753] sent=[-0.3491,1.2753] limit_clips=0 step_clips=0 tracking_max=nan
[cmd 000548 kind=policy chunk=0273 chunk_step=1] delta_max_rad=0.099514 delta_max_deg=5.7017 joint=right_index_DIP joint_index=3 from_rad=0.985539 to_rad=1.085053
[action 000548 chunk_step=1] raw=[-0.3481,1.2228] sent=[-0.3481,1.2228] limit_clips=0 step_clips=0 tracking_max=nan
[latency] hand_policy inference_ms=10.381
[chunk 0274] inference=0.010s predicted=(2, 22)
[cmd 000549 kind=policy chunk=0274 chunk_step=0] delta_max_rad=0.097460 delta_max_deg=5.5841 joint=right_middle_DIP joint_index=7 from_rad=1.222816 to_rad=1.125355
[action 000549 chunk_step=0] raw=[-0.3464,1.2502] sent=[-0.3464,1.2502] limit_clips=0 step_clips=0 tracking_max=nan
[cmd 000550 kind=policy chunk=0274 chunk_step=1] delta_max_rad=0.101452 delta_max_deg=5.8128 joint=right_thumb_MCP_FE joint_index=19 from_rad=0.827081 to_rad=0.725629
[action 000550 chunk_step=1] raw=[-0.3483,1.3488] sent=[-0.3483,1.3488] limit_clips=0 step_clips=0 tracking_max=nan
[latency] hand_policy inference_ms=9.531
[chunk 0275] inference=0.010s predicted=(2, 22)
[cmd 000551 kind=policy chunk=0275 chunk_step=0] delta_max_rad=0.095911 delta_max_deg=5.4953 joint=right_ring_DIP joint_index=16 from_rad=0.940455 to_rad=0.844545
[action 000551 chunk_step=0] raw=[-0.3481,1.3920] sent=[-0.3481,1.3920] limit_clips=0 step_clips=0 tracking_max=nan
[cmd 000552 kind=policy chunk=0275 chunk_step=1] delta_max_rad=0.099977 delta_max_deg=5.7282 joint=right_index_PIP joint_index=2 from_rad=0.353865 to_rad=0.453842
[action 000552 chunk_step=1] raw=[-0.3484,1.3963] sent=[-0.3484,1.3963] limit_clips=0 step_clips=0 tracking_max=nan
[latency] hand_policy inference_ms=9.032
[chunk 0276] inference=0.009s predicted=(2, 22)
[cmd 000553 kind=policy chunk=0276 chunk_step=0] delta_max_rad=0.115251 delta_max_deg=6.6034 joint=right_index_PIP joint_index=2 from_rad=0.453842 to_rad=0.569093
[action 000553 chunk_step=0] raw=[-0.3471,1.3958] sent=[-0.3471,1.3958] limit_clips=0 step_clips=0 tracking_max=nan
[cmd 000554 kind=policy chunk=0276 chunk_step=1] delta_max_rad=0.125464 delta_max_deg=7.1885 joint=right_pinky_PIP joint_index=11 from_rad=0.508694 to_rad=0.634157
[action 000554 chunk_step=1] raw=[-0.3491,1.3963] sent=[-0.3491,1.3963] limit_clips=0 step_clips=0 tracking_max=nan
[latency] hand_policy inference_ms=10.259
[chunk 0277] inference=0.010s predicted=(2, 22)
[cmd 000555 kind=policy chunk=0277 chunk_step=0] delta_max_rad=0.120320 delta_max_deg=6.8938 joint=right_index_PIP joint_index=2 from_rad=0.661546 to_rad=0.781866
[action 000555 chunk_step=0] raw=[-0.3443,1.3923] sent=[-0.3443,1.3923] limit_clips=0 step_clips=0 tracking_max=nan
[cmd 000556 kind=policy chunk=0277 chunk_step=1] delta_max_rad=0.097960 delta_max_deg=5.6127 joint=right_ring_MCP_FE joint_index=13 from_rad=0.510523 to_rad=0.608483
[action 000556 chunk_step=1] raw=[-0.3456,1.3963] sent=[-0.3456,1.3963] limit_clips=0 step_clips=0 tracking_max=nan
[latency] hand_policy inference_ms=9.413
[chunk 0278] inference=0.009s predicted=(2, 22)
[cmd 000557 kind=policy chunk=0278 chunk_step=0] delta_max_rad=0.105601 delta_max_deg=6.0505 joint=right_index_DIP joint_index=3 from_rad=1.396300 to_rad=1.290699
[action 000557 chunk_step=0] raw=[-0.3478,1.3826] sent=[-0.3478,1.3826] limit_clips=0 step_clips=0 tracking_max=nan
[cmd 000558 kind=policy chunk=0278 chunk_step=1] delta_max_rad=0.117712 delta_max_deg=6.7444 joint=right_pinky_PIP joint_index=11 from_rad=0.778952 to_rad=0.661240
[action 000558 chunk_step=1] raw=[-0.3491,1.3316] sent=[-0.3491,1.3316] limit_clips=0 step_clips=0 tracking_max=nan
[latency] hand_policy inference_ms=9.099
[chunk 0279] inference=0.009s predicted=(2, 22)
[cmd 000559 kind=policy chunk=0279 chunk_step=0] delta_max_rad=0.101815 delta_max_deg=5.8336 joint=right_ring_DIP joint_index=16 from_rad=0.618858 to_rad=0.720673
[action 000559 chunk_step=0] raw=[-0.3491,1.2601] sent=[-0.3491,1.2601] limit_clips=0 step_clips=0 tracking_max=nan
[cmd 000560 kind=policy chunk=0279 chunk_step=1] delta_max_rad=0.093528 delta_max_deg=5.3588 joint=right_index_DIP joint_index=3 from_rad=1.116472 to_rad=1.022944
[action 000560 chunk_step=1] raw=[-0.3468,1.1954] sent=[-0.3468,1.1954] limit_clips=0 step_clips=0 tracking_max=nan
[latency] hand_policy inference_ms=10.311
[chunk 0280] inference=0.010s predicted=(2, 22)
[cmd 000561 kind=policy chunk=0280 chunk_step=0] delta_max_rad=0.124118 delta_max_deg=7.1114 joint=right_thumb_IP joint_index=21 from_rad=0.384939 to_rad=0.509057
[action 000561 chunk_step=0] raw=[-0.3203,1.1374] sent=[-0.3203,1.1374] limit_clips=0 step_clips=0 tracking_max=nan
[cmd 000562 kind=policy chunk=0280 chunk_step=1] delta_max_rad=0.095129 delta_max_deg=5.4505 joint=right_ring_PIP joint_index=15 from_rad=0.963089 to_rad=1.058218
[action 000562 chunk_step=1] raw=[-0.3053,1.0979] sent=[-0.3053,1.0979] limit_clips=0 step_clips=0 tracking_max=nan
[latency] hand_policy inference_ms=9.390
[chunk 0281] inference=0.009s predicted=(2, 22)
[cmd 000563 kind=policy chunk=0281 chunk_step=0] delta_max_rad=0.131925 delta_max_deg=7.5587 joint=right_thumb_IP joint_index=21 from_rad=0.602542 to_rad=0.734466
[action 000563 chunk_step=0] raw=[-0.2831,1.1442] sent=[-0.2831,1.1442] limit_clips=0 step_clips=0 tracking_max=nan
[cmd 000564 kind=policy chunk=0281 chunk_step=1] delta_max_rad=0.099856 delta_max_deg=5.7213 joint=right_ring_MCP_FE joint_index=13 from_rad=0.126758 to_rad=0.026902
[action 000564 chunk_step=1] raw=[-0.2672,1.2269] sent=[-0.2672,1.2269] limit_clips=0 step_clips=0 tracking_max=nan
[latency] hand_policy inference_ms=9.140
[chunk 0282] inference=0.009s predicted=(2, 22)
[cmd 000565 kind=policy chunk=0282 chunk_step=0] delta_max_rad=0.150156 delta_max_deg=8.6033 joint=right_thumb_IP joint_index=21 from_rad=0.831626 to_rad=0.981782
[action 000565 chunk_step=0] raw=[-0.2689,1.2728] sent=[-0.2689,1.2728] limit_clips=0 step_clips=0 tracking_max=nan
[cmd 000566 kind=policy chunk=0282 chunk_step=1] delta_max_rad=0.085544 delta_max_deg=4.9013 joint=right_thumb_MCP_AA joint_index=20 from_rad=0.068968 to_rad=0.154513
[action 000566 chunk_step=1] raw=[-0.2739,1.2988] sent=[-0.2739,1.2988] limit_clips=0 step_clips=0 tracking_max=nan
[latency] hand_policy inference_ms=10.094
[chunk 0283] inference=0.010s predicted=(2, 22)
[cmd 000567 kind=policy chunk=0283 chunk_step=0] delta_max_rad=0.094052 delta_max_deg=5.3888 joint=right_middle_DIP joint_index=7 from_rad=1.199995 to_rad=1.105943
[action 000567 chunk_step=0] raw=[-0.3382,1.2170] sent=[-0.3382,1.2170] limit_clips=0 step_clips=0 tracking_max=nan
[cmd 000568 kind=policy chunk=0283 chunk_step=1] delta_max_rad=0.106351 delta_max_deg=6.0934 joint=right_thumb_IP joint_index=21 from_rad=0.951558 to_rad=0.845207
[action 000568 chunk_step=1] raw=[-0.3463,1.1246] sent=[-0.3463,1.1246] limit_clips=0 step_clips=0 tracking_max=nan
[latency] hand_policy inference_ms=9.478
[chunk 0284] inference=0.009s predicted=(2, 22)
[cmd 000569 kind=policy chunk=0284 chunk_step=0] delta_max_rad=0.100298 delta_max_deg=5.7467 joint=right_thumb_MCP_FE joint_index=19 from_rad=0.737179 to_rad=0.636880
[action 000569 chunk_step=0] raw=[-0.3454,1.1158] sent=[-0.3454,1.1158] limit_clips=0 step_clips=0 tracking_max=nan
[cmd 000570 kind=policy chunk=0284 chunk_step=1] delta_max_rad=0.102211 delta_max_deg=5.8563 joint=right_thumb_MCP_AA joint_index=20 from_rad=-0.038872 to_rad=-0.141084
[action 000570 chunk_step=1] raw=[-0.3458,1.2178] sent=[-0.3458,1.2178] limit_clips=0 step_clips=0 tracking_max=nan
[latency] hand_policy inference_ms=9.334
[chunk 0285] inference=0.009s predicted=(2, 22)
[cmd 000571 kind=policy chunk=0285 chunk_step=0] delta_max_rad=0.106990 delta_max_deg=6.1301 joint=right_thumb_IP joint_index=21 from_rad=0.670997 to_rad=0.564007
[action 000571 chunk_step=0] raw=[-0.3438,1.3034] sent=[-0.3438,1.3034] limit_clips=0 step_clips=0 tracking_max=nan
[cmd 000572 kind=policy chunk=0285 chunk_step=1] delta_max_rad=0.095256 delta_max_deg=5.4578 joint=right_ring_MCP_FE joint_index=13 from_rad=0.081968 to_rad=0.177224
[action 000572 chunk_step=1] raw=[-0.3453,1.3620] sent=[-0.3453,1.3620] limit_clips=0 step_clips=0 tracking_max=nan
[latency] hand_policy inference_ms=9.163
[chunk 0286] inference=0.009s predicted=(2, 22)
[cmd 000573 kind=policy chunk=0286 chunk_step=0] delta_max_rad=0.111806 delta_max_deg=6.4060 joint=right_pinky_DIP joint_index=12 from_rad=0.683975 to_rad=0.795781
[action 000573 chunk_step=0] raw=[-0.3491,1.3930] sent=[-0.3491,1.3930] limit_clips=0 step_clips=0 tracking_max=nan
[cmd 000574 kind=policy chunk=0286 chunk_step=1] delta_max_rad=0.125761 delta_max_deg=7.2056 joint=right_pinky_PIP joint_index=11 from_rad=0.812904 to_rad=0.938665
[action 000574 chunk_step=1] raw=[-0.3473,1.3871] sent=[-0.3473,1.3871] limit_clips=0 step_clips=0 tracking_max=nan
[latency] hand_policy inference_ms=9.524
[chunk 0287] inference=0.010s predicted=(2, 22)
[cmd 000575 kind=policy chunk=0287 chunk_step=0] delta_max_rad=0.121430 delta_max_deg=6.9574 joint=right_ring_MCP_FE joint_index=13 from_rad=0.395525 to_rad=0.516955
[action 000575 chunk_step=0] raw=[-0.3428,1.3847] sent=[-0.3428,1.3847] limit_clips=0 step_clips=0 tracking_max=nan
[cmd 000576 kind=policy chunk=0287 chunk_step=1] delta_max_rad=0.113066 delta_max_deg=6.4782 joint=right_ring_MCP_FE joint_index=13 from_rad=0.516955 to_rad=0.630021
[action 000576 chunk_step=1] raw=[-0.3451,1.3547] sent=[-0.3451,1.3547] limit_clips=0 step_clips=0 tracking_max=nan
[latency] hand_policy inference_ms=9.410
[chunk 0288] inference=0.009s predicted=(2, 22)
[cmd 000577 kind=policy chunk=0288 chunk_step=0] delta_max_rad=0.110492 delta_max_deg=6.3308 joint=right_pinky_MCP_AA joint_index=10 from_rad=0.117824 to_rad=0.228316
[action 000577 chunk_step=0] raw=[-0.3446,1.2739] sent=[-0.3446,1.2739] limit_clips=0 step_clips=0 tracking_max=nan
[cmd 000578 kind=policy chunk=0288 chunk_step=1] delta_max_rad=0.107547 delta_max_deg=6.1620 joint=right_pinky_PIP joint_index=11 from_rad=1.016982 to_rad=0.909435
[action 000578 chunk_step=1] raw=[-0.3491,1.1930] sent=[-0.3491,1.1930] limit_clips=0 step_clips=0 tracking_max=nan
[latency] hand_policy inference_ms=9.055
[chunk 0289] inference=0.009s predicted=(2, 22)
[cmd 000579 kind=policy chunk=0289 chunk_step=0] delta_max_rad=0.117154 delta_max_deg=6.7124 joint=right_index_PIP joint_index=2 from_rad=0.835223 to_rad=0.718069
[action 000579 chunk_step=0] raw=[-0.3446,1.1641] sent=[-0.3446,1.1641] limit_clips=0 step_clips=0 tracking_max=nan
[cmd 000580 kind=policy chunk=0289 chunk_step=1] delta_max_rad=0.097355 delta_max_deg=5.5780 joint=right_middle_DIP joint_index=7 from_rad=0.631842 to_rad=0.729197
[action 000580 chunk_step=1] raw=[-0.3405,1.1480] sent=[-0.3405,1.1480] limit_clips=0 step_clips=0 tracking_max=nan
[latency] hand_policy inference_ms=9.597
[chunk 0290] inference=0.010s predicted=(2, 22)
[cmd 000581 kind=policy chunk=0290 chunk_step=0] delta_max_rad=0.122262 delta_max_deg=7.0051 joint=right_pinky_PIP joint_index=11 from_rad=0.715056 to_rad=0.592794
[action 000581 chunk_step=0] raw=[-0.3476,1.1344] sent=[-0.3476,1.1344] limit_clips=0 step_clips=0 tracking_max=nan
[cmd 000582 kind=policy chunk=0290 chunk_step=1] delta_max_rad=0.104551 delta_max_deg=5.9903 joint=right_index_PIP joint_index=2 from_rad=0.537370 to_rad=0.432819
[action 000582 chunk_step=1] raw=[-0.3235,1.1249] sent=[-0.3235,1.1249] limit_clips=0 step_clips=0 tracking_max=nan
[latency] hand_policy inference_ms=9.230
[chunk 0291] inference=0.009s predicted=(2, 22)
[cmd 000583 kind=policy chunk=0291 chunk_step=0] delta_max_rad=0.092851 delta_max_deg=5.3200 joint=right_ring_MCP_FE joint_index=13 from_rad=0.203959 to_rad=0.111108
[action 000583 chunk_step=0] raw=[-0.2782,1.1726] sent=[-0.2782,1.1726] limit_clips=0 step_clips=0 tracking_max=nan
[cmd 000584 kind=policy chunk=0291 chunk_step=1] delta_max_rad=0.092610 delta_max_deg=5.3062 joint=right_index_DIP joint_index=3 from_rad=0.793020 to_rad=0.885631
[action 000584 chunk_step=1] raw=[-0.2528,1.1588] sent=[-0.2528,1.1588] limit_clips=0 step_clips=0 tracking_max=nan
[latency] hand_policy inference_ms=9.008
[chunk 0292] inference=0.009s predicted=(2, 22)
[cmd 000585 kind=policy chunk=0292 chunk_step=0] delta_max_rad=0.106625 delta_max_deg=6.1091 joint=right_middle_DIP joint_index=7 from_rad=1.028019 to_rad=0.921394
[action 000585 chunk_step=0] raw=[-0.3355,1.0852] sent=[-0.3355,1.0852] limit_clips=0 step_clips=0 tracking_max=nan
[cmd 000586 kind=policy chunk=0292 chunk_step=1] delta_max_rad=0.103853 delta_max_deg=5.9504 joint=right_pinky_PIP joint_index=11 from_rad=0.500740 to_rad=0.604594
[action 000586 chunk_step=1] raw=[-0.3486,1.0945] sent=[-0.3486,1.0945] limit_clips=0 step_clips=0 tracking_max=nan
[latency] hand_policy inference_ms=9.463
[chunk 0293] inference=0.009s predicted=(2, 22)
[cmd 000587 kind=policy chunk=0293 chunk_step=0] delta_max_rad=0.102415 delta_max_deg=5.8679 joint=right_index_PIP joint_index=2 from_rad=0.486356 to_rad=0.588770
[action 000587 chunk_step=0] raw=[-0.3490,1.1508] sent=[-0.3490,1.1508] limit_clips=0 step_clips=0 tracking_max=nan
[cmd 000588 kind=policy chunk=0293 chunk_step=1] delta_max_rad=0.104721 delta_max_deg=6.0001 joint=right_thumb_IP joint_index=21 from_rad=0.509493 to_rad=0.404773
[action 000588 chunk_step=1] raw=[-0.3480,1.2427] sent=[-0.3480,1.2427] limit_clips=0 step_clips=0 tracking_max=nan
[latency] hand_policy inference_ms=9.209
[chunk 0294] inference=0.009s predicted=(2, 22)
[cmd 000589 kind=policy chunk=0294 chunk_step=0] delta_max_rad=0.110795 delta_max_deg=6.3481 joint=right_index_PIP joint_index=2 from_rad=0.675597 to_rad=0.786392
[action 000589 chunk_step=0] raw=[-0.3479,1.3261] sent=[-0.3479,1.3261] limit_clips=0 step_clips=0 tracking_max=nan
[cmd 000590 kind=policy chunk=0294 chunk_step=1] delta_max_rad=0.115925 delta_max_deg=6.6420 joint=right_ring_MCP_FE joint_index=13 from_rad=0.466980 to_rad=0.582905
[action 000590 chunk_step=1] raw=[-0.3447,1.3796] sent=[-0.3447,1.3796] limit_clips=0 step_clips=0 tracking_max=nan
[latency] hand_policy inference_ms=9.143
[chunk 0295] inference=0.009s predicted=(2, 22)
[cmd 000591 kind=policy chunk=0295 chunk_step=0] delta_max_rad=0.102927 delta_max_deg=5.8973 joint=right_middle_PIP joint_index=6 from_rad=0.551584 to_rad=0.654511
[action 000591 chunk_step=0] raw=[-0.3478,1.3446] sent=[-0.3478,1.3446] limit_clips=0 step_clips=0 tracking_max=nan
[cmd 000592 kind=policy chunk=0295 chunk_step=1] delta_max_rad=0.106072 delta_max_deg=6.0775 joint=right_ring_DIP joint_index=16 from_rad=0.654138 to_rad=0.760210
[action 000592 chunk_step=1] raw=[-0.3473,1.2544] sent=[-0.3473,1.2544] limit_clips=0 step_clips=0 tracking_max=nan
[latency] hand_policy inference_ms=9.496
[chunk 0296] inference=0.009s predicted=(2, 22)
[cmd 000593 kind=policy chunk=0296 chunk_step=0] delta_max_rad=0.107550 delta_max_deg=6.1622 joint=right_pinky_PIP joint_index=11 from_rad=0.838190 to_rad=0.730641
[action 000593 chunk_step=0] raw=[-0.3482,1.2240] sent=[-0.3482,1.2240] limit_clips=0 step_clips=0 tracking_max=nan
[cmd 000594 kind=policy chunk=0296 chunk_step=1] delta_max_rad=0.099544 delta_max_deg=5.7034 joint=right_pinky_PIP joint_index=11 from_rad=0.730641 to_rad=0.631097
[action 000594 chunk_step=1] raw=[-0.3487,1.1954] sent=[-0.3487,1.1954] limit_clips=0 step_clips=0 tracking_max=nan
[latency] hand_policy inference_ms=9.373
[chunk 0297] inference=0.009s predicted=(2, 22)
[cmd 000595 kind=policy chunk=0297 chunk_step=0] delta_max_rad=0.108903 delta_max_deg=6.2397 joint=right_pinky_PIP joint_index=11 from_rad=0.631097 to_rad=0.522194
[action 000595 chunk_step=0] raw=[-0.3491,1.1738] sent=[-0.3491,1.1738] limit_clips=0 step_clips=0 tracking_max=nan
[cmd 000596 kind=policy chunk=0297 chunk_step=1] delta_max_rad=0.110490 delta_max_deg=6.3306 joint=right_pinky_PIP joint_index=11 from_rad=0.522194 to_rad=0.411704
[action 000596 chunk_step=1] raw=[-0.3443,1.2115] sent=[-0.3443,1.2115] limit_clips=0 step_clips=0 tracking_max=nan
[latency] hand_policy inference_ms=9.048
[chunk 0298] inference=0.009s predicted=(2, 22)
[cmd 000597 kind=policy chunk=0298 chunk_step=0] delta_max_rad=0.110287 delta_max_deg=6.3190 joint=right_thumb_IP joint_index=21 from_rad=0.570831 to_rad=0.681118
[action 000597 chunk_step=0] raw=[-0.3468,1.2424] sent=[-0.3468,1.2424] limit_clips=0 step_clips=0 tracking_max=nan
[cmd 000598 kind=policy chunk=0298 chunk_step=1] delta_max_rad=0.100768 delta_max_deg=5.7736 joint=right_pinky_PIP joint_index=11 from_rad=0.309380 to_rad=0.208612
[action 000598 chunk_step=1] raw=[-0.3469,1.2553] sent=[-0.3469,1.2553] limit_clips=0 step_clips=0 tracking_max=nan
[latency] hand_policy inference_ms=10.117
[chunk 0299] inference=0.010s predicted=(2, 22)
[cmd 000599 kind=policy chunk=0299 chunk_step=0] delta_max_rad=0.091978 delta_max_deg=5.2700 joint=right_pinky_MCP_AA joint_index=10 from_rad=0.315397 to_rad=0.223419
[action 000599 chunk_step=0] raw=[-0.3404,1.2371] sent=[-0.3404,1.2371] limit_clips=0 step_clips=0 tracking_max=nan
[cmd 000600 kind=policy chunk=0299 chunk_step=1] delta_max_rad=0.121589 delta_max_deg=6.9665 joint=right_thumb_IP joint_index=21 from_rad=0.800786 to_rad=0.679198
[action 000600 chunk_step=1] raw=[-0.3472,1.1504] sent=[-0.3472,1.1504] limit_clips=0 step_clips=0 tracking_max=nan
[done] steps=600 chunks=300 elapsed=27.04s inference=2.81s joint_limit_clips=0 step_clips=0
[cmd 000601 kind=exit_hold chunk=0300 chunk_step=-] delta_max_rad=0.070996 delta_max_deg=4.0677 joint=right_ring_PIP joint_index=15 from_rad=0.721920 to_rad=0.792916
[cleanup] SharpA held at measured position
