# https://github.com/mikedh/trimesh

o OpenSCAD_Model
v -0.00782967 -0.02957250 0.00003242
v -0.00249577 -0.03047180 0.00543308
v -0.00782967 -0.02957250 0.00543308
v -0.00249577 -0.03047180 0.00003242
v -0.01234630 -0.02796270 0.00003242
v -0.01234630 -0.02796270 0.00543308
v -0.01575280 -0.02595520 0.00003242
v -0.01575280 -0.02595520 0.00543308
v -0.01863480 -0.02322670 0.00003242
v -0.01863480 -0.02322670 0.00543308
v -0.02087590 -0.01994900 0.00543308
v -0.02087590 -0.01994900 0.00003242
v -0.02253910 -0.01578430 0.00543308
v -0.02253910 -0.01578430 0.00003242
v -0.02338500 -0.01194100 0.00543308
v -0.02338500 -0.01194100 0.00003242
v -0.02402690 -0.00560760 0.00543308
v -0.02402690 -0.00560760 0.00003242
v -0.02409650 -0.00249958 0.00543308
v -0.02409650 -0.00249958 0.00003242
v -0.02409170 0.00249958 0.00003242
v -0.02367590 0.00903606 0.00543308
v -0.02367590 0.00903606 0.00003242
v -0.02409170 0.00249958 0.00543308
v -0.02276520 0.01370530 0.00543308
v -0.02276520 0.01370530 0.00003242
v -0.02126880 0.01771160 0.00543308
v -0.02126880 0.01771160 0.00003242
v -0.01899240 0.02140620 0.00543308
v -0.01899240 0.02140620 0.00003242
v -0.01593490 0.02476410 0.00543308
v -0.01593490 0.02476410 0.00003242
v -0.01221180 0.02753070 0.00003242
v -0.01221180 0.02753070 0.00543308
v -0.00804710 0.02947140 0.00003242
v -0.00804710 0.02947140 0.00543308
v -0.00787830 0.02952960 0.00003242
v -0.00787830 0.02952960 0.00543308
v -0.00331116 0.03061680 0.00003242
v -0.00331116 0.03061680 0.00543308
v -0.00248909 0.03072930 0.00003242
v -0.00248909 0.03072930 0.00543308
v 0.02480600 -0.00966549 0.00543308
v 0.02509210 -0.00249958 0.00003242
v 0.02509210 -0.00249958 0.00543308
v 0.02480600 -0.00966549 0.00003242
v 0.02394770 -0.01490590 0.00543308
v 0.02394770 -0.01490590 0.00003242
v 0.02258110 -0.01918410 0.00543308
v 0.02258110 -0.01918410 0.00003242
v 0.02074340 -0.02263930 0.00543308
v 0.02074340 -0.02263930 0.00003242
v 0.01846890 -0.02530480 0.00543308
v 0.01846890 -0.02530480 0.00003242
v 0.01539420 -0.02750210 0.00003242
v 0.01539420 -0.02750210 0.00543308
v 0.01171490 -0.02909280 0.00003242
v 0.01171490 -0.02909280 0.00543308
v 0.00680542 -0.03024480 0.00003242
v 0.00680542 -0.03024480 0.00543308
v 0.00249958 -0.03059960 0.00003242
v 0.00249958 -0.03059960 0.00543308
v 0.00774670 0.03050610 0.00003242
v 0.00249863 0.03101350 0.00543308
v 0.00774670 0.03050610 0.00543308
v 0.00249863 0.03101350 0.00003242
v 0.01211740 0.02926160 0.00003242
v 0.01211740 0.02926160 0.00543308
v 0.01556970 0.02755830 0.00003242
v 0.01556970 0.02755830 0.00543308
v 0.01828290 0.02533250 0.00003242
v 0.01828290 0.02533250 0.00543308
v 0.02053640 0.02238270 0.00543308
v 0.02053640 0.02238270 0.00003242
v 0.02234080 0.01869680 0.00543308
v 0.02234080 0.01869680 0.00003242
v 0.02372840 0.01422790 0.00543308
v 0.02372840 0.01422790 0.00003242
v 0.02474690 0.00811672 0.00543308
v 0.02474690 0.00811672 0.00003242
v 0.02504060 0.00249958 0.00543308
v 0.02504060 0.00249958 0.00003242
v -0.02397630 0.01320930 0.04632380
v -0.02381900 0.02000520 0.04028420
v -0.02428910 0.01228330 0.04028220
v -0.01683710 0.04098610 0.04934410
v -0.01691060 0.04050160 0.04632660
v -0.01825710 0.03958130 0.04632660
v 0.02525900 -0.00542736 0.00776672
v 0.02494240 -0.00551796 0.01065640
v 0.02466580 -0.01136110 0.01065830
v 0.02102570 -0.03013520 0.02240560
v 0.02039340 -0.03149800 0.02240560
v 0.01984980 -0.02967740 0.01654150
v 0.01964760 -0.00895691 0.07030960
v 0.01985840 -0.01067920 0.06435010
v 0.01942160 -0.00493050 0.07030960
v -0.00944614 0.04146670 0.09396550
v -0.01021390 0.04168610 0.08806420
v -0.01121900 0.04059030 0.09396840
v -0.01985070 0.03851030 0.05836390
v -0.01996610 0.03849510 0.05235670
v -0.02070140 0.03724290 0.05235580
v -0.01811030 0.04043010 0.05836490
v -0.01793480 0.04055790 0.05235670
v -0.01905160 0.03960130 0.05235670
v -0.01905920 0.03953930 0.05836490
v 0.02191070 -0.01204490 0.02236560
v 0.02200890 -0.00911331 0.02159600
v 0.02178190 -0.00923347 0.02236080
v 0.01391980 0.04098510 0.06000040
v 0.01265430 0.04141900 0.05837730
v 0.01142980 0.04187770 0.05836300
v 0.00000000 0.03886600 0.02663710
v 0.00000000 0.03716090 0.02237320
v -0.00216484 0.03708270 0.02237030
v -0.02389910 0.01019760 0.05235670
v -0.02402020 0.00868988 0.05142210
v -0.02403640 0.00799465 0.05235390
v 0.00003910 0.03170390 0.00775242
v -0.00091934 0.03106980 0.00543308
v -0.00237751 0.03090380 0.00543308
v 0.01391120 -0.03945920 0.02998160
v 0.01378250 -0.03950020 0.02998160
v 0.01369000 -0.03896050 0.02830120
v -0.02268030 -0.02055360 0.03298190
v -0.02273180 -0.02055360 0.03424930
v -0.02322860 -0.01649570 0.03425220
v -0.02262400 -0.02055360 0.05223270
v -0.02260780 -0.02055360 0.05235960
v -0.02319240 -0.01592060 0.05235960
v -0.01905160 -0.02055360 0.07624910
v -0.01926420 -0.02000430 0.07625200
v -0.01935860 -0.02055360 0.07479000
v -0.01451300 0.00076294 0.09916690
v -0.01451210 0.00074100 0.09916690
v -0.01451870 0.00082398 0.09916880
v -0.01530650 0.02549550 0.09344480
v -0.01528260 0.02804570 0.09344480
v -0.01664640 0.02891160 0.08806420
v -0.01488780 0.03534030 0.09344480
v -0.01488300 0.03536130 0.09344480
v -0.01621060 0.03632160 0.08807750
v -0.01171970 0.03970910 0.09619430
v -0.01072880 0.04031850 0.09709260
v -0.01199910 0.03970910 0.09527020
v -0.00441933 0.04254630 0.09869190
v -0.00385475 0.04260830 0.09870620
v -0.00581646 0.04258060 0.08807280
v -0.00023270 0.04279900 0.09846210
v 0.00031090 0.04286960 0.08807090
v -0.00136757 0.04276560 0.09864710
v -0.00314045 0.04267020 0.09871670
v -0.00702953 0.04198840 0.09850980
v -0.00815868 0.04221060 0.08806900
v -0.00621128 0.04223630 0.09861180
v -0.00618744 0.04224300 0.09861470
v -0.00594521 0.04229740 0.09863190
v -0.00498295 0.04247000 0.09867760
v -0.00491810 0.04247950 0.09867860
v -0.00957775 0.04095550 0.09782980
v -0.00961781 0.04093270 0.09780500
v -0.00916195 0.04116340 0.09801580
v -0.00891876 0.04126830 0.09808540
v -0.01199910 0.03952410 0.09590150
v -0.01208020 0.03946880 0.09581470
v -0.01275540 0.03936290 0.09397510
v -0.01069160 0.04034140 0.09712600
v -0.01326660 0.03852750 0.09451290
v -0.01375290 0.03800110 0.09402180
v -0.01264380 0.03903010 0.09519770
v -0.01247880 0.03916260 0.09537980
v -0.01221370 0.03937630 0.09566970
v -0.01380540 0.03792100 0.09398080
v -0.01331520 0.03972530 0.09102440
v -0.01461980 0.03812220 0.09102920
v -0.01466940 0.03623100 0.09344480
v -0.01434330 0.03707220 0.09356500
v -0.01526550 0.03853890 0.08807750
v -0.01427940 0.03719710 0.09360410
v -0.01409240 0.03748320 0.09375290
v -0.01398370 0.03764920 0.09383960
v -0.01515390 0.03345200 0.09344480
v -0.01526830 0.02954100 0.09344480
v -0.01522060 0.03218170 0.09344480
v -0.01664450 0.03317830 0.08807180
v -0.01521300 0.03261090 0.09344480
v -0.01521780 0.02290730 0.09441850
v -0.01522830 0.02301500 0.09434410
v -0.01532080 0.02306940 0.09397030
v -0.01528070 0.02355960 0.09396930
v -0.01675990 0.02378080 0.08806900
v -0.01529310 0.02369400 0.09387590
v -0.01530550 0.02394290 0.09376050
v -0.01530840 0.02411650 0.09371280
v -0.01531890 0.02495960 0.09348110
v -0.01531410 0.02522090 0.09345440
v -0.01517960 0.02263640 0.09465890
v -0.01521020 0.02282810 0.09447290
v -0.01610570 0.01792140 0.09399700
v -0.01488590 0.01814750 0.09810350
v -0.01502130 0.02201460 0.09550190
v -0.01427460 0.01992610 0.09923170
v -0.01469710 0.02120490 0.09706590
v -0.01486780 0.02156730 0.09627150
v -0.01441480 0.01902010 0.09923360
v -0.01440530 0.01905920 0.09924320
v -0.01451300 0.01874540 0.09904480
v -0.01451970 0.01872730 0.09903140
v -0.01463600 0.01852510 0.09874440
v -0.01478960 0.01830670 0.09834000
v -0.01433560 0.01936150 0.09931950
v -0.01427460 0.01985260 0.09927080
v -0.01430800 0.01953600 0.09932230
v -0.01432510 0.01942350 0.09932230
v -0.01427460 0.02013780 0.09912110
v -0.01429180 0.02025220 0.09900190
v -0.01435380 0.02047440 0.09866910
v -0.01430800 0.02035810 0.09889130
v -0.01593210 0.01502040 0.09651090
v -0.01570510 0.01603510 0.09664630
v -0.01624200 0.01304440 0.09651090
v -0.01562880 0.01630500 0.09673020
v -0.01558300 0.01644040 0.09679990
v -0.01531510 0.01723100 0.09720420
v -0.01523690 0.01742270 0.09734730
v -0.01517580 0.01754860 0.09747890
v -0.01512620 0.01765250 0.09758660
v -0.01632120 0.01239010 0.09651090
v -0.01628210 0.01271920 0.09651090
v -0.01703550 0.01288030 0.09402940
v -0.01872350 0.01317120 0.08812430
v -0.01643470 0.01033590 0.09651090
v -0.01631260 0.00802135 0.09651090
v -0.01645180 0.01003550 0.09651090
v -0.01895620 0.01059340 0.08813290
v -0.01557730 0.00368786 0.09678360
v -0.01578620 0.00449848 0.09654900
v -0.01784040 0.00296497 0.08812050
v -0.01584720 0.00479507 0.09651760
v -0.01589110 0.00502872 0.09651090
v -0.01628210 0.00757313 0.09651090
v -0.01879690 0.00802898 0.08813290
v -0.01546000 0.00328350 0.09695150
v -0.01553730 0.00353432 0.09682850
v -0.01452260 0.00015068 0.09895710
v -0.01450920 0.00033665 0.09905720
v -0.01455780 -0.00000572 0.09878540
v -0.01478960 -0.00035000 0.09784130
v -0.01508050 0.00227737 0.09774780
v -0.01528930 -0.00104523 0.09581090
v -0.01465030 -0.00020981 0.09839630
v -0.01451020 0.00055027 0.09911160
v -0.01455020 0.00106907 0.09913440
v -0.01456450 0.00112915 0.09910680
v -0.01450730 0.00068188 0.09916310
v -0.01450350 0.00060177 0.09915350
v -0.01452730 0.00090694 0.09916400
v -0.01461790 0.00136375 0.09900090
v -0.01465610 0.00145340 0.09889790
v -0.01450160 0.00044537 0.09911540
v -0.01476860 0.00171185 0.09859940
v -0.01457500 -0.00007915 0.09870620
v -0.01719760 -0.00193596 0.08811570
v -0.01516150 0.00246334 0.09755330
v -0.01518540 0.00253010 0.09750460
v -0.01663300 -0.00584984 0.09061620
v -0.01655670 -0.00487328 0.09075550
v -0.01653860 -0.00470543 0.09080890
v -0.01645180 -0.00413227 0.09110550
v -0.01640510 -0.00382710 0.09126280
v -0.01637840 -0.00369358 0.09136200
v -0.01619720 -0.00301075 0.09207920
v -0.01616190 -0.00291538 0.09222030
v -0.01613240 -0.00284290 0.09233760
v -0.01571850 -0.00188923 0.09403320
v -0.01541520 -0.00129128 0.09529020
v -0.01529500 -0.00105286 0.09578990
v -0.01686760 -0.01099870 0.09061620
v -0.01675890 -0.00811291 0.09061620
v -0.01727390 -0.00671196 0.08811860
v -0.01671500 -0.00735378 0.09061620
v -0.01666260 -0.00640106 0.09061620
v -0.01546670 -0.01869010 0.09330750
v -0.01566410 -0.01851940 0.09277820
v -0.01668450 -0.01941490 0.08809380
v -0.01597500 -0.01811600 0.09203820
v -0.01599880 -0.01808450 0.09198190
v -0.01635070 -0.01742360 0.09123710
v -0.01646330 -0.01708700 0.09104440
v -0.01659870 -0.01668360 0.09081460
v -0.01676940 -0.01576810 0.09063050
v -0.01678850 -0.01561550 0.09062190
v -0.01743220 -0.01558300 0.08810810
v -0.01679230 -0.01558110 0.09062100
v -0.01681610 -0.01535220 0.09061620
v -0.01681900 -0.01527790 0.09061620
v -0.01486680 -0.01944350 0.09462740
v -0.01497270 -0.01922420 0.09449860
v -0.01505280 -0.01910110 0.09434700
v -0.01459690 -0.02052400 0.09432600
v -0.01459220 -0.02050300 0.09436510
v -0.01457880 -0.02043440 0.09449770
v -0.01458260 -0.02037330 0.09455680
v -0.01458740 -0.02029990 0.09462830
v -0.01461030 -0.02018070 0.09468750
v -0.01461890 -0.02013590 0.09471040
v -0.01467130 -0.01995370 0.09473800
v -0.01469710 -0.01987460 0.09473800
v -0.01482770 -0.01952460 0.09467510
v -0.01463890 -0.02055360 0.09413810
v -0.01512150 -0.01899620 0.09421730
v -0.01522640 -0.01889710 0.09395220
v -0.01586530 -0.02055360 0.08971500
v -0.01628020 -0.02055360 0.08808610
v -0.01800540 -0.01993270 0.08217910
v -0.01778600 -0.02055360 0.08217620
v -0.01787850 -0.02055360 0.08181480
v -0.01956270 -0.02055360 0.07367230
v -0.02046200 -0.01949880 0.07030960
v -0.02009300 -0.02055360 0.07031060
v -0.02062030 -0.02055360 0.06696510
v -0.02158160 -0.01837440 0.06435010
v -0.02099040 -0.02055360 0.06435300
v -0.02176670 -0.02055360 0.05886650
v -0.02253060 -0.01701260 0.05836870
v -0.02183060 -0.02055360 0.05836960
v -0.02283570 -0.02055360 0.04933930
v -0.02295880 -0.02055360 0.04766270
v -0.02338030 -0.01563360 0.04934220
v -0.02346420 -0.01556780 0.04631900
v -0.02276040 -0.02055360 0.03496930
v -0.02293210 -0.02055360 0.04026700
v -0.02341080 -0.01590630 0.04026890
v -0.02301880 -0.02055360 0.04292110
v -0.02297500 -0.02055360 0.04631610
v -0.02224060 -0.02254580 0.03015610
v -0.02226730 -0.02241520 0.03022670
v -0.02311330 -0.01689050 0.02830790
v -0.02192590 -0.02372650 0.02830980
v -0.02204040 -0.02355380 0.02998160
v -0.02240180 -0.02173710 0.03059390
v -0.02241900 -0.02165220 0.03066160
v -0.02245900 -0.02145580 0.03088090
v -0.02254490 -0.02103900 0.03134540
v -0.02255730 -0.02098270 0.03143690
v -0.02259730 -0.02082160 0.03184890
v -0.02264880 -0.02061460 0.03238200
v -0.02107430 -0.02716350 0.02830980
v -0.02152440 -0.02592180 0.02998160
v -0.02200410 -0.02372070 0.02998160
v -0.01995470 -0.03044130 0.02830890
v -0.02057740 -0.02929120 0.02998160
v -0.02115630 -0.02723220 0.02998160
v -0.01895620 -0.03321360 0.02998160
v -0.02003190 -0.03081510 0.02998160
v -0.02010060 -0.03062340 0.02998160
v -0.01849170 -0.03342910 0.02830790
v -0.01865860 -0.03370670 0.02998160
v -0.01760670 -0.03477570 0.02830600
v -0.01781270 -0.03510860 0.02998160
v -0.01661010 -0.03599740 0.02830510
v -0.01718810 -0.03597160 0.02998160
v -0.01772210 -0.03525830 0.02998160
v -0.01549430 -0.03707600 0.02830410
v -0.01590250 -0.03736110 0.02998160
v -0.01682850 -0.03635980 0.02998160
v -0.01317410 -0.03921990 0.02998160
v -0.01387690 -0.03886700 0.02998160
v -0.01425550 -0.03799530 0.02830220
v -0.01443860 -0.03851320 0.02998160
v -0.01452730 -0.03844450 0.02998160
v -0.01574610 -0.03748510 0.02998160
v -0.01145360 -0.03938770 0.02830120
v -0.01026250 -0.04039860 0.02998160
v -0.01172640 -0.03988270 0.02998160
v -0.01215080 -0.03973290 0.02998160
v -0.00852680 -0.04080680 0.02998160
v -0.00828075 -0.04026890 0.02830030
v -0.00804996 -0.04091930 0.02998160
v -0.00480843 -0.04074000 0.02830120
v -0.00547028 -0.04127980 0.02998160
v -0.00111485 -0.04089830 0.02830120
v -0.00272465 -0.04145910 0.02998160
v -0.00500965 -0.04130940 0.02998160
v 0.00271702 -0.04083060 0.02830220
v 0.00311756 -0.04140280 0.02998160
v 0.00264645 -0.04141330 0.02998160
v -0.00117588 -0.04149250 0.02998160
v 0.00472069 -0.04129790 0.02998160
v 0.00656414 -0.04052930 0.02830220
v 0.00655937 -0.04108330 0.02998160
v 0.01027200 -0.03992750 0.02830220
v 0.01148220 -0.04022600 0.02998160
v 0.01032260 -0.04046540 0.02998160
v 0.00831604 -0.04087830 0.02998160
v 0.01666360 -0.03755950 0.02830120
v 0.01620770 -0.03839680 0.02998160
v 0.01428790 -0.03931240 0.02998160
v 0.01903340 -0.03564830 0.02830120
v 0.01799680 -0.03718090 0.02998160
v 0.01793480 -0.03667260 0.02830120
v 0.01782700 -0.03731820 0.02998160
v 0.01674460 -0.03803920 0.02998160
v 0.01993940 -0.03447720 0.02830120
v 0.01917170 -0.03603460 0.02998160
v 0.01909920 -0.03610520 0.02998160
v 0.02018830 -0.03456590 0.02998160
v 0.02008530 -0.03474900 0.02998160
v 0.01997180 -0.03490920 0.02998160
v 0.02062130 -0.03356270 0.02998160
v 0.02063080 -0.03315160 0.02830120
v 0.02080820 -0.03313060 0.02998160
v 0.02111630 -0.03168110 0.02830030
v 0.02121350 -0.03155040 0.02998160
v 0.02135750 -0.03063490 0.02998160
v 0.02142430 -0.03009220 0.02830030
v 0.02136800 -0.03048520 0.02998160
v 0.02161690 -0.02665900 0.02829930
v 0.02148530 -0.02702900 0.02998160
v 0.02151010 -0.02844430 0.02998160
v 0.02074910 -0.02072430 0.03198530
v 0.02111630 -0.01947020 0.02829550
v 0.02062420 -0.02055360 0.03298190
v 0.02077480 -0.02080250 0.03184410
v 0.02090640 -0.02121350 0.03110500
v 0.02095990 -0.02145770 0.03088860
v 0.02120110 -0.02282050 0.03007220
v 0.02143760 -0.02305320 0.02829740
v 0.02113910 -0.02241990 0.03024290
v 0.02107050 -0.02197360 0.03043170
v 0.02121450 -0.02292250 0.03004840
v 0.02128220 -0.02355380 0.02998160
v 0.02146820 -0.02608680 0.02998160
v 0.02026840 -0.02055360 0.03800010
v 0.02053260 -0.02055360 0.03427030
v 0.01962090 -0.01358030 0.03427310
v 0.02057650 -0.02055360 0.03364940
v 0.01960660 -0.01504040 0.04632660
v 0.02019120 -0.02055360 0.04330540
v 0.01949880 -0.01490500 0.04330920
v 0.02018550 -0.02055360 0.04303930
v 0.01944070 -0.01456930 0.04029180
v 0.02023030 -0.02055360 0.04028800
v 0.02049450 -0.02055360 0.05394080
v 0.02044010 -0.02055360 0.05235770
v 0.01982310 -0.01444150 0.05235580
v 0.02033710 -0.02055360 0.04934410
v 0.01972580 -0.01490500 0.04934410
v 0.02030090 -0.02055360 0.04829880
v 0.02025790 -0.02055360 0.04632470
v 0.02065850 -0.02055360 0.06012150
v 0.02061270 -0.02055360 0.05836960
v 0.02051730 -0.01924610 0.05836870
v 0.02069190 -0.02055360 0.06178670
v 0.02071480 -0.02055360 0.06435490
v 0.02076530 -0.02055360 0.06999590
v 0.02075390 -0.02055360 0.07030870
v 0.01941010 -0.01245500 0.07969860
v 0.01977730 -0.01578430 0.07969860
v 0.01927950 -0.00815105 0.07624240
v 0.01992130 -0.01696680 0.07955650
v 0.01998710 -0.01744940 0.07941340
v 0.02008440 -0.01809790 0.07909200
v 0.02014730 -0.01851840 0.07888410
v 0.02021410 -0.01892190 0.07859130
v 0.02052880 -0.02055360 0.07658390
v 0.02054120 -0.02055360 0.07623480
v 0.02039810 -0.01990600 0.07752800
v 0.02036760 -0.01975350 0.07773880
v 0.01901720 -0.00808811 0.07969860
v 0.01912980 -0.00453472 0.07625100
v 0.01886460 -0.00450039 0.07969860
v 0.01904110 -0.00864029 0.07969860
v 0.01879310 -0.00116348 0.08097550
v 0.01918790 -0.00015259 0.07625390
v 0.01872160 -0.00037766 0.08186910
v 0.01881410 -0.00154209 0.08066750
v 0.01883510 -0.00218773 0.08030320
v 0.01884840 -0.00257969 0.08008190
v 0.01885510 -0.00303936 0.07991700
v 0.01886370 -0.00421238 0.07970710
v 0.01892470 0.01544000 0.08218190
v 0.01839830 0.01654820 0.08640960
v 0.01838680 0.01550770 0.08640960
v 0.01831150 0.00859165 0.08640960
v 0.01827430 0.00536919 0.08640960
v 0.01827910 0.00418949 0.08626840
v 0.01829150 0.00372696 0.08613200
v 0.01832490 0.00305462 0.08580400
v 0.01834490 0.00265789 0.08560940
v 0.01837540 0.00226784 0.08533100
v 0.01846600 0.00142860 0.08448700
v 0.01849170 0.00124741 0.08423810
v 0.01869490 -0.00011444 0.08218100
v 0.01868250 -0.00010204 0.08227160
v 0.01869200 -0.00016975 0.08217330
v 0.01880930 0.02713490 0.08394620
v 0.01896190 0.03216170 0.08216860
v 0.01876070 0.03214650 0.08394620
v 0.01878550 0.02323910 0.08394620
v 0.01875880 0.02205850 0.08408740
v 0.01874540 0.02175900 0.08417510
v 0.01873780 0.02159500 0.08422370
v 0.01866250 0.02052780 0.08474450
v 0.01865100 0.02040960 0.08482360
v 0.01854710 0.01937680 0.08553220
v 0.01846220 0.01832390 0.08608340
v 0.01844500 0.01802730 0.08617970
v 0.01843640 0.01786140 0.08623410
v 0.01840020 0.01668740 0.08640770
v 0.01789760 0.03774550 0.08394620
v 0.01808740 0.03777310 0.08217140
v 0.01779170 0.03805070 0.08394620
v 0.01830010 0.03658770 0.08394620
v 0.01873490 0.03525070 0.08216950
v 0.01854320 0.03531360 0.08394620
v 0.01875500 0.03267960 0.08394620
v 0.01663680 0.03970910 0.08394620
v 0.01676940 0.03973580 0.08217140
v 0.01662640 0.03971860 0.08394620
v 0.01742940 0.03871820 0.08394620
v 0.01477050 0.04099180 0.08394620
v 0.01454930 0.04115490 0.08217050
v 0.01586630 0.04035380 0.08394620
v 0.01332000 0.04167370 0.07624820
v 0.01162720 0.04210570 0.07624820
v 0.01155570 0.04204650 0.08410740
v 0.01308820 0.04164600 0.08394910
v 0.01333330 0.04156680 0.08394620
v 0.01443670 0.04112530 0.08394620
v 0.00799274 0.04258730 0.08561420
v 0.00785446 0.04268460 0.07624630
v 0.00778294 0.04260640 0.08578970
v 0.00816250 0.04257200 0.08547210
v 0.00917721 0.04245470 0.08488270
v 0.01034450 0.04227450 0.08443450
v 0.01063540 0.04222970 0.08432290
v 0.01140210 0.04207710 0.08414270
v 0.00628376 0.04272370 0.08734610
v 0.00705433 0.04267220 0.08639910
v -0.00012398 0.04302790 0.07624630
v 0.00399303 0.04283430 0.08807090
v 0.00589085 0.04274460 0.08807180
v 0.00621891 0.04272750 0.08746720
v 0.00382805 0.04296210 0.07624630
v 0.00443172 0.04279520 0.09253220
v 0.00496960 0.04278180 0.09042170
v 0.00516891 0.04277520 0.08985230
v 0.00561523 0.04275890 0.08858010
v 0.00015831 0.04280950 0.09839920
v 0.00058460 0.04281620 0.09825130
v 0.00127316 0.04282570 0.09801200
v 0.00172234 0.04282760 0.09776120
v 0.00185204 0.04282760 0.09768870
v 0.00263882 0.04282380 0.09699340
v 0.00286770 0.04282190 0.09670450
v 0.00306511 0.04281900 0.09635070
v 0.00351334 0.04281230 0.09554670
v 0.00378895 0.04280760 0.09483810
v 0.00394726 0.04280470 0.09427070
v 0.00400352 0.04280280 0.09406950
v 0.02503780 -0.00966740 0.00543308
v 0.02490710 -0.01116850 0.00775719
v 0.02485850 -0.01099210 0.00543308
v 0.02524190 -0.00644970 0.00543308
v 0.02524950 -0.00533962 0.00543308
v 0.02525520 0.00031185 0.00777245
v 0.02457050 -0.01311680 0.00543308
v 0.02449890 -0.01403620 0.00775146
v 0.02441690 -0.01379970 0.00543308
v 0.02393910 -0.01592350 0.00543308
v 0.02388190 -0.01690010 0.00774384
v 0.02372360 -0.01658340 0.00543308
v 0.02306080 -0.01861290 0.00543308
v 0.02300930 -0.01972390 0.00773525
v 0.02274420 -0.01930900 0.00543308
v 0.02147480 -0.02189160 0.00543308
v 0.02183150 -0.02239890 0.00772667
v 0.02139280 -0.02203660 0.00543308
v 0.02195550 -0.02104380 0.00543308
v 0.02012630 -0.02385900 0.00543308
v 0.02030370 -0.02481650 0.00771999
v 0.01982500 -0.02418800 0.00543308
v 0.01896860 -0.02779870 0.01066880
v 0.01675030 -0.02958010 0.01066880
v 0.01602940 -0.02742000 0.00543308
v 0.01773260 -0.02624700 0.00543308
v 0.01838680 -0.02686980 0.00771809
v 0.01784320 -0.02615170 0.00543308
v 0.01869200 -0.02542020 0.00543308
v 0.01344780 -0.02871130 0.00543308
v 0.01418020 -0.03097060 0.01066880
v 0.01294040 -0.02888870 0.00543308
v 0.01414590 -0.02840900 0.00543308
v 0.01551340 -0.02769090 0.00543308
v 0.01109980 -0.02953150 0.00543308
v 0.01134110 -0.03200630 0.01066970
v 0.01017090 -0.02975650 0.00543308
v 0.00860691 -0.03013520 0.00543308
v 0.00831604 -0.03271960 0.01066970
v 0.00727272 -0.03034110 0.00543308
v 0.00597954 -0.03054050 0.00543308
v 0.00518894 -0.03314590 0.01066970
v 0.00430775 -0.03068920 0.00543308
v -0.00038242 -0.03078750 0.00543308
v 0.00204086 -0.03331760 0.01066970
v -0.00368023 -0.03055000 0.00543308
v -0.00402546 -0.03301050 0.01066880
v -0.00439644 -0.03043170 0.00543308
v 0.00054264 -0.03080650 0.00543308
v 0.00133610 -0.03078650 0.00543308
v 0.00396252 -0.03072070 0.00543308
v -0.00669670 -0.03005310 0.00543308
v -0.00691414 -0.03251840 0.01066780
v -0.00714779 -0.02992920 0.00543308
v -0.00952816 -0.02927590 0.00543308
v -0.00972080 -0.03176500 0.01066880
v -0.00984097 -0.02915760 0.00543308
v -0.01161000 -0.02848530 0.00543308
v -0.01246360 -0.03072170 0.01067070
v -0.01247410 -0.02806190 0.00543308
v -0.01603320 -0.02599430 0.00543308
v -0.01504900 -0.02934840 0.01067350
v -0.01727490 -0.02760410 0.01067640
v -0.01498130 -0.02667710 0.00543308
v -0.01399610 -0.02731700 0.00543308
v -0.01785760 -0.02440170 0.00543308
v -0.01911640 -0.02551460 0.01067920
v -0.01719570 -0.02497860 0.00543308
v -0.02054690 -0.02090550 0.00543308
v -0.01909160 -0.02415470 0.00767612
v -0.02062420 -0.02184010 0.00767231
v -0.01929950 -0.02275090 0.00543308
v -0.01908970 -0.02299120 0.00543308
v -0.02143290 -0.01922610 0.00543308
v -0.02183910 -0.01928230 0.00767231
v -0.02064320 -0.02072330 0.00543308
v -0.02232740 -0.01700500 0.00543308
v -0.02276330 -0.01651860 0.00767708
v -0.02184200 -0.01820950 0.00543308
v -0.02343270 -0.01265050 0.00543308
v -0.02343560 -0.01358410 0.00768375
v -0.02345560 -0.01254180 0.00543308
v -0.02301690 -0.01463410 0.00543308
v -0.02276130 -0.01551150 0.00543308
v -0.02410980 -0.00658894 0.00543308
v -0.02389720 -0.00936413 0.00543308
v -0.02418520 -0.00737667 0.00769901
v -0.02427100 -0.00240803 0.00543308
v -0.02421280 -0.00822258 0.01067260
v -0.02448270 -0.00170612 0.01066970
v -0.02415560 -0.00599003 0.00543308
v -0.02399830 0.01066970 0.01066680
v -0.02412410 0.00563145 0.00543308
v -0.02446080 0.00463963 0.01066780
v -0.02424430 0.00351238 0.00543308
v -0.02426150 -0.00038528 0.00543308
v -0.02350520 0.01130580 0.00543308
v -0.02357480 0.01099400 0.00543308
v -0.02375410 0.01096530 0.00772572
v -0.02400880 0.00767231 0.00543308
v -0.02294450 0.01382160 0.00543308
v -0.02318480 0.01372620 0.00772858
v -0.02289390 0.01399900 0.00543308
v -0.02081010 0.01906010 0.00543308
v -0.02085880 0.01898290 0.00543308
v -0.02124980 0.01893230 0.00773716
v -0.02236370 0.01638320 0.00773239
v -0.02196410 0.01669030 0.00543308
v -0.02200130 0.01658440 0.00543308
v -0.02282810 0.01423070 0.00543308
v -0.01949410 0.02114390 0.00543308
v -0.01981070 0.02136330 0.00774097
v -0.01928620 0.02140520 0.00543308
v -0.01792340 0.02310940 0.00543308
v -0.01803870 0.02364920 0.00774574
v -0.01744370 0.02359390 0.00543308
v -0.01610180 0.02495100 0.00543308
v -0.01597880 0.02572920 0.00774956
v -0.01533790 0.02557370 0.00543308
v -0.01407150 0.02660660 0.00543308
v -0.01368140 0.02754210 0.00775242
v -0.01301480 0.02728270 0.00543308
v -0.01176640 0.02808190 0.00543308
v -0.01119800 0.02902410 0.00775337
v -0.01053620 0.02867600 0.00543308
v -0.00926113 0.03083990 0.01065920
v -0.00953293 0.02916050 0.00543308
v -0.00521469 0.03044510 0.00543308
v -0.00638962 0.03020380 0.00543308
v -0.00645447 0.03172590 0.01065920
v -0.00714493 0.02999690 0.00543308
v -0.00793457 0.02972030 0.00543308
v -0.00371552 0.03075220 0.00543308
v -0.00353527 0.03229140 0.01066020
v -0.00053406 0.03255750 0.01065920
v 0.00498295 0.03104780 0.00543308
v 0.00356483 0.03110790 0.00543308
v 0.00306034 0.03168680 0.00775433
v 0.00198936 0.03117560 0.00543308
v 0.00056553 0.03112410 0.00543308
v 0.00768948 0.03069400 0.00543308
v 0.00654888 0.03084370 0.00543308
v 0.00606823 0.03139590 0.00775814
v 0.00900173 0.03080840 0.00776196
v 0.00945187 0.03028870 0.00543308
v 0.01037880 0.03007510 0.00543308
v 0.01179890 0.02990340 0.00776386
v 0.01221560 0.02942940 0.00543308
v 0.01439950 0.02865790 0.00776386
v 0.01427560 0.02853390 0.00543308
v 0.01285170 0.02920530 0.00543308
v 0.01674560 0.02705290 0.00775909
v 0.01616570 0.02738860 0.00543308
v 0.01477430 0.02823160 0.00543308
v 0.01905250 0.02471640 0.00543308
v 0.01893330 0.02487660 0.00543308
v 0.01877310 0.02506640 0.00775242
v 0.01781750 0.02604770 0.00543308
v 0.01706700 0.02665710 0.00543308
v 0.02018450 0.02321150 0.00543308
v 0.02047060 0.02274610 0.00774765
v 0.02066900 0.02239700 0.00543308
v 0.02129170 0.02134900 0.00543308
v 0.02186680 0.02018450 0.00774765
v 0.02200890 0.01986690 0.00543308
v 0.02221110 0.01944830 0.00543308
v 0.02298450 0.01745890 0.00775242
v 0.02307130 0.01719000 0.00543308
v 0.02452850 0.01126100 0.00543308
v 0.02445790 0.01162150 0.00543308
v 0.02444170 0.01177120 0.00776577
v 0.02396870 0.01411530 0.00543308
v 0.02320190 0.01684570 0.00543308
v 0.02490140 0.00828648 0.00543308
v 0.02507590 0.00604630 0.00777245
v 0.02506260 0.00599289 0.00543308
v 0.02528000 -0.00110054 0.00543308
v 0.02526000 0.00033474 0.00543308
v 0.02512550 0.00508499 0.00543308
v -0.02432630 0.00845337 0.04028130
v -0.02435020 0.00799465 0.03959660
v -0.02429960 0.00896549 0.04104520
v -0.02425000 0.00953102 0.04230790
v -0.02423860 0.00966454 0.04260730
v -0.02416900 0.01009940 0.04429340
v -0.02410130 0.01024250 0.04599950
v -0.02442360 0.00407028 0.03661540
v -0.02441980 0.00454903 0.03686140
v -0.02445030 0.00385761 0.03426270
v -0.02448460 0.01155760 0.03426360
v -0.02441120 0.00542450 0.03731060
v -0.02438640 0.00681686 0.03835490
v -0.02436350 0.00754452 0.03912160
v -0.02441500 0.00094128 0.03582480
v -0.02442550 0.00224400 0.03600500
v -0.02442550 0.00390244 0.03652860
v -0.02427960 -0.00335026 0.03425980
v -0.02433870 -0.00286293 0.03616430
v -0.02434060 -0.00280190 0.03615190
v -0.02438350 -0.00118637 0.03582480
v -0.02441220 0.00054932 0.03577140
v -0.02385520 -0.00997257 0.03425690
v -0.02406600 -0.00847626 0.04027560
v -0.02407260 -0.00837421 0.04010110
v -0.02413850 -0.00727463 0.03878880
v -0.02419950 -0.00615978 0.03783990
v -0.02421090 -0.00595284 0.03766440
v -0.02427860 -0.00448227 0.03678890
v -0.02432630 -0.00320244 0.03629590
v -0.02398200 -0.00947571 0.04027460
v -0.02401540 -0.00925255 0.04160590
v -0.02405260 -0.00867939 0.04062370
v -0.02392860 -0.01021670 0.04632090
v -0.02394290 -0.01018520 0.04491900
v -0.02395630 -0.01003270 0.04412460
v -0.02397250 -0.00985527 0.04320810
v -0.02400780 -0.00935650 0.04188250
v -0.02390290 -0.00919437 0.05044360
v -0.02390670 -0.00943947 0.04997630
v -0.02391530 -0.00996971 0.04834940
v -0.02391820 -0.01003930 0.04787730
v -0.02392480 -0.01022340 0.04662990
v -0.02379800 -0.00932503 0.05235770
v -0.02389530 -0.00869846 0.05138680
v -0.02389430 -0.00863075 0.05151560
v -0.02323630 -0.01007180 0.05836490
v -0.02373120 -0.00329876 0.05569650
v -0.02377610 -0.00488949 0.05500030
v -0.02382180 -0.00616455 0.05416200
v -0.02382760 -0.00631905 0.05406090
v -0.02386860 -0.00759220 0.05287550
v -0.02387810 -0.00798893 0.05235580
v -0.02400020 0.00455379 0.05514340
v -0.02384470 0.00655460 0.05836110
v -0.02402110 0.00497913 0.05495170
v -0.02384660 0.00179768 0.05608370
v -0.02360440 0.00193405 0.05836300
v -0.02394580 0.00342846 0.05565170
v -0.02380280 0.00094128 0.05616380
v -0.02371880 -0.00165176 0.05610850
v -0.02339170 -0.00239944 0.05836390
v -0.02375890 0.00009727 0.05624200
v -0.02372360 -0.00230503 0.05594540
v -0.02372740 -0.00279522 0.05582240
v -0.02361770 0.01119900 0.05836200
v -0.02404400 0.00766754 0.05279160
v -0.02404500 0.00756168 0.05289270
v -0.02381320 0.00889015 0.05836110
v -0.02405260 0.00643158 0.05397130
v -0.02404590 0.00612259 0.05418010
v -0.02408980 0.01023390 0.04632380
v -0.02408120 0.01022720 0.04655840
v -0.02354050 0.01438050 0.05235670
v -0.02403350 0.00999355 0.04824640
v -0.02401450 0.00953579 0.04969500
v -0.02401160 0.00946999 0.04990290
v 0.02378850 0.01321220 0.01133730
v 0.02406020 0.01199630 0.01091290
v 0.02368160 0.01383880 0.01121430
v 0.02362730 0.01383880 0.01155850
v 0.02317810 0.01683810 0.00821495
v 0.02292730 0.01750760 0.00821495
v 0.02344890 0.01593970 0.00835228
v 0.02347660 0.01583860 0.00838566
v 0.02359490 0.01535320 0.00864506
v 0.02366920 0.01504520 0.00880909
v 0.02369210 0.01493450 0.00889587
v 0.02378180 0.01433560 0.00955963
v 0.02378650 0.01427560 0.00965500
v 0.02378460 0.01424980 0.00971794
v 0.02411750 0.01197810 0.01065640
v 0.02376270 0.01391410 0.01054480
v 0.02374940 0.01390170 0.01065730
v 0.02227210 0.01926140 0.00821495
v 0.02179620 0.02023890 0.00821495
v 0.02106670 0.02173710 0.00821495
v 0.02039150 0.02280330 0.00821495
v 0.01717280 0.02672770 0.00821495
v 0.01869390 0.02518080 0.00821495
v 0.01966950 0.02394390 0.00821495
v 0.01454350 0.02863500 0.00821495
v 0.01433090 0.02874470 0.00821495
v 0.01545140 0.02806190 0.00821495
v 0.01666930 0.02711870 0.00821495
v 0.01250460 0.02968310 0.00821495
v 0.01171880 0.02998160 0.00821495
v 0.01031490 0.03051660 0.00821495
v 0.00891685 0.03089520 0.00821495
v 0.00381660 0.03179260 0.00835609
v 0.00432682 0.03172490 0.00825977
v 0.00499916 0.03164390 0.00821495
v 0.00597858 0.03148080 0.00821495
v 0.00798512 0.03114700 0.00821495
v 0.00132561 0.03231910 0.00982285
v 0.00222301 0.03207210 0.00905609
v 0.00250340 0.03201480 0.00889111
v 0.00270462 0.03197380 0.00877190
v 0.00287342 0.03194620 0.00870895
v 0.00013828 0.03304860 0.01204400
v 0.00036526 0.03280830 0.01133730
v 0.00000000 0.03346730 0.01321410
v 0.00000000 0.03689670 0.02171330
v 0.00000000 0.03474520 0.01649090
v -0.00148582 0.03468800 0.01649570
v 0.00000000 0.03443810 0.01574610
v 0.00069904 0.03261090 0.01073070
v 0.00073814 0.03258710 0.01065920
v 0.00093079 0.03247360 0.01030920
v 0.00069809 0.04046820 0.03137300
v 0.00035667 0.04028130 0.03073410
v -0.00258923 0.04120640 0.03427120
v 0.00091457 0.04058650 0.03177930
v 0.00021839 0.04015640 0.03033350
v 0.00000858 0.03976630 0.02914710
v -0.00253963 0.03937050 0.02829360
v 0.00000000 0.03966240 0.02884290
v 0.00000000 0.03946500 0.02829550
v 0.00197124 0.04174040 0.03663350
v 0.00200748 0.04119970 0.03427510
v 0.00103855 0.04124830 0.03427220
v 0.00201702 0.04105760 0.03365610
v 0.00092793 0.04059120 0.03179550
v 0.00120926 0.04068950 0.03216270
v 0.00205803 0.04087450 0.03295520
v 0.00290585 0.04267980 0.04289440
v 0.00237083 0.04241470 0.04059790
v 0.00148964 0.04242800 0.04029080
v 0.00232983 0.04236700 0.04029180
v 0.00205994 0.04204560 0.03823760
v 0.00494957 0.04289910 0.04791360
v 0.00419235 0.04287620 0.04632660
v 0.00207043 0.04311280 0.04632660
v 0.00388908 0.04286670 0.04569050
v 0.00367355 0.04284380 0.04515840
v 0.00680161 0.04274560 0.05087760
v 0.00625896 0.04281710 0.05011370
v 0.00262451 0.04340740 0.05235580
v 0.00694656 0.04279420 0.05235580
v 0.00784302 0.04260730 0.05234530
v 0.00785160 0.04260540 0.05235580
v 0.01131630 0.04182530 0.05668830
v 0.00960732 0.04226680 0.05457120
v 0.00739098 0.04286190 0.05836390
v 0.01192760 0.04166700 0.05744550
v 0.01630970 0.03988170 0.06434730
v 0.01624770 0.03973100 0.06270790
v 0.01498790 0.04071810 0.06434730
v 0.01583770 0.04005720 0.06236550
v 0.01558780 0.04020400 0.06208520
v 0.01488970 0.04053020 0.06121350
v 0.01835630 0.03747180 0.06435010
v 0.01835250 0.03747840 0.06434730
v 0.01816940 0.03780270 0.06434730
v 0.01803300 0.03798680 0.06409930
v 0.01736070 0.03890710 0.06434730
v 0.01734160 0.03883270 0.06361200
v 0.01727870 0.03890990 0.06356720
v 0.01876070 0.03728490 0.07030960
v 0.01877500 0.03662300 0.06471250
v 0.01815990 0.03841210 0.07030960
v 0.01864530 0.03691670 0.06459710
v 0.01939580 0.03445820 0.06510830
v 0.01917930 0.03543280 0.06503580
v 0.01901530 0.03598310 0.06491950
v 0.01895620 0.03615760 0.06487080
v 0.01878930 0.03659150 0.06472490
v 0.01975920 0.03036980 0.06488700
v 0.01974870 0.03063200 0.06489560
v 0.01973060 0.03147510 0.07030960
v 0.01971630 0.03140640 0.06492140
v 0.01946540 0.03463750 0.07030960
v 0.01955410 0.03339390 0.06506250
v 0.01948070 0.03388880 0.06508350
v 0.01983260 0.02317140 0.06551550
v 0.01983930 0.02543930 0.06530190
v 0.01982690 0.02375410 0.07030960
v 0.01980970 0.02823930 0.06497670
v 0.01973630 0.01666260 0.06536670
v 0.01972580 0.01505660 0.07030960
v 0.01969340 0.01528550 0.06496810
v 0.01977350 0.01824950 0.06560800
v 0.01979540 0.01939680 0.06567760
v 0.01982880 0.02193930 0.06563280
v 0.01964470 0.01405910 0.06440730
v 0.01964000 0.01396270 0.06434540
v 0.01967240 0.01475810 0.06472680
v 0.01950930 0.01175690 0.06268500
v 0.01958560 0.01291370 0.06366250
v 0.01944160 0.00663471 0.06434540
v 0.01946740 0.01123140 0.06218050
v 0.01904010 0.00668430 0.05766300
v 0.01904010 -0.00047970 0.05836010
v 0.01880550 0.00423622 0.05531880
v 0.01852700 -0.00050068 0.05088620
v 0.01862140 -0.00051308 0.05235480
v 0.01848980 -0.00329304 0.04833980
v 0.01853750 0.00024796 0.05156900
v 0.01859380 0.00108051 0.05235200
v 0.01876260 -0.00768757 0.04632850
v 0.01864340 -0.00767422 0.04337310
v 0.01863670 -0.00755692 0.04353430
v 0.01858230 -0.00655746 0.04489990
v 0.01853470 -0.00534725 0.04629140
v 0.01853370 -0.00530910 0.04632950
v 0.01893140 -0.00769043 0.04934410
v 0.01909640 -0.00751686 0.05235480
v 0.01877500 -0.00914955 0.04029370
v 0.01874640 -0.00894833 0.04093550
v 0.01870540 -0.00852108 0.04190250
v 0.01892470 -0.00967121 0.03713610
v 0.01886840 -0.00960636 0.03822610
v 0.01880460 -0.00936317 0.03961750
v 0.01902480 -0.00959682 0.03550720
v 0.01923660 -0.00923347 0.03308770
v 0.01916980 -0.00934792 0.03373720
v 0.01912590 -0.00942326 0.03427510
v 0.02044390 -0.01263520 0.02829270
v 0.01969530 -0.00890923 0.03006270
v 0.01947980 -0.00894928 0.03125380
v 0.02003100 -0.00909424 0.02859780
v 0.02146150 -0.00940323 0.02343650
v 0.02094940 -0.00947952 0.02520180
v 0.02055640 -0.00939178 0.02660180
v 0.02011110 -0.00913906 0.02829270
v 0.02272800 -0.01184460 0.01942160
v 0.02326490 -0.00780010 0.01743030
v 0.02258400 -0.00861835 0.01969240
v 0.02350710 -0.01167870 0.01648900
v 0.02353950 -0.00735664 0.01647760
v 0.02440930 -0.00558090 0.01326850
v 0.02433780 -0.00577545 0.01355840
v 0.02417660 -0.01152420 0.01356790
v 0.02429200 -0.00590038 0.01374240
v 0.02386090 -0.00683689 0.01536270
v 0.02485940 -0.00376606 0.01120090
v 0.02467820 -0.00467110 0.01210020
v 0.02490230 -0.00348282 0.01096630
v 0.02511410 0.00030231 0.00936604
v 0.02511310 0.00162792 0.00920582
v 0.02511410 0.00006294 0.00939465
v 0.02508160 -0.00131607 0.00976276
v 0.02507400 -0.00149536 0.00982952
v 0.02500720 -0.00254250 0.01032730
v 0.02495380 -0.00302505 0.01065540
v 0.02508070 0.00317764 0.00918388
v 0.02496720 0.00553036 0.00936699
v 0.02429100 0.01096630 0.01055340
v 0.02422620 0.01125620 0.01065440
v 0.02465440 0.00873470 0.00993156
v 0.02475070 0.00795078 0.00976086
v 0.02491660 0.00609016 0.00945854
v 0.01341720 0.04142000 0.06434730
v 0.01163960 0.04199890 0.06434820
v 0.00766087 0.04282470 0.06434820
v 0.00340366 0.04328060 0.06434920
v 0.01920890 0.03512290 0.07624820
v 0.01852510 0.03767780 0.07624910
v 0.01735020 0.03940490 0.07030960
v 0.01629730 0.04026410 0.07030960
v 0.01498030 0.04098990 0.07030960
v 0.01946160 0.03200820 0.07624820
v 0.01954650 0.02420230 0.07625100
v 0.01946930 0.01528930 0.07625390
v 0.01714520 0.03967670 0.07625010
v 0.01611420 0.04047010 0.07624910
v 0.01482770 0.04113200 0.07624910
v -0.00877762 0.04328250 0.05836390
v -0.00548458 0.04356100 0.05235580
v -0.00929070 0.04317670 0.05235580
v -0.00506020 0.04359250 0.05836390
v -0.00156403 0.04364300 0.05235580
v -0.00114441 0.04364590 0.05836390
v 0.00306606 0.04342370 0.05836390
v -0.00814724 0.04313760 0.06434920
v -0.00459671 0.04339500 0.06434920
v -0.00075626 0.04344840 0.06434920
v -0.01507380 0.04194070 0.06136040
v -0.01698780 0.04118920 0.05836490
v -0.01748940 0.04074570 0.06136040
v -0.01567460 0.04182340 0.05836490
v -0.01659200 0.04136090 0.05235670
v -0.01941680 0.03864860 0.06434920
v -0.02049830 0.03733730 0.05836390
v -0.02128220 0.03584860 0.05235670
v -0.01780890 0.04034520 0.06434920
v -0.01867490 0.03956790 0.06434920
v -0.01803300 0.03997710 0.06733230
v -0.02142620 0.03453160 0.05836390
v -0.02101800 0.03601360 0.05836390
v -0.02173230 0.03431610 0.05235670
v -0.02173810 0.03288560 0.05836490
v -0.02093700 0.03485580 0.06434920
v -0.02139570 0.03129390 0.06435010
v -0.00688934 0.04275040 0.07624630
v -0.01612190 0.04118820 0.06733230
v -0.01442620 0.04200080 0.06435010
v -0.01681420 0.04099850 0.06434920
v -0.02046870 0.03568360 0.06733230
v -0.01948640 0.03820320 0.06733230
v -0.02054410 0.03631020 0.06434820
v -0.02003860 0.03756810 0.06434820
v -0.01820760 0.03957270 0.07030960
v -0.01739030 0.04028420 0.07030960
v -0.01700210 0.03995900 0.07624720
v -0.01312920 0.04201410 0.07030960
v -0.01544480 0.04131890 0.07030960
v -0.01421930 0.04140950 0.07624440
v -0.01616290 0.04056740 0.07624720
v -0.01500030 0.04045960 0.08216570
v -0.01996040 0.03633590 0.07030960
v -0.02048110 0.03299520 0.07030960
v -0.01891230 0.03869530 0.07030960
v -0.01387410 0.04003430 0.08807280
v -0.01313690 0.04129790 0.08216090
v -0.01200490 0.04195790 0.07624440
v -0.01832870 0.03901960 0.07328130
v -0.01773550 0.03918460 0.07624820
v -0.01652150 0.03909400 0.08216950
v -0.01757910 0.03696060 0.08216860
v -0.00776196 0.04176620 0.09841820
v -0.01315880 0.04249860 0.05235580
v -0.01337240 0.04222770 0.04934410
v -0.01243310 0.04273220 0.05836390
v -0.01147650 0.04269030 0.06434920
v -0.00960541 0.04240800 0.07624530
v -0.01105020 0.04184910 0.08215900
v -0.01215270 0.04101470 0.08806710
v -0.01806260 0.02943610 0.08215900
v -0.01808070 0.03381630 0.08216480
v -0.01936910 0.03381160 0.07624630
v -0.01883410 0.03701500 0.07624820
v -0.01941490 0.03677650 0.07328130
v -0.02032850 0.00794888 0.08220770
v -0.02050020 0.01062770 0.08220770
v -0.02179430 0.01049800 0.07626530
v -0.02151390 0.01318550 0.07626250
v -0.02250860 0.01280020 0.07030960
v -0.02134900 0.01801110 0.07030960
v -0.02224830 0.01701350 0.06434820
v -0.02023510 0.01329040 0.08220200
v -0.01900580 0.01864720 0.08218000
v -0.02026080 0.01854230 0.07625290
v -0.01968960 0.02126600 0.07624820
v -0.02082350 0.02064420 0.07030960
v -0.02054120 0.02331640 0.07030960
v -0.02157310 0.02194880 0.06435010
v -0.02146820 0.02685640 0.06435110
v -0.02227780 0.02473160 0.05836680
v -0.02212520 0.02908710 0.05836580
v -0.02269170 0.02688220 0.05235670
v -0.02233410 0.03084750 0.05235670
v -0.02049450 0.02852250 0.07030960
v -0.01935390 0.02935980 0.07624340
v -0.01938530 0.02403070 0.07624440
v -0.01811980 0.02414320 0.08216190
v -0.01843450 0.02137760 0.08216860
v -0.01707740 0.02108570 0.08807850
v -0.01761150 0.01841070 0.08809380
v -0.02237420 -0.00701332 0.06434630
v -0.02240180 -0.01101780 0.06434630
v -0.02136800 -0.01177120 0.07030960
v -0.02237890 -0.00269127 0.06434630
v -0.02123450 -0.00749683 0.07030960
v -0.02019600 -0.01203730 0.07625960
v -0.02279190 0.00204182 0.06434540
v -0.02119060 -0.00288391 0.07030960
v -0.01999380 -0.00757980 0.07626060
v -0.01890660 -0.01184750 0.08219530
v 0.02052310 -0.02055360 0.05501940
v 0.01991370 -0.01275540 0.05836490
v 0.01948550 -0.00576878 0.06434630
v 0.01941110 -0.00023460 0.07030960
v 0.01933770 -0.00036335 0.06434540
v 0.01935860 -0.00675869 0.05836110
v -0.02338410 0.00708294 0.06434350
v -0.02177430 0.00214863 0.07030960
v -0.01992130 -0.00280285 0.07625960
v -0.01867200 -0.00728989 0.08219720
v -0.01751420 -0.01130680 0.08811660
v -0.02299980 -0.01358320 0.05836580
v -0.02220060 -0.01477910 0.06434820
v -0.02120210 -0.01576040 0.07030960
v -0.02006150 -0.01618290 0.07625680
v -0.01880070 -0.01608470 0.08218960
v -0.01692680 -0.01253990 0.09061620
v -0.02343080 0.00961494 0.06434350
v -0.02266410 0.00749111 0.07031060
v -0.02059560 0.00234413 0.07626150
v -0.01859090 -0.00246811 0.08219530
v -0.02061370 -0.02312370 0.01068020
v -0.02180390 -0.02047540 0.01067920
v -0.02272420 -0.01761720 0.01067830
v -0.02341080 -0.01459310 0.01067640
v -0.02261830 -0.01920600 0.01659580
v -0.02176570 -0.02333550 0.02245240
v -0.02316090 -0.01676850 0.02244000
v -0.02174850 -0.02226920 0.01660160
v -0.02078720 -0.02648260 0.02245240
v -0.02064800 -0.02514550 0.01660250
v -0.01953120 -0.02940650 0.02244850
v -0.01751330 -0.03007220 0.01658630
v -0.01535420 -0.03201100 0.01657010
v -0.01769640 -0.03111650 0.01951500
v -0.01925850 -0.02776530 0.01659770
v -0.01588250 -0.03426460 0.02242760
v -0.01469420 -0.03519920 0.02242090
v -0.01622300 -0.03520300 0.02536010
v -0.01818560 -0.03279970 0.02536770
v -0.01278690 -0.03351310 0.01655390
v -0.01559160 -0.03319550 0.01950070
v -0.01791950 -0.03202720 0.02244000
v -0.01290510 -0.03876210 0.02830120
v -0.01340290 -0.03599550 0.02241520
v -0.01059340 -0.03720660 0.02240750
v 0.00277615 -0.03854470 0.02241330
v -0.00425339 -0.03842640 0.02240660
v -0.00753307 -0.03798960 0.02240470
v 0.01991940 -0.02675150 0.01066780
v 0.02064990 -0.02846910 0.01654050
v 0.01781750 -0.03172680 0.01654240
v 0.01742080 -0.03473850 0.02240750
v 0.01528930 -0.03330800 0.01654430
v 0.01612090 -0.03555010 0.02240750
v 0.01238920 -0.03447820 0.01654620
v 0.01317600 -0.03683280 0.02240940
v 0.00923061 -0.03529260 0.01654910
v 0.00988674 -0.03772160 0.02241130
v 0.00591660 -0.03579330 0.01655100
v 0.00638008 -0.03827380 0.02241330
v 0.00254822 -0.03602030 0.01655100
v -0.00397778 -0.03580670 0.01654240
v -0.00705528 -0.03534890 0.01654050
v -0.00999069 -0.03460220 0.01654340
v 0.01890370 -0.03076360 0.01654240
v 0.01957800 -0.03272250 0.02240660
v 0.01858040 -0.03379920 0.02240660
v 0.02211480 -0.02302840 0.01066590
v 0.02108480 -0.02637580 0.01360610
v 0.02075670 -0.02559850 0.01066780
v 0.02224730 -0.02363680 0.01359940
v 0.02130790 -0.02714630 0.01653860
v 0.02311610 -0.02020840 0.01066400
v 0.02383330 -0.01726250 0.01066210
v 0.02358150 -0.01759050 0.01358220
v 0.02304360 -0.02066230 0.01359080
v 0.02442650 -0.00553608 0.01320170
v 0.02433490 -0.01430230 0.01066020
v 0.02225690 -0.02423290 0.01653000
v 0.02283290 -0.02110100 0.01651860
v 0.02317810 -0.01790620 0.01650710
v 0.02267650 -0.01822950 0.01943870
v 0.02252580 -0.02154250 0.01945020
v 0.02217100 -0.02482510 0.01946070
v 0.02143860 -0.02790550 0.01946930
v 0.02149200 -0.02865220 0.02240370
v 0.02201750 -0.02542110 0.02239700
v 0.02216430 -0.02200320 0.02238850
v 0.02213100 -0.01858230 0.02237990
v 0.01919840 0.00834084 0.05924800
v -0.02349470 0.01354790 0.01066590
v -0.02275280 0.01632120 0.01066490
v -0.02172850 0.01898100 0.01066300
v -0.02037530 0.02152160 0.01066210
v -0.01867580 0.02391820 0.01066110
v -0.01667020 0.02610870 0.01066020
v -0.01440330 0.02802940 0.01065920
v -0.01192090 0.02961440 0.01065920
v -0.00531960 0.03670310 0.02237130
v -0.00455475 0.03435990 0.01649670
v -0.00843143 0.03598210 0.02237030
v -0.00756359 0.03369900 0.01649570
v -0.01143840 0.03488450 0.02236940
v -0.01045890 0.03268240 0.01649380
v -0.01420690 0.03338340 0.02236940
v -0.01316550 0.03129480 0.01649380
v -0.01666360 0.03147600 0.02237130
v -0.01563640 0.02953150 0.01649570
v -0.01878740 0.02919770 0.02237420
v -0.01783850 0.02742000 0.01649950
v -0.02056790 0.02660560 0.02237800
v -0.01973920 0.02502350 0.01650520
v -0.02199460 0.02375890 0.02238180
v -0.02130510 0.02240370 0.01651000
v -0.02306180 0.02071190 0.02238660
v -0.02250860 0.01962180 0.01651570
v -0.02379700 0.01748180 0.02239040
v -0.02337650 0.01669120 0.01652150
v -0.02426240 0.01408290 0.02239510
v -0.02396970 0.01361750 0.01652720
v -0.02452660 0.01058010 0.02239800
v -0.02434540 0.01043700 0.01653190
v -0.02459340 0.00352859 0.02240370
v -0.02459720 0.00390244 0.01653860
v -0.02432440 -0.00338364 0.02241130
v -0.02446170 -0.00275707 0.01654910
v -0.02394680 -0.01012040 0.02242470
v -0.02412220 -0.00945282 0.01656630
v -0.02329250 -0.01602840 0.01658630
v -0.00604439 0.04085920 0.03427120
v -0.00581837 0.03897670 0.02829360
v -0.00947571 0.04017350 0.03427120
v -0.00906658 0.03824420 0.02829360
v -0.01289560 0.03910830 0.03427220
v -0.01224040 0.03712750 0.02829360
v -0.01450440 0.03840260 0.03427220
v -0.01512150 0.03557010 0.02829360
v -0.01509000 0.04003430 0.04029080
v -0.01334190 0.04069040 0.04029080
v -0.00965405 0.04164890 0.04029080
v -0.00602818 0.04224210 0.04028990
v -0.00237274 0.04249670 0.04029080
v -0.01663400 0.03921990 0.04029080
v -0.01596830 0.03756140 0.03427220
v -0.01796250 0.03824620 0.04029080
v -0.01841740 0.03547190 0.03427120
v -0.01909160 0.03712180 0.04028990
v -0.02004430 0.03585910 0.04028990
v -0.02030280 0.03289990 0.03427030
v -0.02083970 0.03446580 0.04028990
v -0.02401260 0.01921840 0.03426550
v -0.02349280 0.02298070 0.03426740
v -0.02381990 -0.01027200 0.02830410
v -0.02422050 -0.00357819 0.02830220
v -0.02452180 0.00351620 0.02830030
v -0.02456570 0.01098820 0.02829930
v -0.02203270 0.03133110 0.04028890
v -0.02171710 0.02991390 0.03426930
v -0.02283290 0.02779870 0.04028700
v -0.01531220 0.04125120 0.04632660
v -0.01346680 0.04183290 0.04632660
v -0.00959492 0.04265310 0.04632660
v -0.00582314 0.04313760 0.04632660
v -0.00199604 0.04329110 0.04632660
v -0.01415730 0.04233740 0.05836490
v -0.01499940 0.04200740 0.05235580
v -0.02270030 0.02914050 0.04632570
v -0.02206900 0.03274630 0.04632570
v -0.02102760 0.03589060 0.04632660
v -0.02029040 0.03726670 0.04632660
v -0.01937480 0.03849980 0.04632660
v -0.01927760 0.00262356 0.08219810
v -0.02163510 0.00777531 0.07626530
v -0.02278330 0.01016810 0.07031060
v -0.02318670 0.01210880 0.06434440
v -0.02297120 0.01572420 0.05836490
v -0.02246380 0.02020650 0.05836680
v -0.02319620 0.01846890 0.05235770
v -0.02293590 0.02264210 0.05235770
v -0.02345280 0.02105240 0.04632380
v -0.02339270 0.02395730 0.04028510
v -0.02274990 0.02658370 0.03426840
v -0.01756860 0.03355310 0.02829360
v -0.01959040 0.03112320 0.02829460
v -0.02121350 0.02833650 0.02829550
v -0.02246950 0.02525230 0.02829650
v -0.02338790 0.02192780 0.02829740
v -0.02400970 0.01840780 0.02829740
v -0.02438350 0.01473810 0.02829840
v 0.00319386 0.03970910 0.09619430
v 0.00307941 0.03981780 0.09635540
v 0.00257111 0.04030040 0.09707070
v 0.00215816 0.04061030 0.09746360
v 0.00170708 0.04088780 0.09773920
v 0.00068474 0.04147240 0.09824560
v -0.00023746 0.04189210 0.09845920
v 0.00121975 0.04118820 0.09803680
v 0.00161839 0.04094310 0.09779360
v -0.00128460 0.04232310 0.09863950
v -0.00245667 0.04262640 0.09870910
v -0.00259399 0.04264350 0.09871290
v -0.00105476 0.04223630 0.09861090
v -0.00441837 0.04253580 0.09869190
v -0.00072002 0.04211140 0.09856990
v 0.00397015 0.03970910 0.09427740
v 0.00514412 0.03970910 0.08984380
v -0.01199910 0.03970910 0.08394620
v 0.00620842 0.03970910 0.08746150
v 0.00798130 0.03970910 0.08559990
v 0.01033690 0.03970910 0.08441450
v 0.01333330 0.03970910 0.08394620
v -0.02161220 -0.00000191 0.00543308
v -0.02194500 -0.00124645 0.00543308
v -0.02194210 0.00124264 0.00543308
v -0.02285390 -0.00216007 0.00543308
v -0.02284910 0.00215721 0.00543308
v 0.02384280 -0.00217438 0.00543308
v 0.02292250 -0.00126934 0.00543308
v 0.00217342 -0.02937030 0.00543308
v 0.00128460 -0.02846050 0.00543308
v 0.00006390 -0.02810570 0.00543308
v -0.00117302 -0.02839760 0.00543308
v -0.00210762 -0.02926060 0.00543308
v 0.02379800 0.00214767 0.00543308
v 0.02257630 -0.00002575 0.00543308
v 0.02289680 0.00122356 0.00543308
v 0.00220680 0.02977940 0.00543308
v 0.00134754 0.02884770 0.00543308
v 0.00014114 0.02845670 0.00543308
v -0.00110054 0.02870850 0.00543308
v -0.00205994 0.02953720 0.00543308
v -0.01199910 0.03852750 0.09451290
v -0.01199910 0.03904910 0.09517960
v -0.01199910 0.03623100 0.09344480
v -0.01199910 0.03749750 0.09372430
v -0.01199910 0.02549550 0.09344480
v -0.01199910 0.02201460 0.09550190
v -0.01199910 0.02290060 0.09440900
v -0.01199910 0.02411170 0.09369370
v -0.01199910 0.02047440 0.09866910
v -0.01199910 0.02116580 0.09704780
v -0.01199910 0.01953600 0.09932230
v -0.01199910 0.01993080 0.09924130
v -0.01199910 0.02026180 0.09901050
v -0.01199910 0.01942350 0.09932230
v -0.01199910 0.01852510 0.09874440
v -0.01199910 0.01874350 0.09904770
v -0.01199910 0.01905730 0.09924980
v -0.01199910 0.01767440 0.09756570
v -0.01199910 0.01502040 0.09651090
v -0.01199910 0.01644800 0.09678360
v -0.01199910 0.00502872 0.09651090
v -0.01199910 0.00171185 0.09859940
v -0.01199910 0.00252342 0.09749600
v -0.01199910 0.00368309 0.09676550
v -0.01199910 0.00113297 0.09911540
v -0.01199910 0.00074100 0.09916690
v -0.01199910 0.00084019 0.09916880
v -0.01199910 0.00093937 0.09916020
v -0.01199910 0.00147438 0.09891610
v -0.01199910 0.00076294 0.09916690
v -0.01199910 -0.00020981 0.09839630
v -0.01199910 -0.00001526 0.09879400
v -0.01199910 0.00065136 0.09916020
v -0.01199910 0.00054073 0.09914210
v -0.01199910 0.00033092 0.09906860
v -0.01199910 -0.00284290 0.09233760
v -0.01199910 -0.00127411 0.09528160
v -0.01199910 -0.00411797 0.09107690
v -0.01199910 -0.00584984 0.09061620
v -0.01199910 -0.01535220 0.09061620
v -0.01199910 -0.01889710 0.09395220
v -0.01199910 -0.01812080 0.09203530
v -0.01199910 -0.01710510 0.09101200
v -0.01199910 -0.01558110 0.09062000
v -0.01199910 -0.01987460 0.09473800
v -0.01199910 -0.01943780 0.09463790
v -0.01199910 -0.01908870 0.09435650
v -0.01199910 -0.01995370 0.09473800
v -0.01199910 -0.02055360 0.09413810
v -0.01199910 -0.02055360 0.07658390
v 0.01836010 -0.00223446 0.02419660
v 0.01960470 -0.00117016 0.02100750
v 0.01794820 -0.00071907 0.02419950
v 0.01949980 -0.00513458 0.02419190
v 0.02050590 -0.00413513 0.02099990
v 0.01887890 -0.00370789 0.02419470
v 0.01161380 0.02618690 0.03953840
v 0.01206780 0.02257820 0.03762820
v 0.01147750 0.02618220 0.03772540
v 0.01061730 0.02973940 0.03781700
v 0.01013180 0.03364750 0.04149630
v 0.00946999 0.03310110 0.03788570
v 0.00814152 0.03617290 0.03791520
v 0.01796050 0.03705500 0.06155300
v 0.01823710 0.03624820 0.06154440
v 0.01780890 0.03716750 0.06114580
v 0.01798150 0.00611877 0.05332280
v 0.01778790 0.00448895 0.05168910
v 0.01671220 0.00765419 0.05172250
v 0.01736740 -0.00130463 0.04614640
v 0.01738170 -0.00267601 0.04477120
v 0.01623820 -0.00029373 0.04477880
v 0.01743510 -0.00427246 0.04302690
v 0.01743980 -0.00432777 0.04295350
v 0.01691630 -0.00341415 0.04295350
v 0.01750850 -0.00522804 0.04175950
v 0.01755330 -0.00561619 0.04111770
v 0.01630500 -0.00348759 0.04111860
v 0.02120490 -0.00668812 0.02197460
v 0.02155400 -0.00649548 0.02099700
v 0.02021980 -0.00650787 0.02418900
v 0.02105240 0.01263430 0.01774020
v 0.02157970 0.01383880 0.01651380
v 0.02101900 0.01383880 0.01774690
v 0.01635740 0.01168440 0.03056530
v 0.01683900 0.01383880 0.02855590
v 0.01609710 0.01383880 0.03055290
v 0.01527690 0.01429650 0.03238870
v 0.01521400 0.01443390 0.03247360
v 0.01470380 0.01357940 0.03394410
v 0.01512150 0.01474950 0.03254410
v 0.01408100 0.01673320 0.03395270
v 0.01459120 0.01694110 0.03265860
v 0.01571370 0.01383880 0.03158470
v 0.01509090 0.01041790 0.03394410
v 0.01548860 0.01395990 0.03205010
v 0.01548580 0.01396080 0.03205490
v 0.01533600 0.01416780 0.03230950
v 0.01532460 0.01419350 0.03232480
v 0.01953320 0.01142790 0.02102470
v 0.01952740 0.01383880 0.02102850
v 0.01944160 0.01383880 0.02121640
v 0.01866630 0.01383880 0.02318100
v 0.01820280 0.01033500 0.02421000
v 0.01776310 0.00718880 0.02420810
v 0.01827050 0.01347260 0.02421190
v 0.01825710 0.01383880 0.02421860
v 0.01801110 0.01383880 0.02484230
v 0.02375220 0.01025870 0.01239970
v 0.02357390 0.01124480 0.01267150
v 0.02276420 0.01072220 0.01429650
v 0.02335830 0.01244070 0.01300240
v 0.02306460 0.01383880 0.01336770
v 0.02435780 0.00527763 0.01138500
v 0.02412800 0.00750256 0.01177690
v 0.02274700 0.00756550 0.01429370
v 0.02404210 0.00821686 0.01192090
v 0.02402690 0.00832176 0.01194570
v 0.02465150 -0.00088501 0.01126190
v 0.02465150 -0.00087833 0.01126000
v 0.02299210 0.00127411 0.01428510
v 0.02465630 0.00030708 0.01104550
v 0.02460960 0.00170612 0.01100640
v 0.02457620 0.00230026 0.01104550
v 0.02389430 -0.00417709 0.01427560
v 0.02391720 -0.00413895 0.01420310
v 0.02338700 -0.00180531 0.01428030
v 0.02421380 -0.00350666 0.01319410
v 0.02442360 -0.00283051 0.01239870
v 0.02447220 -0.00261402 0.01219840
v 0.02458570 -0.00187969 0.01167580
v 0.02464680 -0.00102806 0.01130490
v 0.02256870 -0.00577068 0.01817510
v 0.02273270 -0.00560474 0.01770880
v 0.02186300 -0.00298500 0.01771450
v 0.02325340 -0.00507736 0.01622960
v 0.02375890 -0.00440216 0.01470660
v 0.02064800 -0.00685787 0.02356910
v 0.02014730 -0.00685692 0.02504440
v 0.02001190 -0.00681591 0.02545740
v 0.02043720 -0.00685692 0.02419090
v 0.01976110 -0.00673866 0.02622220
v 0.01943020 -0.00655842 0.02734950
v 0.02181530 -0.00635242 0.02026750
v 0.01849840 -0.00630569 0.03139970
v 0.01866150 -0.00628567 0.03056720
v 0.01730350 -0.00384521 0.03056720
v 0.01881030 -0.00626755 0.02981470
v 0.01891230 -0.00631142 0.02937700
v 0.01810740 -0.00661469 0.03395560
v 0.01817230 -0.00654221 0.03343870
v 0.01704790 -0.00491524 0.03395370
v 0.01783470 -0.00686264 0.03704830
v 0.01793190 -0.00681877 0.03570270
v 0.01702980 -0.00544167 0.03570460
v 0.01809120 -0.00663280 0.03408430
v 0.01771260 -0.00659943 0.03892710
v 0.01778030 -0.00680065 0.03788950
v 0.01714990 -0.00587463 0.03748610
v 0.01780610 -0.00683022 0.03748800
v 0.01764200 -0.00626755 0.03988840
v 0.01768590 -0.00647354 0.03929330
v 0.01745410 -0.00615406 0.03929420
v 0.01763250 -0.00620842 0.04001240
v 0.01758860 -0.00592422 0.04060840
v 0.01587770 -0.00337410 0.03929040
v 0.01738740 -0.00320053 0.04424570
v 0.01559540 -0.00050259 0.04295060
v 0.01739120 -0.00328255 0.04415230
v 0.01743410 0.00029755 0.04763130
v 0.01520250 0.00272465 0.04477790
v 0.01746460 0.00104237 0.04832080
v 0.01778600 0.00447369 0.05167390
v 0.01647760 0.00347424 0.04834840
v 0.01548580 0.00661373 0.04834750
v 0.01751230 0.00218010 0.04937460
v 0.01826100 0.00744724 0.05491830
v 0.01875590 0.00980091 0.05774690
v 0.01869580 0.00951481 0.05740260
v 0.01789470 0.00873661 0.05491640
v 0.01712130 0.01212790 0.05491640
v 0.01881220 0.01004890 0.05811020
v 0.01931760 0.01233100 0.06142330
v 0.01929190 0.01216700 0.06121060
v 0.01824860 0.01323030 0.05810260
v 0.01946930 0.01355170 0.06278510
v 0.01935860 0.01259330 0.06176280
v 0.01913170 0.01410480 0.06142230
v 0.01965810 0.01834110 0.06454090
v 0.01962950 0.01686670 0.06436920
v 0.01894090 0.01780030 0.06142230
v 0.01959320 0.01561550 0.06403450
v 0.01954170 0.01453110 0.06351850
v 0.01954080 0.01451210 0.06350420
v 0.01969620 0.02226920 0.06442740
v 0.01969530 0.02187060 0.06446650
v 0.01895240 0.02150250 0.06142710
v 0.01967330 0.01942160 0.06457040
v 0.01966000 0.01850700 0.06454560
v 0.01970390 0.02529810 0.06413270
v 0.01905540 0.02518370 0.06144710
v 0.01970010 0.02585790 0.06407830
v 0.01968380 0.02813820 0.06385610
v 0.01913450 0.02889440 0.06147770
v 0.01966000 0.02945420 0.06384280
v 0.01944160 0.03351500 0.06417470
v 0.01947120 0.03313540 0.06412600
v 0.01896860 0.03261380 0.06151200
v 0.01960280 0.03148650 0.06391620
v 0.01964380 0.03039070 0.06383320
v 0.01883220 0.03611180 0.06385330
v 0.01871590 0.03632550 0.06359100
v 0.01889900 0.03596310 0.06398300
v 0.01898770 0.03573420 0.06412410
v 0.01902290 0.03563210 0.06416990
v 0.01912880 0.03527070 0.06426720
v 0.01929570 0.03450300 0.06428810
v 0.01837730 0.03674220 0.06267640
v 0.01855850 0.03654100 0.06317900
v 0.01860620 0.03648760 0.06331160
v 0.01644710 0.03792670 0.05823520
v 0.01736550 0.03545090 0.05821700
v 0.01644330 0.03792860 0.05822660
v 0.01766490 0.03725810 0.06079010
v 0.01467320 0.03873540 0.05529690
v 0.01492210 0.03796010 0.05496500
v 0.01443860 0.03882410 0.05496790
v 0.01541420 0.03839780 0.05652330
v 0.01626490 0.03444860 0.05495740
v 0.01249410 0.03955940 0.05224510
v 0.01373100 0.03687950 0.05170150
v 0.01210500 0.03965660 0.05169870
v 0.00966358 0.03768250 0.04502200
v 0.01119040 0.03458310 0.04500580
v 0.00872612 0.03675170 0.04152300
v 0.01175310 0.03974440 0.05120370
v 0.00832462 0.03989600 0.04501720
v 0.00803757 0.03981300 0.04425430
v 0.00872421 0.04001240 0.04607870
v 0.00966454 0.04007820 0.04798600
v 0.01092720 0.03995040 0.05004220
v 0.00739098 0.03931140 0.04152010
v 0.00721455 0.03904440 0.04032990
v 0.00747204 0.03943250 0.04206280
v 0.00790596 0.03975010 0.04382990
v 0.00728226 0.03752330 0.03492640
v 0.00712872 0.03823660 0.03733540
v 0.00712299 0.03840070 0.03791330
v 0.00711536 0.03858470 0.03856370
v 0.00922108 0.03295140 0.03422740
v 0.00958252 0.03205490 0.03345110
v 0.00919914 0.03294850 0.03349780
v 0.00791454 0.03594680 0.03365520
v 0.00792122 0.03595640 0.03424740
v 0.00743580 0.03706460 0.03371330
v 0.00734711 0.03731820 0.03424640
v 0.00739765 0.03715900 0.03371810
v 0.01137640 0.02743340 0.03320880
v 0.01046940 0.02979660 0.03417970
v 0.01157000 0.02653220 0.03411670
v 0.01250650 0.02323250 0.03405000
v 0.01182750 0.02612970 0.03314020
v 0.01164050 0.02666850 0.03316880
v 0.01451970 0.01719280 0.03267190
v 0.01363750 0.02031040 0.03283600
v 0.01333710 0.01995660 0.03399180
v 0.01335720 0.02130320 0.03288750
v 0.01266960 0.02347090 0.03300090
v 0.01500230 0.03331280 0.05170540
v 0.01558020 0.02939410 0.05171010
v 0.01364330 0.03212070 0.04839320
v 0.01289560 0.02708440 0.04491620
v 0.01190950 0.02635000 0.04134560
v 0.01123430 0.03013420 0.04143140
v 0.01804920 0.03171250 0.05818650
v 0.01813220 0.02788160 0.05815410
v 0.01689240 0.03060720 0.05494590
v 0.01238820 0.01875310 0.04117490
v 0.01237010 0.01879690 0.03935240
v 0.01255420 0.01904390 0.03754330
v 0.01231670 0.03099630 0.04496670
v 0.01419730 0.02817060 0.04838180
v 0.01419160 0.02412800 0.04836850
v 0.01555250 0.02537820 0.05171490
v 0.01534270 0.02146340 0.05171870
v 0.01299380 0.02309230 0.04486180
v 0.01403050 0.02020170 0.04835700
v 0.01524730 0.01775550 0.05172160
v 0.01787570 0.02040480 0.05810640
v 0.01798820 0.02409460 0.05812550
v 0.01360890 0.00887871 0.03928180
v 0.01353840 0.01242540 0.03747370
v 0.01317600 0.01206680 0.03928090
v 0.01383300 0.00900555 0.04477600
v 0.01408580 0.00561142 0.04294780
v 0.01309780 0.01199440 0.04294590
v 0.01334100 0.01223850 0.04477500
v 0.01422020 0.01311590 0.04834750
v 0.01444150 0.00582600 0.04477690
v 0.01472950 0.00983429 0.04834750
v 0.01470090 0.00251865 0.04294870
v 0.01395230 0.00924778 0.03747370
v 0.01391120 0.00572109 0.03928280
v 0.01414970 0.00609112 0.03747460
v 0.01420590 0.00262737 0.03928470
v 0.01428130 0.00299072 0.03747650
v 0.01478290 -0.00041771 0.03928760
v 0.01469230 -0.00007343 0.03747940
v 0.01566410 -0.00306129 0.03748230
v 0.01509280 -0.00055599 0.04111580
v 0.01435280 0.00247383 0.04111290
v 0.01389500 0.00556564 0.04111100
v 0.01348590 0.00872612 0.04111000
v 0.01303100 0.01192570 0.04110910
v 0.01792430 0.01679520 0.05810260
v 0.01669500 0.01557730 0.05491640
v 0.01589780 0.01094530 0.05172250
v 0.01540760 0.01429940 0.05172250
v 0.01399610 0.01651000 0.04834940
v 0.01296140 0.01921750 0.04481410
v 0.02263070 0.01383880 0.01428790
v 0.02262590 0.01383880 0.01429840
v 0.02093890 0.00950146 0.01773640
v 0.02077100 0.00632954 0.01773260
v 0.01894380 0.00510406 0.02101800
v 0.01670550 0.00629807 0.02735520
v 0.01642130 0.00312328 0.02735330
v 0.01717570 0.00944328 0.02735610
v 0.01731200 0.01259610 0.02735710
v 0.01721570 0.01383880 0.02736090
v 0.01621820 -0.00087738 0.03056620
v 0.01571940 0.00223732 0.03056620
v 0.01586440 0.00538731 0.03056620
v 0.01624580 0.00852394 0.03056620
v 0.02452950 0.00311470 0.01109980
v 0.02279850 0.00440407 0.01428990
v 0.02085110 0.00315475 0.01772790
v 0.01907250 0.00192451 0.02101330
v 0.01765060 0.00083065 0.02420140
v 0.02121160 0.00003815 0.01772210
v 0.01510050 0.00725842 0.03394510
v 0.01493550 0.00414085 0.03394700
v 0.01503660 0.00102997 0.03394890
v 0.01575850 -0.00202274 0.03395080
v 0.01921650 -0.00644207 0.02807620
v 0.01900580 -0.00588322 0.02734760
v 0.01826860 -0.00449753 0.02734850
v 0.01764110 -0.00305557 0.02734950
v 0.01921940 0.00828648 0.02102180
v 0.01744270 0.00400543 0.02420520
v 0.01674840 -0.00003052 0.02735230
v 0.01713180 -0.00156403 0.02735040
v 0.01564030 -0.00258923 0.03570080
v 0.01479430 0.00043011 0.03569790
v 0.01454350 0.00351810 0.03569600
v 0.01456740 0.00662613 0.03569410
v 0.01446910 0.00978374 0.03569320
v 0.01407150 0.01295380 0.03569220
v 0.01303960 0.01564500 0.03748610
v 0.01273350 0.01531790 0.03929420
v 0.01264190 0.01520730 0.04112150
v 0.01275540 0.01530460 0.04295640
v 0.01304150 0.01557640 0.04478260
v 0.00499916 0.01395890 0.03205010
v 0.00499916 0.01383880 0.03158470
v 0.00499916 0.01428990 0.03239920
v 0.00499916 0.01474950 0.03254410
v 0.00563622 0.03964140 0.03384880
v 0.00607872 0.03916450 0.03382400
v 0.00499916 0.04012780 0.03387450
v 0.00655651 0.03865150 0.03379730
v 0.00695038 0.03806210 0.03376580
v 0.00499916 0.01383880 0.01121430
v 0.02326970 0.01383880 0.01278210
v 0.02347950 0.01383880 0.01218610
v 0.02352810 0.01383880 0.01204590
v 0.00499916 0.01683810 0.00821495
v 0.00499916 0.01533790 0.00861645
v 0.00499916 0.01424030 0.00971413
v 0.00000000 0.01883790 0.02775190
v 0.00000000 0.01883790 0.01321410
v 0.01802250 0.00157452 0.05005460
v 0.02370740 0.01296420 0.01191140
v 0.00396729 0.04065510 0.03379440
v 0.00307274 0.04087830 0.03352640
v 0.00421143 0.04057980 0.03393080
v 0.00410938 0.04060080 0.03381920
v 0.00421524 0.04054450 0.03382590
v 0.00288010 0.04089830 0.03344250
v 0.00251102 0.04088780 0.03322410
v 0.00605392 0.03934290 0.03437520
v 0.00409794 0.04123120 0.03673170
v 0.00589657 0.04000950 0.03697590
v 0.00412941 0.04152110 0.03821180
v 0.00433350 0.04187300 0.04037570
v 0.00601387 0.04070380 0.04028220
v 0.00588894 0.04031660 0.03832530
v 0.00696850 0.04127220 0.04459480
v 0.00681877 0.04123210 0.04413320
v 0.00631809 0.04100800 0.04219910
v 0.00473976 0.04213050 0.04248620
v 0.00536156 0.04229740 0.04459100
v 0.00554085 0.04232310 0.04508880
v 0.00644684 0.04236600 0.04718780
v 0.00761032 0.04229260 0.04929920
v 0.00907516 0.04207710 0.05147930
v 0.01012800 0.04117010 0.05069260
v 0.00877571 0.04135610 0.04857060
v 0.00774193 0.04137520 0.04655840
v 0.01176360 0.04077530 0.05290790
v 0.01077940 0.04169850 0.05370240
v 0.01307680 0.04100130 0.05664060
v 0.01401330 0.04000090 0.05590820
v 0.01500030 0.04022690 0.05933570
v 0.01648710 0.03940200 0.06160550
v 0.01735880 0.03828140 0.06150250
v 0.01719090 0.03840450 0.06116680
v 0.01585870 0.03918740 0.05873300
v 0.01669120 0.03925900 0.06191540
v 0.01775070 0.03825190 0.06325150
v 0.01811890 0.03752520 0.06295300
v 0.01827720 0.03751280 0.06382850
v 0.01851080 0.03710460 0.06409260
v 0.01872920 0.03665640 0.06434630
v 0.01884270 0.03638740 0.06447600
v 0.01897910 0.03602030 0.06462000
v 0.01902960 0.03586960 0.06466770
v 0.01917360 0.03538130 0.06477830
v 0.01937480 0.03447530 0.06483360
v 0.01953120 0.03343680 0.06476500
v 0.01934150 0.03449060 0.06455990
v 0.01949410 0.03347680 0.06446930
v 0.01915650 0.03532700 0.06452180
v 0.01903250 0.03575230 0.06441780
v 0.01899050 0.03587910 0.06437110
v 0.01887890 0.03617760 0.06422810
v 0.01879120 0.03638740 0.06409740
v 0.01863100 0.03672120 0.06383900
v 0.01846890 0.03701110 0.06356530
v 0.01974200 0.03037830 0.06453420
v 0.01969720 0.03143410 0.06458380
v 0.01965900 0.03146080 0.06424900
v 0.01970290 0.03038500 0.06418230
v 0.01974960 0.02817250 0.06422710
v 0.01977440 0.02534480 0.06451890
v 0.01979160 0.02820590 0.06460090
v 0.01981930 0.02539160 0.06490900
v 0.01980970 0.02191540 0.06524090
v 0.01976490 0.02189350 0.06485180
v 0.01973630 0.01941300 0.06493660
v 0.01977730 0.01940540 0.06530670
v 0.01975630 0.01828000 0.06525040
v 0.01972010 0.01673130 0.06503200
v 0.01967810 0.01539520 0.06465530
v 0.01962950 0.01421640 0.06410880
v 0.01971820 0.01831050 0.06489370
v 0.01968480 0.01679900 0.06469920
v 0.01964470 0.01550580 0.06434350
v 0.01959510 0.01437380 0.06381230
v 0.01956940 0.01312730 0.06336780
v 0.01953030 0.01334000 0.06307510
v 0.01943780 0.01231580 0.06206610
v 0.01938440 0.01185700 0.06152920
v 0.01898670 0.00932407 0.05822940
v 0.01840210 0.00551701 0.05394650
v 0.01948740 0.01203630 0.06237410
v 0.01944350 0.01154420 0.06185250
v 0.01913450 0.00883484 0.05873200
v 0.01867960 0.00488472 0.05461790
v 0.01836780 0.00092411 0.05079360
v 0.01829430 -0.00258732 0.04756360
v 0.01791670 -0.00191784 0.04682540
v 0.01833150 -0.00458241 0.04556940
v 0.01794530 -0.00385952 0.04487990
v 0.01799200 -0.00497341 0.04360870
v 0.01837830 -0.00574303 0.04424000
v 0.01844020 -0.00680351 0.04280660
v 0.01805780 -0.00597954 0.04226300
v 0.01812840 -0.00672436 0.04101470
v 0.01817510 -0.00709438 0.04021930
v 0.01850410 -0.00759792 0.04145050
v 0.01854710 -0.00799656 0.04057220
v 0.01860520 -0.00838375 0.03938100
v 0.01823810 -0.00745392 0.03914830
v 0.01830200 -0.00766945 0.03800300
v 0.01866820 -0.00861359 0.03811650
v 0.01872250 -0.00867748 0.03711510
v 0.01881890 -0.00861454 0.03558920
v 0.01896290 -0.00838947 0.03387640
v 0.01835540 -0.00773239 0.03708550
v 0.01845070 -0.00767994 0.03565500
v 0.01859950 -0.00747681 0.03399370
v 0.01867290 -0.00738049 0.03334810
v 0.01896190 -0.00713348 0.03137970
v 0.01924040 -0.00709629 0.02992340
v 0.01962570 -0.00727367 0.02827740
v 0.01903150 -0.00828552 0.03322980
v 0.01929190 -0.00802231 0.03133010
v 0.01953790 -0.00798416 0.03000740
v 0.01989940 -0.00816536 0.02845290
v 0.02042770 -0.00846577 0.02650930
v 0.02016070 -0.00757408 0.02638150
v 0.02054310 -0.00768566 0.02513410
v 0.02081300 -0.00856686 0.02518750
v 0.02185540 -0.00827694 0.02176280
v 0.02131370 -0.00852108 0.02352140
v 0.02104090 -0.00766563 0.02356620
v 0.02158550 -0.00746250 0.02189060
v 0.02288820 -0.00642776 0.01796150
v 0.02217390 -0.00708008 0.02011680
v 0.02243140 -0.00784016 0.01992420
v 0.02312180 -0.00710773 0.01771160
v 0.02373120 -0.00623989 0.01567840
v 0.02352810 -0.00565147 0.01596930
v 0.02399730 -0.00489235 0.01440720
v 0.02431300 -0.00506401 0.01355460
v 0.02417560 -0.00539398 0.01408480
v 0.02457240 -0.00427818 0.01247980
v 0.02475930 -0.00345135 0.01161290
v 0.02491090 -0.00231934 0.01078890
v 0.02480320 -0.00319099 0.01138880
v 0.02476980 -0.00209808 0.01123910
v 0.02483560 -0.00118160 0.01082710
v 0.02465920 -0.00290012 0.01180080
v 0.02461340 -0.00313854 0.01201340
v 0.02441690 -0.00388908 0.01284600
v 0.02414230 -0.00459671 0.01388930
v 0.02497770 -0.00133801 0.01033400
v 0.02498530 -0.00116825 0.01027390
v 0.02501580 0.00014591 0.00995827
v 0.02500820 0.00165558 0.00982189
v 0.02486230 0.00022793 0.01051040
v 0.02484040 0.00168228 0.01042460
v 0.02484230 -0.00102234 0.01077460
v 0.02496810 0.00315857 0.00984192
v 0.02484510 0.00544834 0.01006320
v 0.02462670 0.00780582 0.01045700
v 0.02478410 0.00313663 0.01048370
v 0.02464100 0.00536442 0.01073840
v 0.02441790 0.00765610 0.01113320
v 0.02432730 0.00839329 0.01128580
v 0.02453230 0.00856781 0.01061920
v 0.02418610 0.01073740 0.01119140
v 0.02400590 0.01050000 0.01180930
v 0.02356340 0.01270580 0.01246830
v 0.00000000 -0.00870895 0.04060750
v 0.00000000 -0.00280285 0.05585190
v 0.00000000 0.01024250 0.04599950
v 0.00000000 0.00955105 0.04969980
v 0.00000000 0.00756931 0.05290030
v 0.00000000 0.00456524 0.05516910
v 0.00000000 0.00094509 0.05619910
v 0.00000000 -0.00617218 0.05417350
v 0.00000000 -0.00870895 0.05139160
v 0.00000000 -0.01006890 0.04788210
v 0.00000000 -0.01006890 0.04411700
v 0.00000000 -0.00617218 0.03782560
v 0.00000000 -0.00280285 0.03614710
v 0.00000000 0.00094509 0.03580000
v 0.00000000 0.00456524 0.03682990
v 0.00000000 0.00756931 0.03909870
v 0.00000000 0.00955105 0.04229930
v 0.00000000 0.00974274 0.04599950
v 0.00000000 0.00908470 0.04247950
v 0.00000000 0.00720024 0.03943540
v 0.00000000 0.00434208 0.03727720
v 0.00000000 0.00089836 0.03629780
v 0.00000000 -0.00266552 0.03662780
v 0.00000000 -0.00587082 0.03822420
v 0.00000000 -0.00828362 0.04087070
v 0.00000000 -0.00957680 0.04420950
v 0.00000000 -0.00957680 0.04778960
v 0.00000000 0.00908470 0.04951950
v 0.00000000 0.00720024 0.05256370
v 0.00000000 0.00434208 0.05472180
v 0.00000000 0.00089836 0.05570130
v 0.00000000 -0.00266552 0.05537130
v 0.00000000 -0.00587082 0.05377480
v 0.00000000 -0.00828362 0.05112840
v -0.02435300 -0.00276279 0.03665640
v -0.02435490 -0.00266457 0.03663640
v -0.02411840 0.00974274 0.04599950
v -0.02411840 0.00974178 0.04598240
v -0.02417950 0.00959969 0.04433630
v -0.02424050 0.00919342 0.04277320
v -0.02434250 0.00760555 0.03991030
v -0.02435680 0.00717545 0.03945830
v -0.02429770 0.00850773 0.04125120
v -0.02425100 0.00906467 0.04248910
v -0.02441410 0.00432682 0.03730870
v -0.02442170 0.00367451 0.03697590
v -0.02440550 0.00516033 0.03773500
v -0.02437970 0.00645447 0.03870110
v -0.02442550 0.00213432 0.03649330
v -0.02441880 0.00089455 0.03632450
v -0.02438450 -0.00150013 0.03639790
v -0.02439310 -0.00112820 0.03632160
v -0.02441600 0.00048161 0.03626820
v -0.02422050 -0.00598145 0.03833870
v -0.02422710 -0.00586128 0.03823570
v -0.02423570 -0.00569630 0.03809550
v -0.02429960 -0.00426388 0.03723910
v -0.02405550 -0.00880146 0.04182050
v -0.02409080 -0.00825787 0.04088500
v -0.02410790 -0.00798893 0.04042240
v -0.02417090 -0.00691986 0.03914070
v -0.02401350 -0.00938511 0.04338360
v -0.02399920 -0.00954437 0.04421520
v -0.02396110 -0.00955009 0.04778580
v -0.02396870 -0.00972176 0.04664040
v -0.02397540 -0.00970840 0.04597950
v -0.02398590 -0.00968838 0.04497150
v -0.02393820 -0.00827408 0.05112360
v -0.02394010 -0.00837326 0.05093480
v -0.02394960 -0.00896263 0.04981990
v -0.02395820 -0.00948334 0.04823400
v -0.02387050 -0.00586414 0.05376340
v -0.02387520 -0.00601006 0.05366800
v -0.02391240 -0.00719357 0.05257030
v -0.02393720 -0.00820923 0.05124660
v -0.02378940 -0.00265884 0.05534270
v -0.02379230 -0.00313663 0.05522440
v -0.02382850 -0.00461388 0.05458070
v -0.02381610 0.00009346 0.05574230
v -0.02385430 0.00089550 0.05566600
v -0.02380750 -0.00031280 0.05571270
v -0.02378180 -0.00152683 0.05562210
v -0.02389430 0.00175190 0.05558400
v -0.02397820 0.00327110 0.05517670
v -0.02405930 0.00545597 0.05403040
v -0.02407360 0.00612545 0.05357550
v -0.02404590 0.00478268 0.05448820
v -0.02402500 0.00432968 0.05469420
v -0.02404120 0.00903034 0.04965780
v -0.02404880 0.00827503 0.05114270
v -0.02406790 0.00732708 0.05242060
v -0.02406880 0.00718975 0.05255320
v -0.02410220 0.00973129 0.04647160
v -0.02405930 0.00951004 0.04811860
v -0.02404310 0.00907421 0.04951570
v -0.02418610 0.00513363 0.05093480
v -0.02431390 0.00456047 0.04598240
v -0.02445790 -0.00067329 0.04598140
v -0.02411560 -0.00539684 0.05093480
v -0.02425100 -0.00038910 0.05093480
v -0.02430060 -0.00545502 0.04598050
v 0.00310993 0.01698680 0.00858498
v 0.00255108 0.01713660 0.00896072
v 0.00142574 0.01743980 0.00971794
v 0.00077820 0.01786520 0.01078030
v 0.00025368 0.01820850 0.01164050
v 0.00310993 0.01420970 0.01136300
v 0.00278568 0.01470180 0.01007750
v 0.00255108 0.01458450 0.01151280
v 0.00018883 0.01788430 0.01194380
v 0.00018883 0.01756760 0.01226040
v 0.00025368 0.01726440 0.01258470
v 0.00113964 0.01661490 0.01026340
v 0.00113964 0.01588730 0.01099110
v 0.00077820 0.01640420 0.01224140
v 0.00142574 0.01534180 0.01181600
v 0.00278568 0.01570130 0.00907803
v 0.00128746 0.01548860 0.03032020
v 0.00078106 0.01640130 0.02962020
v 0.00255585 0.01458930 0.03100870
v 0.00306797 0.01422690 0.03128720
v 0.00019264 0.01746080 0.02880760
v 0.00306797 0.01506610 0.03217220
v 0.00297165 0.01467510 0.03200340
v 0.00255585 0.01536270 0.03182410
v 0.00128746 0.01609800 0.03096290
v 0.00120735 0.01586060 0.03078840
v 0.00078106 0.01684470 0.03008840
v 0.00017738 0.01754190 0.02889730
v 0.00019264 0.01771160 0.02907180
v 0.00017738 0.01762580 0.02898600
v 0.00120735 0.01564980 0.03056620
v 0.00297165 0.01437470 0.03168680
v -0.01199910 -0.01990600 0.07752800
v -0.01199910 -0.01578430 0.07969860
v -0.01199910 -0.01811310 0.07912250
v -0.01199910 -0.00450039 0.07969860
v -0.01199910 -0.00037766 0.08186910
v -0.01199910 -0.00217056 0.08027460
v -0.01199910 0.00124741 0.08423810
v -0.01199910 0.00536919 0.08640960
v -0.01199910 0.00304031 0.08583350
v -0.01199910 0.01654820 0.08640960
v -0.01199910 0.01802920 0.08618450
v -0.01199910 0.01937680 0.08553220
v -0.01199910 0.02040960 0.08482360
v -0.01199910 0.02323910 0.08394620
v -0.01199910 0.02175810 0.08417030
v -0.01199910 -0.02018360 0.09469220
v -0.01199910 -0.02037810 0.09456250
v -0.01199910 -0.02050880 0.09436800
v -0.01906490 0.00351810 0.00003242
v -0.02284910 0.00215721 0.00003242
v -0.01863670 0.00900173 0.00003242
v 0.01966380 -0.01060300 0.00003242
v 0.02007770 -0.00436592 0.00003242
v 0.01872920 -0.01508620 0.00003242
v 0.02384280 -0.00217438 0.00003242
v 0.02292250 -0.00126934 0.00003242
v 0.01716040 -0.01892660 0.00003242
v 0.02001290 0.00356293 0.00003242
v 0.02257630 -0.00002575 0.00003242
v 0.01958470 0.00920963 0.00003242
v 0.01543810 -0.02128030 0.00003242
v 0.01291850 -0.02315810 0.00003242
v 0.00937653 -0.02458480 0.00003242
v 0.00770283 -0.02500630 0.00003242
v 0.00287628 -0.02558420 0.00003242
v 0.00217342 -0.02937030 0.00003242
v 0.00128460 -0.02846050 0.00003242
v 0.00006390 -0.02810570 0.00003242
v -0.00314617 -0.02538110 0.00003242
v -0.00117302 -0.02839760 0.00003242
v -0.00210762 -0.02926060 0.00003242
v -0.00755405 -0.02445030 0.00003242
v -0.01097970 -0.02306460 0.00003242
v -0.01367090 -0.02119260 0.00003242
v -0.01586440 -0.01860050 0.00003242
v -0.01742740 -0.01538280 0.00003242
v -0.01848510 -0.01092910 0.00003242
v 0.02379800 0.00214767 0.00003242
v 0.02289680 0.00122356 0.00003242
v 0.01841740 0.01473710 0.00003242
v 0.01680090 0.01883130 0.00003242
v 0.01513480 0.02136040 0.00003242
v 0.01297760 0.02328010 0.00003242
v 0.01002410 0.02470590 0.00003242
v 0.00597191 0.02573970 0.00003242
v 0.00220680 0.02977940 0.00003242
v 0.00150013 0.02600860 0.00003242
v 0.00134754 0.02884770 0.00003242
v 0.00014114 0.02845670 0.00003242
v -0.00110054 0.02870850 0.00003242
v -0.00356579 0.02550030 0.00003242
v -0.00205994 0.02953720 0.00003242
v -0.00713539 0.02447610 0.00003242
v -0.01078800 0.02249720 0.00003242
v -0.01390360 0.01972480 0.00003242
v -0.01625730 0.01649670 0.00003242
v -0.01774410 0.01305770 0.00003242
v -0.02194210 0.00124264 0.00003242
v -0.02161220 -0.00000191 0.00003242
v -0.01905920 -0.00457287 0.00003242
v -0.02194500 -0.00124645 0.00003242
v -0.02285390 -0.00216007 0.00003242
v 0.00770283 -0.02500630 0.00543308
v 0.00937653 -0.02458480 0.00543308
v 0.01291850 -0.02315810 0.00543308
v 0.01543810 -0.02128030 0.00543308
v 0.01716040 -0.01892660 0.00543308
v 0.01872920 -0.01508620 0.00543308
v 0.01966380 -0.01060300 0.00543308
v 0.02007770 -0.00436592 0.00543308
v 0.02001290 0.00356293 0.00543308
v 0.01958470 0.00920963 0.00543308
v 0.01841740 0.01473710 0.00543308
v 0.01680090 0.01883130 0.00543308
v 0.01513480 0.02136040 0.00543308
v 0.01297760 0.02328010 0.00543308
v 0.01002410 0.02470590 0.00543308
v 0.00597191 0.02573970 0.00543308
v 0.00150013 0.02600860 0.00543308
v -0.00356579 0.02550030 0.00543308
v -0.00713539 0.02447610 0.00543308
v -0.01078800 0.02249720 0.00543308
v -0.01390360 0.01972480 0.00543308
v -0.01625730 0.01649670 0.00543308
v -0.01774410 0.01305770 0.00543308
v -0.01863670 0.00900173 0.00543308
v -0.01906490 0.00351810 0.00543308
v -0.01905920 -0.00457287 0.00543308
v -0.01848510 -0.01092910 0.00543308
v -0.01742740 -0.01538280 0.00543308
v -0.01586440 -0.01860050 0.00543308
v -0.01367090 -0.02119260 0.00543308
v -0.01097970 -0.02306460 0.00543308
v -0.00755405 -0.02445030 0.00543308
v -0.00314617 -0.02538110 0.00543308
v 0.00287628 -0.02558420 0.00543308
v -0.00099182 0.00486755 0.00543308
v -0.00114441 0.00505066 0.00543308
v -0.00067139 0.00502014 0.00543308
v -0.00114441 0.00471497 0.00543308
v -0.00119019 0.00448608 0.00543308
v -0.00114441 0.00559998 0.00543308
v -0.00195312 0.00975037 0.00543308
v -0.00108337 0.00314331 0.00543308
v -0.00114441 0.00344849 0.00543308
v -0.00077820 0.00343323 0.00543308
v -0.00114441 0.00401306 0.00543308
v -0.00119019 0.00271606 0.00543308
v -0.00115967 0.00431824 0.00543308
v -0.00057983 0.00035095 0.00543308
v -0.00050354 0.00097656 0.00543308
v -0.00027466 0.00033569 0.00543308
v -0.00064087 0.00094604 0.00543308
v -0.00079346 0.00079346 0.00543308
v -0.00079346 0.00050354 0.00543308
v -0.00001526 -0.00738525 0.00543308
v 0.00061035 -0.00729370 0.00543308
v 0.00059509 -0.00752258 0.00543308
v 0.00047302 -0.00793457 0.00543308
v -0.00001526 -0.00808716 0.00543308
v 0.00036621 -0.00808716 0.00543308
v 0.00054932 -0.00692749 0.00543308
v 0.00035095 -0.00665283 0.00543308
v 0.00003052 -0.00648499 0.00543308
v -0.00045776 -0.00738525 0.00543308
v -0.00038147 -0.00642395 0.00543308
v -0.00080872 -0.00646973 0.00543308
v -0.00007629 0.00778198 0.00543308
v -0.00053406 0.00790405 0.00543308
v -0.00033569 0.00833130 0.00543308
v -0.00070190 0.00837708 0.00543308
v -0.00080872 0.00781250 0.00543308
v -0.00096130 0.00851440 0.00543308
v -0.00102234 0.00761414 0.00543308
v -0.00112915 0.00874329 0.00543308
v -0.00114441 0.00733948 0.00543308
v -0.00117493 0.00904846 0.00543308
v -0.00117493 0.00695801 0.00543308
v -0.00053406 0.01129150 0.00543308
v -0.00079346 0.01153560 0.00543308
v -0.00042725 0.01203920 0.00543308
v -0.00079346 0.01188660 0.00543308
v -0.00068665 0.01210020 0.00543308
v -0.00048828 0.01210020 0.00543308
v -0.00053406 0.00488281 0.00543308
v -0.00070190 0.00444031 0.00543308
v -0.00065613 0.00474548 0.00543308
v -0.00111389 -0.00663757 0.00543308
v -0.00112915 -0.00790405 0.00543308
v -0.00126648 -0.00773621 0.00543308
v -0.00134277 -0.00752258 0.00543308
v -0.00137329 -0.00727844 0.00543308
v -0.00131226 -0.00691223 0.00543308
v -0.00091553 0.00962830 0.00543308
v -0.00070190 0.00976562 0.00543308
v -0.00106812 0.00947571 0.00543308
v -0.00115967 0.00927734 0.00543308
v -0.00180054 -0.00317383 0.00543308
v -0.00180054 -0.00186157 0.00543308
v 0.00022888 0.01147460 0.00543308
v 0.00070190 0.01171880 0.00543308
v 0.00064087 0.01136780 0.00543308
v 0.00068665 0.01194760 0.00543308
v 0.00056457 0.01129150 0.00543308
v 0.00045776 0.01126100 0.00543308
v 0.00009155 0.01205440 0.00543308
v 0.00036621 0.01127620 0.00543308
v 0.00103760 0.00889587 0.00543308
v -0.00012207 0.00975037 0.00543308
v 0.00103760 0.00975037 0.00543308
v -0.00016785 0.00889587 0.00543308
v -0.00036621 0.00971985 0.00543308
v -0.00061035 0.00900269 0.00543308
v -0.00057983 0.00962830 0.00543308
v -0.00070190 0.00947571 0.00543308
v -0.00074768 0.00929260 0.00543308
v 0.00091553 0.00782776 0.00543308
v 0.00103760 0.00833130 0.00543308
v 0.00103760 0.00761414 0.00543308
v 0.00070190 0.00796509 0.00543308
v 0.00042725 0.00801086 0.00543308
v 0.00012207 0.00794983 0.00543308
v -0.00021362 0.00750732 0.00543308
v -0.00050354 0.00730896 0.00543308
v -0.00027466 0.00666809 0.00543308
v -0.00057983 0.00668335 0.00543308
v -0.00064087 0.00727844 0.00543308
v -0.00079346 0.00712585 0.00543308
v -0.00079346 0.00683594 0.00543308
v 0.00190735 0.00399780 0.00543308
v 0.00102234 0.00578308 0.00543308
v 0.00103760 0.00634766 0.00543308
v 0.00103760 0.00558472 0.00543308
v 0.00070190 0.00578308 0.00543308
v 0.00065613 0.00605774 0.00543308
v 0.00070190 0.00599670 0.00543308
v 0.00039673 0.00610352 0.00543308
v -0.00039673 0.00610352 0.00543308
v -0.00073242 0.00614929 0.00543308
v -0.00097656 0.00631714 0.00543308
v -0.00112915 0.00659180 0.00543308
v 0.00102234 -0.00053406 0.00543308
v 0.00103760 0.00001526 0.00543308
v 0.00103760 -0.00186157 0.00543308
v 0.00070190 -0.00053406 0.00543308
v 0.00065613 -0.00025940 0.00543308
v 0.00070190 -0.00032043 0.00543308
v 0.00039673 -0.00021362 0.00543308
v -0.00039673 -0.00021362 0.00543308
v -0.00073242 -0.00016785 0.00543308
v -0.00117493 0.00062561 0.00543308
v -0.00112915 0.00025940 0.00543308
v -0.00097656 0.00000000 0.00543308
v 0.00103760 -0.00479126 0.00543308
v 0.00099182 -0.00375366 0.00543308
v 0.00103760 -0.00329590 0.00543308
v 0.00082398 -0.00410461 0.00543308
v 0.00057983 -0.00431824 0.00543308
v 0.00022888 -0.00439453 0.00543308
v -0.00001526 -0.00434875 0.00543308
v -0.00036621 -0.00399780 0.00543308
v -0.00053406 -0.00392151 0.00543308
v -0.00044250 -0.00369263 0.00543308
v -0.00067139 -0.00410461 0.00543308
v -0.00022888 -0.00421143 0.00543308
v -0.00085449 -0.00419617 0.00543308
v -0.00180054 -0.00479126 0.00543308
v -0.00108337 -0.00422668 0.00543308
v -0.00140381 -0.00416565 0.00543308
v -0.00161743 -0.00396729 0.00543308
v -0.00175476 -0.00363159 0.00543308
v 0.00030518 -0.01086430 0.00543308
v 0.00103760 -0.00952148 0.00543308
v 0.00103760 -0.01112370 0.00543308
v 0.00030518 -0.00976562 0.00543308
v -0.00180054 -0.01202390 0.00543308
v 0.00103760 -0.01170350 0.00543308
v 0.00103760 -0.01202390 0.00543308
v -0.00180054 -0.01066590 0.00543308
v 0.00108337 0.00733948 0.00543308
v 0.00103760 0.01033020 0.00543308
v 0.00108337 0.01171880 0.00543308
v 0.00103760 0.01130680 0.00543308
v 0.00090027 0.01100160 0.00543308
v 0.00068665 0.01080320 0.00543308
v 0.00039673 0.01074220 0.00543308
v 0.00009155 0.01080320 0.00543308
v -0.00022888 0.01132200 0.00543308
v -0.00065613 0.01133730 0.00543308
v -0.00009155 0.01100160 0.00543308
v -0.00059509 0.01078800 0.00543308
v -0.00114441 0.01136780 0.00543308
v -0.00195312 0.01033020 0.00543308
v -0.00119019 0.01171880 0.00543308
v -0.00103760 0.01107790 0.00543308
v -0.00083923 0.01089480 0.00543308
v 0.00100708 0.00239563 0.00543308
v 0.00190735 0.00341797 0.00543308
v 0.00103760 0.00128174 0.00543308
v 0.00108337 0.00276184 0.00543308
v 0.00091553 0.00149536 0.00543308
v 0.00077820 0.00213623 0.00543308
v 0.00070190 0.00163269 0.00543308
v 0.00042725 0.00196838 0.00543308
v 0.00042725 0.00167847 0.00543308
v 0.00012207 0.00161743 0.00543308
v -0.00004578 0.00190735 0.00543308
v -0.00007629 0.00144958 0.00543308
v -0.00053406 0.00157166 0.00543308
v -0.00021362 0.00119019 0.00543308
v -0.00053406 0.00196838 0.00543308
v -0.00080872 0.00148010 0.00543308
v -0.00088501 0.00212097 0.00543308
v -0.00102234 0.00128174 0.00543308
v -0.00111389 0.00238037 0.00543308
v -0.00114441 0.00100708 0.00543308
v 0.00103760 -0.00540161 0.00543308
v 0.00099182 -0.00665283 0.00543308
v 0.00108337 -0.00726318 0.00543308
v 0.00070190 -0.00619507 0.00543308
v 0.00022888 -0.00590515 0.00543308
v -0.00038147 -0.00581360 0.00543308
v -0.00180054 -0.00540161 0.00543308
v -0.00100708 -0.00590515 0.00543308
v -0.00146484 -0.00619507 0.00543308
v -0.00175476 -0.00665283 0.00543308
v -0.00184631 -0.00727844 0.00543308
v 0.00103760 -0.00891113 0.00543308
v 0.00103760 -0.01263430 0.00543308
v -0.00180054 -0.01263430 0.00543308
v -0.00180054 -0.00996399 0.00543308
v 0.00105286 0.01211550 0.00543308
v 0.00094604 0.01242070 0.00543308
v 0.00103760 0.00500488 0.00543308
v -0.00067139 0.00431824 0.00543308
v -0.00001526 0.00500488 0.00543308
v -0.00032043 0.00497437 0.00543308
v 0.00108337 0.00100708 0.00543308
v 0.00099182 0.00315857 0.00543308
v 0.00085449 0.00331116 0.00543308
v 0.00070190 0.00341797 0.00543308
v 0.00076294 0.01261900 0.00543308
v 0.00048828 0.01274110 0.00543308
v -0.00007629 0.01245120 0.00543308
v 0.00042725 0.01223750 0.00543308
v 0.00064087 0.01208500 0.00543308
v -0.00019836 0.01255800 0.00543308
v -0.00051880 0.01264950 0.00543308
v -0.00079346 0.01258850 0.00543308
v -0.00100708 0.01240540 0.00543308
v -0.00114441 0.01211550 0.00543308
v 0.00105286 -0.00765991 0.00543308
v 0.00094604 -0.00804138 0.00543308
v 0.00079346 -0.00836182 0.00543308
v 0.00057983 -0.00863647 0.00543308
v -0.00045776 -0.00863647 0.00543308
v -0.00093079 -0.00801086 0.00543308
v -0.00109863 -0.00857544 0.00543308
v -0.00166321 -0.00810242 0.00543308
v 0.00097656 0.00057983 0.00543308
v 0.00096130 0.00013733 0.00543308
v 0.00083923 0.00022888 0.00543308
v 0.00065613 0.00025940 0.00543308
v 0.00097656 0.00691223 0.00543308
v 0.00096130 0.00646973 0.00543308
v 0.00083923 0.00656128 0.00543308
v 0.00065613 0.00659180 0.00543308
v -0.00085449 -0.00360107 0.00543308
v -0.00067139 -0.00335693 0.00543308
v -0.00073242 -0.00350952 0.00543308
v -0.00100708 -0.00363159 0.00543308
v -0.00134277 -0.00335693 0.00543308
v -0.00128174 -0.00350952 0.00543308
v -0.00117493 -0.00360107 0.00543308
v -0.00065613 -0.00245667 0.00543308
v -0.00135803 -0.00245667 0.00543308
v -0.00012207 -0.00990295 0.00543308
v -0.00012207 -0.01072690 0.00543308
v -0.00135803 -0.01031490 0.00543308
v 0.00050354 0.00262451 0.00543308
v 0.00064087 0.00315857 0.00543308
v 0.00070190 0.00296021 0.00543308
v 0.00050354 0.00331116 0.00543308
v 0.00025940 0.00340271 0.00543308
v -0.00004578 0.00250244 0.00543308
v -0.00003052 0.00343323 0.00543308
v -0.00035095 0.00340271 0.00543308
v -0.00061035 0.00262451 0.00543308
v -0.00059509 0.00331116 0.00543308
v -0.00079346 0.00296021 0.00543308
v -0.00074768 0.00315857 0.00543308
v -0.00010681 -0.00364685 0.00543308
v 0.00057983 -0.00349426 0.00543308
v 0.00048828 -0.00366211 0.00543308
v 0.00018311 -0.00379944 0.00543308
v 0.00036621 -0.00376892 0.00543308
v -0.00021362 -0.00321960 0.00543308
v 0.00059509 -0.00245667 0.00543308
v -0.00021362 -0.00245667 0.00543308
v 0.00004578 0.00712585 0.00543308
v 0.00067139 0.00701904 0.00543308
v 0.00051880 0.00680542 0.00543308
v 0.00051880 0.00740051 0.00543308
v 0.00027466 0.00740051 0.00543308
v 0.00027466 0.00668335 0.00543308
v 0.00067139 0.00726318 0.00543308
v 0.00012207 0.00732422 0.00543308
v 0.00003052 0.00666809 0.00543308
v 0.00004578 0.00079346 0.00543308
v 0.00067139 0.00068665 0.00543308
v 0.00051880 0.00047302 0.00543308
v 0.00051880 0.00106812 0.00543308
v 0.00027466 0.00106812 0.00543308
v 0.00027466 0.00035095 0.00543308
v 0.00067139 0.00093079 0.00543308
v 0.00012207 0.00099182 0.00543308
v 0.00003052 0.00033569 0.00543308
v 0.00103760 0.00833130 0.00999928
v -0.00016785 0.00889587 0.00999928
v 0.00103760 0.00889587 0.00999928
v -0.00033569 0.00833130 0.00999928
v -0.00061035 0.00900269 0.00999928
v -0.00070190 0.00837708 0.00999928
v -0.00096130 0.00851440 0.00999928
v -0.00112915 0.00874329 0.00999928
v -0.00117493 0.00904846 0.00999928
v -0.00115967 0.00927734 0.00999928
v -0.00074768 0.00929260 0.00999928
v -0.00106812 0.00947571 0.00999928
v -0.00091553 0.00962830 0.00999928
v -0.00070190 0.00947571 0.00999928
v -0.00070190 0.00976562 0.00999928
v -0.00012207 0.00975037 0.00999928
v 0.00103760 0.01033020 0.00999928
v 0.00103760 0.00975037 0.00999928
v -0.00036621 0.00971985 0.00999928
v -0.00057983 0.00962830 0.00999928
v -0.00195312 0.01033020 0.00999928
v -0.00195312 0.00975037 0.00999928
v -0.00109863 -0.00857544 0.00999928
v -0.00112915 -0.00790405 0.00999928
v -0.00093079 -0.00801086 0.00999928
v -0.00166321 -0.00810242 0.00999928
v -0.00126648 -0.00773621 0.00999928
v -0.00134277 -0.00752258 0.00999928
v -0.00184631 -0.00727844 0.00999928
v -0.00137329 -0.00727844 0.00999928
v -0.00175476 -0.00665283 0.00999928
v -0.00146484 -0.00619507 0.00999928
v 0.00059509 -0.00752258 0.00999928
v 0.00108337 -0.00726318 0.00999928
v 0.00105286 -0.00765991 0.00999928
v 0.00094604 -0.00804138 0.00999928
v 0.00047302 -0.00793457 0.00999928
v 0.00079346 -0.00836182 0.00999928
v 0.00061035 -0.00729370 0.00999928
v 0.00054932 -0.00692749 0.00999928
v 0.00099182 -0.00665283 0.00999928
v 0.00036621 -0.00808716 0.00999928
v 0.00057983 -0.00863647 0.00999928
v -0.00001526 -0.00808716 0.00999928
v -0.00045776 -0.00863647 0.00999928
v -0.00045776 -0.00738525 0.00999928
v -0.00001526 -0.00738525 0.00999928
v 0.00035095 -0.00665283 0.00999928
v 0.00070190 -0.00619507 0.00999928
v 0.00003052 -0.00648499 0.00999928
v 0.00022888 -0.00590515 0.00999928
v -0.00038147 -0.00581360 0.00999928
v -0.00038147 -0.00642395 0.00999928
v -0.00080872 -0.00646973 0.00999928
v -0.00100708 -0.00590515 0.00999928
v -0.00111389 -0.00663757 0.00999928
v -0.00131226 -0.00691223 0.00999928
v 0.00103760 -0.01170350 0.00999928
v 0.00030518 -0.01086430 0.00999928
v 0.00103760 -0.01112370 0.00999928
v -0.00012207 -0.01072690 0.00999928
v 0.00030518 -0.00976562 0.00999928
v -0.00180054 -0.01066590 0.00999928
v -0.00135803 -0.01031490 0.00999928
v 0.00103760 -0.00891113 0.00999928
v 0.00103760 -0.00952148 0.00999928
v -0.00012207 -0.00990295 0.00999928
v -0.00180054 -0.00996399 0.00999928
v -0.00180054 -0.01263430 0.00999928
v 0.00103760 -0.01202390 0.00999928
v 0.00103760 -0.01263430 0.00999928
v -0.00180054 -0.01202390 0.00999928
v -0.00180054 -0.00540161 0.00999928
v 0.00103760 -0.00479126 0.00999928
v 0.00103760 -0.00540161 0.00999928
v -0.00180054 -0.00479126 0.00999928
v -0.00053406 -0.00392151 0.00999928
v -0.00085449 -0.00360107 0.00999928
v -0.00044250 -0.00369263 0.00999928
v -0.00067139 -0.00335693 0.00999928
v -0.00065613 -0.00245667 0.00999928
v -0.00073242 -0.00350952 0.00999928
v -0.00100708 -0.00363159 0.00999928
v -0.00067139 -0.00410461 0.00999928
v -0.00085449 -0.00419617 0.00999928
v -0.00108337 -0.00422668 0.00999928
v -0.00117493 -0.00360107 0.00999928
v -0.00140381 -0.00416565 0.00999928
v -0.00161743 -0.00396729 0.00999928
v -0.00175476 -0.00363159 0.00999928
v -0.00128174 -0.00350952 0.00999928
v 0.00057983 -0.00349426 0.00999928
v 0.00099182 -0.00375366 0.00999928
v 0.00048828 -0.00366211 0.00999928
v 0.00103760 -0.00329590 0.00999928
v 0.00059509 -0.00245667 0.00999928
v 0.00057983 -0.00431824 0.00999928
v 0.00036621 -0.00376892 0.00999928
v 0.00022888 -0.00439453 0.00999928
v 0.00018311 -0.00379944 0.00999928
v -0.00001526 -0.00434875 0.00999928
v -0.00022888 -0.00421143 0.00999928
v -0.00036621 -0.00399780 0.00999928
v -0.00010681 -0.00364685 0.00999928
v 0.00082398 -0.00410461 0.00999928
v 0.00103760 -0.00186157 0.00999928
v -0.00021362 -0.00245667 0.00999928
v -0.00021362 -0.00321960 0.00999928
v -0.00180054 -0.00186157 0.00999928
v -0.00135803 -0.00245667 0.00999928
v -0.00134277 -0.00335693 0.00999928
v -0.00180054 -0.00317383 0.00999928
v 0.00108337 0.00276184 0.00999928
v 0.00050354 0.00262451 0.00999928
v 0.00070190 0.00296021 0.00999928
v 0.00042725 0.00196838 0.00999928
v 0.00077820 0.00213623 0.00999928
v -0.00004578 0.00250244 0.00999928
v -0.00004578 0.00190735 0.00999928
v -0.00053406 0.00196838 0.00999928
v -0.00061035 0.00262451 0.00999928
v -0.00088501 0.00212097 0.00999928
v -0.00111389 0.00238037 0.00999928
v 0.00100708 0.00239563 0.00999928
v 0.00099182 0.00315857 0.00999928
v 0.00064087 0.00315857 0.00999928
v 0.00085449 0.00331116 0.00999928
v 0.00070190 0.00341797 0.00999928
v 0.00190735 0.00399780 0.00999928
v 0.00190735 0.00341797 0.00999928
v 0.00050354 0.00331116 0.00999928
v 0.00025940 0.00340271 0.00999928
v -0.00114441 0.00401306 0.00999928
v -0.00003052 0.00343323 0.00999928
v -0.00035095 0.00340271 0.00999928
v -0.00077820 0.00343323 0.00999928
v -0.00059509 0.00331116 0.00999928
v -0.00074768 0.00315857 0.00999928
v -0.00114441 0.00344849 0.00999928
v -0.00108337 0.00314331 0.00999928
v -0.00079346 0.00296021 0.00999928
v -0.00119019 0.00271606 0.00999928
v -0.00083923 0.01089480 0.00999928
v -0.00053406 0.01129150 0.00999928
v -0.00059509 0.01078800 0.00999928
v -0.00065613 0.01133730 0.00999928
v -0.00119019 0.01171880 0.00999928
v -0.00079346 0.01188660 0.00999928
v -0.00079346 0.01153560 0.00999928
v -0.00103760 0.01107790 0.00999928
v -0.00114441 0.01136780 0.00999928
v -0.00114441 0.01211550 0.00999928
v -0.00100708 0.01240540 0.00999928
v -0.00079346 0.01258850 0.00999928
v 0.00070190 0.01171880 0.00999928
v 0.00108337 0.01171880 0.00999928
v 0.00103760 0.01130680 0.00999928
v 0.00068665 0.01194760 0.00999928
v 0.00064087 0.01136780 0.00999928
v 0.00090027 0.01100160 0.00999928
v 0.00105286 0.01211550 0.00999928
v 0.00064087 0.01208500 0.00999928
v 0.00056457 0.01129150 0.00999928
v 0.00068665 0.01080320 0.00999928
v 0.00045776 0.01126100 0.00999928
v 0.00039673 0.01074220 0.00999928
v 0.00036621 0.01127620 0.00999928
v 0.00009155 0.01080320 0.00999928
v -0.00009155 0.01100160 0.00999928
v 0.00022888 0.01147460 0.00999928
v -0.00022888 0.01132200 0.00999928
v 0.00009155 0.01205440 0.00999928
v -0.00042725 0.01203920 0.00999928
v -0.00007629 0.01245120 0.00999928
v -0.00048828 0.01210020 0.00999928
v -0.00019836 0.01255800 0.00999928
v -0.00051880 0.01264950 0.00999928
v -0.00068665 0.01210020 0.00999928
v 0.00094604 0.01242070 0.00999928
v 0.00076294 0.01261900 0.00999928
v 0.00042725 0.01223750 0.00999928
v 0.00048828 0.01274110 0.00999928
v -0.00115967 0.00431824 0.00999928
v -0.00070190 0.00444031 0.00999928
v -0.00067139 0.00431824 0.00999928
v -0.00114441 0.00471497 0.00999928
v -0.00099182 0.00486755 0.00999928
v -0.00119019 0.00448608 0.00999928
v -0.00065613 0.00474548 0.00999928
v -0.00067139 0.00502014 0.00999928
v -0.00001526 0.00500488 0.00999928
v 0.00103760 0.00558472 0.00999928
v 0.00103760 0.00500488 0.00999928
v -0.00114441 0.00559998 0.00999928
v -0.00032043 0.00497437 0.00999928
v -0.00053406 0.00488281 0.00999928
v -0.00114441 0.00505066 0.00999928
v 0.00070190 0.00599670 0.00999928
v 0.00103760 0.00634766 0.00999928
v 0.00102234 0.00578308 0.00999928
v 0.00065613 0.00605774 0.00999928
v 0.00070190 0.00578308 0.00999928
v 0.00096130 0.00646973 0.00999928
v 0.00083923 0.00656128 0.00999928
v 0.00065613 0.00659180 0.00999928
v 0.00039673 0.00610352 0.00999928
v 0.00027466 0.00668335 0.00999928
v 0.00051880 0.00680542 0.00999928
v 0.00003052 0.00666809 0.00999928
v 0.00012207 0.00732422 0.00999928
v -0.00021362 0.00750732 0.00999928
v -0.00007629 0.00778198 0.00999928
v 0.00004578 0.00712585 0.00999928
v -0.00027466 0.00666809 0.00999928
v -0.00039673 0.00610352 0.00999928
v -0.00057983 0.00668335 0.00999928
v -0.00073242 0.00614929 0.00999928
v -0.00097656 0.00631714 0.00999928
v -0.00117493 0.00695801 0.00999928
v -0.00079346 0.00712585 0.00999928
v -0.00079346 0.00683594 0.00999928
v -0.00112915 0.00659180 0.00999928
v -0.00114441 0.00733948 0.00999928
v -0.00102234 0.00761414 0.00999928
v -0.00080872 0.00781250 0.00999928
v 0.00067139 0.00726318 0.00999928
v 0.00108337 0.00733948 0.00999928
v 0.00097656 0.00691223 0.00999928
v 0.00103760 0.00761414 0.00999928
v 0.00051880 0.00740051 0.00999928
v 0.00067139 0.00701904 0.00999928
v 0.00091553 0.00782776 0.00999928
v 0.00070190 0.00796509 0.00999928
v 0.00042725 0.00801086 0.00999928
v 0.00027466 0.00740051 0.00999928
v 0.00012207 0.00794983 0.00999928
v -0.00050354 0.00730896 0.00999928
v -0.00064087 0.00727844 0.00999928
v -0.00053406 0.00790405 0.00999928
v 0.00070190 -0.00032043 0.00999928
v 0.00103760 0.00001526 0.00999928
v 0.00102234 -0.00053406 0.00999928
v 0.00065613 -0.00025940 0.00999928
v 0.00070190 -0.00053406 0.00999928
v 0.00096130 0.00013733 0.00999928
v 0.00083923 0.00022888 0.00999928
v 0.00065613 0.00025940 0.00999928
v 0.00039673 -0.00021362 0.00999928
v 0.00027466 0.00035095 0.00999928
v 0.00051880 0.00047302 0.00999928
v 0.00003052 0.00033569 0.00999928
v 0.00012207 0.00099182 0.00999928
v -0.00021362 0.00119019 0.00999928
v -0.00007629 0.00144958 0.00999928
v 0.00004578 0.00079346 0.00999928
v -0.00027466 0.00033569 0.00999928
v -0.00039673 -0.00021362 0.00999928
v -0.00057983 0.00035095 0.00999928
v -0.00073242 -0.00016785 0.00999928
v -0.00097656 0.00000000 0.00999928
v -0.00117493 0.00062561 0.00999928
v -0.00079346 0.00079346 0.00999928
v -0.00079346 0.00050354 0.00999928
v -0.00112915 0.00025940 0.00999928
v -0.00114441 0.00100708 0.00999928
v -0.00102234 0.00128174 0.00999928
v -0.00080872 0.00148010 0.00999928
v 0.00067139 0.00093079 0.00999928
v 0.00108337 0.00100708 0.00999928
v 0.00097656 0.00057983 0.00999928
v 0.00103760 0.00128174 0.00999928
v 0.00051880 0.00106812 0.00999928
v 0.00067139 0.00068665 0.00999928
v 0.00091553 0.00149536 0.00999928
v 0.00070190 0.00163269 0.00999928
v 0.00042725 0.00167847 0.00999928
v 0.00027466 0.00106812 0.00999928
v 0.00012207 0.00161743 0.00999928
v -0.00050354 0.00097656 0.00999928
v -0.00064087 0.00094604 0.00999928
v -0.00053406 0.00157166 0.00999928
f 1 2 3
f 2 1 4
f 5 3 6
f 3 5 1
f 7 6 8
f 6 7 5
f 9 8 10
f 8 9 7
f 9 11 12
f 11 9 10
f 12 13 14
f 13 12 11
f 14 15 16
f 15 14 13
f 16 17 18
f 17 16 15
f 18 19 20
f 19 18 17
f 21 22 23
f 22 21 24
f 23 25 26
f 25 23 22
f 26 27 28
f 27 26 25
f 28 29 30
f 29 28 27
f 30 31 32
f 31 30 29
f 33 31 34
f 31 33 32
f 35 34 36
f 34 35 33
f 37 36 38
f 36 37 35
f 39 38 40
f 38 39 37
f 41 40 42
f 40 41 39
f 43 44 45
f 44 43 46
f 47 46 43
f 46 47 48
f 49 48 47
f 48 49 50
f 51 50 49
f 50 51 52
f 53 52 51
f 52 53 54
f 55 53 56
f 53 55 54
f 57 56 58
f 56 57 55
f 59 58 60
f 58 59 57
f 61 60 62
f 60 61 59
f 63 64 65
f 64 63 66
f 67 65 68
f 65 67 63
f 69 68 70
f 68 69 67
f 71 70 72
f 70 71 69
f 73 71 72
f 71 73 74
f 75 74 73
f 74 75 76
f 77 76 75
f 76 77 78
f 79 78 77
f 78 79 80
f 81 80 79
f 80 81 82
f 83 84 85
f 86 87 88
f 89 90 91
f 92 93 94
f 95 96 97
f 98 99 100
f 101 102 103
f 104 105 106
f 104 106 107
f 108 109 110
f 111 112 113
f 114 115 116
f 117 118 119
f 120 121 122
f 123 124 125
f 126 127 128
f 129 130 131
f 132 133 134
f 135 136 137
f 138 139 140
f 141 142 143
f 144 145 146
f 147 148 149
f 150 151 152
f 152 151 149
f 153 152 149
f 148 153 149
f 154 149 155
f 156 149 154
f 157 149 156
f 158 149 157
f 159 149 158
f 159 160 149
f 160 147 149
f 161 98 162
f 163 98 161
f 163 164 98
f 165 146 166
f 146 100 167
f 145 100 146
f 145 98 100
f 168 98 145
f 162 98 168
f 169 167 170
f 171 167 169
f 171 172 167
f 172 146 167
f 173 146 172
f 166 146 173
f 174 175 176
f 177 178 179
f 178 180 176
f 180 181 176
f 181 182 176
f 182 174 176
f 183 141 143
f 184 185 186
f 185 187 186
f 188 189 190
f 189 191 190
f 190 191 192
f 191 193 192
f 193 194 192
f 194 195 192
f 195 196 192
f 196 197 192
f 198 199 200
f 201 202 198
f 203 204 205
f 206 207 208
f 209 208 210
f 201 205 202
f 211 205 201
f 211 210 205
f 210 208 205
f 208 207 205
f 207 212 205
f 213 203 214
f 214 203 205
f 215 214 205
f 212 215 205
f 203 216 204
f 216 217 204
f 217 218 204
f 217 219 218
f 220 221 200
f 220 200 222
f 221 223 200
f 223 224 200
f 224 225 200
f 225 226 200
f 226 227 200
f 227 198 200
f 227 228 198
f 228 201 198
f 229 230 231
f 229 231 232
f 233 229 232
f 234 235 236
f 237 238 239
f 238 240 239
f 241 242 243
f 244 245 239
f 245 237 239
f 246 247 248
f 249 250 251
f 249 252 250
f 253 254 255
f 253 256 135
f 257 256 253
f 253 135 137
f 253 137 258
f 253 258 254
f 255 259 260
f 247 255 260
f 247 253 255
f 247 261 253
f 261 257 253
f 247 260 262
f 247 262 250
f 248 247 250
f 252 248 250
f 263 248 252
f 251 250 264
f 250 265 264
f 265 266 264
f 267 268 264
f 268 269 264
f 269 270 264
f 270 271 264
f 271 272 264
f 272 273 264
f 273 274 264
f 274 275 264
f 275 276 264
f 276 277 264
f 277 278 264
f 278 251 264
f 279 280 281
f 280 282 281
f 282 283 281
f 284 285 286
f 285 287 286
f 287 288 286
f 288 289 286
f 289 290 286
f 290 291 286
f 292 293 294
f 293 295 294
f 295 296 294
f 296 297 294
f 298 299 300
f 301 302 298
f 302 303 298
f 303 304 298
f 304 305 298
f 305 306 298
f 306 307 298
f 307 308 298
f 308 309 298
f 309 310 298
f 311 301 298
f 311 298 300
f 311 300 312
f 311 312 313
f 311 313 284
f 311 284 314
f 314 284 286
f 315 314 286
f 315 286 316
f 317 315 316
f 132 316 133
f 318 316 132
f 318 317 316
f 134 133 319
f 319 133 320
f 321 319 320
f 321 320 322
f 322 320 323
f 324 322 323
f 324 323 325
f 325 323 326
f 327 325 326
f 328 129 131
f 329 330 331
f 332 333 334
f 333 335 334
f 334 335 331
f 335 336 331
f 336 329 331
f 337 338 339
f 340 337 339
f 340 341 337
f 338 342 339
f 342 343 339
f 343 344 339
f 344 345 339
f 345 346 339
f 346 347 339
f 348 126 128
f 349 350 340
f 340 350 351
f 340 351 341
f 352 353 349
f 349 353 354
f 349 354 350
f 352 355 356
f 352 356 357
f 352 357 353
f 358 359 355
f 358 360 359
f 360 361 359
f 362 363 360
f 360 363 364
f 360 364 361
f 365 366 362
f 362 366 367
f 362 367 363
f 368 369 370
f 370 369 371
f 370 371 372
f 370 372 373
f 374 375 376
f 374 376 377
f 378 375 374
f 379 378 374
f 379 380 378
f 381 380 379
f 381 382 380
f 383 384 381
f 381 384 385
f 381 385 382
f 386 387 388
f 386 388 389
f 390 387 386
f 391 390 386
f 391 392 390
f 125 124 393
f 124 394 393
f 394 395 393
f 393 395 391
f 395 396 391
f 391 396 392
f 397 398 125
f 398 399 125
f 399 123 125
f 400 401 402
f 402 401 403
f 402 403 397
f 403 404 397
f 397 404 398
f 405 406 400
f 406 407 400
f 400 407 401
f 408 409 405
f 409 410 405
f 405 410 406
f 411 408 405
f 412 411 405
f 412 413 411
f 414 413 412
f 414 415 413
f 416 415 414
f 417 416 414
f 417 418 416
f 419 420 417
f 420 421 417
f 417 421 418
f 422 423 424
f 425 423 422
f 426 423 425
f 427 423 426
f 428 429 430
f 430 429 423
f 430 423 431
f 431 423 427
f 432 429 428
f 433 429 432
f 419 429 433
f 434 419 433
f 420 419 434
f 435 436 437
f 436 438 437
f 439 440 441
f 440 442 441
f 441 442 443
f 442 444 443
f 444 435 443
f 445 446 447
f 446 448 447
f 447 448 449
f 448 450 449
f 449 450 439
f 450 451 439
f 451 440 439
f 452 453 454
f 455 452 454
f 456 455 454
f 456 454 96
f 457 456 96
f 457 96 95
f 458 457 95
f 459 460 461
f 460 462 461
f 462 463 461
f 463 464 461
f 464 465 461
f 465 466 461
f 467 468 469
f 469 468 461
f 470 469 461
f 466 470 461
f 471 472 473
f 461 472 471
f 474 461 471
f 459 461 474
f 475 476 477
f 478 476 475
f 479 476 478
f 480 476 479
f 481 476 480
f 472 476 481
f 482 472 481
f 473 472 482
f 483 484 485
f 483 485 486
f 483 486 487
f 488 483 487
f 489 483 488
f 490 483 489
f 491 483 490
f 492 483 491
f 493 483 492
f 494 483 493
f 495 483 494
f 496 495 494
f 497 495 496
f 498 499 500
f 483 501 502
f 483 502 503
f 483 503 504
f 483 504 505
f 483 505 506
f 483 506 507
f 483 507 508
f 483 508 509
f 483 509 510
f 483 510 511
f 483 511 484
f 512 513 514
f 515 513 512
f 515 516 513
f 517 516 515
f 499 516 517
f 518 499 517
f 500 499 518
f 519 520 521
f 513 520 519
f 522 513 519
f 514 513 522
f 523 520 524
f 525 520 523
f 521 520 525
f 526 527 528
f 529 526 528
f 530 526 529
f 530 524 526
f 531 524 530
f 523 524 531
f 532 533 534
f 532 535 533
f 535 536 533
f 536 537 533
f 537 538 533
f 538 527 533
f 539 527 538
f 528 527 539
f 540 541 542
f 543 544 542
f 544 545 542
f 545 540 542
f 534 533 541
f 541 533 546
f 541 546 542
f 547 548 543
f 548 549 543
f 549 550 543
f 550 544 543
f 551 151 150
f 552 151 551
f 552 553 151
f 553 554 151
f 554 555 151
f 555 556 151
f 556 557 151
f 557 558 151
f 558 559 151
f 559 560 151
f 560 561 151
f 561 562 151
f 563 564 565
f 566 89 563
f 567 89 566
f 568 89 567
f 565 564 569
f 569 564 570
f 569 570 571
f 571 570 572
f 572 570 573
f 572 573 574
f 575 576 577
f 578 579 580
f 581 579 578
f 582 583 584
f 585 586 587
f 588 585 587
f 589 585 588
f 590 589 588
f 591 589 590
f 592 593 594
f 595 593 592
f 586 593 595
f 596 586 595
f 587 586 596
f 594 593 597
f 593 598 597
f 597 598 599
f 599 598 600
f 600 598 601
f 600 601 602
f 602 601 603
f 603 601 604
f 603 604 605
f 606 607 608
f 608 607 609
f 608 609 610
f 611 607 606
f 612 607 611
f 604 607 612
f 613 604 612
f 605 604 613
f 610 609 614
f 614 609 615
f 614 615 616
f 616 615 617
f 617 615 618
f 617 618 619
f 619 618 620
f 620 618 621
f 620 621 622
f 623 624 625
f 626 624 623
f 626 627 624
f 628 625 629
f 630 625 628
f 630 623 625
f 631 632 633
f 634 632 631
f 635 632 634
f 636 633 637
f 638 633 636
f 631 633 638
f 639 637 640
f 641 637 639
f 636 637 641
f 642 643 644
f 642 645 643
f 645 640 643
f 646 640 645
f 646 639 640
f 647 648 649
f 650 651 652
f 653 647 649
f 654 655 656
f 655 657 656
f 656 657 652
f 657 658 652
f 658 650 652
f 659 660 661
f 661 660 662
f 663 659 661
f 664 663 661
f 665 663 664
f 666 667 668
f 668 667 669
f 667 670 669
f 670 671 669
f 669 671 664
f 671 672 664
f 672 665 664
f 673 666 668
f 674 673 668
f 675 673 674
f 676 675 674
f 677 676 674
f 678 676 677
f 679 678 677
f 680 679 677
f 680 681 679
f 682 681 680
f 683 682 680
f 683 684 682
f 685 684 683
f 686 685 683
f 686 687 685
f 688 687 686
f 688 689 687
f 690 691 692
f 692 691 693
f 692 693 688
f 693 694 688
f 688 694 689
f 695 690 692
f 696 695 692
f 696 122 695
f 697 122 696
f 697 120 122
f 698 699 700
f 700 699 701
f 700 701 120
f 701 702 120
f 120 702 121
f 703 704 705
f 706 703 705
f 706 707 703
f 708 707 706
f 709 708 706
f 709 710 708
f 711 712 709
f 712 713 709
f 713 710 709
f 714 715 711
f 715 716 711
f 711 716 712
f 717 718 719
f 719 718 720
f 719 720 714
f 720 721 714
f 714 721 715
f 722 717 719
f 723 722 719
f 723 724 722
f 725 724 723
f 726 725 723
f 726 727 725
f 728 727 726
f 729 728 726
f 729 730 728
f 731 732 733
f 733 732 734
f 733 734 729
f 734 735 729
f 735 730 729
f 736 731 733
f 737 736 733
f 737 738 736
f 739 568 567
f 739 740 568
f 568 740 737
f 740 741 737
f 737 741 738
f 742 85 743
f 744 85 742
f 745 85 744
f 745 746 85
f 746 83 85
f 747 83 746
f 748 83 747
f 749 750 751
f 751 750 752
f 750 753 752
f 753 754 752
f 754 755 752
f 756 757 751
f 757 758 751
f 758 749 751
f 759 760 761
f 759 761 762
f 759 762 751
f 762 763 751
f 763 756 751
f 764 765 766
f 764 766 767
f 764 767 768
f 764 768 769
f 764 769 770
f 764 770 759
f 759 770 771
f 759 771 760
f 772 773 774
f 331 775 776
f 331 776 777
f 334 331 777
f 334 777 778
f 334 778 772
f 772 778 779
f 772 779 773
f 131 780 781
f 330 131 781
f 328 131 330
f 329 328 330
f 330 781 782
f 330 782 783
f 331 330 783
f 331 783 784
f 331 784 775
f 785 786 780
f 785 787 786
f 788 789 790
f 788 790 791
f 788 791 792
f 788 792 793
f 785 788 793
f 785 793 794
f 785 794 787
f 795 796 797
f 798 799 800
f 801 799 798
f 802 803 804
f 803 802 805
f 803 805 806
f 807 808 809
f 796 810 811
f 812 796 811
f 797 796 812
f 813 83 748
f 814 83 813
f 815 83 814
f 816 815 814
f 817 815 816
f 117 818 118
f 819 820 821
f 819 821 822
f 823 729 824
f 823 825 729
f 825 733 729
f 826 733 825
f 827 733 826
f 828 733 827
f 829 733 828
f 830 733 829
f 831 733 830
f 733 831 832
f 833 733 832
f 833 832 834
f 833 834 835
f 824 729 836
f 836 729 726
f 836 726 837
f 837 726 838
f 838 726 723
f 838 723 839
f 840 719 714
f 841 719 840
f 723 719 841
f 842 723 841
f 839 723 842
f 843 711 844
f 843 845 711
f 845 714 711
f 846 714 845
f 840 714 846
f 844 711 847
f 847 711 709
f 847 709 848
f 848 709 849
f 849 709 706
f 849 706 850
f 851 852 700
f 852 705 700
f 705 698 700
f 705 704 698
f 853 705 852
f 854 705 853
f 706 705 854
f 855 706 854
f 850 706 855
f 856 857 120
f 857 858 120
f 858 859 120
f 859 700 120
f 860 700 859
f 851 700 860
f 861 862 697
f 863 861 697
f 864 865 866
f 865 867 866
f 862 868 697
f 868 869 697
f 869 120 697
f 869 870 120
f 870 856 120
f 871 872 873
f 874 871 873
f 875 876 877
f 876 878 877
f 878 879 877
f 880 881 882
f 881 883 882
f 884 874 873
f 882 884 873
f 882 885 884
f 883 885 882
f 883 886 885
f 887 888 889
f 888 890 889
f 890 891 889
f 892 893 894
f 893 895 894
f 895 896 894
f 897 898 899
f 900 897 899
f 900 901 897
f 902 901 900
f 903 904 905
f 113 903 905
f 113 906 903
f 112 906 113
f 907 908 909
f 908 910 909
f 910 911 909
f 909 911 912
f 913 914 915
f 915 914 916
f 915 916 917
f 917 916 918
f 917 918 907
f 918 919 907
f 907 919 908
f 920 921 922
f 921 923 922
f 924 925 920
f 925 926 920
f 926 927 920
f 927 928 920
f 928 921 920
f 929 930 931
f 931 930 932
f 931 932 933
f 932 934 933
f 934 935 933
f 936 937 938
f 938 937 931
f 937 939 931
f 939 929 931
f 940 941 942
f 940 943 941
f 943 944 941
f 944 938 941
f 945 938 944
f 945 936 938
f 946 941 947
f 948 941 946
f 942 941 948
f 949 950 951
f 952 949 951
f 953 954 955
f 956 957 958
f 959 957 956
f 960 957 959
f 961 962 963
f 961 963 964
f 961 964 965
f 961 965 966
f 967 961 966
f 967 966 958
f 968 967 958
f 957 968 958
f 954 968 957
f 954 957 960
f 955 954 960
f 441 443 969
f 441 969 970
f 439 441 970
f 439 970 971
f 443 972 973
f 443 973 974
f 443 974 969
f 435 437 443
f 443 437 975
f 443 975 972
f 437 976 977
f 437 977 978
f 437 978 975
f 979 980 981
f 979 982 980
f 424 423 438
f 438 423 979
f 438 979 437
f 437 979 981
f 437 981 976
f 983 984 979
f 984 985 979
f 979 985 986
f 979 986 982
f 987 988 989
f 990 991 988
f 992 993 994
f 993 995 994
f 994 995 996
f 90 997 998
f 90 999 997
f 1000 568 1001
f 568 1000 1002
f 89 568 1002
f 89 1002 1003
f 89 1003 1004
f 89 1004 1005
f 89 1005 90
f 1005 1006 90
f 90 1006 999
f 1001 568 1007
f 1007 568 737
f 1007 737 1008
f 1009 733 1010
f 1010 733 833
f 1010 833 820
f 820 833 835
f 820 835 821
f 1011 733 1009
f 1011 1012 733
f 1012 737 733
f 1013 737 1012
f 1008 737 1013
f 1014 111 1015
f 1015 111 113
f 1015 113 1016
f 1016 113 905
f 1016 905 1017
f 1018 933 1019
f 923 913 922
f 913 915 922
f 922 915 1020
f 915 917 1020
f 1020 917 1021
f 917 907 1021
f 1021 907 1022
f 907 909 1022
f 1022 909 1014
f 909 912 1014
f 912 111 1014
f 931 933 1018
f 1023 931 1018
f 938 931 1023
f 1024 938 1023
f 941 938 1024
f 499 498 501
f 483 499 501
f 1025 499 483
f 1025 483 495
f 476 1025 495
f 476 495 497
f 477 476 497
f 941 1025 476
f 941 1024 1025
f 1025 1024 499
f 1024 1023 499
f 499 1023 516
f 1023 1018 516
f 516 1018 513
f 1018 1019 513
f 513 1019 520
f 1019 1026 520
f 520 1026 1027
f 520 1027 524
f 1027 1028 524
f 524 1028 526
f 933 935 924
f 933 924 920
f 933 920 1019
f 1019 920 922
f 1019 922 1026
f 922 1020 1026
f 1026 1020 1027
f 1020 1021 1027
f 1027 1021 1028
f 1021 1022 1028
f 1028 1022 526
f 1022 1014 526
f 526 1014 527
f 1014 1015 527
f 527 1015 533
f 533 1015 1016
f 533 1016 546
f 546 1016 1017
f 546 1017 542
f 1029 1030 1031
f 1032 1030 1029
f 1032 1033 1030
f 1034 1033 1032
f 1034 899 1033
f 1035 899 1034
f 1035 900 899
f 1036 1032 1029
f 1037 1032 1036
f 1037 1034 1032
f 1038 1034 1037
f 1038 1035 1034
f 1039 1040 1041
f 1039 1042 1040
f 1042 1043 1040
f 1044 101 1045
f 1045 101 103
f 1045 103 1046
f 1040 1043 105
f 1040 105 104
f 1041 1040 104
f 1041 104 107
f 1047 1041 107
f 1048 1047 107
f 1049 1047 1048
f 1050 1051 1052
f 1050 1052 1053
f 1054 1050 1053
f 1055 1054 1053
f 1056 1037 1036
f 542 1037 1056
f 542 1038 1037
f 542 1017 1038
f 1017 1035 1038
f 1017 905 1035
f 905 900 1035
f 905 904 900
f 904 902 900
f 1057 1058 1059
f 1060 1061 1062
f 1061 1063 1062
f 1062 1063 1051
f 107 106 102
f 101 107 102
f 1048 107 101
f 1044 1048 101
f 1049 1048 1044
f 1064 1049 1044
f 1065 1049 1064
f 1066 1065 1064
f 1067 1058 1057
f 1068 1067 1057
f 1069 1067 1068
f 1069 1068 1070
f 1071 1069 1070
f 818 815 817
f 117 815 818
f 807 815 117
f 807 117 119
f 807 119 808
f 1072 1060 1073
f 1072 1074 1060
f 1074 1061 1060
f 1075 1071 179
f 1075 1076 1071
f 1076 1069 1071
f 1076 1077 1069
f 1077 1067 1069
f 1066 1064 1078
f 1079 1066 1078
f 1080 1066 1079
f 1081 1080 1079
f 143 1080 1081
f 186 143 1081
f 183 143 186
f 187 183 186
f 164 1082 98
f 1082 154 98
f 98 154 99
f 154 155 99
f 155 1056 99
f 149 1056 155
f 149 542 1056
f 151 542 149
f 151 543 542
f 562 543 151
f 562 547 543
f 1083 1031 1084
f 1085 1031 1083
f 1029 1031 1085
f 1086 1029 1085
f 1036 1029 1086
f 1087 1036 1086
f 1056 1036 1087
f 1056 1087 1088
f 99 1056 1088
f 99 1088 1089
f 100 99 1089
f 100 1089 175
f 167 100 175
f 167 175 174
f 170 167 174
f 197 138 192
f 138 140 192
f 192 140 1090
f 1090 140 1091
f 1090 1091 1092
f 1091 1093 1092
f 1092 1093 1094
f 1079 1078 1094
f 1093 1079 1094
f 1081 1079 1093
f 1091 1081 1093
f 186 1081 1091
f 140 186 1091
f 184 186 140
f 139 184 140
f 240 241 239
f 239 241 243
f 239 243 1095
f 1095 243 1096
f 1095 1096 1097
f 1096 1098 1097
f 1097 1098 1099
f 1098 1100 1099
f 1100 1101 1099
f 235 233 236
f 233 232 236
f 236 232 1102
f 232 1103 1102
f 1102 1103 1104
f 1103 1105 1104
f 1104 1105 1106
f 1105 1107 1106
f 1106 1107 1108
f 1107 1109 1108
f 1108 1109 1110
f 1109 1111 1110
f 1110 1111 1112
f 1111 1113 1112
f 1062 1051 1050
f 1054 1062 1050
f 1060 1062 1054
f 1060 1054 1055
f 1073 1060 1055
f 1114 1073 1055
f 1115 1073 1114
f 1116 1115 1114
f 1117 1115 1116
f 1118 1117 1116
f 1119 1117 1118
f 1120 1119 1118
f 200 1119 1120
f 199 188 200
f 188 190 200
f 200 190 1119
f 190 192 1119
f 1119 192 1117
f 192 1090 1117
f 1117 1090 1115
f 1115 1090 1092
f 1115 1092 1073
f 1092 1094 1073
f 1094 1072 1073
f 1094 1078 1072
f 1078 1074 1072
f 1078 1064 1074
f 1074 1064 1061
f 1064 1044 1061
f 1061 1044 1063
f 1063 1044 1045
f 1063 1045 1051
f 1051 1045 1046
f 1051 1046 1052
f 803 806 789
f 788 803 789
f 788 1121 803
f 1122 1121 788
f 1123 1121 1122
f 804 799 801
f 803 799 804
f 803 1124 799
f 1121 1124 803
f 1121 1125 1124
f 1123 1125 1121
f 1126 1125 1123
f 800 796 795
f 799 796 800
f 799 1127 796
f 1124 1127 799
f 1124 1128 1127
f 1125 1128 1124
f 1129 1128 1125
f 1126 1129 1125
f 1130 1129 1126
f 453 1131 454
f 454 1131 1132
f 454 1132 96
f 96 1132 1133
f 96 1133 97
f 97 1133 1134
f 951 1134 1135
f 1134 1133 1135
f 1133 1136 1135
f 1133 1132 1136
f 1132 447 1136
f 1132 1131 447
f 1131 445 447
f 1137 810 796
f 1127 1137 796
f 1127 1138 1137
f 1128 1138 1127
f 1128 1139 1138
f 1129 1139 1128
f 1140 1139 1129
f 1130 1140 1129
f 1141 1140 1130
f 131 785 780
f 131 1142 785
f 1142 788 785
f 1142 1143 788
f 1143 1122 788
f 1143 1144 1122
f 1144 1123 1122
f 1144 1145 1123
f 1145 1126 1123
f 1145 1146 1126
f 1146 1130 1126
f 1146 294 1130
f 294 1141 1130
f 294 297 1141
f 297 1147 1141
f 807 809 811
f 810 807 811
f 1148 807 810
f 1137 1148 810
f 1137 1149 1148
f 1138 1149 1137
f 1138 1150 1149
f 1139 1150 1138
f 1139 1151 1150
f 1140 1151 1139
f 281 1151 1140
f 1141 281 1140
f 279 281 1141
f 1147 279 1141
f 130 327 131
f 327 326 131
f 326 1142 131
f 326 323 1142
f 323 1143 1142
f 323 320 1143
f 320 1144 1143
f 320 133 1144
f 133 1145 1144
f 133 316 1145
f 316 1146 1145
f 316 286 1146
f 286 294 1146
f 286 291 294
f 291 292 294
f 950 947 951
f 947 941 951
f 951 941 1134
f 1134 941 476
f 97 1134 476
f 97 476 472
f 95 97 472
f 461 95 472
f 458 95 461
f 468 458 461
f 653 651 650
f 653 649 651
f 649 643 651
f 648 643 649
f 644 643 648
f 635 628 632
f 632 628 629
f 632 629 633
f 629 1152 633
f 633 1152 637
f 1152 1153 637
f 637 1153 640
f 1153 1154 640
f 640 1154 643
f 1154 1155 643
f 643 1155 651
f 1156 1157 1158
f 1159 1157 1156
f 1159 1160 1157
f 1161 1160 1159
f 1161 1162 1160
f 1163 1164 1165
f 1163 1165 1162
f 1166 1163 1162
f 1166 1162 1161
f 1167 1168 1169
f 1167 1169 1170
f 1171 1168 1172
f 1172 1168 1167
f 1172 1167 1173
f 1173 1167 1170
f 1173 1170 352
f 358 355 352
f 1170 358 352
f 1170 360 358
f 1169 360 1170
f 1169 362 360
f 1169 1168 362
f 1168 365 362
f 1174 368 370
f 1175 1174 370
f 1176 1174 1175
f 127 332 128
f 128 332 334
f 128 334 764
f 764 334 772
f 764 772 765
f 772 774 765
f 1177 383 1178
f 1178 383 381
f 1178 381 1179
f 1179 381 379
f 1179 379 1176
f 1176 379 374
f 1176 374 1174
f 374 377 1174
f 1174 377 368
f 1180 1181 585
f 1180 585 589
f 583 1180 589
f 591 583 589
f 584 583 591
f 1182 1183 1184
f 1183 1185 1184
f 1184 1185 1186
f 1185 1187 1186
f 1186 1187 1188
f 1187 1189 1188
f 1188 1189 1190
f 1189 1191 1190
f 1190 1191 1192
f 1191 1177 1192
f 1192 1177 1193
f 1193 1177 1178
f 1193 1178 1194
f 1194 1178 1179
f 1194 1179 1195
f 1195 1179 1176
f 1195 1176 1171
f 1171 1176 1175
f 1171 1175 1168
f 1175 370 1168
f 1168 370 365
f 365 370 373
f 365 373 366
f 94 93 1196
f 93 1197 1196
f 1196 1197 1182
f 1197 1198 1182
f 1182 1198 1183
f 1199 1200 1201
f 579 1199 1201
f 576 1199 579
f 581 576 579
f 577 576 581
f 1202 1203 1200
f 1199 1202 1200
f 1204 1202 1199
f 576 1204 1199
f 573 1204 576
f 575 573 576
f 574 573 575
f 1205 1206 1207
f 1205 994 1206
f 90 998 1208
f 90 1208 992
f 91 90 992
f 91 992 994
f 1209 91 994
f 1209 994 1205
f 563 89 564
f 564 89 91
f 564 91 570
f 570 91 1209
f 570 1209 573
f 573 1209 1205
f 573 1205 1204
f 1204 1205 1207
f 1204 1207 1202
f 1202 1210 1203
f 1207 1210 1202
f 1207 1211 1210
f 1207 1206 1211
f 1206 1212 1211
f 1206 994 1212
f 994 990 1212
f 994 996 990
f 996 991 990
f 990 988 987
f 990 987 1213
f 1212 990 1213
f 1212 1213 1214
f 1211 1212 1214
f 1211 1214 1215
f 1210 1211 1215
f 1210 1215 1216
f 1210 1216 1203
f 1203 1216 1181
f 1200 1203 1181
f 1200 1181 1180
f 1201 1200 1180
f 583 1201 1180
f 579 1201 583
f 579 583 582
f 580 579 582
f 621 1195 1171
f 618 1195 621
f 618 1194 1195
f 615 1194 618
f 615 1193 1194
f 609 1193 615
f 1192 1193 609
f 607 1192 609
f 1190 1192 607
f 604 1190 607
f 1188 1190 604
f 601 1188 604
f 1186 1188 601
f 598 1186 601
f 1184 1186 598
f 593 1184 598
f 1182 1184 593
f 586 1182 593
f 1196 1182 586
f 585 1196 586
f 585 94 1196
f 1181 94 585
f 1181 92 94
f 1216 92 1181
f 1216 1217 92
f 1215 1217 1216
f 1215 1218 1217
f 1215 1214 1218
f 1214 1219 1218
f 1214 1213 1219
f 1219 1213 1220
f 1213 987 1220
f 1220 987 108
f 987 989 108
f 989 109 108
f 108 110 983
f 108 983 979
f 1220 108 979
f 423 1220 979
f 1219 1220 423
f 429 1219 423
f 1218 1219 429
f 419 1218 429
f 1218 419 1217
f 1217 419 417
f 1217 417 92
f 417 414 92
f 92 414 93
f 414 412 93
f 93 412 1197
f 412 405 1197
f 1197 405 1198
f 405 400 1198
f 1198 400 1183
f 400 402 1183
f 1183 402 1185
f 402 397 1185
f 1185 397 1187
f 397 125 1187
f 1187 125 1189
f 125 393 1189
f 1189 393 1191
f 393 391 1191
f 1191 391 1177
f 1177 391 386
f 1177 386 383
f 383 386 389
f 383 389 384
f 439 971 962
f 961 439 962
f 449 439 961
f 967 449 961
f 447 449 967
f 968 447 967
f 1136 447 968
f 1136 968 954
f 1135 1136 954
f 953 1135 954
f 951 1135 953
f 1221 951 953
f 952 951 1221
f 661 662 655
f 654 661 655
f 664 661 654
f 1222 664 654
f 669 664 1222
f 1223 669 1222
f 668 669 1223
f 1224 668 1223
f 674 668 1224
f 1225 674 1224
f 677 674 1225
f 1226 677 1225
f 680 677 1226
f 1227 680 1226
f 683 680 1227
f 1228 683 1227
f 686 683 1228
f 1229 686 1228
f 688 686 1229
f 115 864 116
f 864 866 116
f 116 866 1230
f 866 1231 1230
f 1230 1231 1232
f 1231 1233 1232
f 1232 1233 1234
f 1233 1235 1234
f 1234 1235 1236
f 1235 1237 1236
f 1236 1237 1238
f 1237 1239 1238
f 1238 1239 1240
f 1239 1241 1240
f 1240 1241 1242
f 1241 1243 1242
f 1242 1243 1244
f 1243 1245 1244
f 1244 1245 1246
f 1245 1247 1246
f 1246 1247 1248
f 1247 1249 1248
f 1248 1249 1250
f 1249 1251 1250
f 1250 1251 1252
f 1251 1253 1252
f 1252 1253 1254
f 1254 1253 1255
f 1256 1254 1255
f 1257 1256 1255
f 1258 1256 1257
f 1259 1258 1257
f 1158 1258 1259
f 1260 1158 1259
f 1156 1158 1260
f 624 1164 625
f 625 1164 1163
f 625 1163 629
f 629 1163 1166
f 629 1166 1152
f 1152 1166 1161
f 1152 1161 1153
f 1161 1159 1153
f 1153 1159 1154
f 1159 1156 1154
f 1154 1156 1155
f 1156 1260 1155
f 1155 1260 651
f 1260 1259 651
f 651 1259 652
f 1259 1257 652
f 1257 656 652
f 656 1257 1255
f 654 656 1255
f 1253 654 1255
f 1222 654 1253
f 1251 1222 1253
f 1223 1222 1251
f 1249 1223 1251
f 1224 1223 1249
f 1247 1224 1249
f 1225 1224 1247
f 1245 1225 1247
f 1226 1225 1245
f 1243 1226 1245
f 1227 1226 1243
f 1241 1227 1243
f 1228 1227 1241
f 1239 1228 1241
f 1229 1228 1239
f 1237 1229 1239
f 688 1229 1237
f 1235 688 1237
f 692 688 1235
f 1233 692 1235
f 696 692 1233
f 1231 696 1233
f 697 696 1231
f 866 697 1231
f 863 697 866
f 867 863 866
f 872 875 873
f 875 877 873
f 873 877 1261
f 877 1262 1261
f 1261 1262 1263
f 1262 1264 1263
f 1263 1264 1265
f 1264 1266 1265
f 1265 1266 1267
f 1267 1266 1268
f 1265 1267 1269
f 1270 1265 1269
f 1263 1265 1270
f 1271 1263 1270
f 1261 1263 1271
f 1272 1261 1271
f 1272 873 1261
f 1273 873 1272
f 1273 882 873
f 889 882 1273
f 889 880 882
f 891 880 889
f 1274 1275 1276
f 1276 1275 1277
f 1276 1277 1278
f 1278 1277 1279
f 1279 1277 1280
f 1279 1280 1281
f 755 743 752
f 743 85 752
f 85 1282 752
f 84 1282 85
f 84 1283 1282
f 347 348 339
f 339 348 128
f 339 128 1284
f 1284 128 764
f 1284 764 1285
f 1285 764 759
f 1285 759 1286
f 759 751 1286
f 1286 751 1287
f 751 752 1287
f 1281 1280 1288
f 1280 1289 1288
f 1288 1289 1290
f 1270 1269 1291
f 1292 1270 1291
f 1271 1270 1292
f 1293 1271 1292
f 1293 1272 1271
f 1294 1272 1293
f 1294 1273 1272
f 1295 1273 1294
f 1295 889 1273
f 894 889 1295
f 894 887 889
f 896 887 894
f 178 176 179
f 176 175 179
f 175 1075 179
f 175 1089 1075
f 1089 1076 1075
f 1089 1088 1076
f 1088 1077 1076
f 1088 1087 1077
f 1077 1087 1067
f 1087 1086 1067
f 1067 1086 1058
f 1086 1085 1058
f 1085 1296 1058
f 1085 1083 1296
f 1296 1083 1297
f 1083 1084 1297
f 1297 1084 86
f 1298 1288 1290
f 1299 1288 1298
f 1281 1288 1299
f 1300 1281 1299
f 1279 1281 1300
f 1301 1279 1300
f 1278 1279 1301
f 1302 1278 1301
f 1276 1278 1302
f 88 1276 1302
f 1274 1276 88
f 87 1274 88
f 266 244 264
f 264 244 239
f 264 239 1303
f 1303 239 1095
f 1303 1095 1304
f 1304 1095 1097
f 1304 1097 1305
f 1097 1099 1305
f 1305 1099 1306
f 1099 1101 1306
f 1101 1307 1306
f 1101 1308 1307
f 1307 1308 1309
f 1308 1310 1309
f 1309 1310 1311
f 1310 1298 1311
f 1298 1312 1311
f 1298 1290 1312
f 1290 1313 1312
f 1289 1313 1290
f 242 234 243
f 243 234 236
f 243 236 1096
f 236 1102 1096
f 1096 1102 1098
f 1102 1104 1098
f 1104 1100 1098
f 1104 1106 1100
f 1100 1106 1101
f 1106 1108 1101
f 1101 1108 1308
f 1108 1110 1308
f 1308 1110 1310
f 1110 1112 1310
f 1112 1298 1310
f 1112 1113 1298
f 1113 1299 1298
f 283 267 281
f 267 264 281
f 281 264 1151
f 1151 264 1303
f 1151 1303 1150
f 1150 1303 1304
f 1150 1304 1149
f 1149 1304 1305
f 1149 1305 1148
f 1305 1306 1148
f 1148 1306 807
f 1306 1307 807
f 1307 815 807
f 1307 1309 815
f 815 1309 83
f 1309 1311 83
f 1311 84 83
f 1311 1312 84
f 1312 1283 84
f 1312 1313 1283
f 142 177 143
f 177 179 143
f 143 179 1080
f 179 1071 1080
f 1080 1071 1066
f 1071 1070 1066
f 1066 1070 1065
f 1070 1068 1065
f 1065 1068 1049
f 1068 1057 1049
f 1057 1047 1049
f 1057 1059 1047
f 1059 1041 1047
f 1059 1058 1041
f 1058 1039 1041
f 1058 1296 1039
f 1039 1296 1042
f 1296 1297 1042
f 1042 1297 1043
f 1043 1297 86
f 1043 86 105
f 105 86 88
f 105 88 106
f 106 88 1302
f 106 1302 102
f 102 1302 1301
f 102 1301 103
f 103 1301 1300
f 103 1300 1046
f 1046 1300 1299
f 1052 1046 1299
f 1052 1299 1113
f 1053 1052 1113
f 1111 1053 1113
f 1055 1053 1111
f 1109 1055 1111
f 1114 1055 1109
f 1107 1114 1109
f 1116 1114 1107
f 1105 1116 1107
f 1118 1116 1105
f 1103 1118 1105
f 1120 1118 1103
f 232 1120 1103
f 200 1120 232
f 231 200 232
f 222 200 231
f 230 222 231
f 898 892 899
f 899 892 894
f 899 894 1033
f 1033 894 1295
f 1033 1295 1030
f 1030 1295 1294
f 1030 1294 1031
f 1031 1294 1293
f 1031 1293 1084
f 1084 1293 1292
f 1084 1292 86
f 1292 1291 86
f 86 1291 87
f 1291 1269 87
f 1269 1274 87
f 1269 1267 1274
f 1267 1275 1274
f 1267 1268 1275
f 1275 1268 1277
f 1268 1314 1277
f 1277 1314 1280
f 1314 1315 1280
f 1280 1315 1289
f 1315 1316 1289
f 1289 1316 1313
f 1316 1317 1313
f 1313 1317 1283
f 1317 1318 1283
f 1283 1318 1282
f 1318 1319 1282
f 1282 1319 752
f 1319 1320 752
f 752 1320 1287
f 879 114 877
f 114 116 877
f 877 116 1262
f 116 1230 1262
f 1262 1230 1264
f 1230 1232 1264
f 1264 1232 1266
f 1232 1234 1266
f 1266 1234 1268
f 1234 1236 1268
f 1268 1236 1314
f 1236 1238 1314
f 1314 1238 1315
f 1238 1240 1315
f 1315 1240 1316
f 1240 1242 1316
f 1316 1242 1317
f 1242 1244 1317
f 1317 1244 1318
f 1244 1246 1318
f 1318 1246 1319
f 1246 1248 1319
f 1319 1248 1320
f 1248 1250 1320
f 1320 1250 1287
f 1250 1252 1287
f 1252 1286 1287
f 1286 1252 1254
f 1285 1286 1254
f 1256 1285 1254
f 1284 1285 1256
f 1258 1284 1256
f 339 1284 1258
f 1158 339 1258
f 340 339 1158
f 1157 340 1158
f 1157 349 340
f 1160 349 1157
f 1160 352 349
f 1162 352 1160
f 1162 1173 352
f 1165 1173 1162
f 1165 1172 1173
f 1164 1172 1165
f 1164 1171 1172
f 624 1171 1164
f 621 1171 624
f 627 621 624
f 622 621 627
f 1321 1322 144
f 1322 1323 144
f 1323 1324 144
f 1324 1325 144
f 1325 145 144
f 1325 168 145
f 1326 1327 162
f 1328 1326 162
f 1325 162 168
f 1325 1329 162
f 1329 1328 162
f 1327 164 163
f 1327 163 161
f 1327 161 162
f 1330 1331 1332
f 1333 1330 1332
f 1333 1332 153
f 1333 153 148
f 1333 148 1334
f 1333 1334 159
f 1333 159 158
f 1333 158 157
f 1333 157 156
f 1335 1333 156
f 1335 156 154
f 1327 1335 154
f 1327 154 1082
f 1327 1082 164
f 146 1321 144
f 146 1336 1321
f 146 1337 1336
f 1338 1337 146
f 1337 1338 1339
f 1339 1338 1340
f 1340 1338 1341
f 1341 1338 1342
f 658 1343 1344
f 1343 658 1345
f 658 1344 1346
f 1345 658 1347
f 650 1346 19
f 45 739 567
f 43 567 566
f 1348 739 45
f 1349 739 1348
f 43 566 563
f 43 563 565
f 567 43 45
f 569 43 565
f 47 569 571
f 569 47 43
f 572 47 571
f 574 47 572
f 49 574 575
f 49 575 577
f 574 49 47
f 581 49 577
f 51 581 578
f 51 578 580
f 581 51 49
f 582 51 580
f 584 51 582
f 53 584 591
f 584 53 51
f 590 53 591
f 588 53 590
f 56 588 587
f 56 587 596
f 588 56 53
f 595 56 596
f 592 56 595
f 58 592 594
f 592 58 56
f 597 58 594
f 599 58 597
f 600 58 599
f 60 600 602
f 600 60 58
f 603 60 602
f 605 60 603
f 62 605 613
f 605 62 60
f 612 62 613
f 612 1350 62
f 612 1351 1350
f 611 1351 612
f 611 1352 1351
f 606 1352 611
f 606 1353 1352
f 606 1354 1353
f 606 2 1354
f 608 2 606
f 610 2 608
f 3 610 614
f 3 614 616
f 610 3 2
f 617 3 616
f 619 3 617
f 6 619 620
f 619 6 3
f 622 6 620
f 627 6 622
f 8 627 626
f 627 8 6
f 623 8 626
f 630 8 623
f 10 630 628
f 630 10 8
f 635 10 628
f 634 10 635
f 631 10 634
f 11 631 638
f 631 11 10
f 636 11 638
f 641 11 636
f 13 641 639
f 641 13 11
f 646 13 639
f 645 13 646
f 645 15 13
f 642 15 645
f 644 15 642
f 648 15 644
f 648 17 15
f 653 17 647
f 647 17 648
f 740 81 741
f 741 81 738
f 739 1349 740
f 740 1355 81
f 1356 740 1349
f 740 1357 1355
f 740 1356 1357
f 79 738 81
f 738 79 736
f 79 731 736
f 79 732 731
f 77 732 79
f 732 77 734
f 77 735 734
f 77 730 735
f 75 730 77
f 75 728 730
f 75 727 728
f 75 725 727
f 73 725 75
f 725 73 724
f 73 722 724
f 73 717 722
f 72 717 73
f 717 72 718
f 72 720 718
f 72 721 720
f 70 721 72
f 721 70 715
f 70 716 715
f 70 712 716
f 68 712 70
f 712 68 713
f 713 68 710
f 68 708 710
f 68 707 708
f 65 707 68
f 65 703 707
f 65 704 703
f 65 698 704
f 64 698 65
f 698 64 699
f 64 701 699
f 1358 701 64
f 702 1358 1359
f 1358 702 701
f 1360 702 1359
f 1360 121 702
f 1361 121 1360
f 1362 121 1361
f 1362 122 121
f 42 122 1362
f 40 122 42
f 40 695 122
f 40 690 695
f 38 690 40
f 690 38 691
f 691 38 693
f 38 694 693
f 36 694 38
f 36 689 694
f 36 687 689
f 34 687 36
f 687 34 685
f 34 684 685
f 34 682 684
f 31 682 34
f 682 31 681
f 31 679 681
f 31 678 679
f 29 678 31
f 678 29 676
f 29 675 676
f 29 673 675
f 29 666 673
f 27 666 29
f 666 27 667
f 27 670 667
f 27 671 670
f 25 671 27
f 25 672 671
f 25 665 672
f 25 663 665
f 25 659 663
f 22 659 25
f 659 22 660
f 22 662 660
f 655 22 24
f 650 17 653
f 22 655 662
f 1346 650 658
f 17 650 19
f 657 24 658
f 24 657 655
f 1347 658 24
f 1363 1364 169
f 1364 171 169
f 1364 165 166
f 1364 166 173
f 1364 173 172
f 1364 172 171
f 1365 178 177
f 1366 1363 169
f 1366 169 170
f 1366 170 174
f 1366 174 182
f 1366 182 181
f 1365 1366 181
f 1365 181 180
f 1365 180 178
f 142 1365 177
f 141 1365 142
f 183 1365 141
f 187 1365 183
f 185 1365 187
f 1365 185 1367
f 184 1367 185
f 139 1367 184
f 1367 139 138
f 202 1368 198
f 1368 1369 198
f 198 1369 199
f 199 1369 188
f 193 1370 194
f 191 1370 193
f 1369 1370 191
f 189 1369 191
f 188 1369 189
f 1367 138 197
f 1367 197 196
f 1370 1367 196
f 195 1370 196
f 194 1370 195
f 1371 1372 218
f 218 1372 204
f 204 1372 205
f 1372 1368 205
f 205 1368 202
f 1373 213 214
f 1373 1374 213
f 1374 203 213
f 1374 216 203
f 1374 1375 216
f 216 1375 217
f 217 1375 219
f 1375 1371 219
f 219 1371 218
f 214 1376 1373
f 1376 214 215
f 1377 1378 208
f 1377 208 209
f 1377 209 210
f 1379 1376 215
f 1379 215 212
f 1379 212 207
f 1378 1379 207
f 1378 207 206
f 1378 206 208
f 1380 201 228
f 1381 221 220
f 1382 1380 228
f 1382 228 227
f 1382 227 226
f 1382 226 225
f 1382 225 224
f 1381 1382 224
f 1381 224 223
f 1381 223 221
f 1380 1377 210
f 1380 210 211
f 1380 211 201
f 233 1383 1381
f 222 1381 220
f 230 1381 222
f 229 1381 230
f 1383 234 242
f 1383 242 241
f 233 1381 229
f 1383 233 235
f 1383 235 234
f 262 1384 250
f 1384 1385 250
f 250 1385 265
f 244 1386 245
f 1385 1386 244
f 266 1385 244
f 265 1385 266
f 240 1383 241
f 238 1383 240
f 1386 1383 238
f 237 1386 238
f 245 1386 237
f 254 1387 255
f 136 1388 137
f 1388 1389 137
f 258 1387 254
f 137 1387 258
f 1390 1387 137
f 1389 1390 137
f 255 1387 259
f 1387 1391 259
f 259 1391 260
f 1391 1384 260
f 260 1384 262
f 136 1392 1388
f 1392 136 135
f 1393 1394 248
f 1393 248 263
f 1393 263 252
f 256 1392 135
f 1395 1392 256
f 257 1395 256
f 1396 1395 257
f 261 1396 257
f 1397 1396 261
f 1397 261 247
f 1394 1397 247
f 1394 247 246
f 1394 246 248
f 1398 276 275
f 1398 1399 276
f 1399 277 276
f 1399 278 277
f 1393 252 249
f 1399 1393 249
f 1399 249 251
f 1399 251 278
f 1400 271 270
f 1400 270 269
f 1401 1400 269
f 1401 269 268
f 1401 268 267
f 1400 1398 275
f 1400 275 274
f 1400 274 273
f 1400 273 272
f 1400 272 271
f 283 1401 267
f 282 1401 283
f 280 1401 282
f 279 1401 280
f 1401 279 1402
f 1402 297 296
f 1147 1402 279
f 1402 1147 297
f 313 1403 284
f 1403 1404 284
f 284 1404 285
f 285 1404 287
f 287 1404 288
f 1404 1405 288
f 288 1405 289
f 292 1406 293
f 291 1406 292
f 1405 1406 291
f 290 1405 291
f 289 1405 290
f 293 1406 295
f 1406 1402 295
f 295 1402 296
f 309 1407 310
f 1407 1408 310
f 310 1408 298
f 298 1408 299
f 1408 1409 299
f 299 1409 300
f 300 1409 312
f 1409 1403 312
f 312 1403 313
f 1407 308 1410
f 308 1407 309
f 314 1411 311
f 315 1411 314
f 1412 315 317
f 1412 317 318
f 315 1412 1411
f 132 1412 318
f 134 1412 132
f 1412 468 467
f 319 1412 134
f 321 1412 319
f 322 1412 321
f 1412 458 468
f 1412 457 458
f 324 1412 322
f 1412 456 457
f 453 1412 324
f 1412 455 456
f 1412 452 455
f 453 324 325
f 1131 325 327
f 1412 453 452
f 325 1131 453
f 327 445 1131
f 446 327 130
f 327 446 445
f 448 130 129
f 130 448 446
f 450 129 328
f 129 450 448
f 451 328 329
f 328 451 450
f 336 451 329
f 336 440 451
f 335 440 336
f 440 335 442
f 333 442 335
f 442 333 444
f 333 435 444
f 332 435 333
f 127 435 332
f 435 127 436
f 126 436 127
f 436 126 438
f 438 126 424
f 1413 1414 1415
f 1416 1417 1418
f 1419 1420 1421
f 1419 1421 1422
f 1423 1424 1425
f 1426 1427 1428
f 1429 1430 1431
f 1432 1433 1434
f 1435 1436 1437
f 1438 1439 1440
f 1441 1442 1443
f 1444 1445 1446
f 1447 1448 1449
f 1450 1451 1452
f 1451 1453 1452
f 1452 1453 1454
f 1453 1455 1454
f 1449 1456 1457
f 1456 1458 1457
f 1458 1459 1457
f 1459 1460 1457
f 1457 1460 1452
f 1460 1461 1452
f 1461 1450 1452
f 1462 1463 1464
f 1462 1464 1465
f 1462 1466 1467
f 1462 1465 1466
f 1465 1468 1466
f 1468 1465 1469
f 1468 1469 1470
f 1471 1472 1473
f 1472 1474 1473
f 1474 1475 1473
f 1476 1477 1478
f 1477 1479 1478
f 1479 1480 1478
f 1481 1482 1483
f 1482 1484 1483
f 1484 1485 1483
f 1485 1486 1483
f 1487 1488 1489
f 1488 1490 1489
f 1490 1491 1489
f 1491 1492 1489
f 1492 1493 1489
f 1493 1494 1489
f 1495 1496 1497
f 1496 1498 1497
f 1498 1489 1497
f 1499 1489 1498
f 1499 1487 1489
f 1500 1441 1443
f 1501 1443 1502
f 1503 1443 1501
f 1503 1500 1443
f 1504 1416 1505
f 1495 1497 1506
f 1506 1497 1417
f 1442 1506 1417
f 1442 1417 1416
f 1443 1442 1416
f 1504 1443 1416
f 1502 1443 1504
f 1507 1508 1509
f 1508 1510 1509
f 1510 1511 1509
f 1512 1513 1514
f 1515 1516 1517
f 1516 1518 1517
f 1519 1520 1521
f 1520 1522 1521
f 1522 1515 1521
f 1523 1524 1525
f 1526 1523 1525
f 1527 1526 1525
f 1527 1525 1528
f 1439 1527 1528
f 1529 1437 1530
f 1529 1531 1437
f 1531 1435 1437
f 1532 1432 1434
f 1532 1434 1533
f 1534 1532 1533
f 1535 1536 1537
f 1535 1538 1536
f 1539 1429 1431
f 1540 1541 1542
f 1540 1542 1543
f 1544 1540 1543
f 1545 1546 1547
f 1548 1549 1550
f 1551 1552 1553
f 1552 1554 1553
f 1554 1555 1553
f 1555 1550 1553
f 1555 1556 1550
f 1556 1548 1550
f 1557 1558 1559
f 1558 1560 1559
f 1559 1560 1553
f 1560 1561 1553
f 1561 1551 1553
f 1562 1557 1559
f 1563 1562 1559
f 1564 1562 1563
f 1565 1564 1563
f 1566 1565 1563
f 1567 1565 1566
f 1568 1569 1570
f 1569 1571 1570
f 1571 1566 1570
f 1571 1572 1566
f 1572 1567 1566
f 1573 1570 1574
f 1575 1570 1573
f 1576 1570 1575
f 1576 1577 1570
f 1577 1578 1570
f 1578 1579 1570
f 1579 1568 1570
f 1580 1427 1426
f 1580 1581 1427
f 1581 1570 1427
f 1582 1570 1581
f 1574 1570 1582
f 1583 1584 1585
f 1586 1584 1583
f 1587 1588 1589
f 1590 1588 1587
f 1590 1591 1588
f 1592 1593 1594
f 1595 1596 1597
f 1598 1596 1595
f 1599 1595 1600
f 1601 1595 1599
f 1602 1595 1601
f 1602 1603 1595
f 1603 1598 1595
f 1604 1597 1605
f 1606 1597 1604
f 1595 1597 1606
f 1607 1595 1606
f 1600 1595 1607
f 1425 1608 1609
f 1425 1609 1610
f 1425 1610 1611
f 1612 1613 1614
f 1612 1614 1615
f 1616 1612 1615
f 1616 1615 1617
f 1616 1617 1618
f 1617 1619 1618
f 1620 1613 1612
f 1621 1620 1612
f 1622 1620 1621
f 1623 1624 1622
f 1624 1625 1622
f 1622 1625 1620
f 1455 1626 1454
f 1454 1626 1627
f 1454 1627 1628
f 1627 1629 1628
f 1628 1629 1623
f 1629 1630 1623
f 1623 1630 1624
f 1631 1632 1633
f 1631 1633 1596
f 1593 1631 1596
f 1598 1593 1596
f 1594 1593 1598
f 1634 1635 1636
f 1637 1638 1639
f 1637 1639 1591
f 1584 1637 1591
f 1584 1591 1590
f 1585 1584 1590
f 1640 1641 1419
f 1641 1642 1419
f 1642 1420 1419
f 1423 1636 1424
f 1643 1636 1423
f 1643 1634 1636
f 1644 1634 1643
f 1644 1645 1634
f 1644 1646 1645
f 1646 1647 1645
f 1634 1648 1635
f 1645 1648 1634
f 1645 1649 1648
f 1645 1647 1649
f 1647 1650 1649
f 1639 1638 1632
f 1639 1632 1631
f 1591 1639 1631
f 1591 1631 1593
f 1588 1591 1593
f 1588 1593 1592
f 1589 1588 1592
f 1559 1553 1651
f 1652 1559 1651
f 1563 1559 1652
f 1638 1563 1652
f 1566 1563 1638
f 1566 1638 1637
f 1570 1566 1637
f 1570 1637 1584
f 1427 1570 1584
f 1586 1427 1584
f 1428 1427 1586
f 1653 1654 1655
f 1656 1657 1658
f 1659 1656 1658
f 1660 1656 1659
f 1538 1534 1536
f 1536 1534 1533
f 1537 1536 1533
f 1537 1533 1661
f 1662 1537 1661
f 1660 1662 1656
f 1662 1661 1656
f 1661 1657 1656
f 1661 1533 1657
f 1533 1663 1657
f 1533 1434 1663
f 1434 1530 1663
f 1434 1433 1530
f 1433 1529 1530
f 1653 1664 1654
f 1665 1664 1653
f 1666 1664 1665
f 1667 1666 1665
f 1667 1668 1666
f 1669 1668 1667
f 1669 1670 1668
f 1669 1528 1670
f 1528 1671 1670
f 1528 1525 1671
f 1525 1521 1671
f 1525 1524 1521
f 1524 1519 1521
f 1440 1439 1528
f 1440 1528 1669
f 1672 1440 1669
f 1672 1669 1667
f 1673 1672 1667
f 1673 1667 1665
f 1673 1665 1674
f 1674 1665 1653
f 1674 1653 1675
f 1675 1653 1655
f 1675 1655 1676
f 1658 1675 1676
f 1657 1675 1658
f 1657 1674 1675
f 1657 1663 1674
f 1663 1673 1674
f 1663 1530 1673
f 1530 1672 1673
f 1530 1437 1672
f 1437 1440 1672
f 1437 1436 1440
f 1436 1438 1440
f 1546 1544 1547
f 1547 1544 1543
f 1677 1547 1543
f 1677 1543 1678
f 1677 1678 1650
f 1541 1539 1542
f 1542 1539 1431
f 1543 1542 1431
f 1543 1431 1679
f 1678 1543 1679
f 1678 1679 1680
f 1678 1680 1650
f 1650 1680 1681
f 1649 1650 1681
f 1649 1681 1682
f 1648 1649 1682
f 1648 1682 1640
f 1648 1640 1635
f 1635 1640 1419
f 1635 1419 1636
f 1636 1419 1422
f 1636 1422 1424
f 1605 1425 1611
f 1597 1425 1605
f 1597 1423 1425
f 1596 1423 1597
f 1596 1643 1423
f 1633 1643 1596
f 1633 1644 1643
f 1632 1644 1633
f 1632 1646 1644
f 1632 1638 1646
f 1646 1638 1647
f 1638 1652 1647
f 1647 1652 1650
f 1652 1651 1650
f 1651 1677 1650
f 1553 1677 1651
f 1553 1547 1677
f 1553 1550 1547
f 1550 1545 1547
f 1549 1545 1550
f 1473 1475 1683
f 1473 1683 1684
f 1473 1684 1685
f 1480 1471 1478
f 1471 1473 1478
f 1478 1473 1686
f 1473 1685 1686
f 1686 1685 1687
f 1467 1688 1689
f 1467 1466 1688
f 1466 1690 1688
f 1466 1468 1690
f 1468 1691 1690
f 1468 1470 1691
f 1691 1470 1692
f 1693 1689 1694
f 1689 1688 1694
f 1688 1695 1694
f 1688 1690 1695
f 1690 1696 1695
f 1690 1691 1696
f 1691 1447 1696
f 1691 1692 1447
f 1692 1448 1447
f 1697 1476 1698
f 1698 1476 1478
f 1698 1478 1699
f 1699 1478 1686
f 1699 1686 1700
f 1700 1686 1687
f 1700 1687 1701
f 1418 1414 1413
f 1417 1414 1418
f 1417 1702 1414
f 1497 1702 1417
f 1497 1483 1702
f 1489 1483 1497
f 1489 1481 1483
f 1494 1481 1489
f 1415 1700 1701
f 1414 1700 1415
f 1414 1699 1700
f 1702 1699 1414
f 1702 1698 1699
f 1483 1698 1702
f 1483 1697 1698
f 1486 1697 1483
f 1447 1449 1457
f 1703 1447 1457
f 1696 1447 1703
f 1696 1703 1704
f 1695 1696 1704
f 1705 1695 1704
f 1694 1695 1705
f 1706 1694 1705
f 1706 1693 1694
f 1514 1693 1706
f 1514 1509 1693
f 1513 1509 1514
f 1513 1507 1509
f 1707 1708 1511
f 1511 1708 1709
f 1511 1709 1509
f 1709 1710 1509
f 1509 1710 1693
f 1444 1446 1463
f 1462 1444 1463
f 1444 1462 1711
f 1711 1462 1467
f 1711 1467 1712
f 1712 1467 1689
f 1713 1712 1689
f 1713 1689 1693
f 1714 1713 1693
f 1710 1714 1693
f 1707 1505 1708
f 1505 1416 1708
f 1708 1416 1709
f 1416 1418 1709
f 1709 1418 1710
f 1418 1413 1710
f 1710 1413 1714
f 1413 1415 1714
f 1714 1415 1713
f 1415 1701 1713
f 1701 1712 1713
f 1701 1687 1712
f 1687 1711 1712
f 1685 1711 1687
f 1685 1444 1711
f 1684 1444 1685
f 1684 1445 1444
f 1616 1618 1608
f 1425 1616 1608
f 1425 1612 1616
f 1424 1612 1425
f 1424 1621 1612
f 1422 1621 1424
f 1422 1622 1621
f 1421 1622 1422
f 1623 1622 1421
f 1420 1623 1421
f 1628 1623 1420
f 1642 1628 1420
f 1454 1628 1642
f 1521 1515 1517
f 1521 1517 1715
f 1671 1521 1715
f 1671 1715 1716
f 1671 1716 1670
f 1670 1716 1717
f 1670 1717 1668
f 1717 1718 1668
f 1668 1718 1666
f 1718 1719 1666
f 1666 1719 1664
f 1719 1720 1664
f 1664 1720 1654
f 1654 1720 1721
f 1655 1654 1721
f 1655 1721 1722
f 1676 1655 1722
f 1676 1722 1723
f 1658 1676 1723
f 1724 1658 1723
f 1659 1658 1724
f 1725 1659 1724
f 1660 1659 1725
f 1430 1535 1431
f 1431 1535 1537
f 1679 1431 1537
f 1679 1537 1662
f 1680 1679 1662
f 1680 1662 1660
f 1680 1660 1681
f 1681 1660 1725
f 1681 1725 1682
f 1682 1725 1724
f 1682 1724 1640
f 1724 1723 1640
f 1640 1723 1641
f 1723 1722 1641
f 1722 1642 1641
f 1722 1721 1642
f 1721 1454 1642
f 1720 1454 1721
f 1452 1454 1720
f 1719 1452 1720
f 1457 1452 1719
f 1718 1457 1719
f 1703 1457 1718
f 1703 1718 1717
f 1704 1703 1717
f 1716 1704 1717
f 1705 1704 1716
f 1715 1705 1716
f 1715 1706 1705
f 1517 1706 1715
f 1517 1514 1706
f 1518 1514 1517
f 1518 1512 1514
f 433 432 341
f 432 428 341
f 341 428 337
f 428 430 337
f 337 430 338
f 430 431 338
f 338 431 342
f 431 427 342
f 342 427 343
f 343 427 344
f 427 426 344
f 344 426 345
f 426 425 345
f 345 425 346
f 422 424 126
f 348 422 126
f 425 422 348
f 347 425 348
f 346 425 347
f 395 420 434
f 124 420 394
f 421 124 418
f 395 434 433
f 420 124 421
f 404 418 399
f 415 418 404
f 411 415 404
f 407 411 404
f 408 410 409
f 411 410 408
f 410 407 406
f 411 407 410
f 407 404 401
f 401 404 403
f 415 411 413
f 404 399 398
f 418 415 416
f 399 124 123
f 399 418 124
f 420 395 394
f 433 396 395
f 433 392 396
f 433 390 392
f 433 387 390
f 433 388 387
f 433 389 388
f 351 389 433
f 350 389 351
f 389 350 384
f 354 384 350
f 353 385 354
f 357 382 353
f 382 357 380
f 380 357 378
f 356 378 357
f 378 359 375
f 375 359 376
f 376 368 377
f 367 368 359
f 372 368 367
f 368 372 369
f 372 367 373
f 361 367 359
f 363 361 364
f 367 361 363
f 373 367 366
f 378 356 359
f 359 356 355
f 369 372 371
f 368 376 359
f 385 353 382
f 384 354 385
f 351 433 341
f 1726 1456 1727
f 1460 1459 1726
f 1459 1458 1726
f 1458 1456 1726
f 1461 1460 1726
f 1728 1461 1726
f 1450 1461 1728
f 1729 1453 1728
f 1453 1451 1728
f 1451 1450 1728
f 1730 1731 1729
f 1732 1730 1729
f 1619 1617 1729
f 1617 1615 1729
f 1455 1453 1729
f 1626 1455 1729
f 1731 1733 1729
f 1733 1734 1729
f 1734 1619 1729
f 1615 1614 1729
f 1614 1613 1729
f 1613 1620 1729
f 1620 1625 1729
f 1625 1624 1729
f 1624 1630 1729
f 1630 1629 1729
f 1629 1627 1729
f 1627 1626 1729
f 1449 1727 1456
f 1448 1727 1449
f 1692 1727 1448
f 1470 1727 1692
f 1735 1470 1469
f 1735 1469 1465
f 1735 1465 1464
f 1735 1464 1463
f 1735 1463 1446
f 1735 1446 1445
f 1735 1445 1684
f 1735 1684 1683
f 1736 1683 1475
f 1683 1736 1735
f 821 1736 1737
f 822 1737 1738
f 821 1737 822
f 1736 821 1735
f 1470 1735 1727
f 825 823 1739
f 825 1739 1740
f 826 825 1740
f 831 830 1741
f 830 829 1741
f 829 828 1741
f 828 1740 1741
f 828 827 1740
f 827 826 1740
f 821 1741 1735
f 821 835 1741
f 835 834 1741
f 834 832 1741
f 832 831 1741
f 1739 836 837
f 836 1739 824
f 1739 837 838
f 1739 838 839
f 1739 839 842
f 1739 842 841
f 1739 841 840
f 1739 840 846
f 1739 846 845
f 1739 845 843
f 1739 843 844
f 1739 844 847
f 1739 847 848
f 1739 848 849
f 1739 849 850
f 1739 850 855
f 1739 855 854
f 1739 854 853
f 824 1739 823
f 1742 879 878
f 879 1742 114
f 114 1742 115
f 115 1742 864
f 864 1742 865
f 1743 865 1742
f 865 1743 867
f 867 1743 863
f 1538 1744 1534
f 1745 822 1738
f 1745 1738 1737
f 1745 1737 1736
f 1746 1747 883
f 1748 1749 1746
f 1748 1750 1749
f 1747 1751 883
f 1751 1752 883
f 1752 886 883
f 1753 1730 1732
f 1753 1731 1730
f 1608 1734 1733
f 1608 1618 1734
f 1618 1619 1734
f 1748 1746 883
f 1748 883 881
f 1754 1748 881
f 1608 1753 1755
f 1608 1733 1753
f 1733 1731 1753
f 1754 881 880
f 891 1754 880
f 1756 1754 891
f 890 1756 891
f 1757 1756 890
f 1758 1611 1759
f 1611 1610 1759
f 1610 1755 1759
f 1610 1609 1755
f 1609 1608 1755
f 1760 1607 1761
f 1607 1606 1761
f 1761 1606 1762
f 1606 1604 1762
f 1762 1604 1758
f 1604 1605 1758
f 1605 1611 1758
f 888 1757 890
f 887 1757 888
f 1763 1757 887
f 896 1763 887
f 1764 1763 896
f 895 1764 896
f 1765 1764 895
f 893 1765 895
f 1766 1765 893
f 892 1766 893
f 898 1766 892
f 1767 1766 898
f 897 1767 898
f 1768 1767 897
f 1769 1602 1770
f 1770 1602 1601
f 1770 1601 1771
f 1601 1599 1771
f 1771 1599 1760
f 1599 1600 1760
f 1600 1607 1760
f 1592 1594 1772
f 1772 1594 1598
f 1772 1598 1769
f 1598 1603 1769
f 1769 1603 1602
f 901 1768 897
f 902 1768 901
f 1773 1768 902
f 904 1773 902
f 1774 1773 904
f 903 1774 904
f 1589 1592 1772
f 1775 1589 1772
f 1587 1589 1775
f 906 1774 903
f 112 1774 906
f 1776 1774 112
f 111 1776 112
f 912 1776 111
f 1777 1776 912
f 1778 1586 1779
f 1779 1586 1583
f 1779 1583 1780
f 1583 1585 1780
f 1780 1585 1775
f 1585 1590 1775
f 1590 1587 1775
f 911 1777 912
f 910 1777 911
f 1781 1777 910
f 908 1781 910
f 1782 1781 908
f 1783 1426 1778
f 1426 1428 1778
f 1428 1586 1778
f 919 1782 908
f 918 1782 919
f 1784 1782 918
f 916 1784 918
f 914 1784 916
f 914 1785 1784
f 913 1785 914
f 923 1785 913
f 923 1786 1785
f 921 1786 923
f 921 1787 1786
f 928 1787 921
f 927 1787 928
f 927 1788 1787
f 926 1788 927
f 926 1789 1788
f 925 1789 926
f 925 1790 1789
f 925 924 1790
f 924 1791 1790
f 924 1792 1791
f 1793 1794 1579
f 1793 1579 1578
f 1795 1793 1578
f 1795 1578 1577
f 1796 1795 1577
f 1796 1577 1576
f 1797 1796 1576
f 1797 1576 1575
f 1797 1575 1798
f 1798 1575 1573
f 1798 1573 1799
f 1799 1573 1574
f 1799 1574 1800
f 1800 1574 1582
f 1800 1582 1801
f 1582 1581 1801
f 1801 1581 1783
f 1581 1580 1783
f 1783 1580 1426
f 935 1792 924
f 934 1792 935
f 934 932 1792
f 1794 1571 1569
f 1794 1569 1568
f 1794 1568 1579
f 930 1802 932
f 932 1802 1803
f 932 1803 1792
f 1804 1571 1794
f 1804 1805 1571
f 1805 1572 1571
f 1805 1567 1572
f 1805 1565 1567
f 1805 1806 1565
f 1806 1564 1565
f 1806 1807 1564
f 1807 1562 1564
f 930 929 1802
f 929 939 1802
f 939 1808 1802
f 939 937 1808
f 937 1809 1808
f 937 936 1809
f 1809 936 1810
f 1562 1807 1557
f 1807 1811 1557
f 1557 1811 1558
f 1811 1812 1558
f 1558 1812 1560
f 936 945 1810
f 1810 945 944
f 1810 944 1813
f 1813 944 943
f 1813 943 1814
f 1814 943 940
f 1814 940 1815
f 1815 940 942
f 1815 942 1816
f 1816 942 948
f 1816 948 1817
f 1560 1812 1561
f 1812 1818 1561
f 1561 1818 1551
f 1818 1819 1551
f 1551 1819 1552
f 1819 1820 1552
f 1552 1820 1554
f 1820 1821 1554
f 1554 1821 1555
f 948 946 1817
f 946 947 1817
f 1817 947 1822
f 1555 1821 1556
f 1556 1821 1823
f 1556 1823 1548
f 1548 1823 1824
f 1548 1824 1549
f 1549 1824 1545
f 1824 1825 1545
f 1545 1825 1546
f 1546 1825 1544
f 1825 1826 1544
f 1544 1826 1540
f 1429 1827 1430
f 1539 1827 1429
f 1826 1827 1539
f 1541 1826 1539
f 1540 1826 1541
f 947 950 1822
f 1822 950 949
f 1822 949 1828
f 1828 949 952
f 1828 952 1829
f 1829 952 1221
f 1829 1221 1830
f 1830 1221 953
f 1830 953 1831
f 953 955 1831
f 1831 955 1832
f 955 960 1832
f 1827 1744 1538
f 1535 1827 1538
f 1430 1827 1535
f 960 959 1832
f 959 956 1832
f 1832 956 1833
f 1534 1744 1532
f 1744 1834 1532
f 1532 1834 1432
f 956 958 1833
f 958 966 1833
f 966 1835 1833
f 1834 1433 1432
f 1834 1836 1433
f 1836 1529 1433
f 1836 1531 1529
f 1836 1837 1531
f 1837 1435 1531
f 966 965 1835
f 965 964 1835
f 964 1838 1835
f 964 963 1838
f 963 1839 1838
f 1837 1436 1435
f 1837 1840 1436
f 1840 1438 1436
f 1840 1439 1438
f 1840 1841 1439
f 1841 1527 1439
f 1841 1526 1527
f 1841 1842 1526
f 1842 1523 1526
f 963 962 1839
f 962 971 1839
f 971 1843 1839
f 971 970 1843
f 970 1844 1843
f 970 969 1844
f 969 1845 1844
f 1842 1524 1523
f 1842 1846 1524
f 1846 1519 1524
f 1846 1847 1519
f 1847 1520 1519
f 969 974 1845
f 974 973 1845
f 973 1848 1845
f 973 972 1848
f 972 1849 1848
f 972 975 1849
f 975 1850 1849
f 975 978 1850
f 978 1851 1850
f 1847 1522 1520
f 1847 1852 1522
f 1852 1515 1522
f 1852 1853 1515
f 1853 1516 1515
f 1853 1854 1516
f 1854 1518 1516
f 1854 1512 1518
f 1854 1855 1512
f 1855 1513 1512
f 1855 1856 1513
f 1856 1507 1513
f 1856 1508 1507
f 1856 1857 1508
f 1857 1510 1508
f 1857 1511 1510
f 1857 1858 1511
f 1858 1707 1511
f 978 977 1851
f 977 976 1851
f 976 1859 1851
f 976 981 1859
f 981 1860 1859
f 981 980 1860
f 980 1861 1860
f 980 982 1861
f 982 1862 1861
f 982 986 1862
f 986 1863 1862
f 1864 1865 1502
f 1864 1502 1504
f 1864 1504 1858
f 1858 1504 1505
f 1858 1505 1707
f 985 1863 986
f 985 984 1863
f 984 1866 1863
f 984 983 1866
f 110 1867 983
f 983 1867 1868
f 983 1868 1866
f 1869 1870 1500
f 1869 1500 1503
f 1865 1869 1503
f 1865 1503 1501
f 1865 1501 1502
f 1871 1496 1495
f 1871 1495 1506
f 1872 1871 1506
f 1872 1506 1442
f 1870 1872 1442
f 1870 1442 1441
f 1870 1441 1500
f 109 1867 110
f 109 989 1867
f 989 1873 1867
f 989 988 1873
f 988 1874 1873
f 988 991 1874
f 991 1875 1874
f 1871 1498 1496
f 1876 1498 1871
f 1876 1877 1498
f 993 992 1878
f 993 1878 1879
f 995 993 1879
f 995 1879 1875
f 996 995 1875
f 996 1875 991
f 992 1208 1878
f 1208 998 1878
f 998 1880 1878
f 998 997 1880
f 997 1881 1880
f 997 999 1881
f 1006 1882 999
f 999 1882 1883
f 999 1883 1881
f 1884 1885 1493
f 1884 1493 1492
f 1886 1884 1492
f 1886 1492 1491
f 1887 1886 1491
f 1887 1491 1490
f 1888 1887 1490
f 1888 1490 1488
f 1889 1888 1488
f 1889 1488 1487
f 1877 1889 1487
f 1877 1487 1499
f 1877 1499 1498
f 1006 1005 1882
f 1005 1004 1882
f 1004 1890 1882
f 1004 1003 1890
f 1003 1891 1890
f 1003 1002 1891
f 1002 1892 1891
f 1002 1000 1892
f 1892 1000 1893
f 1894 1895 1484
f 1894 1484 1482
f 1896 1894 1482
f 1896 1482 1481
f 1885 1896 1481
f 1885 1481 1494
f 1885 1494 1493
f 1486 1895 1697
f 1485 1895 1486
f 1484 1895 1485
f 1000 1001 1893
f 1001 1007 1893
f 1893 1007 1897
f 1897 1007 1008
f 1897 1008 1898
f 1008 1013 1898
f 1898 1013 1899
f 1895 1900 1697
f 1900 1901 1697
f 1697 1901 1476
f 1901 1902 1476
f 1476 1902 1477
f 1902 1903 1477
f 1477 1903 1479
f 1013 1012 1899
f 1012 1011 1899
f 1899 1011 1904
f 1904 1011 1009
f 1904 1009 1905
f 1479 1903 1480
f 1480 1903 1906
f 1480 1906 1471
f 1009 1010 1905
f 1905 1010 820
f 1905 820 1745
f 820 819 1745
f 1745 819 822
f 1907 1745 1736
f 1906 1745 1907
f 1906 1905 1745
f 1903 1905 1906
f 1903 1904 1905
f 1902 1904 1903
f 1899 1904 1902
f 1901 1899 1902
f 1901 1898 1899
f 1900 1898 1901
f 1897 1898 1900
f 1895 1897 1900
f 1893 1897 1895
f 1894 1893 1895
f 1892 1893 1894
f 1892 1894 1896
f 1891 1892 1896
f 1891 1896 1885
f 1890 1891 1885
f 1890 1885 1884
f 1882 1890 1884
f 1882 1884 1886
f 1883 1882 1886
f 1883 1886 1887
f 1881 1883 1887
f 1881 1887 1888
f 1880 1881 1888
f 1880 1888 1889
f 1878 1880 1889
f 1878 1889 1877
f 1879 1878 1877
f 1879 1877 1876
f 1875 1879 1876
f 1875 1876 1871
f 1874 1875 1871
f 1874 1871 1872
f 1873 1874 1872
f 1873 1872 1870
f 1867 1873 1870
f 1867 1870 1869
f 1868 1867 1869
f 1868 1869 1865
f 1866 1868 1865
f 1866 1865 1864
f 1863 1866 1864
f 1863 1864 1858
f 1862 1863 1858
f 1862 1858 1857
f 1861 1862 1857
f 1861 1857 1856
f 1860 1861 1856
f 1860 1856 1855
f 1859 1860 1855
f 1859 1855 1854
f 1851 1859 1854
f 1851 1854 1853
f 1850 1851 1853
f 1850 1853 1852
f 1849 1850 1852
f 1849 1852 1847
f 1848 1849 1847
f 1848 1847 1846
f 1845 1848 1846
f 1845 1846 1842
f 1844 1845 1842
f 1844 1842 1841
f 1843 1844 1841
f 1843 1841 1840
f 1839 1843 1840
f 1839 1840 1837
f 1838 1839 1837
f 1838 1837 1836
f 1835 1838 1836
f 1835 1836 1834
f 1833 1835 1834
f 1744 1833 1834
f 1832 1833 1744
f 1827 1832 1744
f 1827 1831 1832
f 1826 1831 1827
f 1826 1830 1831
f 1825 1830 1826
f 1825 1829 1830
f 1824 1829 1825
f 1828 1829 1824
f 1823 1828 1824
f 1823 1822 1828
f 1821 1822 1823
f 1821 1817 1822
f 1820 1817 1821
f 1820 1816 1817
f 1819 1816 1820
f 1819 1815 1816
f 1818 1815 1819
f 1814 1815 1818
f 1812 1814 1818
f 1813 1814 1812
f 1811 1813 1812
f 1810 1813 1811
f 1807 1810 1811
f 1809 1810 1807
f 1809 1807 1806
f 1808 1809 1806
f 1808 1806 1805
f 1802 1808 1805
f 1802 1805 1804
f 1803 1802 1804
f 1803 1804 1794
f 1792 1803 1794
f 1792 1794 1793
f 1791 1792 1793
f 1791 1793 1795
f 1790 1791 1795
f 1790 1795 1796
f 1790 1796 1789
f 1789 1796 1797
f 1789 1797 1788
f 1788 1797 1798
f 1788 1798 1787
f 1787 1798 1799
f 1787 1799 1786
f 1786 1799 1800
f 1786 1800 1785
f 1785 1800 1801
f 1785 1801 1784
f 1784 1801 1783
f 1784 1783 1782
f 1782 1783 1778
f 1782 1778 1781
f 1778 1779 1781
f 1781 1779 1777
f 1777 1779 1780
f 1777 1780 1776
f 1776 1780 1775
f 1776 1775 1774
f 1774 1775 1772
f 1774 1772 1773
f 1773 1772 1769
f 1773 1769 1768
f 1768 1769 1770
f 1768 1770 1767
f 1770 1771 1767
f 1767 1771 1766
f 1771 1760 1766
f 1766 1760 1765
f 1760 1761 1765
f 1765 1761 1764
f 1761 1762 1764
f 1764 1762 1763
f 1762 1758 1763
f 1763 1758 1757
f 1758 1759 1757
f 1757 1759 1756
f 1759 1755 1756
f 1756 1755 1754
f 1755 1753 1754
f 1753 1748 1754
f 1753 1732 1748
f 1732 1750 1748
f 1907 1736 1475
f 1474 1907 1475
f 1906 1907 1474
f 1472 1906 1474
f 1471 1906 1472
f 774 1908 765
f 806 1909 789
f 1910 1911 817
f 1910 817 816
f 1910 816 814
f 119 1912 808
f 118 1912 119
f 1911 1912 118
f 818 1911 118
f 1911 818 817
f 1912 797 812
f 1912 1913 797
f 1912 812 811
f 809 1912 811
f 808 1912 809
f 1913 1914 801
f 1913 801 798
f 1913 798 800
f 1913 800 795
f 1913 795 797
f 805 1909 806
f 802 1909 805
f 1914 1909 802
f 1914 802 804
f 1914 804 801
f 789 1909 790
f 1909 1915 790
f 790 1915 791
f 787 1916 786
f 794 1916 787
f 793 1916 794
f 1915 1916 793
f 792 1915 793
f 791 1915 792
f 782 1917 783
f 781 1917 782
f 1916 1917 781
f 780 1916 781
f 786 1916 780
f 776 1918 777
f 775 1918 776
f 1917 1918 775
f 784 1917 775
f 783 1917 784
f 773 1908 774
f 779 1908 773
f 1918 1908 779
f 778 1918 779
f 777 1918 778
f 767 1919 768
f 1908 1919 767
f 766 1908 767
f 765 1908 766
f 760 1920 761
f 771 1920 760
f 770 1920 771
f 1919 1920 770
f 769 1919 770
f 768 1919 769
f 761 1920 762
f 1920 1921 762
f 762 1921 763
f 1922 750 749
f 1922 749 758
f 1922 758 757
f 1921 1922 757
f 756 1921 757
f 763 1921 756
f 1923 743 755
f 1923 755 754
f 1922 1923 754
f 1922 754 753
f 1922 753 750
f 1924 746 745
f 1924 745 744
f 1923 1924 744
f 1923 744 742
f 1923 742 743
f 1910 814 813
f 1910 813 748
f 1924 1910 748
f 1924 748 747
f 1924 747 746
f 1924 1925 1910
f 1924 1926 1925
f 1923 1926 1924
f 1923 1927 1926
f 1922 1927 1923
f 1922 1928 1927
f 1921 1928 1922
f 1921 1929 1928
f 1921 1930 1929
f 1920 1930 1921
f 1920 1931 1930
f 1919 1931 1920
f 1919 1932 1931
f 1908 1932 1919
f 1908 1933 1932
f 1933 1918 1934
f 1918 1933 1908
f 1925 1911 1910
f 1935 1911 1925
f 1935 1912 1911
f 1936 1912 1935
f 1936 1913 1912
f 1937 1913 1936
f 1937 1914 1913
f 1938 1914 1937
f 1939 1914 1938
f 1939 1909 1914
f 1940 1909 1939
f 1940 1915 1909
f 1941 1915 1940
f 1941 1916 1915
f 1934 1916 1941
f 1934 1917 1916
f 1917 1934 1918
f 1930 1942 1943
f 1944 1925 1945
f 1925 1926 1945
f 1945 1926 1946
f 1946 1926 1947
f 1948 1927 1949
f 1950 1927 1948
f 1926 1927 1950
f 1951 1926 1950
f 1947 1926 1951
f 1952 1928 1953
f 1954 1928 1952
f 1927 1928 1954
f 1955 1927 1954
f 1949 1927 1955
f 1953 1928 1956
f 1928 1929 1956
f 1929 1957 1956
f 1930 1943 1958
f 1930 1958 1959
f 1929 1930 1959
f 1929 1959 1960
f 1929 1960 1957
f 1931 1961 1962
f 1931 1962 1963
f 1930 1931 1963
f 1930 1963 1964
f 1930 1964 1942
f 1932 1965 1966
f 1932 1966 1967
f 1931 1932 1967
f 1931 1967 1968
f 1931 1968 1961
f 1932 1969 1965
f 1932 1933 1969
f 1933 1970 1969
f 1934 1971 1972
f 1934 1972 1973
f 1933 1934 1973
f 1933 1973 1974
f 1933 1974 1970
f 1941 1975 1976
f 1941 1976 1977
f 1934 1941 1977
f 1934 1977 1978
f 1934 1978 1971
f 1940 1979 1980
f 1940 1980 1981
f 1941 1940 1981
f 1941 1981 1982
f 1941 1982 1975
f 1939 1983 1984
f 1940 1939 1984
f 1940 1984 1985
f 1940 1985 1979
f 1986 1938 1987
f 1988 1938 1986
f 1939 1938 1988
f 1989 1939 1988
f 1939 1989 1983
f 1987 1938 1990
f 1938 1937 1990
f 1990 1937 1991
f 1992 1937 1993
f 1937 1936 1993
f 1994 1937 1992
f 1995 1937 1994
f 1991 1937 1995
f 1936 1935 1996
f 1936 1996 1997
f 1936 1997 1998
f 1936 1998 1999
f 1936 1999 1993
f 2000 1925 1944
f 2001 1925 2000
f 1935 1925 2001
f 2002 1935 2001
f 1996 1935 2002
f 2003 2004 2005
f 1977 1976 2006
f 2003 1996 2004
f 1996 2002 2004
f 2002 2001 2004
f 2001 2000 2004
f 1993 1999 2003
f 1992 1993 2003
f 1999 1998 2003
f 1998 1997 2003
f 1997 1996 2003
f 1986 1987 2007
f 1987 1990 2007
f 1990 1991 2007
f 1991 1995 2007
f 1995 1994 2007
f 1976 1975 2006
f 1975 1982 2006
f 1982 1981 2006
f 1984 1983 2007
f 1981 1980 2006
f 1980 1979 2006
f 2006 1979 2007
f 1979 1985 2007
f 1985 1984 2007
f 1983 1989 2007
f 1989 1988 2007
f 1988 1986 2007
f 1972 1971 2008
f 1971 1978 2008
f 1967 1966 2008
f 1968 1967 2008
f 1966 1965 2008
f 1965 1969 2008
f 1969 1970 2008
f 1970 1974 2008
f 1974 1973 2008
f 1973 1972 2008
f 1958 1943 2005
f 1943 1942 2005
f 1942 1964 2005
f 1964 1963 2005
f 1963 1962 2005
f 1962 2008 2005
f 1962 1961 2008
f 1961 1968 2008
f 2000 1944 2004
f 1944 1945 2004
f 1945 1946 2004
f 1946 1947 2004
f 1947 1951 2004
f 1951 1950 2004
f 2004 1950 1948
f 2004 1948 1949
f 2004 1949 1955
f 1956 1957 2005
f 2004 1955 1954
f 2004 1954 1952
f 2004 1952 2005
f 1952 1953 2005
f 1953 1956 2005
f 1957 1960 2005
f 1960 1959 2005
f 1959 1958 2005
f 1978 1977 2008
f 1977 2006 2008
f 2008 2006 2005
f 2006 2007 2005
f 2007 2003 2005
f 1994 2003 2007
f 1994 1992 2003
f 1739 853 2009
f 853 852 2009
f 2009 852 2010
f 852 851 2010
f 851 860 2010
f 860 859 2010
f 2010 859 858
f 2010 858 2011
f 858 857 2011
f 2011 857 2012
f 857 856 2012
f 856 870 2012
f 2012 870 869
f 2012 869 868
f 2012 868 2013
f 868 862 2013
f 2013 862 1743
f 862 861 1743
f 861 863 1743
f 2014 2015 2016
f 2017 2013 1743
f 2018 2017 1743
f 2019 2018 1743
f 2020 2011 2012
f 2019 2021 2018
f 2018 2020 2017
f 2020 2018 2021
f 2020 2012 2017
f 2012 2013 2017
f 2022 2021 2019
f 2023 2021 2022
f 2023 2016 2021
f 2024 2009 2010
f 2016 2015 2021
f 2021 2024 2020
f 2024 2021 2015
f 2024 2010 2020
f 2010 2011 2020
f 1740 1739 2009
f 1740 2009 2024
f 1741 2024 2015
f 2024 1741 1740
f 1735 1741 2015
f 2014 1735 2015
f 2025 2023 2026
f 2027 2023 2025
f 2027 2016 2023
f 2027 2028 2016
f 2028 2014 2016
f 1727 2014 2028
f 1727 1735 2014
f 1742 2019 1743
f 2026 2023 2022
f 2026 2022 2019
f 2026 2019 2029
f 2029 2019 1742
f 2030 2031 2032
f 2033 2034 2035
f 2036 2029 1742
f 2037 2038 1742
f 2037 2035 2038
f 2038 2036 1742
f 2039 2025 2026
f 2035 2034 2038
f 2034 2039 2038
f 2038 2039 2036
f 2039 2026 2036
f 2026 2029 2036
f 2032 2031 2033
f 2040 2028 2027
f 2033 2031 2034
f 2031 2040 2034
f 2034 2040 2039
f 2040 2027 2039
f 2027 2025 2039
f 1726 1727 2028
f 1726 2028 2040
f 1728 1726 2040
f 2031 1728 2040
f 1729 1728 2031
f 2030 1729 2031
f 1752 2032 886
f 886 2032 885
f 878 2037 1742
f 876 2037 878
f 2035 2037 876
f 875 2035 876
f 872 2035 875
f 871 2035 872
f 2033 2035 871
f 874 2033 871
f 2032 2033 874
f 884 2032 874
f 885 2032 884
f 1751 2032 1752
f 1751 1747 2032
f 1747 1746 2032
f 1746 1749 2032
f 1749 1750 2032
f 1750 2030 2032
f 1750 1732 2030
f 1732 1729 2030
f 1412 469 2041
f 469 1412 467
f 462 460 2042
f 462 2042 2043
f 463 462 2043
f 469 470 2041
f 470 466 2041
f 466 465 2041
f 465 2043 2041
f 465 464 2043
f 464 463 2043
f 2044 471 473
f 2044 474 471
f 2042 474 2044
f 474 2042 459
f 459 2042 460
f 475 477 2045
f 475 2045 2046
f 478 475 2046
f 473 482 2044
f 482 481 2044
f 481 480 2044
f 480 2046 2044
f 480 479 2046
f 479 478 2046
f 477 497 2045
f 497 2047 2045
f 497 496 2047
f 496 494 2047
f 488 487 2048
f 488 2048 2049
f 489 488 2049
f 494 493 2047
f 493 492 2047
f 492 491 2047
f 491 2049 2047
f 491 490 2049
f 490 489 2049
f 2050 486 485
f 2050 485 484
f 486 2050 2048
f 486 2048 487
f 510 509 2051
f 509 2052 2051
f 509 508 2052
f 508 507 2052
f 484 2051 2050
f 484 511 2051
f 511 510 2051
f 2053 507 506
f 507 2053 2052
f 502 501 2054
f 502 2054 2055
f 506 2055 2053
f 506 505 2055
f 505 504 2055
f 504 503 2055
f 503 502 2055
f 1342 498 500
f 1342 500 518
f 1342 518 517
f 1342 517 515
f 1342 515 512
f 1342 512 514
f 1342 514 522
f 1342 522 519
f 1342 519 521
f 1342 521 525
f 1342 525 523
f 1342 523 531
f 1342 531 530
f 2054 498 1342
f 2054 1342 1338
f 498 2054 501
f 1389 1388 1392
f 1364 146 165
f 1363 146 1364
f 146 1363 1338
f 1366 1338 1363
f 1365 1338 1366
f 2054 1365 1367
f 2054 1367 1370
f 1365 2054 1338
f 2052 1370 1369
f 2051 1369 1368
f 1370 2053 2054
f 1380 1368 1372
f 1377 1372 1371
f 2054 2053 2055
f 1373 1371 1375
f 1373 1375 1374
f 1371 1373 1377
f 1377 1373 1376
f 1370 2052 2053
f 1377 1376 1379
f 1377 1379 1378
f 1372 1377 1380
f 1368 1380 1382
f 1369 2051 2052
f 1368 1382 2051
f 2051 1382 2050
f 1381 2050 1382
f 1381 2048 2050
f 1383 2048 1381
f 1386 2048 1383
f 1386 2049 2048
f 1399 1386 1385
f 1393 1385 1384
f 1392 1384 1391
f 1386 1399 2049
f 1392 1391 1387
f 1392 1387 1390
f 1392 1390 1389
f 1384 1392 1393
f 1393 1392 1395
f 1393 1395 1396
f 1393 1396 1397
f 1393 1397 1394
f 1385 1393 1399
f 1398 2049 1399
f 1400 2049 1398
f 2049 1400 2047
f 2047 1400 2045
f 1401 2045 1400
f 2044 2045 1401
f 2045 2044 2046
f 2042 1401 1402
f 2042 1402 1406
f 1401 2042 2044
f 1405 2042 1406
f 1405 2043 2042
f 1404 2043 1405
f 1411 1404 1403
f 1411 1403 1409
f 1411 1409 1408
f 1411 1408 1407
f 2041 1404 1411
f 1411 1407 1410
f 1411 1410 2056
f 1411 2056 2057
f 1411 2057 2058
f 1404 2041 2043
f 2041 1411 1412
f 2058 303 302
f 1411 2058 302
f 1411 302 301
f 1411 301 311
f 303 2058 304
f 2058 2057 304
f 304 2057 305
f 2057 2056 305
f 305 2056 306
f 306 2056 307
f 2056 1410 307
f 307 1410 308
f 23 2059 2060
f 2061 26 28
f 2059 23 2061
f 2061 23 26
f 23 2060 21
f 2062 46 48
f 2063 46 2062
f 46 2063 44
f 2064 48 50
f 44 2063 2065
f 2065 2063 2066
f 2067 50 52
f 2068 2069 2063
f 2070 2069 2068
f 2066 2063 2069
f 48 2064 2062
f 2071 52 54
f 50 2067 2064
f 52 2071 2067
f 2072 54 55
f 54 2072 2071
f 57 2072 55
f 57 2073 2072
f 57 2074 2073
f 59 2074 57
f 59 2075 2074
f 2076 59 61
f 59 2076 2075
f 2077 2075 2076
f 2078 2075 2077
f 2079 2078 2080
f 2078 2079 2075
f 2081 2079 2080
f 1 2081 4
f 2081 1 2079
f 2079 1 2082
f 5 2082 1
f 2082 5 2083
f 7 2083 5
f 2083 7 2084
f 9 2084 7
f 2084 9 2085
f 12 2085 9
f 2085 12 2086
f 14 2086 12
f 16 2087 14
f 2086 14 2087
f 2088 80 82
f 2089 80 2088
f 80 2089 78
f 76 2089 2069
f 2089 76 78
f 2069 2070 76
f 2090 76 2070
f 2091 76 2090
f 76 2091 74
f 2092 74 2091
f 74 2092 71
f 2093 71 2092
f 71 2093 69
f 2093 67 69
f 2094 67 2093
f 2094 63 67
f 2095 63 2094
f 2096 63 2095
f 63 2096 66
f 2097 2096 2095
f 2097 2098 2096
f 2097 2099 2098
f 2097 2100 2099
f 2101 2100 2097
f 2102 39 41
f 2100 2101 2102
f 2102 2101 39
f 37 2101 2103
f 2101 37 39
f 2103 35 37
f 33 2103 2104
f 2103 33 35
f 32 2104 2105
f 2104 32 33
f 30 2105 2106
f 28 2106 2107
f 28 2107 2061
f 2105 30 32
f 2108 2059 2109
f 18 2087 16
f 2060 2059 2108
f 2106 28 30
f 2110 2109 2059
f 2087 18 2110
f 2109 2110 2111
f 2112 2110 18
f 2110 2112 2111
f 2112 18 20
f 2073 2113 2114
f 2113 2073 2074
f 2072 2114 2115
f 2114 2072 2073
f 2071 2115 2116
f 2115 2071 2072
f 2071 2117 2067
f 2117 2071 2116
f 2067 2118 2064
f 2118 2067 2117
f 2064 2119 2062
f 2119 2064 2118
f 2062 2120 2063
f 2120 2062 2119
f 2063 2121 2068
f 2121 2063 2120
f 2068 2122 2070
f 2122 2068 2121
f 2070 2123 2090
f 2123 2070 2122
f 2090 2124 2091
f 2124 2090 2123
f 2091 2125 2092
f 2125 2091 2124
f 2093 2125 2126
f 2125 2093 2092
f 2094 2126 2127
f 2126 2094 2093
f 2095 2127 2128
f 2127 2095 2094
f 2097 2128 2129
f 2128 2097 2095
f 2101 2129 2130
f 2129 2101 2097
f 2103 2130 2131
f 2130 2103 2101
f 2104 2131 2132
f 2131 2104 2103
f 2105 2132 2133
f 2132 2105 2104
f 2134 2105 2133
f 2105 2134 2106
f 2135 2106 2134
f 2106 2135 2107
f 2136 2107 2135
f 2107 2136 2061
f 2137 2061 2136
f 2061 2137 2059
f 2138 2059 2137
f 2059 2138 2110
f 2139 2110 2138
f 2110 2139 2087
f 2140 2087 2139
f 2087 2140 2086
f 2141 2086 2140
f 2086 2141 2085
f 2142 2085 2141
f 2085 2142 2084
f 2083 2142 2143
f 2142 2083 2084
f 2082 2143 2144
f 2143 2082 2083
f 2079 2144 2145
f 2144 2079 2082
f 2075 2145 2146
f 2145 2075 2079
f 2074 2146 2113
f 2146 2074 2075
f 2147 2148 2149
f 2150 2148 2147
f 2151 2148 2150
f 2148 2151 2152
f 2153 2152 2136
f 2137 2152 2151
f 2154 2155 2156
f 2151 2157 2155
f 2158 2155 2154
f 2151 2155 2158
f 2157 2151 2159
f 2160 2161 2162
f 2160 2163 2161
f 2164 2160 2165
f 2160 2164 2163
f 2166 2167 2168
f 2166 2168 2169
f 2170 2169 2171
f 2167 2166 2172
f 2172 2166 2173
f 2169 2170 2166
f 2173 2166 2174
f 2175 2174 2166
f 2174 2175 2176
f 2176 2175 2177
f 2178 2179 2180
f 2179 2181 2180
f 2182 2181 2179
f 2182 2183 2181
f 2184 2183 2182
f 2184 2185 2183
f 2186 2185 2184
f 2187 2186 2188
f 2186 2187 2185
f 2189 2190 2191
f 2192 2191 2190
f 2193 2191 2192
f 2191 2193 2194
f 2195 2196 2197
f 2175 2198 2177
f 2175 2199 2200
f 2175 2200 2201
f 2175 2201 2202
f 2203 2175 2202
f 2175 2203 2198
f 2158 2137 2151
f 2204 2153 2205
f 2206 2153 2204
f 2207 2153 2206
f 2187 2153 2207
f 2188 2153 2187
f 2208 2138 2209
f 2210 2211 2212
f 2211 2210 2213
f 2210 2212 2214
f 2210 2214 2215
f 2216 2213 2210
f 2210 2215 2217
f 2218 2219 2220
f 2221 2219 2218
f 2221 2222 2219
f 2223 2222 2221
f 2222 2223 2224
f 2223 2225 2224
f 2225 2223 2226
f 2227 2228 2229
f 2230 2228 2227
f 2231 2228 2230
f 2180 2231 2232
f 2231 2180 2228
f 2178 2180 2232
f 2179 2178 2233
f 2234 2233 2235
f 2179 2233 2234
f 2236 2234 2235
f 2236 2237 2234
f 2238 2236 2239
f 2236 2238 2237
f 2240 2241 2242
f 2243 2244 2241
f 2244 2245 2246
f 2244 2247 2245
f 2244 2248 2247
f 2152 2244 2243
f 2244 2152 2248
f 2248 2152 2249
f 2152 2250 2249
f 2152 2251 2250
f 2251 2152 2188
f 2120 2252 2253
f 2254 2255 2252
f 2255 2256 2257
f 2255 2258 2256
f 2259 2255 2254
f 2255 2259 2258
f 2209 2259 2254
f 2259 2209 2260
f 2137 2158 2209
f 2261 2209 2158
f 2262 2209 2261
f 2263 2209 2262
f 2260 2209 2263
f 2264 2265 2266
f 2264 2267 2265
f 2264 2268 2267
f 2264 2269 2268
f 2264 2270 2269
f 2271 2272 2273
f 2274 2271 2275
f 2271 2274 2272
f 2276 2275 2270
f 2277 2270 2264
f 2275 2276 2274
f 2270 2277 2276
f 2276 2277 2278
f 2278 2277 2279
f 2277 2280 2279
f 2277 2281 2280
f 2281 2277 2208
f 2282 2283 2284
f 2283 2282 2285
f 2286 2287 2288
f 2287 2286 2289
f 2290 2228 2122
f 2218 2122 2228
f 2220 2122 2218
f 2291 2122 2220
f 2122 2291 2292
f 2291 2293 2292
f 2291 2294 2293
f 2291 2295 2294
f 2291 2296 2295
f 2291 2297 2296
f 2189 2191 2298
f 2190 2189 2299
f 2300 2189 2298
f 2301 2300 2297
f 2300 2301 2189
f 2291 2301 2297
f 2302 2303 2304
f 2305 2303 2302
f 2306 2303 2305
f 2301 2303 2306
f 2303 2301 2291
f 2307 2308 2309
f 2308 2307 2310
f 2311 2307 2309
f 2311 2312 2307
f 2313 2312 2311
f 2314 2313 2315
f 2313 2314 2312
f 2316 2314 2315
f 2316 2317 2314
f 2318 2317 2316
f 2319 2318 2320
f 2161 2320 2162
f 2319 2320 2161
f 2318 2319 2317
f 2319 2321 2317
f 2322 2321 2319
f 2322 2323 2321
f 2324 2323 2322
f 2324 2325 2323
f 2326 2325 2324
f 2158 2326 2261
f 2326 2158 2325
f 2264 2120 2327
f 2328 2327 2329
f 2330 2327 2328
f 2331 2327 2330
f 2332 2327 2331
f 2333 2332 2334
f 2332 2333 2327
f 2335 2333 2334
f 2336 2333 2335
f 2138 2333 2337
f 2333 2138 2277
f 2277 2138 2208
f 2337 2333 2336
f 2327 2120 2329
f 2338 2113 2283
f 2113 2339 2288
f 2145 2339 2146
f 2139 2286 2340
f 2286 2139 2289
f 2289 2139 2341
f 2138 2337 2139
f 2341 2139 2337
f 2139 2340 2145
f 2339 2145 2340
f 2329 2120 2119
f 2120 2308 2121
f 2329 2119 2118
f 2240 2121 2308
f 2115 2329 2117
f 2121 2240 2122
f 2115 2117 2116
f 2290 2122 2240
f 2228 2290 2229
f 2329 2115 2114
f 2122 2292 2123
f 2117 2329 2118
f 2329 2114 2113
f 2342 2123 2292
f 2339 2113 2146
f 2123 2342 2124
f 2124 2343 2125
f 2125 2343 2126
f 2343 2124 2342
f 2243 2240 2344
f 2345 2344 2240
f 2344 2345 2346
f 2346 2345 2347
f 2196 2347 2345
f 2347 2196 2195
f 2157 2345 2240
f 2345 2157 2159
f 2120 2348 2308
f 2309 2308 2348
f 2349 2308 2310
f 2350 2308 2349
f 2308 2350 2351
f 2126 2343 2127
f 2352 2127 2343
f 2127 2352 2128
f 2353 2128 2352
f 2128 2353 2129
f 2354 2353 2355
f 2213 2216 2356
f 2356 2216 2355
f 2354 2355 2216
f 2353 2354 2357
f 2358 2353 2357
f 2130 2353 2358
f 2130 2358 2359
f 2131 2359 2360
f 2133 2360 2361
f 2303 2361 2304
f 2133 2361 2303
f 2353 2130 2129
f 2209 2138 2137
f 2135 2153 2136
f 2139 2145 2144
f 2153 2135 2303
f 2140 2144 2143
f 2141 2143 2142
f 2152 2153 2188
f 2143 2141 2140
f 2134 2303 2135
f 2144 2140 2139
f 2359 2131 2130
f 2152 2137 2136
f 2360 2132 2131
f 2360 2133 2132
f 2303 2134 2133
f 2113 2288 2287
f 2113 2287 2284
f 2113 2284 2283
f 2113 2338 2329
f 2329 2338 2362
f 2338 2363 2362
f 2338 2364 2363
f 2338 2365 2364
f 2338 2366 2365
f 2367 2175 2366
f 2199 2175 2367
f 2366 2368 2367
f 2341 2366 2338
f 2366 2341 2368
f 2341 2369 2368
f 2369 2341 2337
f 2266 2120 2264
f 2254 2120 2266
f 2252 2120 2254
f 2120 2253 2348
f 2253 2370 2348
f 2371 2370 2253
f 2372 2370 2371
f 2370 2372 2373
f 2241 2240 2243
f 2240 2242 2290
f 2242 2374 2290
f 2375 2374 2242
f 2376 2374 2375
f 2374 2376 2377
f 2378 2379 2380
f 2381 2379 2378
f 2379 2381 2382
f 2383 2381 2384
f 2381 2383 2382
f 2379 2382 2385
f 2385 2382 2386
f 2387 2388 2389
f 2390 2391 2392
f 2390 2393 2391
f 2390 2394 2393
f 2395 2394 2390
f 2394 2395 2396
f 2395 2397 2396
f 2398 2397 2395
f 2397 2398 2399
f 2400 2399 2398
f 2399 2400 2401
f 2402 2403 2404
f 2405 2404 2406
f 2404 2405 2402
f 2403 2402 2407
f 2403 2407 2408
f 2408 2407 2409
f 2410 2411 2412
f 2413 2411 2414
f 2410 2412 2415
f 2411 2410 2414
f 2411 2413 2416
f 2414 2410 2417
f 2410 2415 2418
f 2419 2420 2421
f 2422 2420 2423
f 2419 2421 2424
f 2420 2419 2423
f 2420 2422 2425
f 2423 2419 2426
f 2419 2424 2427
f 1332 152 153
f 1331 152 1332
f 1330 152 1331
f 1330 150 152
f 1333 150 1330
f 1335 150 1333
f 1327 150 1335
f 551 150 1327
f 1326 551 1327
f 1326 552 551
f 1328 554 1326
f 554 553 1326
f 1326 553 552
f 1329 554 1328
f 1325 554 1329
f 555 554 1325
f 1324 555 1325
f 558 557 1324
f 557 556 1324
f 1324 556 555
f 1323 558 1324
f 1322 558 1323
f 1322 559 558
f 1321 559 1322
f 560 559 1321
f 1336 560 1321
f 1336 561 560
f 1336 562 561
f 1337 548 1336
f 548 547 1336
f 547 562 1336
f 1339 545 544
f 1339 544 550
f 1339 550 1337
f 550 549 1337
f 1337 549 548
f 1340 532 534
f 1340 534 541
f 1340 541 1339
f 541 540 1339
f 540 545 1339
f 538 537 1341
f 1341 537 536
f 1341 536 1340
f 536 535 1340
f 535 532 1340
f 1342 530 529
f 1342 529 528
f 1342 528 1341
f 528 539 1341
f 539 538 1341
f 1334 148 147
f 1334 147 160
f 1334 160 159
f 1362 41 42
f 41 1362 2102
f 2100 1362 1361
f 1362 2100 2102
f 2099 1361 1360
f 1361 2099 2100
f 2098 1360 1359
f 1360 2098 2099
f 2098 1358 2096
f 1358 2098 1359
f 2096 64 66
f 64 2096 1358
f 2088 81 1355
f 81 2088 82
f 1357 2088 1355
f 2088 1357 2089
f 1356 2089 1357
f 2089 1356 2069
f 1349 2069 1356
f 2069 1349 2066
f 2065 1349 1348
f 1349 2065 2066
f 44 1348 45
f 1348 44 2065
f 61 1350 2076
f 1350 61 62
f 2076 1351 2077
f 1351 2076 1350
f 2078 1351 1352
f 1351 2078 2077
f 2080 1352 1353
f 1352 2080 2078
f 2081 1353 1354
f 1353 2081 2080
f 2 2081 1354
f 2081 2 4
f 2112 19 1346
f 19 2112 20
f 2112 1344 2111
f 1344 2112 1346
f 2111 1343 2109
f 1343 2111 1344
f 2109 1345 2108
f 1345 2109 1343
f 2108 1347 2060
f 1347 2108 1345
f 21 1347 24
f 1347 21 2060
f 2428 2429 2430
f 2431 2429 2428
f 2431 2432 2429
f 2433 2432 2431
f 2434 2432 2433
f 2435 2432 2434
f 2436 2432 2435
f 2437 2438 2436
f 2432 2436 2438
f 2438 2439 2440
f 2438 2437 2439
f 2440 2441 2438
f 2441 2440 2442
f 2443 2444 2445
f 2442 2443 2446
f 2442 2446 2447
f 2442 2447 2441
f 2443 2442 2444
f 2448 2442 2449
f 2442 2448 2444
f 2450 2451 2452
f 2453 2451 2450
f 2451 2453 2454
f 2454 2453 2455
f 2456 2455 2453
f 2455 2456 2457
f 2458 2457 2456
f 2457 2458 2459
f 2460 2461 2462
f 2460 2462 2463
f 2464 2463 2465
f 2461 2460 2466
f 2461 2467 2468
f 2467 2461 2466
f 2469 2465 2470
f 2463 2464 2460
f 2465 2469 2464
f 2470 2471 2469
f 2472 2471 2470
f 2473 2471 2472
f 2471 2473 2474
f 2475 2468 2467
f 2468 2475 2476
f 2477 2476 2475
f 2476 2477 2478
f 2479 2477 2480
f 2477 2479 2478
f 2481 2479 2480
f 2481 2482 2479
f 2459 2481 2483
f 2459 2483 2484
f 2481 2459 2482
f 2459 2484 2457
f 2485 2486 2487
f 2486 2488 2489
f 2485 2488 2486
f 2490 2488 2485
f 2488 2490 2491
f 2489 2492 2493
f 2494 2489 2488
f 2494 2492 2489
f 2495 2494 2491
f 2494 2495 2492
f 2495 2491 2490
f 2496 2497 2498
f 2497 2496 2499
f 2500 2501 2502
f 2501 2500 2503
f 2504 2505 2506
f 2506 2507 2508
f 2506 2509 2507
f 2510 2511 2512
f 2506 2505 2509
f 2511 2510 2505
f 2513 2510 2512
f 2513 2514 2510
f 2515 2514 2513
f 2516 2514 2515
f 2517 2518 2516
f 2514 2516 2518
f 2519 2520 2521
f 2522 2519 2523
f 2520 2519 2522
f 2524 2525 2521
f 2526 2525 2524
f 2526 2527 2525
f 2528 2527 2526
f 2529 2527 2528
f 2530 2527 2529
f 2506 2531 2530
f 2527 2530 2531
f 2532 2521 2520
f 2521 2532 2524
f 2522 2523 2533
f 2534 2533 2523
f 2531 2506 2535
f 2508 2535 2506
f 2505 2504 2511
f 2535 2508 2534
f 2536 2534 2508
f 2536 2508 2537
f 2518 2517 2538
f 2539 2538 2517
f 2538 2539 2537
f 2534 2536 2533
f 2536 2537 2539
f 2540 2541 2542
f 2543 2541 2544
f 2545 2543 2546
f 2543 2545 2541
f 2547 2545 2546
f 2547 2548 2545
f 2549 2548 2547
f 2550 2548 2549
f 2541 2540 2551
f 2540 2542 2552
f 2541 2551 2544
f 2553 2552 2542
f 2552 2553 2554
f 2554 2553 2555
f 2555 2556 2557
f 2558 2555 2553
f 2559 2555 2558
f 2559 2556 2555
f 2560 2559 2561
f 2560 2561 2562
f 2563 2564 2565
f 2563 2562 2564
f 2560 2562 2563
f 2560 2563 2566
f 2559 2560 2556
f 2567 2565 2568
f 2569 2548 2550
f 2567 2568 2569
f 2548 2569 2568
f 2565 2567 2563
f 2570 2571 2572
f 2571 2570 2573
f 2574 2575 2576
f 2577 2573 2570
f 2578 2573 2577
f 2575 2574 2579
f 2573 2578 2576
f 2576 2578 2574
f 2575 2579 2580
f 2575 2580 2581
f 2582 2583 2584
f 2585 2583 2582
f 2586 2584 2587
f 2583 2585 2588
f 2589 2588 2585
f 2590 2587 2591
f 2584 2586 2582
f 2587 2590 2586
f 2591 2592 2590
f 2593 2592 2591
f 2593 2594 2592
f 2595 2594 2593
f 2596 2594 2595
f 2594 2596 2597
f 2598 2597 2596
f 2597 2598 2599
f 2600 2599 2598
f 2599 2600 2601
f 2602 2601 2600
f 2601 2602 2603
f 2602 2604 2603
f 2605 2604 2602
f 2581 2605 2575
f 2605 2581 2604
f 2588 2589 2606
f 2606 2589 2607
f 2608 2607 2589
f 2607 2608 2609
f 2610 2611 2612
f 2611 2613 2614
f 2611 2610 2615
f 2611 2615 2613
f 2614 2616 2611
f 2616 2614 2617
f 2618 2619 2620
f 2621 2618 2622
f 2617 2622 2623
f 2617 2623 2616
f 2621 2622 2617
f 2621 2617 2624
f 2618 2621 2619
f 2625 2626 2627
f 2628 2626 2625
f 2625 2627 2629
f 2626 2628 2630
f 2630 2628 2631
f 2628 2632 2631
f 2633 2632 2628
f 2634 2632 2633
f 2632 2634 2635
f 2633 2636 2634
f 2637 2638 2639
f 2640 2641 2638
f 2642 2636 2633
f 2636 2642 2641
f 2642 2643 2641
f 2644 2643 2642
f 2645 2643 2644
f 2646 2647 2648
f 2643 2645 2648
f 2649 2648 2645
f 2647 2646 2650
f 2648 2649 2646
f 2647 2650 2651
f 2647 2651 2652
f 2653 2654 2655
f 2654 2653 2656
f 2657 2656 2653
f 2653 2655 2658
f 2632 2658 2655
f 2658 2632 2635
f 2656 2657 2659
f 2659 2657 2660
f 2657 2661 2660
f 2662 2661 2657
f 2639 2662 2637
f 2662 2663 2661
f 2638 2637 2640
f 2662 2639 2663
f 2641 2640 2636
f 2652 2664 2665
f 2652 2665 2647
f 2664 2652 2666
f 2667 2668 2669
f 2670 2668 2667
f 2667 2669 2671
f 2668 2670 2672
f 2672 2670 2673
f 2670 2674 2673
f 2675 2674 2670
f 2676 2674 2675
f 2674 2676 2677
f 2675 2678 2676
f 2679 2680 2681
f 2682 2683 2680
f 2684 2678 2675
f 2678 2684 2683
f 2684 2685 2683
f 2686 2685 2684
f 2687 2685 2686
f 2688 2689 2690
f 2685 2687 2690
f 2691 2690 2687
f 2689 2688 2692
f 2690 2691 2688
f 2689 2692 2693
f 2689 2693 2694
f 2695 2696 2697
f 2696 2695 2698
f 2699 2698 2695
f 2695 2697 2700
f 2674 2700 2697
f 2700 2674 2677
f 2698 2699 2701
f 2701 2699 2702
f 2699 2703 2702
f 2704 2703 2699
f 2681 2704 2679
f 2704 2705 2703
f 2680 2679 2682
f 2704 2681 2705
f 2683 2682 2678
f 2694 2706 2707
f 2694 2707 2689
f 2706 2694 2708
f 2223 2429 2432
f 2429 2223 2221
f 2223 2438 2226
f 2438 2223 2432
f 2226 2441 2225
f 2441 2226 2438
f 2225 2447 2224
f 2447 2225 2441
f 2222 2447 2446
f 2447 2222 2224
f 2219 2446 2443
f 2446 2219 2222
f 2220 2443 2445
f 2443 2220 2219
f 2220 2444 2291
f 2444 2220 2445
f 2303 2444 2448
f 2444 2303 2291
f 2449 2303 2448
f 2303 2449 2153
f 2205 2449 2442
f 2449 2205 2153
f 2204 2442 2440
f 2442 2204 2205
f 2439 2204 2440
f 2204 2439 2206
f 2437 2206 2439
f 2206 2437 2207
f 2436 2207 2437
f 2207 2436 2187
f 2435 2187 2436
f 2187 2435 2185
f 2434 2185 2435
f 2185 2434 2183
f 2181 2434 2433
f 2434 2181 2183
f 2180 2433 2431
f 2433 2180 2181
f 2228 2431 2428
f 2431 2228 2180
f 2228 2430 2218
f 2430 2228 2428
f 2221 2430 2429
f 2430 2221 2218
f 2328 2476 2330
f 2476 2328 2468
f 2331 2476 2478
f 2476 2331 2330
f 2332 2478 2479
f 2478 2332 2331
f 2334 2479 2482
f 2479 2334 2332
f 2335 2482 2459
f 2482 2335 2334
f 2458 2335 2459
f 2335 2458 2336
f 2456 2336 2458
f 2336 2456 2337
f 2453 2337 2456
f 2337 2453 2369
f 2368 2453 2450
f 2453 2368 2369
f 2368 2452 2367
f 2452 2368 2450
f 2199 2452 2451
f 2452 2199 2367
f 2199 2454 2200
f 2454 2199 2451
f 2200 2455 2201
f 2455 2200 2454
f 2201 2457 2202
f 2457 2201 2455
f 2202 2484 2203
f 2484 2202 2457
f 2203 2483 2198
f 2483 2203 2484
f 2177 2483 2481
f 2483 2177 2198
f 2176 2481 2480
f 2481 2176 2177
f 2174 2480 2477
f 2480 2174 2176
f 2173 2477 2475
f 2477 2173 2174
f 2467 2173 2475
f 2173 2467 2172
f 2466 2172 2467
f 2172 2466 2167
f 2460 2167 2466
f 2167 2460 2168
f 2464 2168 2460
f 2168 2464 2169
f 2469 2169 2464
f 2169 2469 2171
f 2170 2469 2471
f 2469 2170 2171
f 2170 2474 2166
f 2474 2170 2471
f 2175 2474 2473
f 2474 2175 2166
f 2472 2175 2473
f 2175 2472 2366
f 2365 2472 2470
f 2472 2365 2366
f 2365 2465 2364
f 2465 2365 2470
f 2364 2463 2363
f 2463 2364 2465
f 2363 2462 2362
f 2462 2363 2463
f 2362 2461 2329
f 2461 2362 2462
f 2329 2468 2328
f 2468 2329 2461
f 2496 2286 2499
f 2286 2496 2340
f 2339 2496 2498
f 2496 2339 2340
f 2339 2497 2288
f 2497 2339 2498
f 2286 2497 2499
f 2497 2286 2288
f 2282 2489 2285
f 2489 2282 2486
f 2283 2489 2493
f 2489 2283 2285
f 2283 2492 2338
f 2492 2283 2493
f 2341 2492 2495
f 2492 2341 2338
f 2490 2341 2495
f 2341 2490 2289
f 2287 2490 2485
f 2490 2287 2289
f 2287 2487 2284
f 2487 2287 2485
f 2282 2487 2486
f 2487 2282 2284
f 2389 2488 2491
f 2488 2389 2388
f 2387 2491 2494
f 2491 2387 2389
f 2488 2387 2494
f 2387 2488 2388
f 2500 2277 2503
f 2277 2500 2333
f 2327 2500 2502
f 2500 2327 2333
f 2327 2501 2264
f 2501 2327 2502
f 2277 2501 2503
f 2501 2277 2264
f 2539 2209 2536
f 2209 2539 2208
f 2517 2208 2539
f 2208 2517 2281
f 2516 2281 2517
f 2281 2516 2280
f 2279 2516 2515
f 2516 2279 2280
f 2278 2515 2513
f 2515 2278 2279
f 2276 2513 2512
f 2513 2276 2278
f 2274 2512 2511
f 2512 2274 2276
f 2274 2504 2272
f 2504 2274 2511
f 2272 2506 2273
f 2506 2272 2504
f 2530 2273 2506
f 2273 2530 2271
f 2529 2271 2530
f 2271 2529 2275
f 2270 2529 2528
f 2529 2270 2275
f 2269 2528 2526
f 2528 2269 2270
f 2268 2526 2524
f 2526 2268 2269
f 2267 2524 2532
f 2524 2267 2268
f 2267 2520 2265
f 2520 2267 2532
f 2265 2522 2266
f 2522 2265 2520
f 2266 2533 2254
f 2533 2266 2522
f 2209 2533 2536
f 2533 2209 2254
f 2509 2379 2507
f 2379 2509 2380
f 2378 2509 2505
f 2509 2378 2380
f 2381 2505 2510
f 2505 2381 2378
f 2384 2510 2514
f 2510 2384 2381
f 2383 2514 2518
f 2514 2383 2384
f 2383 2538 2382
f 2538 2383 2518
f 2382 2537 2386
f 2537 2382 2538
f 2385 2537 2508
f 2537 2385 2386
f 2507 2385 2508
f 2385 2507 2379
f 2521 2403 2519
f 2403 2521 2404
f 2406 2521 2525
f 2521 2406 2404
f 2405 2525 2527
f 2525 2405 2406
f 2402 2527 2531
f 2527 2402 2405
f 2402 2535 2407
f 2535 2402 2531
f 2407 2534 2409
f 2534 2407 2535
f 2408 2534 2523
f 2534 2408 2409
f 2519 2408 2523
f 2408 2519 2403
f 2566 2157 2560
f 2157 2566 2155
f 2156 2566 2563
f 2566 2156 2155
f 2154 2563 2567
f 2563 2154 2156
f 2569 2154 2567
f 2154 2569 2158
f 2550 2158 2569
f 2158 2550 2325
f 2549 2325 2550
f 2325 2549 2323
f 2321 2549 2547
f 2549 2321 2323
f 2317 2547 2546
f 2547 2317 2321
f 2314 2546 2543
f 2546 2314 2317
f 2312 2543 2544
f 2543 2312 2314
f 2312 2551 2307
f 2551 2312 2544
f 2307 2540 2310
f 2540 2307 2551
f 2310 2552 2349
f 2552 2310 2540
f 2349 2554 2350
f 2554 2349 2552
f 2351 2554 2555
f 2554 2351 2350
f 2308 2555 2557
f 2555 2308 2351
f 2308 2556 2240
f 2556 2308 2557
f 2157 2556 2560
f 2556 2157 2240
f 2395 2541 2545
f 2541 2395 2390
f 2398 2545 2548
f 2545 2398 2395
f 2398 2568 2400
f 2568 2398 2548
f 2400 2565 2401
f 2565 2400 2568
f 2401 2564 2399
f 2564 2401 2565
f 2397 2564 2562
f 2564 2397 2399
f 2396 2562 2561
f 2562 2396 2397
f 2394 2561 2559
f 2561 2394 2396
f 2393 2559 2558
f 2559 2393 2394
f 2553 2393 2558
f 2393 2553 2391
f 2542 2391 2553
f 2391 2542 2392
f 2541 2392 2542
f 2392 2541 2390
f 2342 2606 2343
f 2606 2342 2588
f 2343 2607 2352
f 2607 2343 2606
f 2353 2607 2609
f 2607 2353 2352
f 2608 2353 2609
f 2353 2608 2355
f 2356 2608 2589
f 2608 2356 2355
f 2585 2356 2589
f 2356 2585 2213
f 2582 2213 2585
f 2213 2582 2211
f 2586 2211 2582
f 2211 2586 2212
f 2590 2212 2586
f 2212 2590 2214
f 2215 2590 2592
f 2590 2215 2214
f 2217 2592 2594
f 2592 2217 2215
f 2217 2597 2210
f 2597 2217 2594
f 2210 2599 2216
f 2599 2210 2597
f 2216 2601 2354
f 2601 2216 2599
f 2357 2601 2603
f 2601 2357 2354
f 2358 2603 2604
f 2603 2358 2357
f 2359 2604 2581
f 2604 2359 2358
f 2360 2581 2580
f 2581 2360 2359
f 2579 2360 2580
f 2360 2579 2361
f 2574 2361 2579
f 2361 2574 2304
f 2578 2304 2574
f 2304 2578 2302
f 2577 2302 2578
f 2302 2577 2305
f 2306 2577 2570
f 2577 2306 2305
f 2301 2570 2572
f 2570 2301 2306
f 2301 2571 2189
f 2571 2301 2572
f 2299 2571 2573
f 2571 2299 2189
f 2299 2576 2190
f 2576 2299 2573
f 2190 2575 2192
f 2575 2190 2576
f 2192 2605 2193
f 2605 2192 2575
f 2194 2605 2602
f 2605 2194 2193
f 2600 2194 2602
f 2194 2600 2191
f 2598 2191 2600
f 2191 2598 2298
f 2596 2298 2598
f 2298 2596 2300
f 2595 2300 2596
f 2300 2595 2297
f 2296 2595 2593
f 2595 2296 2297
f 2295 2593 2591
f 2593 2295 2296
f 2294 2591 2587
f 2591 2294 2295
f 2294 2584 2293
f 2584 2294 2587
f 2293 2583 2292
f 2583 2293 2584
f 2292 2588 2342
f 2588 2292 2583
f 2624 2152 2621
f 2152 2624 2148
f 2149 2624 2617
f 2624 2149 2148
f 2147 2617 2614
f 2617 2147 2149
f 2613 2147 2614
f 2147 2613 2150
f 2615 2150 2613
f 2150 2615 2151
f 2610 2151 2615
f 2151 2610 2159
f 2345 2610 2612
f 2610 2345 2159
f 2345 2611 2196
f 2611 2345 2612
f 2196 2616 2197
f 2616 2196 2611
f 2197 2623 2195
f 2623 2197 2616
f 2347 2623 2622
f 2623 2347 2195
f 2346 2622 2618
f 2622 2346 2347
f 2344 2618 2620
f 2618 2344 2346
f 2344 2619 2243
f 2619 2344 2620
f 2152 2619 2621
f 2619 2152 2243
f 2229 2659 2227
f 2659 2229 2656
f 2230 2659 2660
f 2659 2230 2227
f 2231 2660 2661
f 2660 2231 2230
f 2232 2661 2663
f 2661 2232 2231
f 2178 2663 2639
f 2663 2178 2232
f 2638 2178 2639
f 2178 2638 2233
f 2641 2233 2638
f 2233 2641 2235
f 2236 2641 2643
f 2641 2236 2235
f 2239 2643 2648
f 2643 2239 2236
f 2239 2647 2238
f 2647 2239 2648
f 2238 2665 2237
f 2665 2238 2647
f 2234 2665 2664
f 2665 2234 2237
f 2234 2666 2179
f 2666 2234 2664
f 2182 2666 2652
f 2666 2182 2179
f 2184 2652 2651
f 2652 2184 2182
f 2650 2184 2651
f 2184 2650 2186
f 2646 2186 2650
f 2186 2646 2188
f 2649 2188 2646
f 2188 2649 2251
f 2645 2251 2649
f 2251 2645 2250
f 2249 2645 2644
f 2645 2249 2250
f 2248 2644 2642
f 2644 2248 2249
f 2247 2642 2633
f 2642 2247 2248
f 2245 2633 2628
f 2633 2245 2247
f 2625 2245 2628
f 2245 2625 2246
f 2629 2246 2625
f 2246 2629 2244
f 2241 2629 2627
f 2629 2241 2244
f 2241 2626 2242
f 2626 2241 2627
f 2242 2630 2375
f 2630 2242 2626
f 2376 2630 2631
f 2630 2376 2375
f 2377 2631 2632
f 2631 2377 2376
f 2377 2655 2374
f 2655 2377 2632
f 2374 2654 2290
f 2654 2374 2655
f 2290 2656 2229
f 2656 2290 2654
f 2635 2411 2658
f 2411 2635 2412
f 2415 2635 2634
f 2635 2415 2412
f 2418 2634 2636
f 2634 2418 2415
f 2418 2640 2410
f 2640 2418 2636
f 2410 2637 2417
f 2637 2410 2640
f 2414 2637 2662
f 2637 2414 2417
f 2413 2662 2657
f 2662 2413 2414
f 2416 2657 2653
f 2657 2416 2413
f 2658 2416 2653
f 2416 2658 2411
f 2309 2701 2311
f 2701 2309 2698
f 2313 2701 2702
f 2701 2313 2311
f 2315 2702 2703
f 2702 2315 2313
f 2316 2703 2705
f 2703 2316 2315
f 2318 2705 2681
f 2705 2318 2316
f 2680 2318 2681
f 2318 2680 2320
f 2683 2320 2680
f 2320 2683 2162
f 2160 2683 2685
f 2683 2160 2162
f 2165 2685 2690
f 2685 2165 2160
f 2165 2689 2164
f 2689 2165 2690
f 2164 2707 2163
f 2707 2164 2689
f 2161 2707 2706
f 2707 2161 2163
f 2161 2708 2319
f 2708 2161 2706
f 2322 2708 2694
f 2708 2322 2319
f 2324 2694 2693
f 2694 2324 2322
f 2692 2324 2693
f 2324 2692 2326
f 2688 2326 2692
f 2326 2688 2261
f 2691 2261 2688
f 2261 2691 2262
f 2687 2262 2691
f 2262 2687 2263
f 2260 2687 2686
f 2687 2260 2263
f 2259 2686 2684
f 2686 2259 2260
f 2258 2684 2675
f 2684 2258 2259
f 2256 2675 2670
f 2675 2256 2258
f 2667 2256 2670
f 2256 2667 2257
f 2671 2257 2667
f 2257 2671 2255
f 2252 2671 2669
f 2671 2252 2255
f 2252 2668 2253
f 2668 2252 2669
f 2253 2672 2371
f 2672 2253 2668
f 2372 2672 2673
f 2672 2372 2371
f 2373 2673 2674
f 2673 2373 2372
f 2373 2697 2370
f 2697 2373 2674
f 2370 2696 2348
f 2696 2370 2697
f 2348 2698 2309
f 2698 2348 2696
f 2677 2420 2700
f 2420 2677 2421
f 2424 2677 2676
f 2677 2424 2421
f 2427 2676 2678
f 2676 2427 2424
f 2427 2682 2419
f 2682 2427 2678
f 2419 2679 2426
f 2679 2419 2682
f 2423 2679 2704
f 2679 2423 2426
f 2422 2704 2699
f 2704 2422 2423
f 2425 2699 2695
f 2699 2425 2422
f 2700 2425 2695
f 2425 2700 2420

